"Protein","logFC","AveExpr","t","P.Value","adj.P.Val","B","Regulation","Significant"
"OID20697",2.38172330382813,6.91940130548303,13.3012341510708,2.86907463316579e-33,4.09990765079392e-30,64.8094822063785,"Up",TRUE
"OID21481",1.67561296710324,4.75477702349869,12.9113722303242,9.59779559791826e-32,6.8576249547126e-29,61.344590029325,"Up",TRUE
"OID20341",0.950390668057511,7.77943133159269,12.7861089626701,2.9076556139392e-31,1.38501329077304e-28,60.2504271109355,"Up",TRUE
"OID21044",1.04668832309554,4.61704334203655,12.4791238884603,4.45776324538732e-30,1.37576951799449e-27,57.5563173296623,"Up",TRUE
"OID20178",1.96002515966242,4.4876044386423,12.4713399308417,4.81374918822424e-30,1.37576951799449e-27,57.4806234401846,"Up",TRUE
"OID21226",2.20552374035809,3.91665561357702,12.1159025504225,1.09342148842021e-28,2.60416551158748e-26,54.3990679011161,"Up",TRUE
"OID20795",1.8271656575561,2.12340704960836,11.1785916179051,3.41007089795972e-25,6.96141616169206e-23,46.4642581889696,"Up",TRUE
"OID20754",-1.0464999125747,4.10794830287206,-11.0549404301236,9.60825791069565e-25,1.71627506929801e-22,45.4429877730137,"Down",TRUE
"OID20523",2.05448487415158,4.35613315926893,10.9317965731209,2.69602279329135e-24,4.28068507957038e-22,44.4260564899104,"Up",TRUE
"OID20781",0.996597497409819,8.38766657963446,10.6941246333902,1.92283465717332e-23,2.74773072510067e-21,42.4897973798942,"Up",TRUE
"OID20436",1.69871696357656,3.83139190600522,10.4040681942688,2.07368796782492e-22,2.69390918729256e-20,40.1469720708196,"Up",TRUE
"OID21042",1.57100891575227,4.90927336814621,10.0914044254946,2.57527937923884e-21,3.06672852744358e-19,37.6660060193225,"Up",TRUE
"OID20234",1.40417716480759,5.13277415143603,10.0593729164543,3.32568776862842e-21,3.65569832413078e-19,37.4142320998649,"Up",TRUE
"OID20224",-0.670428037433063,0.751980156657963,-9.9808413869142,6.20124741828454e-21,6.32970182909186e-19,36.8007674028412,"Down",TRUE
"OID21466",1.33680034573918,8.26877023498695,9.66023808140651,7.74559830606369e-20,7.37897331957667e-18,34.3158034393362,"Up",TRUE
"OID20279",-0.990129434090005,1.73982663185379,-9.58195926599082,1.42386402924895e-19,1.27168856112297e-17,33.7168027281637,"Down",TRUE
"OID20536",1.18124621367248,2.50028877284595,9.49213494295012,2.85321674790578e-19,2.39838043103374e-17,33.0330603705503,"Up",TRUE
"OID21429",0.825620348291831,5.95109817232376,9.35044671011697,8.447787820499e-19,6.70660488638504e-17,31.9654316078786,"Up",TRUE
"OID20750",0.939602016932085,6.18758798955614,9.31360717083654,1.12134573386487e-18,8.43370028259419e-17,31.6870016072092,"Up",TRUE
"OID20654",0.802187046178941,6.48111096605744,9.26207381561022,1.65767339142351e-18,1.1844076381721e-16,31.302617571188,"Up",TRUE
"OID20362",0.7224154938209,4.35890835509138,9.10967351255337,5.25302113676284e-18,3.57455581163528e-16,30.1688115158155,"Up",TRUE
"OID20604",1.22720999759839,6.34757754569191,9.07227634460839,6.97848263817429e-18,4.53284167725048e-16,29.8897545443925,"Up",TRUE
"OID21514",0.738567637242181,3.75887806788512,8.96152303405989,1.59391733825725e-17,9.90307772334615e-16,29.0780332702769,"Up",TRUE
"OID21029",1.63117025695571,4.43708772845953,8.84210972155381,3.87745990199777e-17,2.30870424998117e-15,28.2047790273535,"Up",TRUE
"OID20773",0.760461647454878,6.07667545691906,8.7369675217305,8.38919074401678e-17,4.79526142927999e-15,27.4467079962239,"Up",TRUE
"OID21187",1.25496140089659,2.01743577023499,8.59133859987685,2.43366426821983e-16,1.33757932280236e-14,26.4011021260935,"Up",TRUE
"OID20116",-0.632630731507023,1.68339608355091,-8.54816528475069,3.32107562327021e-16,1.75771002431597e-14,26.0958606022079,"Down",TRUE
"OID21062",0.751417925553874,5.77180574412533,8.50093714538362,4.66938577960683e-16,2.38305438537792e-14,25.7614212684306,"Up",TRUE
"OID20405",-0.855098428414291,5.13665404699739,-8.44086114409821,7.20267403274012e-16,3.54917972165022e-14,25.3361398202872,"Down",TRUE
"OID20302",0.726647135007577,5.66979869451697,8.36241847995947,1.26075568152045e-15,6.00539956297573e-14,24.786802118989,"Up",TRUE
"OID21107",-0.549405944829316,1.87618590078329,-8.31235853559239,1.8003365423067e-15,8.29897070631054e-14,24.437320053623,"Down",TRUE
"OID21048",-0.631756884376457,1.63635091383812,-8.26642802741992,2.49600463272658e-15,1.11462206880196e-13,24.116909387081,"Down",TRUE
"OID21159",0.678638863542584,5.6621091383812,8.18985683356465,4.2804372915404e-15,1.85355905745795e-13,23.5879480120826,"Up",TRUE
"OID20638",1.03677806444303,6.12384934725849,7.98976801866366,1.73194205035363e-14,7.16761955620706e-13,22.2179033543223,"Up",TRUE
"OID20104",0.634333167717184,2.91932767624021,7.9875538948821,1.75554012923196e-14,7.16761955620706e-13,22.204564609761,"Up",TRUE
"OID20180",0.629738794625988,3.97661723237598,7.96727019577018,2.01973389728468e-14,8.01722149783281e-13,22.0671990652284,"Up",TRUE
"OID21315",0.862496310970193,3.37169164490862,7.90423408090356,3.12142073520237e-14,1.2055433055687e-12,21.6407583315049,"Up",TRUE
"OID21079",-0.709091702681915,2.49372480417755,-7.81096318435324,5.90570199915068e-14,2.22085477810166e-12,21.0162122376365,"Down",TRUE
"OID20664",-0.834152528406096,5.1858365535248,-7.66931816046957,1.5411684522992e-13,5.60784698060964e-12,20.0771242269252,"Down",TRUE
"OID20378",0.828482646703629,7.14910339425587,7.6633641584218,1.60402989137523e-13,5.60784698060964e-12,20.0379917507851,"Up",TRUE
"OID20904",1.07303466243879,3.33567127937337,7.66279591410535,1.61101378589919e-13,5.60784698060964e-12,20.0337643789229,"Up",TRUE
"OID20157",-0.615821241452943,1.07769216710183,-7.65933079247041,1.64821254853467e-13,5.60784698060964e-12,20.0113997383337,"Down",TRUE
"OID20690",0.762381468537282,4.36732506527415,7.6116882158475,2.26830676320138e-13,7.53816363863902e-12,19.6988666797941,"Up",TRUE
"OID21084",0.916930721324635,5.12056292428198,7.51536978766307,4.3113793634383e-13,1.40021843417121e-11,19.0705558082585,"Up",TRUE
"OID21483",-0.413389075163285,-0.00304621409921671,-7.4978431808894,4.83868839462202e-13,1.53655238131442e-11,18.9576531178275,"NS",FALSE
"OID20265",-0.674691154313042,2.92362036553525,-7.39935039738182,9.26052399192895e-13,2.86617082815039e-11,18.3228668583294,"Down",TRUE
"OID20495",2.14671837982672,2.96134162303665,7.39746528255966,9.42687396242606e-13,2.86617082815039e-11,18.3057510074669,"Up",TRUE
"OID20355",0.823606508649469,4.81667415143603,7.32991416380004,1.45853406163441e-12,4.34217744599077e-11,17.8788125304598,"Up",TRUE
"OID20883",1.02587570996529,1.49966135770235,7.27155378024055,2.13185779948403e-12,6.21719346012793e-11,17.5078858210364,"Up",TRUE
"OID21028",0.625220617624327,2.43186266318538,7.174974766072,3.97112250886174e-12,1.13494681303268e-10,16.9001264639877,"Up",TRUE
"OID20126",-0.617668358660895,0.840514882506527,-7.13820097785552,5.02896313382881e-12,1.40909574867478e-10,16.6695080432148,"Down",TRUE
"OID20397",-0.569854759932392,4.07834778067885,-7.11946013694034,5.66170324645948e-12,1.5558796036905e-10,16.5537131377472,"Down",TRUE
"OID20211",0.646851890400778,2.13363107049608,7.11157355308551,5.95821320973054e-12,1.60646918428395e-10,16.5039092620916,"Up",TRUE
"OID20652",0.64700808513336,6.50119033942559,6.94831318072808,1.67196466627481e-11,4.4245139039013e-10,15.4967725191882,"Up",TRUE
"OID20946",-0.465989808456059,1.8845681462141,-6.91159046599407,2.10319732350616e-11,5.46448904598238e-10,15.2729012990311,"NS",FALSE
"OID20985",-0.823528176946306,3.40285665796345,-6.89998638774447,2.26363307898151e-11,5.7763065533296e-10,15.2012580837355,"Down",TRUE
"OID20239",-0.732685831119532,2.99622245430809,-6.82214734864434,3.66969617585138e-11,9.19999269349407e-10,14.7300770894195,"Down",TRUE
"OID21117",-0.371487802130175,0.530564751958225,-6.79804231625809,4.2558955320886e-11,1.03485032837362e-09,14.5855515759263,"NS",FALSE
"OID20173",-0.517772045623654,3.41194125326371,-6.79739989669688,4.27265006116469e-11,1.03485032837362e-09,14.5817191737201,"Down",TRUE
"OID20393",-0.687239976343474,3.08158015665796,-6.78810122664778,4.52803094353793e-11,1.07842603638595e-09,14.5251698622483,"Down",TRUE
"OID21322",0.565607425525824,2.57959373368146,6.77216423409957,4.99209258459722e-11,1.16945906612941e-09,14.430028407,"Up",TRUE
"OID21439",-0.916153615507383,5.62953315926893,-6.67020193396393,9.3223022726669e-11,2.14864031413565e-09,13.8214760148041,"Down",TRUE
"OID20772",-1.21476093831347,5.01057180156658,-6.66437861141395,9.65830238538931e-11,2.19074827122561e-09,13.7869826843534,"Down",TRUE
"OID20343",-0.375358720347656,0.693620626631854,-6.63796448157545,1.13273494999512e-10,2.52918475553598e-09,13.6316558648037,"NS",FALSE
"OID20953",0.657992615465834,3.32242872062663,6.62241504299425,1.24529063097102e-10,2.7377235563963e-09,13.5394264913654,"Up",TRUE
"OID20746",-0.525964274029396,4.91078485639687,-6.61464591705321,1.3044514275116e-10,2.82433498471829e-09,13.4941888476109,"Down",TRUE
"OID21054",-0.509931101791322,3.00352558746736,-6.5771843308122,1.63519118559025e-10,3.4875943346395e-09,13.2741442188476,"Down",TRUE
"OID20145",-0.52989201141755,1.79166762402089,-6.55743276928008,1.84214916049755e-10,3.87122227992794e-09,13.1581466443681,"Down",TRUE
"OID20989",0.665279984686758,5.10659791122715,6.52382397360111,2.25358112713708e-10,4.66719917489693e-09,12.9619259640001,"Up",TRUE
"OID20596",1.34306280316621,2.9021365535248,6.4312758367824,3.90994653899376e-10,7.98187657746013e-09,12.4258004662924,"Up",TRUE
"OID21393",-0.626313070441343,1.17781749347258,-6.42592107046357,4.03579787395878e-10,8.12275374913676e-09,12.3949840095686,"Down",TRUE
"OID21517",-0.650324681673339,1.81500704960836,-6.38644927832017,5.09425806823485e-10,1.01106871937606e-08,12.1684581352914,"Down",TRUE
"OID21458",-0.547124054961791,4.42380861618799,-6.34777110324322,6.38854030351388e-10,1.25057864297553e-08,11.9482746933787,"Down",TRUE
"OID20096",0.788493238360269,2.40250574412533,6.32238737077845,7.41721662094589e-10,1.43232466909888e-08,11.8031915625761,"Up",TRUE
"OID21416",-0.401598489964485,1.15414934725849,-6.31917642028436,7.55184356881322e-10,1.43887792797788e-08,11.7856532203275,"NS",FALSE
"OID20599",0.610476959266621,3.24314281984334,6.311415784111,7.90545744860704e-10,1.48643403869203e-08,11.7412051989733,"Up",TRUE
"OID20113",0.725977647226903,3.29710835509138,6.29096322276801,8.90877617831172e-10,1.65333002062434e-08,11.6250998997818,"Up",TRUE
"OID21112",0.751602004076359,4.02330026109661,6.27312694251567,9.8821492275602e-10,1.81046041617738e-08,11.5243334127972,"Up",TRUE
"OID20330",-0.33578012948323,0.452741253263708,-6.24814829859799,1.14139062101868e-09,2.06461670561479e-08,11.3842664890831,"NS",FALSE
"OID20994",-0.595335974760534,1.67551618798956,-6.22932785037682,1.2734584387891e-09,2.27471513628704e-08,11.2779463310221,"Down",TRUE
"OID21284",-0.86551663953947,1.84048459530026,-6.20446811162097,1.46990922273915e-09,2.56340709236984e-08,11.1386013457754,"Down",TRUE
"OID21421",0.760897600753121,4.63275613577023,6.2043446821491,1.47095438470488e-09,2.56340709236984e-08,11.1379110002281,"Up",TRUE
"OID21460",-0.588905143012395,4.11321227154047,-6.19604805892792,1.54231901742305e-09,2.65539021192475e-08,11.0918717470245,"Down",TRUE
"OID20334",-0.942992007199042,5.08809399477807,-6.19175381811664,1.58147945802046e-09,2.69039779227528e-08,11.0675483236391,"Down",TRUE
"OID20533",0.921616772208008,4.4393046997389,6.18464648806116,1.64741503648068e-09,2.76959539662458e-08,11.0278809638387,"Up",TRUE
"OID21298",-0.511628076589501,1.42549242819843,-6.1240178645104,2.33025310482819e-09,3.87201358930173e-08,10.6911911445588,"Down",TRUE
"OID21007",-0.315498806669511,0.844586422976501,-6.12138954848126,2.36395448883602e-09,3.88286317763985e-08,10.677207146155,"NS",FALSE
"OID20969",0.622874844809805,6.02230522193211,6.11818683678239,2.40883567026783e-09,3.91162065092356e-08,10.6589930750791,"Up",TRUE
"OID20368",-0.776921235366699,3.35617806788512,-6.10400261142369,2.6120949255947e-09,4.19402657154474e-08,10.5803878060686,"Down",TRUE
"OID20384",-0.608200902943065,4.50405039164491,-6.08696468879411,2.87679201180403e-09,4.56770642763106e-08,10.4866956401676,"Down",TRUE
"OID20937",1.06088073564723,4.21807597911227,5.99969366285127,4.70883466747619e-09,7.39442279101481e-08,10.0086977710487,"Up",TRUE
"OID20306",-0.364632234425709,2.51882375979112,-5.99444479145165,4.84553661022298e-09,7.52638240870505e-08,9.98088265007731,"NS",FALSE
"OID20109",-0.432452419530659,3.51774699738903,-5.99214654174737,4.90873180418124e-09,7.54255671846774e-08,9.96832317016835,"NS",FALSE
"OID20602",0.590910534110052,1.47319608355091,5.9868384007204,5.06078669276403e-09,7.69347253612745e-08,9.93880093125744,"Up",TRUE
"OID20243",-0.339223756756019,1.75368302872063,-5.97645615086677,5.3592837276938e-09,8.06149099670993e-08,9.88317081981915,"NS",FALSE
"OID20692",0.453659233465317,4.52108798955614,5.96570205705307,5.69230623092867e-09,8.47323500416362e-08,9.82473523712622,"NS",FALSE
"OID20227",1.02948836856505,2.1081637075718,5.95781631466046,5.95250883094757e-09,8.76921146332379e-08,9.78145515227107,"Up",TRUE
"OID20376",-0.319225039312362,2.23571488250653,-5.93499899227497,6.75429515561184e-09,9.84886507894828e-08,9.65890234578145,"NS",FALSE
"OID20235",0.481311873605477,2.69386005221932,5.88677075095991,8.82792778884572e-09,1.27425341517783e-07,9.399464221918,"NS",FALSE
"OID20649",-0.554489851277068,3.69355221932115,-5.8781727097751,9.26013650139554e-09,1.32327350604942e-07,9.35317879785538,"Down",TRUE
"OID20719",0.497307217015398,4.62042584856397,5.85308127238693,1.06313690171046e-08,1.50418082430123e-07,9.21939195528951,"NS",FALSE
"OID21337",0.746529095280175,3.46018851174935,5.81784960119396,1.29084684608586e-08,1.80845112064382e-07,9.03149163276585,"Up",TRUE
"OID21443",-0.372228703752427,3.29118563968668,-5.80807633062582,1.36080264635921e-08,1.88112983565243e-07,8.98033089134494,"NS",FALSE
"OID20274",1.29418254893867,3.45766240208877,5.80710659681035,1.36905180481353e-08,1.88112983565243e-07,8.97454010681744,"Up",TRUE
"OID20429",0.583146166538777,3.79833054830287,5.78379864246003,1.5546267019814e-08,2.11577291155373e-07,8.8514620335513,"Up",TRUE
"OID20759",-0.564138599224884,3.87662532637076,-5.7676205220663,1.69782012069709e-08,2.271170251991e-07,8.76617596400843,"Down",TRUE
"OID20705",0.33261336290151,4.82431749347259,5.7672316083228,1.70059633983931e-08,2.271170251991e-07,8.7645544117119,"NS",FALSE
"OID20550",-0.455743046393569,0.511870496083551,-5.69305549211745,2.54292712692046e-08,3.36466931886049e-07,8.37534176963993,"NS",FALSE
"OID20255",-0.489759511179491,3.74623028720627,-5.68805838278587,2.61092220091019e-08,3.42294295880795e-07,8.34977547677414,"NS",FALSE
"OID20275",-0.578341318090197,0.338053263707572,-5.68281884562309,2.68698695518749e-08,3.49064032632993e-07,8.3220470088222,"Down",TRUE
"OID21520",-0.357244918277662,4.5307861618799,-5.68043808824507,2.71976413275805e-08,3.50139004118131e-07,8.31026285459696,"NS",FALSE
"OID21296",1.06250507806658,5.68130652741514,5.67341964606802,2.82624351076001e-08,3.60598390792505e-07,8.27318304552442,"Up",TRUE
"OID20653",-0.594279771439527,4.76473968668407,-5.67012649305986,2.8761948729629e-08,3.63724112695928e-07,8.25622679466197,"Down",TRUE
"OID20979",0.697762118932043,6.51764621409922,5.64938378223706,3.21510694778789e-08,4.03016476174464e-07,8.14853570662762,"Up",TRUE
"OID20390",-0.319735918140224,1.87983864229765,-5.633591236806,3.4961666229914e-08,4.34436704717802e-07,8.06745940436749,"NS",FALSE
"OID21017",0.414910689724132,0.620263968668407,5.61835049004164,3.79435576742698e-08,4.67425378590789e-07,7.98839045848811,"NS",FALSE
"OID20570",0.766227916165195,5.66872506527415,5.61561469651971,3.85066996659936e-08,4.70308323270982e-07,7.97416451052605,"Up",TRUE
"OID21136",-0.524008730964407,4.03881906005222,-5.61141799185061,3.93670227681135e-08,4.76741318098595e-07,7.95278594587291,"Down",TRUE
"OID20189",-0.418661471064605,3.0251864229765,-5.60555997699071,4.0603978985929e-08,4.87588957738593e-07,7.92286485872457,"NS",FALSE
"OID20916",-1.16860793500705,2.07014255874674,-5.59955861306092,4.19425606550367e-08,4.99465993133729e-07,7.89156546906909,"Down",TRUE
"OID20543",0.75335975256034,2.45647885117493,5.59741013206909,4.24243764293732e-08,5.01028379484085e-07,7.88052792237966,"Up",TRUE
"OID21495",0.364379226719856,3.06705744125326,5.56526591446111,5.02780496003367e-08,5.88912564580993e-07,7.71637068512191,"NS",FALSE
"OID20581",-0.508156731503172,1.75866736292428,-5.55887248448641,5.20325629886865e-08,6.04508394397016e-07,7.68327932248738,"Down",TRUE
"OID20410",0.432719482067541,4.84201566579634,5.54383469844053,5.63136637105086e-08,6.48969560018684e-07,7.60687734853627,"NS",FALSE
"OID20307",-0.302594462190736,1.63358903394256,-5.50979565681232,6.73532303481878e-08,7.69982129340483e-07,7.43400031916171,"NS",FALSE
"OID20660",0.607439031499704,3.8357592689295,5.49633688487221,7.23131480782153e-08,8.20122925426743e-07,7.36544454287936,"Up",TRUE
"OID20847",0.945637953654842,3.03329373368146,5.48762035094222,7.57006186354239e-08,8.51780976614337e-07,7.32126468333769,"Up",TRUE
"OID20933",-0.428631051532537,2.4351725848564,-5.46000396504011,8.74059820669227e-08,9.75805846669004e-07,7.18245823502717,"NS",FALSE
"OID21503",0.327160031325033,1.06114464751958,5.45494109310203,8.97424116982561e-08,9.94123304781457e-07,7.15700252606948,"NS",FALSE
"OID21423",0.421549851938929,4.49359582245431,5.43790331899727,9.80580730755186e-08,1.07066170862563e-06,7.07149864616788,"NS",FALSE
"OID21150",0.724433573914516,4.28928328981723,5.43781054946778,9.81502336108873e-08,1.07066170862563e-06,7.07063502315839,"Up",TRUE
"OID20966",0.590182067923645,4.40776945169713,5.38666520542915,1.278795642204e-07,1.38439316114357e-06,6.81542227830105,"Up",TRUE
"OID20562",0.487834265183685,3.40607336814621,5.36027173759946,1.46470625116358e-07,1.57373325782914e-06,6.68454841494598,"NS",FALSE
"OID20716",-0.344897746987406,5.39295091383812,-5.3563801012033,1.49378152776114e-07,1.5929953755005e-06,6.66556940094339,"NS",FALSE
"OID20489",0.650514677349479,2.13458903394256,5.31667106324627,1.83142339137362e-07,1.93859557501697e-06,6.46923201147176,"Up",TRUE
"OID21195",0.240838535538917,2.19747650130548,5.30658490549749,1.92705690217949e-07,2.02482670089301e-06,6.42013989672031,"NS",FALSE
"OID20299",-0.710550525886451,2.84009295039164,-5.29965891789859,1.99729573076903e-07,2.08331065640069e-06,6.38570303553756,"Down",TRUE
"OID20557",0.514909315678187,1.69561331592689,5.29446765224782,2.05065574480851e-07,2.12346888357345e-06,6.36030059793961,"Up",TRUE
"OID20679",0.384941313667513,2.64283107049608,5.26484804049015,2.38239511237256e-07,2.44923929178445e-06,6.21585006588365,"NS",FALSE
"OID20852",0.422914695740478,1.36165509138381,5.2587030338162,2.45829745695382e-07,2.50921933284786e-06,6.1856767828011,"NS",FALSE
"OID20932",0.532372964922793,2.13320234986945,5.22724932722592,2.88135539966195e-07,2.92018217455101e-06,6.03281426522868,"Up",TRUE
"OID20383",-0.620436655676614,3.73900078328982,-5.21241627454356,3.10472484470591e-07,3.12440267822869e-06,5.96096202781846,"Down",TRUE
"OID20714",1.00648035582545,6.54355039164491,5.19811843791172,3.33562864475475e-07,3.33329603731087e-06,5.89193224463079,"Up",TRUE
"OID20573",-0.417200353907999,2.12196631853786,-5.19336986435958,3.41485069601332e-07,3.38876503097433e-06,5.86931536705848,"NS",FALSE
"OID20657",0.475909809524425,5.01103994778068,5.1904066677344,3.46609632487793e-07,3.39432956633046e-06,5.85499030957666,"NS",FALSE
"OID20125",-1.18908749755758,2.00666762402089,-5.19035069906713,3.46796442746149e-07,3.39432956633046e-06,5.85449829173755,"Down",TRUE
"OID21364",-0.560796888965223,0.627720365535248,-5.17725075411565,3.70275254284821e-07,3.5994784923334e-06,5.79147711247098,"Down",TRUE
"OID21138",0.511942250857756,1.79995535248042,5.15637924702137,4.10880095842037e-07,3.9672138983667e-06,5.69138957956422,"Up",TRUE
"OID21093",0.449322446287632,3.45517859007833,5.15475673063763,4.14102331205568e-07,3.97149148518628e-06,5.68384953256731,"NS",FALSE
"OID21052",-0.443932184179995,4.71719634464752,-5.14049413488668,4.44515993547043e-07,4.23475569852483e-06,5.61569222423083,"NS",FALSE
"OID21135",0.57213647847405,2.13862637075718,5.13724500172267,4.51908855913512e-07,4.27667387483714e-06,5.59987008431936,"Up",TRUE
"OID20148",0.542803103169097,2.94804751958225,5.11576271945357,5.02626075903912e-07,4.72534646359665e-06,5.49760327068156,"Up",TRUE
"OID20363",-0.371963619262602,2.86633107049608,-5.08696694034962,5.79260807161078e-07,5.41022021851752e-06,5.36119660338804,"NS",FALSE
"OID21528",0.430393522470889,5.96187127937337,5.08066057190576,5.97535112666287e-07,5.54466023376704e-06,5.33135390740135,"NS",FALSE
"OID21351",-0.341554945059332,3.02839451697128,-5.06852169625051,6.34212535604235e-07,5.84703040889323e-06,5.274110994368,"NS",FALSE
"OID21291",-0.590453548056702,3.56906919060052,-5.03683875762176,7.41029399830975e-07,6.78801930999015e-06,5.12465695653096,"Down",TRUE
"OID21064",-0.539542065522533,4.79624569190601,-5.02668990032627,7.78595948659336e-07,7.08671089575918e-06,5.07716236573814,"Down",TRUE
"OID21410",0.683510921869567,1.14294229765013,5.02120421755476,7.99784458292894e-07,7.23349361329459e-06,5.05139438826593,"Up",TRUE
"OID21378",-1.10559184134379,2.45634973544974,-4.99803747847522,9.0032969793979e-07,8.09164237959723e-06,4.94837571616483,"Down",TRUE
"OID20647",-0.673879897356244,4.73298224543081,-4.98373856931433,9.59496977305226e-07,8.5695073785573e-06,4.87664093301386,"Down",TRUE
"OID20941",0.443362874025933,2.20979268929504,4.97985332400324,9.77569316816338e-07,8.67668666913383e-06,4.85871799025583,"NS",FALSE
"OID20401",-0.42414350052732,6.55429164490862,-4.95964040531904,1.07773743973589e-06,9.50670865050977e-06,4.76510974098109,"NS",FALSE
"OID20345",-0.245365264812573,1.98468041775457,-4.95280476564881,1.11375678623208e-06,9.76416225475857e-06,4.73356419456706,"NS",FALSE
"OID20257",-0.202364759843927,1.07893472584856,-4.94628590395196,1.14929528277465e-06,1.0000672110852e-05,4.70343725078635,"NS",FALSE
"OID20617",0.557966280336429,5.50392480417755,4.94537128178345,1.15473120944057e-06,1.0000672110852e-05,4.69894673897505,"Up",TRUE
"OID20049",-1.10697550472967,2.35784778067885,-4.94395633130477,1.16273316180275e-06,1.0009311374796e-05,4.69233397842294,"Down",TRUE
"OID21494",0.470653968955513,4.54685770234987,4.92888471784527,1.24990932823469e-06,1.06953319164513e-05,4.62298398900367,"NS",FALSE
"OID20416",0.442273746408675,3.02330939947781,4.92760860911745,1.25759119072723e-06,1.06970107830311e-05,4.61710888624004,"NS",FALSE
"OID21011",0.528197955935388,4.51082062663185,4.91987055948004,1.30524864784735e-06,1.10366882708513e-05,4.58145344967633,"Up",TRUE
"OID20136",-0.289052456193882,0.991987206266319,-4.90984752258672,1.36916343788576e-06,1.14537940617946e-05,4.53559791137769,"NS",FALSE
"OID21126",-0.393937466079472,2.84283577023499,-4.90962723815642,1.37060796680677e-06,1.14537940617946e-05,4.53458705682608,"NS",FALSE
"OID21453",0.877676799534931,8.89979817232376,4.88003013133952,1.57914395516045e-06,1.31197483251412e-05,4.39888151122043,"Up",TRUE
"OID20437",0.158543325393079,1.45915195822454,4.87574362708918,1.61108193452371e-06,1.33077230314127e-05,4.37965107952894,"NS",FALSE
"OID20726",0.423066813833525,3.80167963446475,4.8527213955007,1.79750813699748e-06,1.47622938377551e-05,4.27476737901003,"NS",FALSE
"OID20848",0.429343991943986,1.793627154047,4.84694956519599,1.84767503364313e-06,1.50875864175773e-05,4.24842184684197,"NS",FALSE
"OID21418",0.615510713746914,4.32279582245431,4.82371588363274,2.06239822705629e-06,1.67452674230878e-05,4.14315211170346,"Up",TRUE
"OID20209",0.359640775947741,4.48630391644909,4.81516262163736,2.14658928902439e-06,1.72695838411813e-05,4.10480876034016,"NS",FALSE
"OID20100",0.251526719226188,1.66487885117493,4.81470226161425,2.15114480317024e-06,1.72695838411813e-05,4.10277349258757,"NS",FALSE
"OID20651",-0.433087203375455,3.94224516971279,-4.79631761588849,2.34588249728858e-06,1.87277435118736e-05,4.01984241892457,"NS",FALSE
"OID21309",0.870520746616707,4.76698590078329,4.78539303671864,2.46976205775594e-06,1.9607166558518e-05,3.97061912423412,"Up",TRUE
"OID20238",-0.437350651493453,2.85644725848564,-4.78258875775709,2.50207539119686e-06,1.9753954331604e-05,3.95816356235491,"NS",FALSE
"OID21499",-0.813855057186849,3.71093420365535,-4.78049551076293,2.52710250224e-06,1.98419201961591e-05,3.94865751410607,"Down",TRUE
"OID21130",-0.399608264245961,0.645836031331593,-4.770903110341,2.64315056186446e-06,2.06266989714871e-05,3.90570056470635,"NS",FALSE
"OID20268",-0.312577699886912,2.64179843342037,-4.76979591827204,2.65592205091227e-06,2.06266989714871e-05,3.90104634208559,"NS",FALSE
"OID21515",0.392175809047027,2.64393263707572,4.76721610661667,2.68837561137347e-06,2.07658851278523e-05,3.88943757163683,"NS",FALSE
"OID20329",0.525385966375135,3.08354360313316,4.76141833294272,2.76281868040705e-06,2.12261714747402e-05,3.86333623904772,"Up",TRUE
"OID21419",-0.594212230380777,3.52632349869452,-4.74148226874362,3.031999189805e-06,2.31696622579216e-05,3.77442301220645,"Down",TRUE
"OID20082",0.426573963530227,1.42156997389034,4.71831287490829,3.37632460623342e-06,2.56636588420615e-05,3.67157569659869,"NS",FALSE
"OID20787",-0.775413900955388,5.11179190600522,-4.70268935544375,3.62966273775444e-06,2.74433230277835e-05,3.60242551044217,"Down",TRUE
"OID21001",-0.490853061588519,3.04702375979112,-4.68358777740559,3.96383702248324e-06,2.98122268690976e-05,3.51825831976478,"NS",FALSE
"OID20129",-0.576093891583757,1.66976161879896,-4.67981477705169,4.03362892610394e-06,3.00667262163663e-05,3.50159277583283,"Down",TRUE
"OID21227",0.592467849894612,3.02513759791123,4.67919137561558,4.04522233488438e-06,3.00667262163663e-05,3.49885088510401,"Up",TRUE
"OID21349",-0.355385605218063,1.41919477806789,-4.67832851552755,4.06079647288923e-06,3.00667262163663e-05,3.49516388412405,"NS",FALSE
"OID20287",-0.23291720633908,4.28707859007833,-4.66551113612416,4.30643774854563e-06,3.17211316632562e-05,3.43903662259575,"NS",FALSE
"OID21228",0.415700316364903,1.6787180156658,4.65410954583415,4.53886570796004e-06,3.32617389573071e-05,3.3888655099122,"NS",FALSE
"OID20081",-0.357864744215531,2.3188911227154,-4.64689421915895,4.69057566297673e-06,3.41981256244579e-05,3.35744851587012,"NS",FALSE
"OID21006",-0.319613659435887,1.44890600522193,-4.63130095523409,5.03716402037292e-06,3.65386161680858e-05,3.28938865562782,"NS",FALSE
"OID21165",0.418168603134093,0.467415143603133,4.62074674484065,5.28686843955327e-06,3.81562373743516e-05,3.24323733574854,"NS",FALSE
"OID21032",-0.446987950088768,0.727250391644909,-4.58508650684848,6.21652773958527e-06,4.46402921601374e-05,3.08867867591219,"NS",FALSE
"OID20896",1.18263416284639,2.13839738903394,4.57316493200458,6.56095886067957e-06,4.67594490842013e-05,3.03724629010894,"Up",TRUE
"OID20590",0.438104959182689,4.82386997389034,4.57259445422629,6.5770813617386e-06,4.67594490842013e-05,3.03488973002402,"NS",FALSE
"OID20676",0.459324063724429,3.16357989556136,4.55117424496029,7.24443020996175e-06,5.12489642080957e-05,2.9427485530599,"NS",FALSE
"OID20370",-0.293711421767508,1.52895639686684,-4.52832662145223,8.02614832017728e-06,5.64993396528736e-05,2.84505946905086,"NS",FALSE
"OID21034",0.582290113438968,2.2174135770235,4.51226523540853,8.62633052328142e-06,6.04265995969076e-05,2.77637775949175,"Up",TRUE
"OID20336",0.43477574546895,2.60562819843342,4.50017667543558,9.10393835059399e-06,6.34611117219454e-05,2.7250346307568,"NS",FALSE
"OID21330",-0.269554896748712,0.81918955613577,-4.49045349703172,9.50572311653814e-06,6.59401860851117e-05,2.68388543065567,"NS",FALSE
"OID20951",-0.517969971058678,2.66172245430809,-4.48501720737293,9.74059000907317e-06,6.72430102558722e-05,2.66067214663539,"Down",TRUE
"OID21020",0.252192316660272,1.70844334203655,4.47820470905551,1.00371927390278e-05,6.89574443464941e-05,2.63207333533268,"NS",FALSE
"OID21057",-0.283781771508507,2.92116240208877,-4.44818511572805,1.14648079584324e-05,7.82287325255224e-05,2.50549303300921,"NS",FALSE
"OID20694",0.44503892689553,5.41166240208877,4.44760970177104,1.14961748288032e-05,7.82287325255224e-05,2.50291904117243,"NS",FALSE
"OID20960",0.667546514350097,4.11650287206266,4.43486859030166,1.21619550708429e-05,8.23669848162771e-05,2.4493649400327,"Up",TRUE
"OID20161",-0.244172055145391,2.39388041775457,-4.42897863326231,1.24781876329365e-05,8.41100477710673e-05,2.42490823122176,"NS",FALSE
"OID20696",-0.32193547375348,3.32290391644909,-4.41407027907206,1.33238875993272e-05,8.93888984950164e-05,2.36254270893952,"NS",FALSE
"OID20256",0.397308710622388,5.63508355091384,4.38928001095199,1.48528859094083e-05,9.91811867502079e-05,2.25926354498862,"NS",FALSE
"OID21303",0.343743111994878,2.4836180156658,4.38709306236902,1.49950278636371e-05,9.96646270564529e-05,2.25020609210369,"NS",FALSE
"OID21274",-0.302025833057896,1.04742845953003,-4.38308394848856,1.52612747806073e-05,0.000100872938459053,2.23349116897287,"NS",FALSE
"OID20854",0.461401873184347,1.79148485639687,4.38225796246851,1.5318003950745e-05,0.000100872938459053,2.22997954207754,"NS",FALSE
"OID21463",-0.542397346398769,5.36873864229765,-4.37886767179517,1.55462473091176e-05,0.000101906364241876,2.21592291726498,"Down",TRUE
"OID21154",-0.71618780282048,2.28006892950392,-4.37692130711355,1.56787488869713e-05,0.000102305626299004,2.20785744199671,"Down",TRUE
"OID20745",-0.666817298381202,4.64194360313316,-4.37524197786787,1.57939396736384e-05,0.000102588817243769,2.20090112200679,"Down",TRUE
"OID20380",-0.338779536354584,3.98568120104439,-4.37397997815351,1.58777809779055e-05,0.000102666737635416,2.19584117451914,"NS",FALSE
"OID20298",0.567991977619488,3.18839895561358,4.36193066962139,1.67361006375571e-05,0.000107729224374185,2.1458465320636,"Up",TRUE
"OID20292",-0.639273413945819,5.56261618798956,-4.36061126406555,1.68323625954671e-05,0.000107862987214899,2.14039780506273,"Down",TRUE
"OID20295",-0.555465133307495,4.16732349869452,-4.34633793296436,1.79081674911691e-05,0.000114244514932503,2.08154850192227,"Down",TRUE
"OID20585",0.456323196840545,2.55680992167102,4.34122165706352,1.83085025586858e-05,0.000116279334028276,2.06054326180151,"NS",FALSE
"OID21471",0.457943076797821,2.60190574412533,4.33311269179351,1.89623443147059e-05,0.000119899070910242,2.02722244869353,"NS",FALSE
"OID20438",-0.333728419289799,2.1199590078329,-4.32468076920348,1.96632693593534e-05,0.000123783312398749,1.99274133635737,"NS",FALSE
"OID20316",-0.352846715473563,6.01245613577024,-4.31623322139539,2.03930220397459e-05,0.000127814160064899,1.95814917173888,"NS",FALSE
"OID20961",0.614219503576513,2.84891723237598,4.31524362854528,2.04840485348283e-05,0.000127824040857073,1.95394891558819,"Up",TRUE
"OID20323",0.36635691360253,4.0420365535248,4.31081804837031,2.08743613855385e-05,0.000129693314869281,1.93600653228179,"NS",FALSE
"OID20317",0.284368463777146,5.40907571801567,4.30010874210428,2.18571880189558e-05,0.000135211782160553,1.8923364874576,"NS",FALSE
"OID21008",-0.424561121159322,1.3641135770235,-4.28003780625936,2.38277852382909e-05,0.000146766832351369,1.81047680609386,"NS",FALSE
"OID21256",0.299655052004847,0.522816971279373,4.2621962953012,2.57140742796244e-05,0.000156921343871603,1.73821801629183,"NS",FALSE
"OID21106",0.238869286509562,3.9180407310705,4.26166327157769,2.57679273266314e-05,0.000156921343871603,1.73620761285873,"NS",FALSE
"OID21055",0.392217539339302,4.01496031331593,4.26135124567717,2.58058193210823e-05,0.000156921343871603,1.73483474377096,"NS",FALSE
"OID21381",0.526880591546052,2.18181227154047,4.25608724231568,2.63940363226328e-05,0.000159818126716281,1.71348059694474,"Up",TRUE
"OID21328",-0.514606806215204,3.64637206266319,-4.2516615333195,2.68962675713864e-05,0.000162172009955743,1.69561111054679,"Down",TRUE
"OID21360",0.445905535254567,3.88283603133159,4.23984077182754,2.82813072889615e-05,0.000169806672755992,1.64800813333605,"NS",FALSE
"OID21484",-0.202013633100352,0.799102349869452,-4.22652132643194,2.99200251504726e-05,0.000178894208954081,1.59460608273242,"NS",FALSE
"OID20217",0.593312775868716,5.8419044386423,4.20898507537296,3.22308899279257e-05,0.000191908090445858,1.52416362669384,"Up",TRUE
"OID20732",0.617220117940378,5.68853785900783,4.20372150819334,3.29548337212485e-05,0.000195404387500681,1.50312664013056,"Up",TRUE
"OID20170",0.339068441295935,2.18158355091384,4.19176681057257,3.46521143779883e-05,0.000204619303496468,1.45555068066774,"NS",FALSE
"OID21114",0.455473347136715,2.07570078328982,4.18911762932315,3.5045532487753e-05,0.000206090806275716,1.44488430060073,"NS",FALSE
"OID21372",-0.518682014866106,2.18479399477807,-4.18457715778347,3.57209178591104e-05,0.000209201605002741,1.42681379385409,"Down",TRUE
"OID20700",0.744842594319021,2.49980626631854,4.18151312784987,3.61836789927013e-05,0.000211046846043144,1.41462940646474,"Up",TRUE
"OID21072",-0.141586904364902,-0.150665796344648,-4.1642825664673,3.8885896111532e-05,0.000225885957493412,1.34643346496283,"NS",FALSE
"OID20734",-0.267507845165401,4.12847362924282,-4.15806619729913,3.99103337553144e-05,0.000230898246705847,1.32183004646257,"NS",FALSE
"OID20389",-0.264712506141873,1.62556762402089,-4.13697767564847,4.35825900998073e-05,0.000251127101825099,1.23857919404662,"NS",FALSE
"OID21412",-0.381925737391022,2.75873133159269,-4.13081360929974,4.4718536603406e-05,0.000256637706049266,1.21426208946528,"NS",FALSE
"OID20949",0.219422638740361,1.49892480417755,4.11559777219481,4.76285558836397e-05,0.000272244825430884,1.15464242747291,"NS",FALSE
"OID21128",0.645021441124837,3.38756710182768,4.09591459961478,5.16801158422882e-05,0.000294226635612071,1.07752513959155,"Up",TRUE
"OID20276",-0.41734496699063,2.88465117493473,-4.08029920203917,5.51139620874681e-05,0.000312531158027746,1.01675074695931,"NS",FALSE
"OID20954",-0.232919150336257,2.45720339425587,-4.0783472925449,5.55498861012106e-05,0.0003137580523266,1.00928558307343,"NS",FALSE
"OID20414",-0.350485587434651,4.4772634464752,-4.07708132456358,5.58426132509813e-05,0.000314169662738789,1.00432963347467,"NS",FALSE
"OID20540",0.399720842612084,3.07761488250653,4.07344403752557,5.66895656923187e-05,0.000317683879899307,0.990129976228719,"NS",FALSE
"OID20780",0.391577317851559,5.94309164490862,4.0711007765388,5.72367487709939e-05,0.000319497320288087,0.981055518318469,"NS",FALSE
"OID20757",-0.304099477485405,6.03507127937337,-4.06791475184741,5.79846227925295e-05,0.000322412552414493,0.968781367222833,"NS",FALSE
"OID21082",0.722262452756345,4.84793394255875,4.05513944029351,6.11144926743118e-05,0.000338498488494541,0.91918175075106,"Up",TRUE
"OID21370",-0.280100268155706,2.32747467362924,-4.05079735859659,6.22000203534863e-05,0.000342464122448213,0.902536929226341,"NS",FALSE
"OID21133",-0.485535479784931,3.90127336814621,-4.05040757625572,6.23097773523691e-05,0.000342464122448213,0.900900130841443,"NS",FALSE
"OID20600",-0.414301827345553,2.88092819843342,-4.04244178389883,6.43694277162393e-05,0.000352428782400406,0.870203216755293,"NS",FALSE
"OID20247",0.495411807719264,4.34790861618799,4.0376699151205,6.56387548575455e-05,0.000358006796532185,0.851785028540632,"NS",FALSE
"OID21174",0.40520803772133,1.52903107049608,4.01592681053408,7.17150866492019e-05,0.000389661060158591,0.768273033181829,"NS",FALSE
"OID20623",0.476513372912999,5.84371644908616,4.00802931303225,7.40503064461399e-05,0.000400825332998235,0.738055324120135,"NS",FALSE
"OID20630",0.538976115246866,3.88597493472585,3.99732710703182,7.733335122719e-05,0.000417016448693036,0.697162190966574,"Up",TRUE
"OID21172",0.43042888062165,1.53279712793734,3.99504245549867,7.80515938908649e-05,0.000419307246879872,0.68844831966472,"NS",FALSE
"OID20314",0.345913238332227,4.21337859007833,3.98743993478865,8.04761683748145e-05,0.000430713275683932,0.659594019196152,"NS",FALSE
"OID21259",0.543718210314798,2.89750574412533,3.98512251318243,8.12442837280963e-05,0.000432912519077768,0.650665723071411,"Up",TRUE
"OID21193",0.451223059086007,1.17025953002611,3.98436540637062,8.14929794485091e-05,0.000432912519077768,0.647785629455472,"NS",FALSE
"OID20718",0.560501932695688,2.09270496083551,3.97399168822556,8.49741590363717e-05,0.000449733604677686,0.608373755882555,"Up",TRUE
"OID21331",0.348002476655046,2.2638772845953,3.97027828061988,8.62479159881719e-05,0.000454790671391504,0.594345445812967,"NS",FALSE
"OID20361",-0.27881731477756,3.45953133159269,-3.96845263295949,8.68747344766901e-05,0.000456411748408787,0.58750674111107,"NS",FALSE
"OID21283",0.43867292297085,1.59316971279373,3.96140561408801,8.93872814354521e-05,0.000466820193364512,0.560683294267086,"NS",FALSE
"OID21530",-0.38607688787412,1.74277206266319,-3.9610621463736,8.95092603092207e-05,0.000466820193364512,0.559396306562378,"NS",FALSE
"OID21278",0.45806717283442,1.4387908616188,3.95857809027967,9.04081881342826e-05,0.000469793821250508,0.549988500822922,"NS",FALSE
"OID20534",0.511504898695072,1.5736180156658,3.94634145296439,9.49552062511906e-05,0.000491634020771563,0.503785637074072,"Up",TRUE
"OID21498",0.549619039935723,5.49007336814621,3.94396717899667,9.58622215576497e-05,0.000494538319876828,0.494836119688898,"Up",TRUE
"OID20948",0.39404699253015,3.88614856396867,3.94087231075381,9.70519827086749e-05,0.000498875119750707,0.48321657191198,"NS",FALSE
"OID20342",0.644924754661142,6.32285352480418,3.93989837632572,9.74357056782933e-05,0.000499052413671259,0.479510803821785,"Up",TRUE
"OID21094",-0.482235498331484,1.80764647519582,-3.93766976610643,9.83078983244621e-05,0.00050172138109163,0.471122811584807,"NS",FALSE
"OID21258",-0.232018142826235,0.648522454308094,-3.92240382279648,0.000104470762083992,0.000531276580135319,0.413883016612464,"NS",FALSE
"OID20134",-0.344827545736018,0.259800261096606,-3.92021371034206,0.000105400103884925,0.000534101944863681,0.405573042561396,"NS",FALSE
"OID21065",-0.314889149250254,3.76425639686684,-3.90132038775629,0.000113606655374161,0.000573653394097796,0.33502801506801,"NS",FALSE
"OID20580",-0.293609904534449,1.93064751958225,-3.89882758943658,0.000114735567535519,0.000577313823972735,0.325730253523187,"NS",FALSE
"OID21123",-0.600945463505892,2.65273289817232,-3.8658198675624,0.000130738111552618,0.000655525478626984,0.203036428690301,"Down",TRUE
"OID20264",0.340502062016604,4.3673454308094,3.84771284086414,0.000140366272896455,0.000701340573318301,0.136275400697336,"NS",FALSE
"OID20822",0.400962989618301,2.36539608355091,3.84334683412216,0.000142801468407376,0.000711021945484808,0.120139472512806,"NS",FALSE
"OID21384",-0.426215475968281,2.53150966057441,-3.83586942629913,0.000147048686287228,0.000729626988557114,0.0926290555885583,"NS",FALSE
"OID20360",-0.357786487354257,3.21738328981723,-3.82443733578305,0.000153758002709626,0.0007602774597649,0.0507423310018549,"NS",FALSE
"OID20424",0.404943398758621,1.04566866840731,3.79497560323591,0.000172444802046344,0.00084973662801457,-0.0568387092977973,"NS",FALSE
"OID21183",0.163985244462858,0.345355613577023,3.78832140107895,0.000176923077677999,0.000868807828185087,-0.0809042335269119,"NS",FALSE
"OID20624",-0.261002221309606,5.31091253263708,-3.78410273132912,0.000179836396020811,0.000880089759978558,-0.0962149653807804,"NS",FALSE
"OID20912",-0.460257106365299,2.462972845953,-3.77645637103221,0.000185260605815863,0.00090354063382549,-0.124039638580188,"NS",FALSE
"OID21411",-0.930343015374826,3.13947467362924,-3.77210157804439,0.000188402154726204,0.000913996349714106,-0.139797751803759,"Down",TRUE
"OID20542",0.346782320584739,1.57572062663185,3.7717087456991,0.000188683641123626,0.000913996349714106,-0.14120099154336,"NS",FALSE
"OID21025",-0.217237684107205,1.32303315926893,-3.76787423331574,0.000191474760105992,0.000924383216863047,-0.154980086979953,"NS",FALSE
"OID20512",-0.571525822190333,0.371884856396867,-3.7611443267812,0.000196530574761037,0.000945596603816574,-0.179372861185062,"Down",TRUE
"OID21480",0.46409993692829,1.78425091383812,3.75730251533361,0.0001994580653069,0.0009564616621596,-0.193223376365454,"NS",FALSE
"OID21518",-0.366069486645265,0.94673681462141,-3.75394472469441,0.000202050370045768,0.000965652102994656,-0.205318162760386,"NS",FALSE
"OID21403",0.522093676136504,2.75041984334204,3.74450796308171,0.000209507009490844,0.000997951721874721,-0.239255814333012,"Up",TRUE
"OID20601",0.520896660336335,4.13563681462141,3.73817935097953,0.000214652238640507,0.00101906328577171,-0.261971216950583,"Up",TRUE
"OID21391",-0.640434868015539,4.15744595300261,-3.72771515111284,0.000223421945826625,0.00105718529995446,-0.299452431864906,"Down",TRUE
"OID20212",-0.322173312325174,2.79644334203655,-3.71786288496493,0.000231968812394932,0.00109400472908369,-0.33459565163026,"NS",FALSE
"OID21446",-0.511875188085648,4.48751644908616,-3.71571592883569,0.000233893489838766,0.00109945327953815,-0.342311959043366,"Down",TRUE
"OID21396",-0.331651636566118,1.37581018276762,-3.7102595691979,0.000238802519040343,0.00111884852363492,-0.361746176752698,"NS",FALSE
"OID21110",-0.37761275722307,3.79365639686684,-3.69820903171962,0.000249994197182917,0.00116745656135421,-0.404585158146569,"NS",FALSE
"OID20188",-0.407966506283221,4.71936840731071,-3.69658876531886,0.000251538538455758,0.00116876021113988,-0.410342423601323,"NS",FALSE
"OID20962",0.561845281477309,2.93282167101828,3.69620940921658,0.000251909128783122,0.00116876021113988,-0.41171286201382,"Up",TRUE
"OID21425",0.544067368465791,6.52409242819843,3.69511572098123,0.000252956953859733,0.00116982358273644,-0.415593982198677,"Up",TRUE
"OID20804",0.355325534449756,0.337495561357702,3.68930869847788,0.000258589550510736,0.00119034393810668,-0.43618322788815,"NS",FALSE
"OID20118",0.234368658795069,0.646706005221932,3.68881415536919,0.000259060157278641,0.00119034393810668,-0.437893633019475,"NS",FALSE
"OID20200",-0.735745411232898,3.13081618798956,-3.67848633709236,0.000269403276776664,0.00123390154651876,-0.474474491924289,"Down",TRUE
"OID20300",-0.247254315629161,3.28763733681462,-3.67552464632593,0.000272398626472504,0.00124363462373549,-0.484833477092526,"NS",FALSE
"OID20500",0.482990846988159,1.62125639686684,3.67286724921027,0.000275184359671807,0.00125235175150004,-0.49431451815886,"NS",FALSE
"OID20669",0.514831971270515,6.87191227154047,3.67162198447384,0.000276481230240318,0.00125425929528068,-0.498707517572967,"Up",TRUE
"OID20273",-0.223061400035998,1.8152407310705,-3.66652392474793,0.000281812975804482,0.00127440108362217,-0.516578407636745,"NS",FALSE
"OID20645",0.378164630892358,5.50248511749347,3.66286394623751,0.000285755009425202,0.00128815113081581,-0.529536254303347,"NS",FALSE
"OID20928",-0.294115682913534,2.23233289817232,-3.65980382687732,0.000289051379185618,0.00129891327313285,-0.540260231866516,"NS",FALSE
"OID21024",0.514372727505762,3.45841279373368,3.64234979668234,0.000308674706662607,0.00138274656997137,-0.601573924690508,"Up",TRUE
"OID20220",-0.932187947920852,4.42864960835509,-3.63658932361395,0.000315411601765225,0.00140850993413283,-0.621726813365889,"Down",TRUE
"OID20074",0.243970880374694,1.47529738903394,3.6338852380269,0.000318589501336266,0.00141826915080849,-0.631102729337745,"NS",FALSE
"OID21473",0.223268068606494,4.17291331592689,3.62029140322775,0.000335184974897594,0.00148573496229588,-0.678488511053311,"NS",FALSE
"OID20909",-0.309041362909887,2.2521454308094,-3.61943613969317,0.000336282438991593,0.00148573496229588,-0.681522603737056,"NS",FALSE
"OID20810",0.261997400662473,0.849331592689295,3.61897746273366,0.000336863630359597,0.00148573496229588,-0.683130353189744,"NS",FALSE
"OID21095",-0.194007242910657,2.86424151436031,-3.60842057997823,0.000350347349068154,0.00154045034405659,-0.719752820637612,"NS",FALSE
"OID20970",-0.469285743054084,2.76204960835509,-3.60436082146709,0.000355724337493503,0.00155929471864483,-0.733929633175164,"NS",FALSE
"OID20807",-0.356001932663078,0.715144386422977,-3.59224112629264,0.000372099197257998,0.00162340370455748,-0.775883323898885,"NS",FALSE
"OID20890",0.223168930811228,0.531945691906005,3.59184900551269,0.00037262170405518,0.00162340370455748,-0.777201317204357,"NS",FALSE
"OID21449",-0.309782629204786,4.81750704960835,-3.5873914589069,0.00037881137138937,0.00164535395050277,-0.792564024396131,"NS",FALSE
"OID20686",-0.318908911224993,2.89132323759791,-3.58533543353306,0.000381723946019141,0.00165298036018592,-0.799692357370574,"NS",FALSE
"OID21027",0.446793513153134,5.11382663185379,3.58045173048295,0.000388704497648842,0.00167812304271962,-0.816567246474531,"NS",FALSE
"OID20473",0.305222763190938,1.83711879895561,3.57807582825953,0.000392119214466428,0.00168776613696544,-0.824723500344684,"NS",FALSE
"OID20462",-0.309937558682181,1.82056736292428,-3.57393312981726,0.000398167939372977,0.00170655109460227,-0.838983071802885,"NS",FALSE
"OID20142",0.346234303019362,2.62345639686684,3.57345469892565,0.000398871984322713,0.00170655109460227,-0.840628666732641,"NS",FALSE
"OID20092",0.294831342959063,0.637041514360313,3.5587775455795,0.000421061056812012,0.00179610820950557,-0.891036972764758,"NS",FALSE
"OID21265",-0.274959346327071,1.3115365535248,-3.55093681963806,0.000433359924143786,0.00184306943929009,-0.917846015578824,"NS",FALSE
"OID20756",0.530140636726206,5.59365796344647,3.53769837392295,0.000454937712343961,0.00192909789596297,-0.963057405304155,"Up",TRUE
"OID21316",0.320590221945404,3.75892506527415,3.53417205153786,0.000460821337525322,0.00194826535894582,-0.975024081560594,"NS",FALSE
"OID20237",0.34690125161444,3.33809582245431,3.53037753753427,0.000467273261661134,0.00196971531242997,-0.987952438314831,"NS",FALSE
"OID21324",0.427015848119485,2.26547519582245,3.513015829437,0.000497847503662395,0.00209242377274577,-1.04688121282114,"NS",FALSE
"OID20208",-0.329278714003451,3.87791618798956,-3.5065634390837,0.00050965015888417,0.00213129340228428,-1.06867001926728,"NS",FALSE
"OID21507",-0.363557342319715,3.34095404699739,-3.50600777894739,0.000510690965924585,0.00213129340228428,-1.07056194487427,"NS",FALSE
"OID20791",0.247163497363151,0.394696083550914,3.50553464114989,0.000511570074865997,0.00213129340228428,-1.07216042099613,"NS",FALSE
"OID20963",0.42546867618974,3.60553498694517,3.50360444636666,0.00051518478606512,0.00214011354443912,-1.07869848686131,"NS",FALSE
"OID20205",-0.435634319504242,2.38983289817232,-3.49001996971913,0.00054120815755098,0.00224169987576913,-1.12448302378994,"NS",FALSE
"OID20214",-0.570970639364289,3.42270391644909,-3.48767313512415,0.000545826627443817,0.00225429552201507,-1.13237583360621,"Down",TRUE
"OID20442",0.353680620080709,0.872303133159269,3.48308189383863,0.000554968791776441,0.00228544784855485,-1.14780259975242,"NS",FALSE
"OID20490",-0.244248393808244,0.98102819843342,-3.47586767851937,0.00056959888813054,0.00233895635384638,-1.17197308570403,"NS",FALSE
"OID20589",0.492145371250558,3.58652375979112,3.47470441707274,0.000572020278311745,0.00234216899056586,-1.17590225008458,"NS",FALSE
"OID20565",-0.313151936730468,2.67404647519582,-3.46361853992117,0.00059531154750806,0.00243057200396862,-1.21295717271493,"NS",FALSE
"OID21115",0.400890866194412,2.67227963446475,3.4509965109183,0.000622967239645902,0.00253623984459827,-1.25507957025014,"NS",FALSE
"OID21178",0.186746085170145,0.34973498694517,3.44383263752789,0.000639124236249836,0.00259462651591198,-1.27884603025934,"NS",FALSE
"OID20663",0.296841750074986,3.99023759791123,3.44028759020994,0.000647290068003017,0.00262033288151929,-1.29061906468731,"NS",FALSE
"OID21108",-0.247662447918054,2.46633550913838,-3.43480794433703,0.000660102211925915,0.00266464988938456,-1.3087925141579,"NS",FALSE
"OID20506",0.265807759496773,2.32909634464752,3.43334397645964,0.000663567364466419,0.00267109229245778,-1.31364572682264,"NS",FALSE
"OID21049",0.378552246104358,4.75547467362924,3.43229090144783,0.000666107053310439,0.00267378364938376,-1.31717464960128,"NS",FALSE
"OID20231",-0.277950256176883,3.06235874673629,-3.42599633154392,0.000681207409600045,0.00272673778240466,-1.33796473285016,"NS",FALSE
"OID21139",-0.194176052311199,2.85907650130548,-3.4240445364756,0.00068594912547692,0.00273804832487855,-1.34439877234607,"NS",FALSE
"OID20701",0.278345474168755,3.75521540469974,3.41741498876754,0.000702363080489535,0.00279575722011016,-1.36630511022743,"NS",FALSE
"OID20704",0.530630999410487,5.16337180156658,3.41059077995387,0.000719680099260324,0.00285673017178612,-1.38885121194137,"Up",TRUE
"OID20352",0.298003404519103,2.12296710182768,3.40864678503301,0.000724639697949656,0.00286844910905833,-1.39522131003294,"NS",FALSE
"OID21041",0.368062358160524,3.53920704960835,3.40616223043193,0.000731074712184443,0.00288592752406511,-1.40340606881223,"NS",FALSE
"OID20272",0.373177329771435,4.80457806788512,3.40465513196764,0.000734996675742663,0.00289341666566464,-1.40836101975612,"NS",FALSE
"OID20902",0.276516961119434,1.42471148825065,3.38396373802806,0.000790860979020461,0.00310036174561997,-1.47617735786135,"NS",FALSE
"OID21098",-0.246719487281019,2.92913603133159,-3.38357490799679,0.000791904854549536,0.00310036174561997,-1.47740997320488,"NS",FALSE
"OID21452",0.237358239735516,0.283673890339426,3.37366720851725,0.000820117738163839,0.00320204439299488,-1.50978469825148,"NS",FALSE
"OID20642",-0.470402989612932,4.08598877284595,-3.3589255786996,0.000863777090399851,0.00336331733564411,-1.55774408674576,"NS",FALSE
"OID21156",0.555416917180507,7.06517571801567,3.35719015172015,0.00086905444956658,0.00336610288530362,-1.56337510764259,"Up",TRUE
"OID20202",-0.266535326683395,2.93921958224543,-3.35711980688944,0.000869203614189668,0.00336610288530362,-1.56355066326045,"NS",FALSE
"OID21368",-0.378585467122514,5.07247467362924,-3.3549279284742,0.000875959042759086,0.00338309587054793,-1.57069552709026,"NS",FALSE
"OID21120",-0.275031109389907,2.62144725848564,-3.34465291150166,0.000908013278259567,0.00349744198014265,-1.60392215927745,"NS",FALSE
"OID20233",-0.450628153789163,5.34278668407311,-3.34052434416953,0.000921285012266086,0.00353902226486085,-1.61731204503867,"NS",FALSE
"OID21414",0.419887853802565,4.32120600522193,3.33281856062618,0.000946409399168436,0.00362578828796701,-1.64216551374934,"NS",FALSE
"OID21146",-0.176836407276443,1.14061644908616,-3.32427961310933,0.000974902344031691,0.00372496109524408,-1.66957787435704,"NS",FALSE
"OID21321",-0.364265572635399,0.775616971279373,-3.32021974792416,0.000988864089791172,0.00376823142483089,-1.68268406980418,"NS",FALSE
"OID21519",0.457099720954893,2.08111566579634,3.31557157897305,0.00100496938782231,0.0038194182319098,-1.69759637223117,"NS",FALSE
"OID21266",-0.129302871978051,-0.0122292428198433,-3.25083263817073,0.00125604439407892,0.0047609746396254,-1.90318469460488,"NS",FALSE
"OID20315",-0.202837894487592,4.83668146214099,-3.22586277027674,0.00136760959404612,0.0051701431478622,-1.98148245948209,"NS",FALSE
"OID20064",-0.195214986647589,0.249046214099217,-3.21440818438548,0.00142187439140772,0.00534755720905002,-2.01724514386372,"NS",FALSE
"OID20244",0.559619544165105,4.74214438642298,3.21438655302253,0.00142202361052415,0.00534755720905002,-2.01733394233585,"Up",TRUE
"OID21405",-0.350906820518672,2.09282297650131,-3.21149587618055,0.00143601138286325,0.0053859849504241,-2.02633076961107,"NS",FALSE
"OID21021",0.50447723894947,3.09207650130548,3.20403224281078,0.0014727183555629,0.0055092003405743,-2.04952489298818,"Up",TRUE
"OID21075",0.40399649077691,2.49321749347259,3.19502813334025,0.0015181564531277,0.0056643487507036,-2.07743830048108,"NS",FALSE
"OID21113",-0.217858505395994,2.41068381201044,-3.1787747784115,0.00160335624860352,0.00596665645639174,-2.12758719416138,"NS",FALSE
"OID21101",-0.434020064505203,6.00934621409922,-3.17605592539402,0.00161817192732009,0.00597939862291102,-2.1360102512785,"NS",FALSE
"OID20228",0.329335322888138,4.67021305483029,3.17595000335985,0.00161871083741158,0.00597939862291102,-2.13632133773824,"NS",FALSE
"OID21359",0.289553056622911,1.22910626631854,3.1758420600816,0.00161933328696051,0.00597939862291102,-2.136668625184,"NS",FALSE
"OID21325",-0.190093093097432,0.187644125326371,-3.1682152747985,0.00166120633337353,0.0061182057999762,-2.16009975579361,"NS",FALSE
"OID21066",0.424348020621554,5.15957075718016,3.1633178914725,0.00168870246758747,0.00620348541435089,-2.175150461799,"NS",FALSE
"OID21132",0.343396023170888,3.88500339425587,3.15516580471847,0.00173528791262728,0.00635827289011381,-2.20010916439568,"NS",FALSE
"OID20919",-0.295885443002703,1.15923733681462,-3.14815023644946,0.00177638531891538,0.00649221130621503,-2.22156186714963,"NS",FALSE
"OID20733",0.248755698794391,4.10636214099217,3.14348177361985,0.00180410049654564,0.00657668267745847,-2.23576489204986,"NS",FALSE
"OID20665",-0.267722543681147,4.99137310704961,-3.14219319600679,0.00181185010237945,0.00658812670814308,-2.23969260568961,"NS",FALSE
"OID21353",-0.255937169780891,1.57513968668407,-3.1356171833752,0.00185194473625906,0.00671469805005607,-2.25973663224773,"NS",FALSE
"OID20865",0.444414142105989,1.37364464751958,3.13495610050678,0.0018560571936824,0.00671469805005607,-2.26176260229395,"NS",FALSE
"OID20391",-0.31275988367033,4.57895300261097,-3.13290338765167,0.00186870096290561,0.00674336786866696,-2.26798706421595,"NS",FALSE
"OID20171",0.3346781675322,2.72595691906005,3.12879934224114,0.00189432706852853,0.00681378652245131,-2.28045825201354,"NS",FALSE
"OID20103",-0.422627909218067,1.8128819843342,-3.12825817703142,0.00189775159967503,0.00681378652245131,-2.28210901779186,"NS",FALSE
"OID21531",-0.266539973754426,3.90753342036554,-3.12155804396714,0.00194021022561022,0.006948772963401,-2.30238263228555,"NS",FALSE
"OID20269",0.177995207950341,4.92893368146214,3.10919101468471,0.00202106843240847,0.00722026697477926,-2.3397545669809,"NS",FALSE
"OID20366",-0.209244840279733,2.18406083550914,-3.10138868936561,0.00207371007029875,0.00738985458966811,-2.36327368914629,"NS",FALSE
"OID20453",-0.224470934233356,-0.140138120104439,-3.08591352193754,0.00218197145699906,0.0077563114727653,-2.40978461361564,"NS",FALSE
"OID20101",0.76834881739438,5.67432402088773,3.08071737714473,0.00221942587665504,0.00785347802789384,-2.42533800718038,"Up",TRUE
"OID20727",0.379657170372938,3.58135352480418,3.080597418546,0.00222029749703927,0.00785347802789384,-2.42569678007228,"NS",FALSE
"OID21144",0.462949522663725,4.39572323759791,3.07578187635142,0.00225554847569399,0.00791570718515734,-2.44008817521854,"NS",FALSE
"OID21526",-0.295027846021776,5.20090130548303,-3.07539777844316,0.00225831691693133,0.00791570718515734,-2.44121626226686,"NS",FALSE
"OID20532",0.206061439717745,0.864233420365535,3.0749587739318,0.0022615596975149,0.00791570718515734,-2.44252703364353,"NS",FALSE
"OID20974",-0.278192112112925,4.66189634464752,-3.07442856160715,0.00226545521128042,0.00791570718515734,-2.44410220206302,"NS",FALSE
"OID20911",0.774493653300656,5.57356684073107,3.07442316670968,0.00226558729092327,0.00791570718515734,-2.44414485262424,"Up",TRUE
"OID20606",0.257005146275446,4.25786657963446,3.06379749461628,0.00234539708637232,0.00817456691811232,-2.47577584436717,"NS",FALSE
"OID21451",-0.457273063888726,4.7355590078329,-3.06300613856381,0.00235157976005149,0.00817617391025201,-2.47816521726757,"NS",FALSE
"OID20598",-0.167842497411426,1.6902180156658,-3.06182113477112,0.00236050827252607,0.00818729689669845,-2.4816434709654,"NS",FALSE
"OID20155",-0.277292416623752,1.40725561357702,-3.06009452328108,0.0023739699880315,0.00821405112081601,-2.48681786772172,"NS",FALSE
"OID20677",-0.342168078270864,3.26901122715405,-3.05786346816255,0.00239127077040482,0.00825392736934418,-2.49344591834087,"NS",FALSE
"OID20280",0.439339847155471,5.59111070496084,3.05483816005666,0.00241493092395308,0.00831550913332277,-2.50243028670081,"NS",FALSE
"OID20353",-0.224041821272655,2.41646892950392,-3.04924154429442,0.0024591093028667,0.00843196605359177,-2.51898647546944,"NS",FALSE
"OID20728",0.252215258510529,5.29721644908616,3.04906078428514,0.00246055272522587,0.00843196605359177,-2.51952184794119,"NS",FALSE
"OID20262",-0.214507463180171,3.84378459530026,-3.04749161630762,0.00247307734550127,0.00845461130794572,-2.52415806298592,"NS",FALSE
"OID21053",0.448894316288706,3.01649921671018,3.04640515524092,0.00248198006801072,0.00846479598374061,-2.52741806547268,"NS",FALSE
"OID20999",-0.361680501578399,4.64355953002611,-3.04553336016635,0.002489008196585,0.00846855407838087,-2.52999753014294,"NS",FALSE
"OID21134",0.264976879835825,1.49722793733681,3.03153057688766,0.00260438714461466,0.00884006942910773,-2.57132261309533,"NS",FALSE
"OID21090",-0.246965297970344,1.28492872062663,-3.02564532678464,0.00265434697749544,0.00898829817734832,-2.58864144692113,"NS",FALSE
"OID21289",-0.228696545295089,0.996476240208877,-3.02339849035926,0.00267364787487574,0.00903225251346912,-2.59524407916138,"NS",FALSE
"OID20758",0.368996866868899,6.49381984334204,3.02247236863064,0.00268168724317371,0.0090380449775831,-2.59797536326088,"NS",FALSE
"OID21339",-0.269815688317797,1.27857127937337,-3.01877860999658,0.0027137750010577,0.00912466935649752,-2.60881406666553,"NS",FALSE
"OID20702",0.285043350516311,5.41345796344647,3.00979362630981,0.00279328646648292,0.0093699679826387,-2.63512241854602,"NS",FALSE
"OID21188",0.130921522000306,0.801210966057441,3.00257266081268,0.00285866542463625,0.00956682176066792,-2.6561972721882,"NS",FALSE
"OID21441",0.269733283916082,2.26510234986945,2.99599223821848,0.0029196893398444,0.00974821510896648,-2.67541016899717,"NS",FALSE
"OID20301",0.224718670240457,6.58307676240209,2.99130203861778,0.00296371335430104,0.00987213609159951,-2.6890372592146,"NS",FALSE
"OID20628",-0.234007986194418,3.36967206266319,-2.98138355978042,0.00305909299202994,0.0101661485711879,-2.7178444794271,"NS",FALSE
"OID20688",-0.462300933638472,2.99933890339426,-2.97836031421368,0.00308886025454149,0.0102393781155349,-2.72663591729054,"NS",FALSE
"OID21426",-0.264617587467536,3.22629007832898,-2.97768036189473,0.00309545930434646,0.0102393781155349,-2.7285849017769,"NS",FALSE
"OID21267",-0.22259256626555,-0.515622193211488,-2.97553879972221,0.00311673790295299,0.0102859548806463,-2.73480404826902,"NS",FALSE
"OID20510",0.377818993781698,2.10130731070496,2.97084569065027,0.00316361821935796,0.0104166139065957,-2.74837400172031,"NS",FALSE
"OID20288",-0.244290510931925,1.63486475195822,-2.96523919840199,0.00322040632529832,0.010562502818548,-2.76454609982853,"NS",FALSE
"OID20261",0.35702190576471,4.20156501305483,2.96502005227453,0.00322270904750661,0.010562502818548,-2.76519022094734,"NS",FALSE
"OID21276",0.730322125523756,5.78877702349869,2.95038049106682,0.0033756857719246,0.0110385697210074,-2.80730969080298,"Up",TRUE
"OID20223",-0.335412495224058,2.3560955613577,-2.94875675902072,0.00339305583230049,0.0110700383204507,-2.81196908048949,"NS",FALSE
"OID20117",0.549830310771062,2.54853550913838,2.94288686505248,0.0034565334616881,0.011251449468684,-2.82879265905664,"Up",TRUE
"OID21237",0.211859885913198,1.23996187989556,2.93509328602939,0.00354240446345082,0.0115047635869801,-2.85106494845812,"NS",FALSE
"OID20098",0.203237492486949,1.58735065274151,2.92845205329858,0.00361710903786457,0.0117207456124909,-2.86999923034714,"NS",FALSE
"OID20749",0.481364257083052,4.9408725848564,2.92426127926352,0.00366520490074312,0.0118497235365654,-2.88196327336543,"NS",FALSE
"OID20472",-0.465338242448393,0.29434908616188,-2.92276461841627,0.00368246213013287,0.011878641950248,-2.88622181820208,"NS",FALSE
"OID21009",-0.236098191698747,2.75143002610966,-2.91892674133367,0.00372688489639529,0.0119948615246596,-2.89710419156041,"NS",FALSE
"OID20986",0.469038155449546,6.59941984334204,2.91640619908497,0.00375660783927254,0.0120633541625179,-2.90429063190946,"NS",FALSE
"OID20988",0.385134948744931,2.92642558746736,2.9155174108022,0.00376707986304903,0.0120698590230876,-2.90681332180635,"NS",FALSE
"OID20194",0.298804588323364,4.9809044386423,2.91266395901783,0.0038008169155866,0.0121507100053093,-2.91489704871539,"NS",FALSE
"OID20071",0.253283193880748,1.2864227154047,2.90701140917888,0.00386862478167974,0.0123398768147776,-2.93091410181007,"NS",FALSE
"OID21487",0.190709339033062,2.06227571801567,2.89892992720668,0.00396726118974824,0.0126263167932076,-2.95372685631508,"NS",FALSE
"OID21037",0.36313299781147,5.32940522193211,2.89258591253822,0.00404664823970111,0.012850356298962,-2.97164695847872,"NS",FALSE
"OID21004",0.36955350504445,6.05862167101828,2.89136049459606,0.00406210706964546,0.012870844794952,-2.97509778491407,"NS",FALSE
"OID20087",-0.260884928687549,1.24956945169713,-2.8899867136056,0.00407950149564471,0.0128973620293723,-2.97896474649062,"NS",FALSE
"OID21047",0.650979388219955,5.21807467362924,2.8872650547871,0.0041141629595937,0.0129782314994689,-2.98662057059089,"Up",TRUE
"OID20569",-0.18145400468837,1.89097389033943,-2.87955427226536,0.00421360227663984,0.0132626380029038,-3.00824054863261,"NS",FALSE
"OID21003",0.615595410245059,4.95379947780679,2.8712677470058,0.00432337551588563,0.0135514076413177,-3.0314804405195,"Up",TRUE
"OID20486",0.19669550944327,0.736564229765013,2.87119221556914,0.00432431202550095,0.0135514076413177,-3.0316812269783,"NS",FALSE
"OID20907",0.199887396761886,1.34226057441253,2.86672677702611,0.00438435143109867,0.01370949276814,-3.04414983485981,"NS",FALSE
"OID20340",0.321810183446806,1.49110156657963,2.86432389449031,0.00441716522175318,0.0137819412704919,-3.05087831747868,"NS",FALSE
"OID20738",-0.352687398834179,5.09653368146214,-2.86356301902195,0.0044275540278323,0.0137842586182404,-3.05300111726177,"NS",FALSE
"OID20108",0.324389501740575,3.46514464751958,2.85097759687817,0.00460262597634829,0.0142740716416946,-3.08803249603163,"NS",FALSE
"OID20620",0.38677960992977,5.08100234986945,2.85082134385094,0.00460486146033675,0.0142740716416946,-3.08846951630384,"NS",FALSE
"OID20662",-0.270698626007879,6.02871592689295,-2.84296728049126,0.0047172440798308,0.0145907830954074,-3.11024388350281,"NS",FALSE
"OID21469",-0.482735250300968,6.33568407310705,-2.83915330842696,0.004772866452221,0.014730942030721,-3.12081652477321,"NS",FALSE
"OID20856",0.560351147106647,4.7445046997389,2.83839319035663,0.00478400208052935,0.014733489166113,-3.12291937660851,"Up",TRUE
"OID21085",0.213611613923847,1.90197702349869,2.83554790652668,0.00482569725760659,0.014803114589545,-3.13076125235638,"NS",FALSE
"OID21152",0.284189562016899,1.98040548302872,2.83514808284991,0.00483177732557314,0.014803114589545,-3.13188694530402,"NS",FALSE
"OID21033",-0.478330013994075,4.00211070496084,-2.83475107386263,0.00483768685326629,0.014803114589545,-3.13298774307878,"NS",FALSE
"OID20639",0.273111367553847,3.36437310704961,2.82818184113315,0.0049358214421435,0.0150711300017587,-3.15110666144547,"NS",FALSE
"OID20259",-0.344428415905429,1.92642140992167,-2.8235247181799,0.00500662445113183,0.015235484774924,-3.1639443197051,"NS",FALSE
"OID20320",-0.27759361269137,3.27537336814621,-2.82323552136852,0.00501097119959011,0.015235484774924,-3.16473120938377,"NS",FALSE
"OID20563",0.70179865770675,5.32429738903394,2.81814722310132,0.00508942878432217,0.0154411756534955,-3.17873104925869,"Up",TRUE
"OID20110",-0.43227218323045,1.45643368146214,-2.81477899959235,0.00514192480977577,0.015567395239766,-3.18797904786287,"NS",FALSE
"OID20102",-0.391945510941448,2.59180522193211,-2.79064523901858,0.00553266846600854,0.0167149751330364,-3.25393218804109,"NS",FALSE
"OID21116",-0.186817234588136,3.84898302872063,-2.78590012835804,0.00561230662718446,0.0169105970462282,-3.26680579509912,"NS",FALSE
"OID21344",-0.264382212570421,2.52413342036554,-2.78539446901531,0.00562108719171335,0.0169105970462282,-3.26820101676708,"NS",FALSE
"OID20385",0.191659520190617,4.28736945169713,2.78279396795627,0.00566518635514344,0.0169988045145455,-3.27524120170112,"NS",FALSE
"OID20648",0.410730179965372,3.58907049608355,2.78228383083965,0.0056741985678364,0.0169988045145455,-3.27665542102973,"NS",FALSE
"OID20769",-0.214745828288672,4.37207624020888,-2.78099621943031,0.00569605719961979,0.0170285894105788,-3.28012545926224,"NS",FALSE
"OID20498",-0.171859768799277,0.008288772845953,-2.77984605220079,0.00571600372978375,0.0170525455738225,-3.28326074336987,"NS",FALSE
"OID21313",0.360353655270289,1.7012861618799,2.77268796050494,0.00584065893609681,0.0173881283743382,-3.30265289798914,"NS",FALSE
"OID21045",-0.201006926285446,1.25555822454308,-2.76981591529089,0.00589121582603608,0.0174945982610879,-3.31040547237066,"NS",FALSE
"OID20236",-0.236667135000612,2.11037232375979,-2.76926918230585,0.00590090718113672,0.0174945982610879,-3.3118826491016,"NS",FALSE
"OID20575",0.252386707674344,1.94793707571802,2.76604511698961,0.00595839592654045,0.0176284633106135,-3.3205922845852,"NS",FALSE
"OID20614",0.128688473246625,5.11862454308094,2.76045306469281,0.00605900954702403,0.0178891005014408,-3.33564653927389,"NS",FALSE
"OID20421",-0.43863443727103,1.04527467362924,-2.74921346883729,0.00626666033947294,0.0184640363404265,-3.36588762737676,"NS",FALSE
"OID21329",0.194551911231129,1.62438511749347,2.74586924680908,0.00632935166079422,0.0186103776199073,-3.37483284886343,"NS",FALSE
"OID20884",0.261259636260127,1.70204360313316,2.74432233755013,0.00635884480675488,0.0186376085513101,-3.3789948795069,"NS",FALSE
"OID20678",-0.179001444699096,1.35699190600522,-2.7440037902055,0.00636469767182599,0.0186376085513101,-3.37983004445734,"NS",FALSE
"OID20578",0.234136103824154,3.09228537859008,2.73355872240012,0.00656595282530749,0.019187620833056,-3.40775279133746,"NS",FALSE
"OID21462",-0.422039048629568,1.47275665796345,-2.73059555489284,0.0066242823108987,0.0193185702495393,-3.41567294974466,"NS",FALSE
"OID20730",-0.25638955757014,4.12178276762402,-2.71600752656374,0.00691713100569913,0.0201001741911333,-3.45444443421195,"NS",FALSE
"OID21486",-0.300307920364727,2.48390026109661,-2.71585302602633,0.00692042386426703,0.0201001741911333,-3.45486480480177,"NS",FALSE
"OID20226",-0.283778344648557,4.32691201044386,-2.70777114895104,0.00708771199306027,0.0205443010914465,-3.47625715198584,"NS",FALSE
"OID20535",0.259773088925863,1.29090652741514,2.69903421619447,0.0072728149664288,0.0210381631316331,-3.49932735126813,"NS",FALSE
"OID20095",0.460052867070082,3.54113446475196,2.69802760168249,0.00729440977425965,0.0210580031664991,-3.5019800389596,"NS",FALSE
"OID20556",-0.261699202742664,0.839516187989556,-2.69347897558116,0.0073927130658005,0.0212987640544938,-3.51395497691565,"NS",FALSE
"OID21218",0.334072751416817,2.4907684073107,2.68916117088647,0.00748713014730917,0.0215273822545368,-3.5253042723297,"NS",FALSE
"OID20137",0.431850202064591,3.7309501305483,2.68700784703034,0.00753462127737348,0.0216204293280456,-3.53095771501915,"NS",FALSE
"OID20593",-0.614623094896437,2.66498929503916,-2.68385038261804,0.00760474897475677,0.0217779284267083,-3.53923960412762,"Down",TRUE
"OID20684",0.40072891928359,2.35415665796345,2.67761741461474,0.00774491100490621,0.022134955652022,-3.55556091514846,"NS",FALSE
"OID21089",-0.1801137706056,0.759999477806789,-2.66376740507332,0.0080645818431254,0.0230025697681162,-3.59168800888775,"NS",FALSE
"OID20408",-0.31821406907248,4.28666318537859,-2.64664595012879,0.0084764319261014,0.0241291259410337,-3.63611964783547,"NS",FALSE
"OID20568",-0.366360070365586,2.25743890339426,-2.64110962577501,0.00861354610688716,0.0244706906297053,-3.65042494157971,"NS",FALSE
"OID21005",-0.299944854541178,0.638313054830287,-2.63735601521161,0.00870763809147433,0.0246889183188826,-3.66010748040873,"NS",FALSE
"OID21504",0.149551408350771,3.01587754569191,2.6354308765066,0.00875589006542731,0.0247765681257339,-3.66504525618626,"NS",FALSE
"OID21318",-0.231945083751395,1.22834647519582,-2.63350835634926,0.00880501118952967,0.0248663260668733,-3.67001679798592,"NS",FALSE
"OID20493",-0.223480523989395,1.5682819843342,-2.62702993479037,0.00897117201007343,0.0252856110500886,-3.68667009028099,"NS",FALSE
"OID20784",-0.365105609310601,6.08858668407311,-2.62608800894776,0.00899565859865608,0.0253047168060621,-3.68909394784343,"NS",FALSE
"OID21206",0.273661602810222,0.787396605744125,2.62332377880153,0.00906760697062721,0.0254569948153758,-3.69618655392458,"NS",FALSE
"OID20270",-0.205753603459068,1.55491644908616,-2.61821496070454,0.00920179531251847,0.0257830696109586,-3.70926740844385,"NS",FALSE
"OID20333",0.299109518209497,1.59459973890339,2.61752053014903,0.00922033671318752,0.0257844641157436,-3.71105342186486,"NS",FALSE
"OID20560",-0.150006308550438,3.60420574412533,-2.61056963851015,0.00940592474270756,0.0262520829244709,-3.72879658077377,"NS",FALSE
"OID21118",0.522383187456702,3.49446187989556,2.59425598670697,0.00985601579907848,0.0274032183836494,-3.77033439362396,"Up",TRUE
"OID21104",-0.306048983591399,3.36205352480418,-2.59423093423602,0.0098567209581496,0.0274032183836494,-3.7703979554964,"NS",FALSE
"OID20445",0.284693214964362,1.09944177545692,2.59188632725834,0.00992291539063173,0.0275336817343937,-3.77634395546543,"NS",FALSE
"OID21343",-0.191312176125959,2.03243394255875,-2.5850110880002,0.0101190210119899,0.0280234128413442,-3.79373386260642,"NS",FALSE
"OID20650",0.294491797465976,7.40231697127937,2.58400895108092,0.0101481461626756,0.0280497115405484,-3.7962784505212,"NS",FALSE
"OID20629",-0.227779551904035,5.80250313315927,-2.58191921739825,0.0102084724029488,0.0281619827486754,-3.80154706639565,"NS",FALSE
"OID20332",-0.219675630266903,6.16326475195822,-2.57809375939767,0.0103201251603192,0.028374995887128,-3.81120157499706,"NS",FALSE
"OID20984",-0.439092398551115,3.87969765013055,-2.57792421641045,0.0103254008826498,0.028374995887128,-3.81164496710141,"NS",FALSE
"OID20335",-0.120319867656508,0.448414882506527,-2.57714141376307,0.0103480042546321,0.0283825299037797,-3.81359842552629,"NS",FALSE
"OID21038",-0.363939742764654,2.60583107049608,-2.57503580016663,0.0104104640024146,0.0284724182591651,-3.81892491885504,"NS",FALSE
"OID21035",0.133713055296903,3.85825665796345,2.57467870814109,0.0104206261368393,0.0284724182591651,-3.8198037885297,"NS",FALSE
"OID20661",-0.270133724585157,4.11874882506527,-2.56967947844593,0.010569772627506,0.028824818863943,-3.83239943786381,"NS",FALSE
"OID20611",0.258033732403136,6.91860652741514,2.56029989718761,0.0108540942666327,0.0295438108705108,-3.85593487838834,"NS",FALSE
"OID21269",0.496892023055255,3.45680156657963,2.55950120443316,0.010878781027071,0.0295547111933165,-3.85794319782235,"NS",FALSE
"OID20915",-0.260878070821566,2.18828929503916,-2.55025072230717,0.0111664321708137,0.0302432092979231,-3.8810661603388,"NS",FALSE
"OID21096",-0.240702711802258,0.568641775456919,-2.54999538101873,0.0111745377951738,0.0302432092979231,-3.88170663127647,"NS",FALSE
"OID21074",-0.228418681918215,1.50939164490862,-2.54499811459207,0.0113327812727207,0.0306135055552322,-3.89416049732833,"NS",FALSE
"OID20615",0.450073821525079,4.74483368146214,2.5428926260941,0.0114001861484986,0.0307374830305746,-3.89940696571837,"NS",FALSE
"OID20667",-0.259998306463497,3.11592637075718,-2.54032736518896,0.0114825789767905,0.0307991606300213,-3.90578353558553,"NS",FALSE
"OID20680",-0.251707962638275,5.5595725848564,-2.53936413345305,0.0115136285923087,0.0307991606300213,-3.90817513105574,"NS",FALSE
"OID20367",0.196925798668301,3.40931749347258,2.53933215264546,0.0115145006679155,0.0307991606300213,-3.9082471495279,"NS",FALSE
"OID20392",-0.29735468407803,2.50910287206266,-2.53884297406585,0.0115306500320663,0.0307991606300213,-3.9094775166268,"NS",FALSE
"OID21189",0.232803850246081,1.32193237597911,2.53837595358967,0.0115457808306647,0.0307991606300213,-3.91063789223419,"NS",FALSE
"OID20319",0.100873326926951,2.76354960835509,2.53815953360978,0.0115523793545776,0.0307991606300213,-3.91115632343283,"NS",FALSE
"OID20404",0.270905768106587,4.15574203655352,2.53688487561173,0.0115941114837889,0.0308528590509019,-3.91433688521238,"NS",FALSE
"OID20905",-0.164184154642381,-0.496092950391645,-2.52342315939259,0.0120396758454422,0.0319789903032286,-3.94768116533268,"NS",FALSE
"OID21073",0.420497911827859,4.56695117493473,2.52058991809926,0.0121353497407432,0.0321528040117861,-3.95467626803377,"NS",FALSE
"OID21490",-0.28874130769927,2.35954308093995,-2.52015444193944,0.0121501148819905,0.0321528040117861,-3.9557507594674,"NS",FALSE
"OID20241",0.160775939178988,2.17756657963446,2.51762421815283,0.0122357891225205,0.0323196721923878,-3.96197179140935,"NS",FALSE
"OID21058",-0.280024623499995,3.36429503916449,-2.51674692003187,0.0122661504438255,0.032340090376802,-3.96415004891782,"NS",FALSE
"OID20786",0.301817739263493,4.59304960835509,2.51528899759572,0.0123161715838768,0.0324121716268138,-3.96774353294347,"NS",FALSE
"OID20525",-0.237931005551832,0.768386161879896,-2.51176181556474,0.0124378127009762,0.0326721219663512,-3.97642363974405,"NS",FALSE
"OID20130",0.222215642594191,1.44596396866841,2.5033087827091,0.0127335873622843,0.0333876997077143,-3.99717382108612,"NS",FALSE
"OID21282",0.439938931543768,2.62595822454308,2.49751079957913,0.0129402318011775,0.0338673832305544,-4.01137436293823,"NS",FALSE
"OID20322",0.337887302245352,8.3281407310705,2.49668992541855,0.0129697132424933,0.0338824866974825,-4.01338170825019,"NS",FALSE
"OID21472",-0.278311346601472,1.58900522193211,-2.49444715933243,0.0130505658712194,0.0339555782372182,-4.01886286055979,"NS",FALSE
"OID20107",0.401613904491219,6.16529295039164,2.49402910491134,0.0130656862983844,0.0339555782372182,-4.01988402770912,"NS",FALSE
"OID21275",-0.262260969753939,3.77645718015666,-2.4939353463933,0.0130689769282505,0.0339555782372182,-4.02010896544715,"NS",FALSE
"OID20744",0.419514096801697,4.48356161879896,2.48843185082794,0.0132696345844934,0.0344143517626881,-4.0335403085568,"NS",FALSE
"OID20357",-0.115993128714996,1.43608146214099,-2.48740925545709,0.0133067489323093,0.034448087362808,-4.03601462941034,"NS",FALSE
"OID21346",0.231100339150369,2.46254386422977,2.48612142563629,0.0133545033952637,0.0344566013274877,-4.03916338404684,"NS",FALSE
"OID21254",0.156949607689124,0.744251958224543,2.48601721067152,0.0133582625160449,0.0344566013274877,-4.03941380626527,"NS",FALSE
"OID21299",0.30346235614994,1.50594856396867,2.47955177116558,0.0135990005879815,0.0350143636760822,-4.05514521326348,"NS",FALSE
"OID21448",0.288189526308195,3.54216214099217,2.47875125015136,0.0136290456124441,0.0350286082377385,-4.05708918108456,"NS",FALSE
"OID20386",0.332983779849917,1.63732114882507,2.47660099495347,0.0137100403021008,0.0351735145272927,-4.06230780864094,"NS",FALSE
"OID21231",0.218154197178501,0.93956135770235,2.46881506265978,0.014006899144336,0.0358707148337924,-4.08116746533496,"NS",FALSE
"OID20481",-0.184699626140126,1.45637911227154,-2.46497037207137,0.0141553912190458,0.0361861432057539,-4.090452453262,"NS",FALSE
"OID21434",0.388579000758843,5.97665169712794,2.46173499180308,0.0142817760451172,0.0364206493353689,-4.09826745918996,"NS",FALSE
"OID20762",0.365461360745433,3.52044464751958,2.46131835128996,0.0142980995641301,0.0364206493353689,-4.09927226119219,"NS",FALSE
"OID20375",-0.273510443992078,3.05014516971279,-2.45800747619395,0.0144283625235152,0.0366870641389738,-4.1072496955747,"NS",FALSE
"OID21431",0.315124155561951,4.59057232375979,2.45647466253286,0.0144890862443494,0.0367760288511108,-4.11094159223183,"NS",FALSE
"OID20365",0.162569808295636,1.53442245430809,2.45387225114279,0.0145922698003416,0.0369722580579577,-4.11718964486642,"NS",FALSE
"OID20829",-0.192274852926773,0.0183323759791123,-2.44680175976273,0.0148772598713151,0.0376276183293971,-4.13417880789631,"NS",FALSE
"OID20412",0.449745056378659,3.36023994778068,2.44428407435679,0.0149797916900658,0.0378200041079576,-4.14021248902959,"NS",FALSE
"OID21388",-0.180239590952875,0.56801227154047,-2.44346470124236,0.0150131851182947,0.0378374630230038,-4.14217116425529,"NS",FALSE
"OID20371",-0.383035220418451,1.82232088772846,-2.43970037963497,0.0151680667377787,0.0381605059300805,-4.15118196129015,"NS",FALSE
"OID21493",-0.256361515064757,2.71020130548303,-2.42965562299984,0.0155878754560335,0.0391179117929511,-4.17514729527204,"NS",FALSE
"OID20374",-0.218967017866581,3.26806892950392,-2.42880945025742,0.0156236253272184,0.0391179117929511,-4.177159244565,"NS",FALSE
"OID21160",0.35177749620165,3.19101984334204,2.42864640394545,0.0156307401216061,0.0391179117929511,-4.17755377979993,"NS",FALSE
"OID21363",0.47642026394312,3.22018093994778,2.42299188412975,0.0158722002412741,0.0396214744297021,-4.19099910899205,"NS",FALSE
"OID21014",0.371177181622054,2.32207415143603,2.42263831626746,0.015887407171602,0.0396214744297021,-4.19183881505452,"NS",FALSE
"OID20119",0.176450148952151,0.403395561357702,2.42116146810857,0.0159509969901307,0.0397107573151513,-4.19534284621174,"NS",FALSE
"OID20806",0.211952732327543,0.558073107049608,2.41727472964214,0.0161196774971395,0.0400609028581085,-4.20456250813338,"NS",FALSE
"OID20156",0.349081231186509,1.94886135770235,2.41544033444227,0.0161998010254234,0.0401901313634202,-4.20890785717834,"NS",FALSE
"OID20240",0.240207311219006,2.82517101827676,2.41414361692199,0.0162565282405682,0.0402609685541976,-4.21197388142175,"NS",FALSE
"OID20349",0.169402154387824,3.60816971279373,2.40661204979268,0.0165898482021381,0.0410153859530368,-4.22976115049147,"NS",FALSE
"OID21019",0.42475436002003,4.1304,2.40413582900183,0.0167013642644783,0.0412197746700165,-4.23561563896545,"NS",FALSE
"OID20230",0.463438723179087,5.627354308094,2.39894730256415,0.0169361196483725,0.041727094788835,-4.24783328987061,"NS",FALSE
"OID20748",-0.356947306266022,6.10488720626632,-2.39549384572613,0.0170939788709472,0.0420435383934314,-4.25595111551231,"NS",FALSE
"OID20973",0.382837293088744,4.12070731070496,2.39184948669429,0.0172619685871581,0.0423742250233709,-4.26450539036353,"NS",FALSE
"OID20763",-0.233931439805216,4.35392845953003,-2.39128913996854,0.0172877349115642,0.0423742250233709,-4.26581416149292,"NS",FALSE
"OID21516",0.371845339546632,2.13977780678851,2.39045780281891,0.0173265019902072,0.042396526273983,-4.26776870959485,"NS",FALSE
"OID21069",-0.525644580763875,3.31196318537859,-2.38088728032617,0.0177760761406171,0.0434222441110116,-4.29016047790826,"Down",TRUE
"OID20216",0.286952878783057,2.88956553524804,2.3800746225518,0.0178147192455501,0.0434423785015206,-4.29205780901213,"NS",FALSE
"OID20377",-0.18807333028852,3.37296788511749,-2.37566286803592,0.0180254002615553,0.0438812554919294,-4.30233648899818,"NS",FALSE
"OID20181",0.132408015034606,3.42575796344647,2.37166245806142,0.018218570531567,0.0442760838258661,-4.31164724025881,"NS",FALSE
"OID20710",0.285706702291122,5.11417885117493,2.36622939901642,0.018484529219459,0.0448461668159709,-4.32428605923043,"NS",FALSE
"OID21022",0.454569025316976,3.10326083550914,2.36138984335312,0.0187238250803553,0.045310733993271,-4.33550832940214,"NS",FALSE
"OID21070",0.184557562737479,0.983628720626632,2.36076879260462,0.0187546078627981,0.045310733993271,-4.33694375856662,"NS",FALSE
"OID20752",0.32329269709857,3.7245864229765,2.36043944172425,0.0187711368257638,0.045310733993271,-4.33770956290409,"NS",FALSE
"OID20174",0.301580069292119,3.33081096605744,2.35825234209022,0.0188804113895891,0.0454976524042543,-4.34277185796458,"NS",FALSE
"OID21257",0.359633649890122,1.78731723237598,2.35731320190787,0.0189275050341768,0.0455343513364286,-4.34494420930115,"NS",FALSE
"OID20987",0.401255084596088,2.73369138381201,2.3533932759651,0.0191251871006191,0.0459325922130835,-4.35400243388481,"NS",FALSE
"OID21202",0.160993935509515,1.4031088772846,2.34859947346901,0.0193689902336659,0.0464400789327324,-4.36505015353062,"NS",FALSE
"OID21437",0.384589492891155,3.87651331592689,2.34523866909403,0.0195422387325897,0.0467769834989458,-4.37279935298222,"NS",FALSE
"OID20248",0.153160473161787,2.78198825065274,2.3432086324185,0.0196467527655812,0.0469485112073838,-4.37745595523331,"NS",FALSE
"OID21262",-0.23881088217355,0.781340731070496,-2.34257875334461,0.0196799896406786,0.0469494243681632,-4.37891694256046,"NS",FALSE
"OID20079",-0.24209179629328,0.185757702349869,-2.32244525141289,0.0207505538133003,0.0494209023320101,-4.42500377813925,"NS",FALSE
"OID20978",-0.329505254288822,3.63747989556136,-2.31165213047589,0.021345183829652,0.0507525252788231,-4.44955084833957,"NS",FALSE
"OID21122",-0.19502887777373,3.76926422976501,-2.30772815612664,0.0215646036071289,0.0511890673664239,-4.45843858385691,"NS",FALSE
"OID20166",0.549940957443391,4.71900939947781,2.30489910308695,0.0217247628663499,0.0514837249353467,-4.46485294359479,"NS",FALSE
"OID21491",0.156235049733199,2.3588684073107,2.29587681060205,0.0222405696905767,0.0526188312712485,-4.48521857212144,"NS",FALSE
"OID20443",-0.145847960784551,0.269794778067885,-2.29404390316509,0.0223471232394646,0.0527835357176776,-4.48935595858622,"NS",FALSE
"OID20461",-0.0591345474228072,0.130648302872063,-2.2929417431483,0.0224107823482807,0.052846547814675,-4.49182959383875,"NS",FALSE
"OID20741",0.460373319411296,5.13992088772846,2.2918555076619,0.0224746543895977,0.0529098535794648,-4.4942860723424,"NS",FALSE
"OID20199",0.2280790621661,1.73048067885117,2.29107489167048,0.0225202409158308,0.0529299741261878,-4.49604239979412,"NS",FALSE
"OID21162",0.278001427358239,1.20851253263708,2.28758265939768,0.0227251702525974,0.0533239216600356,-4.50389254088318,"NS",FALSE
"OID20505",0.26670014150491,1.54507101827676,2.28264329984166,0.0230177963376937,0.0539220179779743,-4.51497578627144,"NS",FALSE
"OID21450",-0.328133350758914,4.46753968668407,-2.27762253728357,0.0233186072954558,0.0545372992229236,-4.52621782191243,"NS",FALSE
"OID20485",0.275223813070306,1.98755404699739,2.27520492511349,0.0234646729130153,0.0547892444325144,-4.53162253550047,"NS",FALSE
"OID20603",-0.167374712230418,2.93286553524804,-2.26578575780918,0.0240409192339648,0.0560431869255068,-4.55261782162493,"NS",FALSE
"OID20158",-0.354012515137682,2.24308328981723,-2.25966340156995,0.0244228241619365,0.0568407422270476,-4.56623325216522,"NS",FALSE
"OID20196",-0.242803303546697,2.59024412532637,-2.25745315856278,0.024561744954128,0.0570580385410819,-4.57113540626508,"NS",FALSE
"OID21233",0.129599030195129,0.424357441253264,2.2569043394958,0.0245960474046931,0.0570580385410819,-4.5723465711864,"NS",FALSE
"OID20409",0.425823881294123,7.76481331592689,2.25083863631376,0.0249818930422839,0.0578591979861001,-4.58578315505201,"NS",FALSE
"OID20947",-0.17814712978383,2.84267519582245,-2.24695172695382,0.0252311873192303,0.0583420172802266,-4.59436244949265,"NS",FALSE
"OID20828",0.201815630727012,1.82883394255875,2.23916338372374,0.0257384831104336,0.0594188891192401,-4.6115311535351,"NS",FALSE
"OID21489",0.289078401389081,4.06065613577023,2.23461104677542,0.026039031075095,0.0600157667843722,-4.62153859767844,"NS",FALSE
"OID20321",0.152339689907532,4.44653577023499,2.22897907416578,0.0264142806956021,0.0607826201513936,-4.63387911429298,"NS",FALSE
"OID20609",-0.31417551094313,4.22815874673629,-2.22611628142401,0.0266077450347777,0.0611293692197706,-4.64015534092897,"NS",FALSE
"OID21205",0.310219922297576,1.75047676240209,2.22526442485802,0.026665365682865,0.0611634150253837,-4.64201842370398,"NS",FALSE
"OID21050",-0.265632566677453,5.60774960835509,-2.22413146057426,0.0267421684514801,0.0612412799954568,-4.64449523746386,"NS",FALSE
"OID20254",0.262064922516708,4.76318590078329,2.22232169583926,0.0268652420736137,0.0614246894771104,-4.6484489728428,"NS",FALSE
"OID20626",-0.176013618009786,4.92672924281984,-2.21695107751997,0.0272329220583818,0.0621658875741654,-4.66015657824271,"NS",FALSE
"OID21153",-0.145220258400396,2.68049947780679,-2.21409507103896,0.0274303225687975,0.062516636285186,-4.66637290486522,"NS",FALSE
"OID20952",0.392009119959723,4.79490234986945,2.21110196237221,0.0276393065166501,0.0628926258157533,-4.67289121816683,"NS",FALSE
"OID20713",-0.204587209192245,3.41342976501305,-2.20378093812197,0.0281544852015474,0.0639630514356298,-4.68877130309147,"NS",FALSE
"OID20277",0.137877274739911,3.90254830287206,2.2011754479505,0.0283395430209457,0.064281280915764,-4.69440631572502,"NS",FALSE
"OID21522",-0.230659680885141,2.65525274151436,-2.19857197158239,0.0285263720252954,0.064602512875035,-4.70004321143604,"NS",FALSE
"OID21478",-0.107451165574129,2.10169216710183,-2.19405061702417,0.0288520203517765,0.0652366093080516,-4.70979764091213,"NS",FALSE
"OID20324",-0.279091761266176,6.02213159268929,-2.1875306667128,0.0293286271727164,0.0662094916742681,-4.72384870084278,"NS",FALSE
"OID20720",-0.199409602810447,2.50274464751958,-2.18564925970407,0.0294669893241544,0.0664169207322029,-4.72788970469826,"NS",FALSE
"OID20541",0.370389135948619,2.78776710182768,2.1821763256154,0.0297245656451656,0.0668919752865223,-4.73534979744313,"NS",FALSE
"OID21013",0.27398243522663,4.58663550913838,2.17708515448175,0.0301053151108951,0.0676422881972784,-4.7462601327302,"NS",FALSE
"OID20139",0.378150265842129,1.69104125326371,2.17213650844313,0.0304794316740787,0.0683753655608453,-4.75684123484459,"NS",FALSE
"OID20053",0.249521078020098,1.24555822454308,2.15713298237557,0.0316383000479893,0.0708638413300574,-4.78877803189099,"NS",FALSE
"OID20957",-0.204116640384327,2.24855352480418,-2.15614103338866,0.0317160554306557,0.0709268281853004,-4.7908795943656,"NS",FALSE
"OID20193",0.17708033483642,2.60050574412533,2.14440334764616,0.0326506013728907,0.0729026708779074,-4.8156993577297,"NS",FALSE
"OID20943",0.308577980588852,4.04480339425587,2.14072853749775,0.0329486013960262,0.0734532783072096,-4.82344982950259,"NS",FALSE
"OID20121",0.217072706105492,3.03699060052219,2.13408605469894,0.0334921336257949,0.0745486899552351,-4.83741388043121,"NS",FALSE
"OID21430",0.374575026486847,5.70811566579634,2.12698979328254,0.0340816113640547,0.0757428034824794,-4.85228885070493,"NS",FALSE
"OID21461",0.246314906798296,4.96855326370757,2.12463239328331,0.0342792852630216,0.0760638177653071,-4.85721837428843,"NS",FALSE
"OID21046",0.251678740160761,2.01301253263708,2.10255318692374,0.0361795723923458,0.0801559828661429,-4.90313599617486,"NS",FALSE
"OID20625",0.434946448330086,4.17463942558747,2.09357133084244,0.0369780008324622,0.0817980854327995,-4.92168108870503,"NS",FALSE
"OID20997",0.373870367378548,6.72609843342037,2.0851610252385,0.0377392325243736,0.083261066756806,-4.93897580276807,"NS",FALSE
"OID21077",0.264773580780155,1.53087232375979,2.08497858111628,0.0377558931129533,0.083261066756806,-4.93935022228669,"NS",FALSE
"OID20527",-0.155619643728693,0.417649608355091,-2.08289104738676,0.0379469091990145,0.0834294977679362,-4.94363145210915,"NS",FALSE
"OID20612",0.206199704729819,3.12906736292428,2.08286637628184,0.037949036773379,0.0834294977679362,-4.94368069711835,"NS",FALSE
"OID21127",0.110550664620294,3.86175587467363,2.08055763112142,0.0381608336351041,0.0837662538626171,-4.94840646411168,"NS",FALSE
"OID21497",0.113684876810424,4.43809608355091,2.07867933835219,0.0383342968160021,0.0840179603528636,-4.95225136731641,"NS",FALSE
"OID20631",0.36416995835002,6.55870600522193,2.07594716791706,0.0385885211086526,0.0844456304200069,-4.95784487018404,"NS",FALSE
"OID20175",-0.356750411063706,2.92711305483029,-2.06956416339952,0.0391863919228202,0.0855216527639759,-4.97086876950518,"NS",FALSE
"OID20232",0.291435885441877,4.27613550913838,2.06942072125726,0.0391999178169379,0.0855216527639759,-4.97116099908162,"NS",FALSE
"OID20976",0.216279647798115,4.56152062663185,2.06787292483711,0.0393459449288746,0.0857093830843931,-4.97431136911244,"NS",FALSE
"OID21404",0.263475837496576,2.37921436031332,2.06462940899693,0.0396540077988988,0.0862489758670112,-4.98091079870452,"NS",FALSE
"OID20185",-0.176182387807103,2.56983890339426,-2.06268596972953,0.0398390880363072,0.0865198431669954,-4.9848557078011,"NS",FALSE
"OID20921",0.264902878532074,1.8374,2.05621789606353,0.0404620414400653,0.087662659119296,-4.99797389793541,"NS",FALSE
"OID21142",-0.220897964917259,3.73603942558747,-2.05594833426687,0.040488002112481,0.087662659119296,-4.99851811972409,"NS",FALSE
"OID20893",0.222056606719229,1.00825587467363,2.05257700651907,0.0408161183014275,0.0882393843460512,-5.00533848187426,"NS",FALSE
"OID20115",-0.196533816929773,0.928753002610966,-2.05007460497348,0.041061002998383,0.0886091520449762,-5.01039280051322,"NS",FALSE
"OID21408",-0.32367247061222,3.55773028720627,-2.04956348944677,0.0411111741118399,0.0886091520449762,-5.01142440397589,"NS",FALSE
"OID20967",0.222864446139297,3.30988407310705,2.04851645241419,0.0412139488886342,0.0886968869907505,-5.01353545333919,"NS",FALSE
"OID20417",0.133866297071574,4.79423550913838,2.04728786219399,0.0413344643053949,0.0888224804397133,-5.01600810170737,"NS",FALSE
"OID21310",-0.242118727147074,3.66321618798956,-2.04411088945543,0.0416496545586488,0.0893653999464102,-5.02241394078276,"NS",FALSE
"OID20067",0.157605070218497,0.101068146214099,2.04182783415633,0.0418768957839755,0.0897182669794617,-5.02700686432909,"NS",FALSE
"OID20147",-0.130831900257758,2.74081018276762,-2.03958693655782,0.0421002416880747,0.0900617445692496,-5.0315039987237,"NS",FALSE
"OID21406",-0.234752289366114,3.74531592689295,-2.03558482282192,0.0425036079436452,0.0907887230963662,-5.03954004472741,"NS",FALSE
"OID20347",0.162118816846511,0.973158746736292,2.03442194542821,0.0426211308282076,0.0909038745574755,-5.04186969665636,"NS",FALSE
"OID21010",0.20779071169763,2.64413681462141,2.03067869963206,0.0430016373296063,0.0915787477555997,-5.04936261557843,"NS",FALSE
"OID20870",0.222087546901525,1.20464516971279,2.02897625036577,0.0431758129694071,0.0918128522816708,-5.05276733476325,"NS",FALSE
"OID20318",0.147082501828966,7.11946527415144,2.02080970584264,0.0440181156766774,0.0934649142674176,-5.06904841049529,"NS",FALSE
"OID20491",-0.289151732849186,0.851607310704961,-2.01297267035092,0.0448409476373969,0.0950707925427896,-5.08462348111618,"NS",FALSE
"OID21500",-0.176314048742679,1.91125326370757,-2.00719466275066,0.0454551403752385,0.0961728019149948,-5.09606277105671,"NS",FALSE
"OID21524",0.191539856138546,3.89118041775457,2.00681837030578,0.0454953212697946,0.0961728019149948,-5.09680615918022,"NS",FALSE
"OID20297",-0.190446990084652,3.29185378590078,-1.99801396039536,0.0464459430932175,0.0980373008570278,-5.11417457601892,"NS",FALSE
"OID21060",-0.268970947207257,3.9962911227154,-1.99667360911943,0.0465924036837517,0.0982013936048395,-5.11681414152237,"NS",FALSE
"OID21149",0.452189481724904,5.50496422976501,1.99216909816651,0.0470865229947329,0.0990966735780166,-5.12566538870531,"NS",FALSE
"OID20743",-0.285106180558853,3.62947493472585,-1.98882074083337,0.0474566801287667,0.0997288175058936,-5.13223214751654,"NS",FALSE
"OID21334",0.160148256563207,0.424641514360313,1.98568807313164,0.0478052143975703,0.100313731826913,-5.13836610913954,"NS",FALSE
"OID21234",0.161881738261643,0.843034203655353,1.98327255390537,0.0480753654405577,0.100732693862987,-5.14308892244192,"NS",FALSE
"OID21131",-0.114303838259373,0.705589033942559,-1.9813925839815,0.0482860562499414,0.100939822206728,-5.14675763687069,"NS",FALSE
"OID20546",0.290291685051488,1.72417624020888,1.98113622100408,0.0483154922249141,0.100939822206728,-5.14726205632564,"NS",FALSE
"OID21015",0.274967461440021,2.89498407310705,1.97998789979188,0.0484449460774188,0.101062522546907,-5.14950312999934,"NS",FALSE
"OID20872",0.267787750676047,1.17206135770235,1.97823416814275,0.0486432141233319,0.101328211344375,-5.15292327331774,"NS",FALSE
"OID20396",0.165325447836269,3.70282088772846,1.97746819094473,0.0487294493195367,0.101360091816038,-5.15441227921512,"NS",FALSE
"OID20403",0.156929084909271,7.03713759791123,1.97600639003529,0.0488954646084357,0.101557585647463,-5.15725963507876,"NS",FALSE
"OID21482",-0.237701447313134,2.37891122715405,-1.97237327235114,0.0493107876264039,0.102203319792846,-5.1643317188639,"NS",FALSE
"OID20195",0.281253063645139,3.47882480417755,1.97203634048008,0.0493493986403524,0.102203319792846,-5.16498656158825,"NS",FALSE
"OID20636",-0.264058727795444,2.03373028720627,-1.96985778950326,0.0495996668588689,0.102572972418703,-5.16921803271933,"NS",FALSE
"OID21319",0.372295588501593,3.2406953002611,1.9645250606093,0.0502167954312087,0.103699133917915,-5.17955664155556,"NS",FALSE
"OID20641",0.293807010610947,3.32690052219321,1.95571428231359,0.0512505744045071,0.10568119888029,-5.19657804188009,"NS",FALSE
"OID21459",0.484195060049355,6.09341853785901,1.94548967469145,0.0524726070637044,0.108045180827138,-5.21623685254932,"NS",FALSE
"OID20903",0.346540007513111,3.59444412532637,1.93842632814114,0.0533310191733415,0.109634475221059,-5.22975856294206,"NS",FALSE
"OID20372",0.152570893603066,3.52535169712794,1.93741124715032,0.0534547536998934,0.109634475221059,-5.23169440108539,"NS",FALSE
"OID20311",0.0886576514905857,5.79250496083551,1.93724775249361,0.0534746180749323,0.109634475221059,-5.23200560034504,"NS",FALSE
"OID21148",-0.0746145437905141,0.385174151436031,-1.93603569653539,0.0536234336613825,0.109782072639134,-5.23431969240066,"NS",FALSE
"OID20687",-0.254100189751506,4.77753133159269,-1.93443147463763,0.0538217085115303,0.110030359746748,-5.23738477325356,"NS",FALSE
"OID20788",0.395345286328782,4.88608955613577,1.93180235397356,0.054146704765388,0.110536630156771,-5.2423953762194,"NS",FALSE
"OID20938",-0.20777346516677,2.47416579634465,-1.93013954059076,0.0543530297307299,0.110799542774912,-5.24556054181046,"NS",FALSE
"OID20122",0.363181382527703,2.34219007832898,1.92881334043194,0.0545181845795713,0.110835640641465,-5.24808375489571,"NS",FALSE
"OID21375",0.327410792338735,2.81316527415144,1.92875175428281,0.0545258610013647,0.110835640641465,-5.24820086847203,"NS",FALSE
"OID20260",0.154866492856662,4.28347754569191,1.92615556082411,0.0548496933809728,0.111335528183821,-5.25313121498958,"NS",FALSE
"OID20088",0.0987931336743246,-0.0842240208877285,1.92481008482339,0.0550185385146302,0.11151984615235,-5.25568594709998,"NS",FALSE
"OID20755",0.159500685952641,5.36283864229765,1.91840539094555,0.0558278011283964,0.112999897751386,-5.26782049859044,"NS",FALSE
"OID20379",-0.212778383749841,2.87216684073107,-1.89626506740705,0.0587032340343069,0.118651939794943,-5.30946703818059,"NS",FALSE
"OID20293",-0.234445939246051,3.23863524804178,-1.89481039488832,0.0588964160949834,0.118874263558942,-5.31218677718637,"NS",FALSE
"OID21444",-0.206804153887046,3.48966971279373,-1.89319200125444,0.0591117235912869,0.119140554318687,-5.31520904497647,"NS",FALSE
"OID20517",0.126153798573079,0.441949347258486,1.89119478365215,0.0593785170074493,0.119509719441754,-5.31893615372536,"NS",FALSE
"OID21436",0.333092962312307,5.58894151436031,1.88804761372455,0.05980125292551,0.120191266428346,-5.32480282086464,"NS",FALSE
"OID21216",0.202392663354508,-0.487525587467363,1.88505982387817,0.0602046803129824,0.12083214630232,-5.33036248536701,"NS",FALSE
"OID20083",-0.271348481473503,-0.0162339425587467,-1.88227661772634,0.0605825193708091,0.121419944152716,-5.335533691804,"NS",FALSE
"OID20283",0.15076215728474,4.45460757180157,1.87985299401756,0.0609125375171778,0.121753194313607,-5.34002786600071,"NS",FALSE
"OID21040",0.214570865292671,2.75740313315927,1.87980874714039,0.0609191979945617,0.121753194313607,-5.34011273441164,"NS",FALSE
"OID20955",0.27490878552048,4.62633237597911,1.87868986914338,0.0610723526136657,0.121888815481743,-5.34218682956143,"NS",FALSE
"OID21166",0.129953567538757,1.50283916449086,1.87486843573258,0.0615972438000331,0.122764939177472,-5.34925881893152,"NS",FALSE
"OID20072",0.077829139738063,1.04858825065274,1.86675941614859,0.0627246159252408,0.124837710525305,-5.36422377912441,"NS",FALSE
"OID20073",0.0916527257515149,0.531749347258486,1.85881595115252,0.0638458268334638,0.126892470855382,-5.37882279116791,"NS",FALSE
"OID20152",-0.209037659356292,2.36101592689295,-1.85745982996308,0.0640395746714849,0.127100766952155,-5.38131193081511,"NS",FALSE
"OID20691",-0.201077700208056,3.39826919060052,-1.84756608021203,0.065462483936133,0.12961738883817,-5.39939542042239,"NS",FALSE
"OID20887",0.221609256166062,1.52744255874674,1.84738484382585,0.0654889816243236,0.12961738883817,-5.39972656582113,"NS",FALSE
"OID21103",-0.219325881252324,3.0052545691906,-1.84470969115416,0.0658783647057805,0.130207722219309,-5.40459957980317,"NS",FALSE
"OID20537",0.181478986916613,3.4367817232376,1.84380435952297,0.0660103356324805,0.130288355827092,-5.40624619621085,"NS",FALSE
"OID20482",-0.167923157270628,1.5214501305483,-1.84214348074062,0.0662535756039374,0.130588082121416,-5.40926718177788,"NS",FALSE
"OID21039",-0.13373219553525,4.27049634464752,-1.8371548587406,0.0669876075536426,0.131853018173768,-5.4183209500795,"NS",FALSE
"OID20176",0.182007614838379,1.35672349869452,1.83584460005868,0.0671824439132291,0.132054624968369,-5.4206985307246,"NS",FALSE
"OID21302",0.104850095487224,0.812358746736292,1.83474775855874,0.0673446416835175,0.132191611216685,-5.42268269725075,"NS",FALSE
"OID20111",-0.112784285021711,2.29268511749347,-1.83337689462672,0.0675484054718095,0.132308915847927,-5.42516319782581,"NS",FALSE
"OID20310",0.121985677324771,3.64576527415144,1.83308202899251,0.0675923420956199,0.132308915847927,-5.42569666200739,"NS",FALSE
"OID20990",0.209913750832126,4.49797493472585,1.83210720019539,0.0677384964669461,0.132308915847927,-5.42746248136466,"NS",FALSE
"OID21369",-0.293813500335856,3.68068276762402,-1.83186498376088,0.0677747560536616,0.132308915847927,-5.42790072648733,"NS",FALSE
"OID21175",0.228534353159438,1.56473603133159,1.83072340233379,0.0679454589021808,0.132372308342192,-5.4299638953654,"NS",FALSE
"OID20289",0.223371431796024,1.90887362924282,1.83033938043648,0.0680029621719923,0.132372308342192,-5.43065765049124,"NS",FALSE
"OID20433",-0.115506645744886,0.0731832898172324,-1.82978987077038,0.0680851271039268,0.132372308342192,-5.43164941012923,"NS",FALSE
"OID21000",0.327870984886124,3.13035169712794,1.82372747591158,0.0689993437922117,0.13396747592265,-5.44257997847138,"NS",FALSE
"OID20348",0.151858219093836,1.99254856396867,1.81459224528111,0.0703954299547735,0.136386019676506,-5.45898137924768,"NS",FALSE
"OID20204",0.161795988826061,4.79592793733681,1.81432847822962,0.0704358869987835,0.136386019676506,-5.45945305441386,"NS",FALSE
"OID21201",-0.233499765801672,0.586981723237598,-1.81343474299009,0.0705743488104286,0.136469207645606,-5.4610551052996,"NS",FALSE
"OID21304",0.297634088742571,2.79267467362924,1.81082879211894,0.0709777774807533,0.136926226644216,-5.46571640993664,"NS",FALSE
"OID20742",0.341234680268693,4.39502819843342,1.81043765310313,0.0710384934688567,0.136926226644216,-5.46641547801302,"NS",FALSE
"OID20897",-0.169625798067105,1.95824516971279,-1.81005236821359,0.0710981526732036,0.136926226644216,-5.46710328092844,"NS",FALSE
"OID20439",0.115291337280465,0.492221409921671,1.80341072326322,0.072136265812518,0.138738524691909,-5.47894812477628,"NS",FALSE
"OID21367",0.265308338798977,1.95109295039164,1.80248633134429,0.0722820632577384,0.138832081176489,-5.48059441421442,"NS",FALSE
"OID20855",0.172047083461113,0.729280417754569,1.7999285054221,0.0726858862854775,0.139420310740869,-5.48514253943866,"NS",FALSE
"OID20313",0.231429553570118,1.86255979112272,1.79869744282915,0.0728809032082123,0.139606984831817,-5.48732925621277,"NS",FALSE
"OID21196",-0.185439650200307,1.36821671018277,-1.79230444329606,0.0739005654139849,0.141370693409082,-5.49866139887939,"NS",FALSE
"OID20917",-0.171154689811521,2.07181618798956,-1.7897885498943,0.0743048485092271,0.141954048823109,-5.50310955825605,"NS",FALSE
"OID20566",-0.160463585176431,1.37683994778068,-1.78284336088824,0.0754309631854467,0.14391301253939,-5.51535898989196,"NS",FALSE
"OID21087",0.281751815259235,2.97620313315927,1.78087544557947,0.0757526195227572,0.144333991064027,-5.51882147204925,"NS",FALSE
"OID20646",-0.249931273291988,5.4808634464752,-1.77594620207819,0.0765630511464587,0.145621385097837,-5.52747724017699,"NS",FALSE
"OID20736",-0.114799970796265,2.08414516971279,-1.77552332471059,0.0766321074832563,0.145621385097837,-5.52821633878722,"NS",FALSE
"OID21427",-0.26236197028286,3.65538433420366,-1.77107242532199,0.0773713284527289,0.146830847754249,-5.53601242132497,"NS",FALSE
"OID20149",0.296592703012694,0.427261879895561,1.76419449316308,0.0785238417139486,0.148820384362377,-5.54801813826645,"NS",FALSE
"OID21438",-0.137785014295633,3.95201749347258,-1.76307823928287,0.0787115641370647,0.148978576360087,-5.54996047300124,"NS",FALSE
"OID20146",0.283450638579673,3.11148511749347,1.76196017172091,0.0789012447474362,0.149140051248791,-5.55190835561325,"NS",FALSE
"OID20914",-0.180223494206343,3.33128015665796,-1.75931935003608,0.0793490206131639,0.149788309717584,-5.55649953820207,"NS",FALSE
"OID21342",-0.194029824728647,3.62560522193211,-1.75794149754777,0.0795835805712895,0.150032897937167,-5.55889261051195,"NS",FALSE
"OID20789",-0.0930066858820023,3.98526971279373,-1.75513713804119,0.0800620723297441,0.150736101922535,-5.56375577885713,"NS",FALSE
"OID20901",-0.158221397403065,1.37000104438642,-1.75346400005951,0.0803498221720457,0.151078810373491,-5.56665672467816,"NS",FALSE
"OID20494",0.207453128254361,0.694627676240209,1.74833099095872,0.081235572805033,0.152543539472263,-5.57553338623919,"NS",FALSE
"OID20958",0.251123714456191,3.77785117493473,1.74625955113714,0.0815952352788392,0.15286842140439,-5.5791082571601,"NS",FALSE
"OID21455",0.331838722263069,4.75557075718016,1.74610261297406,0.0816225371109515,0.15286842140439,-5.57937892966832,"NS",FALSE
"OID21141",0.288501283476579,2.27965248041775,1.74472407791257,0.0818626746242863,0.153117489578672,-5.58175547198515,"NS",FALSE
"OID20229",-0.170178179549894,4.2139772845953,-1.74212196498452,0.0823172065450682,0.153766389742356,-5.58623557508369,"NS",FALSE
"OID21361",0.237874828886776,2.18902558746736,1.74023313813097,0.0826489789543972,0.154079248464709,-5.58948487790557,"NS",FALSE
"OID20187",0.289512776529728,2.67991853785901,1.7399410130009,0.0827003383991826,0.154079248464709,-5.58998697891134,"NS",FALSE
"OID21224",0.29262640491353,2.62344804177546,1.73716795490563,0.0831891731253208,0.154788188015734,-5.59474914686441,"NS",FALSE
"OID20538",-0.167259224310232,3.59381749347259,-1.72898361754339,0.0846453184211218,0.157292795869679,-5.60875978604861,"NS",FALSE
"OID21470",0.184523762441867,1.16781331592689,1.72690297452871,0.085019173450612,0.157782336183019,-5.61231215148789,"NS",FALSE
"OID21158",-0.276060919643147,3.74301775456919,-1.72587248861439,0.0852046760954337,0.157921507315661,-5.6140696186814,"NS",FALSE
"OID20141",0.292413884485232,4.51599869451697,1.72332004974379,0.0856655678602112,0.158570073150572,-5.61841829276127,"NS",FALSE
"OID21102",-0.150596007172652,2.81670417754569,-1.71951422475939,0.0863561170742075,0.159641515263962,-5.62488968104267,"NS",FALSE
"OID20290",-0.181046467746721,5.72115953002611,-1.71797303991056,0.0866374153885292,0.159954607997685,-5.62750715011032,"NS",FALSE
"OID21485",0.522710381652113,4.86447232375979,1.71465113498235,0.0872460300952439,0.160870421943359,-5.6331405246817,"NS",FALSE
"OID20511",-0.309406059673174,2.6709,-1.71356890957198,0.0874449829748455,0.161029485400843,-5.63497331482598,"NS",FALSE
"OID21002",0.19466801018674,3.25798015665796,1.7105036073481,0.088010417327743,0.161862144609195,-5.6401581736443,"NS",FALSE
"OID20886",-0.24177055032,0.545230287206266,-1.70818182618816,0.0884408019661302,0.162444609266838,-5.64407960247706,"NS",FALSE
"OID21242",0.255445301514259,1.30887415143603,1.70476276858516,0.0890775726896377,0.163404173778552,-5.64984451325843,"NS",FALSE
"OID20169",0.286500660908641,3.44713133159269,1.69947590834902,0.0900695015351979,0.164869974173693,-5.65873636368275,"NS",FALSE
"OID20924",0.107595191192436,1.64789033942559,1.69927136127362,0.090107382665958,0.164869974173693,-5.6590784511847,"NS",FALSE
"OID20868",-0.259905400806807,1.57304203655352,-1.69317425935334,0.091263466554069,0.16677173108154,-5.66929944637399,"NS",FALSE
"OID21350",0.302117765064086,3.63109738903394,1.69068147324487,0.091739283944898,0.16742712229535,-5.67346729287911,"NS",FALSE
"OID21401",-0.183998896079968,3.03903368146214,-1.68225005100698,0.0933633880162043,0.170173828412189,-5.68751928725023,"NS",FALSE
"OID20084",0.156411704786887,1.02998590078329,1.68114206293139,0.0935786597340231,0.170182371885354,-5.68936099323609,"NS",FALSE
"OID20150",0.143407680807839,1.01965117493473,1.68099968538189,0.0936062591335816,0.170182371885354,-5.68959739521019,"NS",FALSE
"OID21260",-0.111210373165969,0.0795725848563969,-1.67839302229652,0.0941140069668878,0.17088807618257,-5.69392439412092,"NS",FALSE
"OID20995",-0.230672240765474,5.3427454308094,-1.67373430813427,0.0950274068939657,0.17232761986228,-5.70164203442708,"NS",FALSE
"OID20427",-0.16002456383472,0.677649608355091,-1.65934948857332,0.0978921742230715,0.177297740132787,-5.72533750768104,"NS",FALSE
"OID20467",0.16484177953076,0.626604438642298,1.65600199968291,0.0985686738279587,0.178297006202725,-5.73082277840456,"NS",FALSE
"OID20475",0.307277169807477,2.77604699738903,1.65469681321806,0.0988334545971342,0.178470608261749,-5.73295852939784,"NS",FALSE
"OID20577",0.300262553836454,2.56560234986945,1.65429821564898,0.0989144308910464,0.178470608261749,-5.73361044661228,"NS",FALSE
"OID20768",-0.162502819926253,7.46230731070496,-1.64768355527945,0.100265649627139,0.180680470765676,-5.74440577389426,"NS",FALSE
"OID21081",0.0982197530511675,0.25970861618799,1.64465393304801,0.100889605385009,0.181575876694179,-5.74933623532689,"NS",FALSE
"OID20151",0.1911432793201,1.61990522193211,1.63846670117083,0.10217387274638,0.183655929754185,-5.75937817949158,"NS",FALSE
"OID20767",-0.140787548095918,5.31121018276762,-1.63269869817799,0.103381864187064,0.185405787650092,-5.7687046883989,"NS",FALSE
"OID20075",0.346184550156751,2.38212767624021,1.63258308519933,0.103406866869925,0.185405787650092,-5.76889224938718,"NS",FALSE
"OID21386",-0.14609696913454,1.87317023498695,-1.63052656540068,0.103840414853369,0.185919971965942,-5.77220947748985,"NS",FALSE
"OID21358",-0.0958542928567034,3.06130835509138,-1.62998679406056,0.103953854164302,0.185919971965942,-5.77307863749577,"NS",FALSE
"OID20219",-0.377730951143269,1.2034590078329,-1.62470815020963,0.105075722556462,0.187691509416481,-5.78157357799016,"NS",FALSE
"OID20592",-0.127116445421213,0.47735953002611,-1.62078832884705,0.105914375107969,0.188953360835564,-5.78786329499241,"NS",FALSE
"OID20712",-0.0908566420249146,4.62551697127937,-1.6182069053335,0.106468713970443,0.189705476638108,-5.79199613047957,"NS",FALSE
"OID21422",-0.228695951474074,3.85247937336815,-1.61325916149303,0.107540199484015,0.191311139480796,-5.79990252658201,"NS",FALSE
"OID20522",-0.252807297227462,0.15863681462141,-1.61281090051903,0.107637618014388,0.191311139480796,-5.80061755825041,"NS",FALSE
"OID21474",-0.133716291356693,2.66900417754569,-1.609994838353,0.108250597344445,0.192044254763991,-5.80510427500774,"NS",FALSE
"OID20996",-0.215352260387946,3.19187441253264,-1.60968516013718,0.108318872875981,0.192044254763991,-5.8055980543563,"NS",FALSE
"OID20513",-0.132034904291461,1.22536005221932,-1.59824915515729,0.110840389379555,0.196271271900105,-5.82373854934613,"NS",FALSE
"OID20831",0.0943556158773139,-0.0907360313315927,1.59566720105517,0.111416071977285,0.197046493633094,-5.82781655732377,"NS",FALSE
"OID20492",0.120934781491744,0.865786945169713,1.59486237246406,0.111596064313784,0.197120860203211,-5.82908646353184,"NS",FALSE
"OID21479",-0.111633840316074,0.521745953002611,-1.59342116566216,0.111918868630242,0.197311228762188,-5.83135881385087,"NS",FALSE
"OID21468",0.157665521132051,1.44490704960836,1.59314953892665,0.111979990571123,0.197311228762188,-5.83178707826775,"NS",FALSE
"OID21433",0.204472226809901,1.09016553524804,1.58483372363652,0.113857857935379,0.200373003681843,-5.84485682801465,"NS",FALSE
"OID20458",0.147857957987101,0.653365796344648,1.57857201419959,0.11528823370309,0.202640696139872,-5.85465366226467,"NS",FALSE
"OID20423",-0.0662397846861425,0.0256352480417755,-1.57445969782821,0.116234448768363,0.204052859078612,-5.86106600242791,"NS",FALSE
"OID20253",-0.122422500193974,2.65579686684073,-1.57096900363192,0.117043373531142,0.205220835307978,-5.86649699749947,"NS",FALSE
"OID21173",-0.103601031883243,-1.21008459530026,-1.56671461695422,0.118035684513934,0.206474741859467,-5.87310046255487,"NS",FALSE
"OID20305",0.260487824378753,2.88197806788512,1.56666413605225,0.118047490622242,0.206474741859467,-5.87317870337924,"NS",FALSE
"OID20859",0.256804718548652,2.39923733681462,1.56530765316023,0.118365083463509,0.206777144583563,-5.87528019743034,"NS",FALSE
"OID20356",-0.0587247341645569,0.685367624020888,-1.56172671673422,0.119205850772321,0.207991649271852,-5.88081849074783,"NS",FALSE
"OID20925",-0.339289887766159,2.25990574412533,-1.56107752326402,0.119359804178982,0.208006292892397,-5.88182207541715,"NS",FALSE
"OID20526",0.23412159472018,1.4735634464752,1.55852789241553,0.119962522565284,0.208802003344447,-5.88575663067253,"NS",FALSE
"OID20153",0.257743572652901,3.19737232375979,1.55585626407331,0.120596645430966,0.209650372653103,-5.88987264093725,"NS",FALSE
"OID20465",-0.0937469414883962,-0.0103746736292428,-1.55069585845032,0.121828699473334,0.211534886448839,-5.89780302947209,"NS",FALSE
"OID20358",0.124147349767146,2.08918903394256,1.5430907290012,0.12366251452047,0.214458414138048,-5.90944310122879,"NS",FALSE
"OID21306",-0.197889963718681,4.31941540469974,-1.54214410915223,0.123892834819077,0.214597407219952,-5.91088840615329,"NS",FALSE
"OID21501",0.217525352319482,3.61380313315927,1.53997783554866,0.124419970581736,0.21524956169649,-5.91419172121953,"NS",FALSE
"OID20840",0.114580381968095,-0.301380939947781,1.53857100740914,0.124763244455684,0.215582438122337,-5.91633451524322,"NS",FALSE
"OID21244",0.208072246758533,1.17714621409922,1.53792319115154,0.124921564361467,0.215595308541711,-5.91732057897553,"NS",FALSE
"OID20076",-0.194657886577025,1.15526449086162,-1.53641134421305,0.12529165665378,0.215973193435768,-5.91962021915238,"NS",FALSE
"OID20658",0.178092745697207,4.0589634464752,1.52984360221155,0.126909296831856,0.218498054424967,-5.92958430929849,"NS",FALSE
"OID20552",0.189246555991083,2.22635404699739,1.52599433374926,0.127865057784244,0.219878661340175,-5.93540462386196,"NS",FALSE
"OID20504",0.121751937742515,1.81986762402089,1.52474862245481,0.128175189318369,0.220107304842394,-5.93728488019655,"NS",FALSE
"OID21247",0.165043428119405,1.62027937336815,1.52422558094964,0.128306077630311,0.220107304842394,-5.93807420155234,"NS",FALSE
"OID20415",-0.237760889797836,5.45128041775457,-1.52319595942659,0.128563349075619,0.220284203631966,-5.93962680098991,"NS",FALSE
"OID20094",-0.11137637911058,2.34028328981723,-1.52181512373919,0.12890834706643,0.220527054606335,-5.94170698910928,"NS",FALSE
"OID21505",-0.242562495251483,4.40113211488251,-1.52139736915422,0.129013728237156,0.220527054606335,-5.94233646763638,"NS",FALSE
"OID21382",-0.0889782940179061,0.95492454308094,-1.52023654099958,0.129304397331875,0.220759837260752,-5.94408324939718,"NS",FALSE
"OID20548",-0.261163455005887,2.47318146214099,-1.51686959337028,0.130152962648335,0.221943417212972,-5.94914379230534,"NS",FALSE
"OID20640",0.320574371801369,4.20187180156658,1.51407412647397,0.130860234946062,0.222883522929585,-5.95333665743201,"NS",FALSE
"OID20783",-0.168403233963048,6.61672402088773,-1.51064506351461,0.131731695145343,0.223925625959998,-5.95846930471667,"NS",FALSE
"OID21529",-0.143617231272562,5.02803394255875,-1.51043346586538,0.131785480358543,0.223925625959998,-5.95878557761364,"NS",FALSE
"OID21145",0.153908996627258,5.18574934725849,1.50399825814132,0.133434110568533,0.226457653209541,-5.96838574590893,"NS",FALSE
"OID20387",-0.126809127539846,1.91665874673629,-1.5033464388902,0.133601887602502,0.226473425129271,-5.96935583529145,"NS",FALSE
"OID20468",-0.0937161082134282,0.17962637075718,-1.49856811645275,0.134837592661511,0.228297298475473,-5.97645499475544,"NS",FALSE
"OID20469",-0.107489161783661,0.540471540469974,-1.48174801855136,0.139257743217099,0.235502147996728,-6.00126686239412,"NS",FALSE
"OID20982",-0.124526899639624,3.65288015665796,-1.48112254570212,0.139423782512018,0.235504237836494,-6.00218401803161,"NS",FALSE
"OID21161",0.136283907503624,0.552114360313316,1.46894701236335,0.142696306433858,0.240747369414383,-6.01996462211303,"NS",FALSE
"OID21476",0.210425515977546,2.0657088772846,1.46481419389242,0.143820247482431,0.24235746892971,-6.02596695233597,"NS",FALSE
"OID21071",-0.0419091944118898,0.427898955613577,-1.45934895754566,0.145316135330177,0.244326603234265,-6.03387855972603,"NS",FALSE
"OID20918",0.278193121127415,3.7729590078329,1.45929901680004,0.145330729705476,0.244326603234265,-6.03395092471114,"NS",FALSE
"OID20331",0.173863534524421,0.759587467362924,1.45799594964365,0.145689385563785,0.244641753197002,-6.03583294465972,"NS",FALSE
"OID20908",0.276173141090986,2.23735117493473,1.45681428888314,0.146015213442126,0.24490110329671,-6.03753818043718,"NS",FALSE
"OID20801",-0.0963815560491983,0.327841253263708,-1.45137769310358,0.147521300434594,0.247137090645996,-6.04536599560982,"NS",FALSE
"OID21502",-0.116250517247167,2.89915848563969,-1.44848754046554,0.148326447643346,0.248194957473468,-6.04951550964907,"NS",FALSE
"OID21083",-0.183247283731868,2.24004046997389,-1.44228265050211,0.150068047134294,0.250815484625622,-6.05839679285077,"NS",FALSE
"OID21467",-0.189539162521312,6.81321488250653,-1.43208463643645,0.152963295932154,0.255355782578327,-6.07291148784665,"NS",FALSE
"OID20708",-0.182934100740509,1.69604960835509,-1.42426435928588,0.155212253467319,0.258807829877245,-6.08397298195665,"NS",FALSE
"OID21488",-0.110392012657979,1.47953107049608,-1.42351270611986,0.155429402037777,0.258867850247066,-6.08503299261846,"NS",FALSE
"OID20068",0.0894234936567681,0.778449869451697,1.42034551608444,0.156348208028538,0.260094981691246,-6.08949348980774,"NS",FALSE
"OID21229",0.171620601851536,1.61231566579634,1.41876387783306,0.156809122403465,0.260315446699951,-6.09171732458116,"NS",FALSE
"OID21312",0.189617580211785,3.18846605744125,1.41864055981817,0.156845066206199,0.260315446699951,-6.09189060912983,"NS",FALSE
"OID20466",0.0697605023146567,0.178795300261097,1.41166794656405,0.158886957557322,0.263398448201175,-6.10166417606391,"NS",FALSE
"OID21292",0.226413716711228,2.53322375979112,1.40940552284539,0.159554684720164,0.264171322618945,-6.10482520119977,"NS",FALSE
"OID20168",-0.142751026694489,0.719084856396867,-1.40883614863226,0.159722899050223,0.264171322618945,-6.10561993178069,"NS",FALSE
"OID20655",0.157314444804926,6.21874386422976,1.39819164791525,0.162892328738995,0.268791968947298,-6.12041901170583,"NS",FALSE
"OID20271",0.276781033935907,6.21853916449086,1.39771134285028,0.163036660703552,0.268791968947298,-6.12108415158129,"NS",FALSE
"OID20167",-0.143429239495631,1.98907885117493,-1.39756366216449,0.163080921677612,0.268791968947298,-6.1212886261668,"NS",FALSE
"OID21379",-0.109765325868879,2.21074882506527,-1.39655255724796,0.163384151775188,0.268981512542331,-6.12268800554374,"NS",FALSE
"OID20993",0.283597802152084,2.84812506527415,1.39470294973481,0.163941655550054,0.269588752337201,-6.12524518202729,"NS",FALSE
"OID21213",-0.101824502473069,0.112538381201044,-1.3866529081325,0.166381983572135,0.273287189108713,-6.13633588885807,"NS",FALSE
"OID21442",0.188532173006807,1.94388511749347,1.37526998910874,0.169879326353714,0.278226805032279,-6.15190993160924,"NS",FALSE
"OID21236",0.119637375253581,0.755888511749347,1.37521648807162,0.169895893919839,0.278226805032279,-6.15198283142612,"NS",FALSE
"OID21016",0.227635259852012,3.12116109660574,1.37496622511066,0.169973408532666,0.278226805032279,-6.15232379920412,"NS",FALSE
"OID21389",0.14760511398672,5.04378851174935,1.36461618699401,0.173202320444136,0.283187775646076,-6.16637132210809,"NS",FALSE
"OID20753",-0.149320379331886,4.82595691906005,-1.36347841507282,0.173560083775538,0.283448411103136,-6.16790914257313,"NS",FALSE
"OID20065",0.0524002499363087,0.484867362924282,1.361276952684,0.174253241805907,0.28425557367653,-6.17088118208534,"NS",FALSE
"OID20281",0.130491060000657,6.55247075718016,1.35267227507844,0.176985524933081,0.28838348361388,-6.18245152449419,"NS",FALSE
"OID21280",0.181188048099098,2.7622044386423,1.34994188965361,0.17785935659658,0.289477244392384,-6.18610772371414,"NS",FALSE
"OID20085",0.155797718171975,1.49599268929504,1.34253940681176,0.180243733697623,0.293024226910015,-6.1959836437671,"NS",FALSE
"OID20407",-0.108621404100167,4.3758725848564,-1.34156843093054,0.180557611956189,0.293200940324312,-6.19727524667257,"NS",FALSE
"OID21208",0.061684507103451,-0.0802618798955614,1.33804587850382,0.181702067756075,0.294724466314905,-6.20195257942915,"NS",FALSE
"OID20454",0.118824714547253,0.0584201044386423,1.33585881842178,0.182415981627671,0.295546981571362,-6.20485029348237,"NS",FALSE
"OID20587",0.209631128377865,2.97501853785901,1.33460523856028,0.182825756239235,0.295875431105172,-6.20650919618602,"NS",FALSE
"OID20052",0.0838388918021473,0.418815143603133,1.32640208600737,0.185523841872415,0.29990222854715,-6.21732672358556,"NS",FALSE
"OID21506",0.25984968421749,4.30386631853786,1.32066245373331,0.187429696101694,0.302640718338215,-6.22485614009546,"NS",FALSE
"OID20213",0.101765975110635,4.2535498694517,1.31708436303115,0.18862427678449,0.304225836935707,-6.22953392004099,"NS",FALSE
"OID20312",-0.345515792579885,4.84300078328982,-1.31309298055102,0.189964872030637,0.305749017071751,-6.23473667535539,"NS",FALSE
"OID20844",0.136860046102977,0.875869451697128,1.31299875250982,0.18999659003479,0.305749017071751,-6.23485931793926,"NS",FALSE
"OID21091",-0.168690554599945,3.20114255874674,-1.30250129076068,0.193554700781728,0.311124485283565,-6.24846770184107,"NS",FALSE
"OID20698",0.254399847155977,2.13813054830287,1.30015181037946,0.194357742305957,0.312064285118216,-6.2514986280462,"NS",FALSE
"OID20777",-0.134311278412516,4.74593838120104,-1.28880094876316,0.19827180346927,0.317991478291344,-6.26606541936404,"NS",FALSE
"OID20285",0.0654898053942092,4.68145822454308,1.28773143350012,0.198642971647594,0.318229603682076,-6.26743169635961,"NS",FALSE
"OID21043",0.197376760403298,2.22926422976501,1.28324679524156,0.200208283333879,0.320378092815357,-6.27314691349943,"NS",FALSE
"OID20507",-0.186088868168348,2.44541436031332,-1.27824442635214,0.201964026346057,0.322719267537998,-6.27949902794954,"NS",FALSE
"OID21212",0.0950859218601722,0.961208093994778,1.27779246521134,0.202122984217291,0.322719267537998,-6.28007183694825,"NS",FALSE
"OID21365",-0.216667890247895,1.33191148825065,-1.27127445707287,0.204429115086987,0.326037059664402,-6.28830864044115,"NS",FALSE
"OID21251",-0.114430614830804,0.553962402088773,-1.27046968424241,0.204715150443558,0.326129264196035,-6.28932274911208,"NS",FALSE
"OID21445",0.192956643593364,2.81820208877285,1.26434848539832,0.20690033893338,0.32879510342507,-6.29701534615291,"NS",FALSE
"OID20449",0.0851104393430188,0.292004960835509,1.26425929178298,0.206932118997505,0.32879510342507,-6.29712726300368,"NS",FALSE
"OID20294",0.159230853721147,2.74987937336815,1.26385068582036,0.207078791520338,0.32879510342507,-6.29763931851834,"NS",FALSE
"OID21059",-0.13581336208929,3.32353133159269,-1.26263778325541,0.207513879796799,0.32912023776873,-6.29915872375984,"NS",FALSE
"OID20824",-0.139079297834926,-0.0239590078328982,-1.2611553570206,0.208046968371642,0.329599908872591,-6.30101357788842,"NS",FALSE
"OID21428",0.1537168944047,1.32284621409922,1.25932550692795,0.20870613604995,0.330278038112269,-6.30330028171938,"NS",FALSE
"OID20798",0.108240844416701,0.414953263707572,1.2519002860341,0.211396521007154,0.334165518273476,-6.31254555642652,"NS",FALSE
"OID21203",-0.0628274960019031,-0.0318140992167102,-1.25105354372311,0.211704300127579,0.334228582951496,-6.31359675342376,"NS",FALSE
"OID21374",0.132300826597715,5.92492506527415,1.25050629792046,0.211904196049024,0.334228582951496,-6.31427530756188,"NS",FALSE
"OID21137",0.13144831267397,3.89788772845953,1.24778075590017,0.212899783055104,0.335428654890567,-6.31765158190669,"NS",FALSE
"OID20792",-0.136907316851811,2.23826919060052,-1.2439012352238,0.21432289439291,0.33729891639589,-6.32244466033488,"NS",FALSE
"OID21424",-0.10304063694869,3.69060391644909,-1.23375213705053,0.218077302427662,0.342829994685511,-6.33491432665521,"NS",FALSE
"OID20463",0.0861596402988482,0.366820104438642,1.22113286787387,0.222812588775533,0.349625514999818,-6.35027693952461,"NS",FALSE
"OID21248",0.158416605474723,1.99694464751958,1.2209304308723,0.222889324118149,0.349625514999818,-6.35052199554331,"NS",FALSE
"OID21398",-0.130513335685952,2.5698819843342,-1.21969164377376,0.22335810048175,0.349976672794321,-6.35202148169941,"NS",FALSE
"OID20411",-0.0897024771444803,6.22542976501305,-1.21741129607724,0.224222367732227,0.350946071729849,-6.35477810340767,"NS",FALSE
"OID20576",0.160782312600325,3.31902402088773,1.21656863528473,0.22454337314653,0.350997294695341,-6.35579480087002,"NS",FALSE
"OID21157",-0.112739351641279,4.87408720626632,-1.21507057885821,0.225113141314464,0.350997294695341,-6.35760164851397,"NS",FALSE
"OID21352",-0.138384772775242,1.92908250652742,-1.21446210164434,0.225345344183597,0.350997294695341,-6.35833460417884,"NS",FALSE
"OID21191",0.103458319191738,1.86951618798956,1.21417616415682,0.225454115973959,0.350997294695341,-6.35867917765769,"NS",FALSE
"OID21167",-0.078862375994653,0.358541775456919,-1.21368675505211,0.225640816989651,0.350997294695341,-6.35926847129155,"NS",FALSE
"OID21271",-0.1546976583209,0.640701566579635,-1.21345667191484,0.225728841025206,0.350997294695341,-6.35954529028786,"NS",FALSE
"OID20549",0.150158060345571,1.17728798955614,1.21123386900004,0.22657833519555,0.35193526195048,-6.36221834325935,"NS",FALSE
"OID20765",-0.117682262521402,5.40354229765013,-1.20861045356107,0.227583570474006,0.352749761893079,-6.36536710630809,"NS",FALSE
"OID20432",-0.0642451166904738,-1.42185143603133,-1.20857778452007,0.227596417400573,0.352749761893079,-6.36540606708084,"NS",FALSE
"OID21012",0.143918966788395,1.03292689295039,1.20534876136585,0.228838511609647,0.354290610065207,-6.36927205786895,"NS",FALSE
"OID21232",0.0786898604353184,0.0915778067885118,1.19882105498987,0.231364098239956,0.357813091325646,-6.37705622463463,"NS",FALSE
"OID20452",-0.098159950059326,0.453349608355091,-1.1917982293231,0.234103753020151,0.361579244645101,-6.38538371865422,"NS",FALSE
"OID20695",-0.143079914575306,4.34982193211488,-1.19128367507777,0.234305374766525,0.361579244645101,-6.38599196465215,"NS",FALSE
"OID21061",0.186265699446214,3.61378563968668,1.18796391340957,0.235609151939243,0.363199005524465,-6.38990993402743,"NS",FALSE
"OID20864",0.106564905229292,0.503139947780679,1.18685764641224,0.236044761461253,0.36347840962083,-6.39121313568783,"NS",FALSE
"OID21277",0.250851014204101,4.56342637075718,1.18332316789086,0.237440348550215,0.365233862301676,-6.39536873804578,"NS",FALSE
"OID20586",-0.088960675885273,2.25390182767624,-1.17310194140364,0.241508513804275,0.371092114221838,-6.40731739008059,"NS",FALSE
"OID20480",-0.117245676626448,0.746515665796345,-1.17123641922219,0.242256991730387,0.371458102895359,-6.4094865699541,"NS",FALSE
"OID20346",-0.099101264741683,1.82496866840731,-1.17121192995085,0.242266586353027,0.371458102895359,-6.40951520530283,"NS",FALSE
"OID20221",0.1334932410984,4.5199590078329,1.16851457100052,0.243351027168146,0.372720919424738,-6.41264602720576,"NS",FALSE
"OID20940",0.114190339240243,1.75777415143603,1.16568520704881,0.244492088197735,0.374067659565914,-6.41592246159409,"NS",FALSE
"OID20267",0.105754916107263,5.04306997389034,1.16318826323358,0.24550183286737,0.375210822639008,-6.41880769508367,"NS",FALSE
"OID20944",-0.0930503673067993,2.48587885117493,-1.16155722352177,0.246163081909639,0.375819491505207,-6.42068899180522,"NS",FALSE
"OID20135",0.169587281723397,2.57026005221932,1.14952720187676,0.251080684200748,0.382918140579369,-6.4344825569465,"NS",FALSE
"OID20425",0.131716433666361,1.21051227154047,1.14537117311026,0.25279526161881,0.385121992380896,-6.43921485918776,"NS",FALSE
"OID20484",0.121170701555667,0.938514360313316,1.14374384847646,0.253468843893134,0.385713301234416,-6.44106319164088,"NS",FALSE
"OID20564",-0.106704191473096,2.46901749347259,-1.14312949301167,0.253723235241674,0.385713301234416,-6.44176049014176,"NS",FALSE
"OID21338",0.0914833324868822,3.72426840731071,1.14143998005384,0.2544240325061,0.386367632785566,-6.44367595434773,"NS",FALSE
"OID21357",0.190056382127703,4.2578044386423,1.14016632483912,0.254954061473734,0.386754646692012,-6.44511740691798,"NS",FALSE
"OID20529",0.124817611857875,3.45525404699739,1.13952644466417,0.255220176228528,0.386754646692012,-6.44584136018255,"NS",FALSE
"OID21177",0.0744877206381244,0.449011227154047,1.1379102126303,0.255893598058225,0.387364355535174,-6.44766782744587,"NS",FALSE
"OID20077",0.137890993540976,2.09049921671018,1.13637599360534,0.256534244330101,0.387923211796524,-6.44939902624905,"NS",FALSE
"OID20740",0.200423588942168,3.68084621409922,1.13456731045091,0.257290683042015,0.388604843310707,-6.45143715418037,"NS",FALSE
"OID21465",0.110733925225416,5.34195822454308,1.13399781567207,0.257528891963079,0.388604843310707,-6.45207846655433,"NS",FALSE
"OID21380",-0.15719709485693,4.17867441253264,-1.12916086211082,0.25956106146377,0.39090793123758,-6.45751022866605,"NS",FALSE
"OID20206",0.247082944662526,4.7601365535248,1.12906306524473,0.259602258043712,0.39090793123758,-6.45761981882313,"NS",FALSE
"OID20637",-0.107296331376855,5.3607227154047,-1.12670819181583,0.260595313792945,0.391990214115914,-6.46025607105136,"NS",FALSE
"OID20610",0.136901428501788,3.52550809399478,1.11900875716662,0.263861875916629,0.396486457081875,-6.46883626841379,"NS",FALSE
"OID20502",0.0865083075640708,0.253675195822454,1.11670540989948,0.264844490735142,0.397544934097183,-6.47139182245612,"NS",FALSE
"OID20398",-0.137155154990933,4.25117389033943,-1.10897601102739,0.268160365598568,0.401895522382121,-6.47992933286267,"NS",FALSE
"OID21320",0.177818397028333,1.83388537859008,1.10863958501632,0.268305338245307,0.401895522382121,-6.48029959467583,"NS",FALSE
"OID20816",0.203150283551949,2.02065143603133,1.10424892862987,0.27020231620736,0.404313204042218,-6.4851216060736,"NS",FALSE
"OID21076",0.0702635022719687,0.0809563968668407,1.09974978044865,0.272155559271478,0.406809931170441,-6.49004319712715,"NS",FALSE
"OID21270",0.14063647216975,2.02643864229765,1.09444057685978,0.274473297877637,0.409845708116137,-6.49582490354822,"NS",FALSE
"OID20278",-0.112843943031516,4.74068067885117,-1.087452596383,0.277544066440585,0.41399840390772,-6.50339279470603,"NS",FALSE
"OID20760",0.225322728846208,2.6857180156658,1.08102467032933,0.280389783852625,0.417742958413063,-6.51031127795852,"NS",FALSE
"OID20935",-0.129419387759719,3.58471331592689,-1.08046365231004,0.280639076330679,0.417742958413063,-6.51091319290765,"NS",FALSE
"OID20483",0.158821681519759,0.67973498694517,1.0797330642124,0.280963945011759,0.41779133966889,-6.51169657377865,"NS",FALSE
"OID20709",-0.116537685165046,4.26755770234987,-1.07275819800552,0.284078182356778,0.421983079613135,-6.51914909048138,"NS",FALSE
"OID20422",-0.0739983834633244,0.0398054830287206,-1.07175242664717,0.284529305063676,0.422214306267905,-6.52021966491702,"NS",FALSE
"OID20508",0.156074529644815,1.32131070496084,1.06819914702308,0.286126677034059,0.42414421315526,-6.52399416296534,"NS",FALSE
"OID21347",0.23917268314243,4.8717908616188,1.06615122046255,0.287050040972645,0.424794040935583,-6.52616396359042,"NS",FALSE
"OID21181",-0.0540373972085324,0.0283778067885118,-1.06590737006358,0.28715958260586,0.424794040935583,-6.52642255613298,"NS",FALSE
"OID21169",-0.0646344481997345,0.354990861618799,-1.06091000818024,0.289422092345121,0.427671807037343,-6.53169850496303,"NS",FALSE
"OID20571",-0.0820942714590071,1.68125848563969,-1.06029021241453,0.289703505396884,0.427671807037343,-6.53235116428225,"NS",FALSE
"OID20328",0.119388400335646,6.57747806788512,1.05254881571991,0.293234126849596,0.432437117923707,-6.54047098107707,"NS",FALSE
"OID20588",0.183613341110393,2.63975979112272,1.04897168175468,0.294875408336679,0.43399861354595,-6.54420289510537,"NS",FALSE
"OID20531",-0.0814573778928366,0.825391122715405,-1.04855133899927,0.295068498484757,0.43399861354595,-6.54464076852851,"NS",FALSE
"OID21219",-0.104800849511326,1.37033759791123,-1.04825685750196,0.295204095428036,0.43399861354595,-6.54494716596766,"NS",FALSE
"OID20252",0.138274784343244,4.3346046997389,1.04659423701698,0.295969546443215,0.434676754231607,-6.54667632603473,"NS",FALSE
"OID21317",-0.105784361289486,1.73265300261097,-1.04459757289925,0.296890548583639,0.435581718609877,-6.54874929263079,"NS",FALSE
"OID21295",-0.120284456405071,0.796968407310705,-1.0432210007786,0.297526640202241,0.435981948903197,-6.55017617870121,"NS",FALSE
"OID21366",-0.101190757135747,1.201372845953,-1.04268722451811,0.297773535430035,0.435981948903197,-6.55072896130974,"NS",FALSE
"OID20063",0.0742164254751067,-0.29030365535248,1.03933327153352,0.299328032390707,0.437736881541208,-6.55419590395842,"NS",FALSE
"OID20782",-0.115615983890504,4.30204673629243,-1.03878007096028,0.299584793665012,0.437736881541208,-6.55476682872147,"NS",FALSE
"OID21129",0.120933713488309,5.15302663185379,1.03797612334033,0.299958526615797,0.437835275315602,-6.55559567697283,"NS",FALSE
"OID20703",-0.143511506066702,4.9705362924282,-1.03695240075566,0.300434816783354,0.438083013452463,-6.55665024347757,"NS",FALSE
"OID21335",-0.0634457007698986,0.464222976501306,-1.03073325239896,0.303338513281933,0.441866193149728,-6.56303517262978,"NS",FALSE
"OID21400",-0.0979366377465977,5.04993785900783,-1.0257844585317,0.305662646904766,0.444798291677099,-6.56808838562696,"NS",FALSE
"OID21164",-0.0551039425102325,0.211998694516971,-1.02350809233476,0.306735437163703,0.445905330322412,-6.5704049065444,"NS",FALSE
"OID20851",-0.0668006719959371,0.592000522193212,-1.01627172821103,0.310163414791201,0.450430406236409,-6.57773389026122,"NS",FALSE
"OID20059",-0.0654858209163687,0.0138650130548303,-1.01242652565096,0.311995187016653,0.452630580961216,-6.58160731939672,"NS",FALSE
"OID20922",-0.0966917072244138,3.36772663185379,-1.00939241017389,0.313445451587697,0.454121242760533,-6.58465356716343,"NS",FALSE
"OID20162",0.187056932102078,4.04218563968668,1.00790752396063,0.314157120628702,0.454121242760533,-6.58614078138074,"NS",FALSE
"OID20326",-0.158357987467821,1.95731644908616,-1.00780403748937,0.314206741581533,0.454121242760533,-6.58624436632895,"NS",FALSE
"OID21454",-0.112030031864896,4.71967127937337,-1.00762207822656,0.314293848208654,0.454121242760533,-6.58642662868965,"NS",FALSE
"OID20778",-0.274270954590798,7.7375498694517,-0.999551988669605,0.318180194883311,0.459272220695204,-6.59447021585457,"NS",FALSE
"OID20460",-0.0681805281044181,0.605232114882507,-0.995326584624576,0.320227326318335,0.461286156003508,-6.59865635736465,"NS",FALSE
"OID20689",-0.192172444970979,3.79087075718016,-0.994980816842698,0.320395429299263,0.461286156003508,-6.59899792396032,"NS",FALSE
"OID20656",-0.128094111883846,7.54698537859008,-0.99467530387777,0.320543843884873,0.461286156003508,-6.59929979613623,"NS",FALSE
"OID20338",-0.11722005227987,5.23736657963446,-0.993488571587293,0.321120713124743,0.461651407500259,-6.6004715721479,"NS",FALSE
"OID20632",-0.10229713544248,5.1944864229765,-0.99077722994475,0.322441254994806,0.463083973253847,-6.60314351483519,"NS",FALSE
"OID20478",0.117614716999466,0.772023498694517,0.982156723999183,0.326664013573865,0.468524419158521,-6.61158988956248,"NS",FALSE
"OID20120",0.0248829351539904,0.162704960835509,0.981148481588595,0.327159573805465,0.468524419158521,-6.61257366813277,"NS",FALSE
"OID20670",0.0769882120181675,4.79627911227154,0.981040281627317,0.327212995325545,0.468524419158521,-6.61267896411614,"NS",FALSE
"OID20308",-0.126206939730986,5.78160522193212,-0.979063965912867,0.328187687830197,0.469449655564916,-6.61460234697142,"NS",FALSE
"OID21464",0.0906235260873474,4.80064882506527,0.977412241072929,0.329003036482912,0.470145339134081,-6.61620760709129,"NS",FALSE
"OID21333",-0.0770185965026551,2.31914438642298,-0.9742600892377,0.330563028988713,0.471447783952664,-6.61926326862195,"NS",FALSE
"OID20381",-0.0711642751816384,4.40987780678851,-0.974045812711786,0.330669156771646,0.471447783952664,-6.61947072499457,"NS",FALSE
"OID21287",0.156648754737472,1.38646579634465,0.973573055502513,0.330904217847811,0.471447783952664,-6.61992740399266,"NS",FALSE
"OID21243",0.111131044620265,0.857630026109661,0.972737738601828,0.331318752308128,0.471568224151709,-6.62073487905349,"NS",FALSE
"OID20515",0.15011909151462,1.75991305483029,0.963205834635217,0.336072916994854,0.477015397852896,-6.62990024559637,"NS",FALSE
"OID21385",0.154960028705096,2.94586318537859,0.962843807891976,0.33625434737306,0.477015397852896,-6.63024658100484,"NS",FALSE
"OID21288",-0.0974413574795915,1.97898981723238,-0.962353391642861,0.336500163983141,0.477015397852896,-6.63071559496048,"NS",FALSE
"OID20172",-0.0863274760490253,3.41392950391645,-0.961818093443435,0.336768413922224,0.477015397852896,-6.63122746749035,"NS",FALSE
"OID20668",-0.0881855515001499,6.46035874673629,-0.961725187177075,0.336814931024193,0.477015397852896,-6.63131633657444,"NS",FALSE
"OID20682",0.18434974106283,6.24304464751958,0.94906409394912,0.343207093064376,0.485272011775097,-6.64333273011726,"NS",FALSE
"OID20950",0.19958390210136,5.33222245430809,0.948833925323224,0.343324005531577,0.485272011775097,-6.64354971999161,"NS",FALSE
"OID20369",0.0803993344855598,2.11695639686684,0.946512875596184,0.344504140087195,0.486445739338263,-6.64573521655986,"NS",FALSE
"OID20464",0.0834260557650133,1.43153785900783,0.945862980654909,0.344835223197803,0.486445739338263,-6.64634601053838,"NS",FALSE
"OID20395",-0.126259879853365,5.73416057441253,-0.944665926550432,0.345445528526333,0.486826094935039,-6.64747001035551,"NS",FALSE
"OID21225",-0.109583058092872,1.58714595300261,-0.936920411430743,0.34941024944336,0.491642733421792,-6.65470958530677,"NS",FALSE
"OID20351",0.0725667199634496,3.07808511749347,0.936644681574175,0.349551446575606,0.491642733421792,-6.6549667206924,"NS",FALSE
"OID20090",0.166386565064147,3.10035718015666,0.932628242420907,0.351619735806554,0.494065489151982,-6.65869584428859,"NS",FALSE
"OID21387",-0.213391133772381,4.79588355091384,-0.917224915030211,0.359621887025926,0.504813041807514,-6.6728513451323,"NS",FALSE
"OID20344",-0.110016750588285,0.738803916449086,-0.91338299926536,0.361635552863273,0.507141516233186,-6.67634546293952,"NS",FALSE
"OID20900",-0.162759565110822,0.9501545691906,-0.903338835272427,0.366933453502617,0.514066573583569,-6.68541137485061,"NS",FALSE
"OID20675",0.135585917600138,4.24196109660574,0.901103514047631,0.368119073028323,0.515134558564121,-6.68741541004884,"NS",FALSE
"OID21390",0.0740331658603045,4.64984673629243,0.900542159000806,0.36841673817532,0.515134558564121,-6.68791840517571,"NS",FALSE
"OID21397",0.111990729611874,3.71530182767624,0.898768296305275,0.36936023235894,0.515948946276564,-6.6895037259812,"NS",FALSE
"OID21124",0.0652520629970069,3.08433472584856,0.897968173489347,0.369785586952022,0.516038675541445,-6.69021856964374,"NS",FALSE
"OID20210",0.0687325366505622,4.47764020887728,0.895400162886174,0.37115451023447,0.517443702561032,-6.6925067596671,"NS",FALSE
"OID21192",0.102379384464773,1.70367545691906,0.891633570215715,0.373168469644346,0.519744389007574,-6.69585067595268,"NS",FALSE
"OID20476",-0.0790329303237597,0.693092167101828,-0.890748680989539,0.373642484630125,0.519897868097808,-6.69663434999342,"NS",FALSE
"OID20811",0.073552732849691,0.300144125326371,0.884734414610594,0.376874094901371,0.52346176266446,-6.70194016529003,"NS",FALSE
"OID20521",0.0606583528310561,0.607247780678851,0.88461841800819,0.376936426719195,0.52346176266446,-6.702042329545,"NS",FALSE
"OID20616",0.167601035161056,3.64042976501305,0.880472468865172,0.379174586614354,0.526058722594089,-6.70567840529332,"NS",FALSE
"OID20520",0.061975004121637,0.861427415143603,0.87703417268986,0.381036624247405,0.528129326915172,-6.70868130058176,"NS",FALSE
"OID20144",0.130168970018641,2.51126866840731,0.872826087891933,0.383323596769089,0.530784321495182,-6.71234014703967,"NS",FALSE
"OID21341",0.0428383907645182,0.389530809399478,0.869198542423023,0.385301217012654,0.532949784127908,-6.71548083245065,"NS",FALSE
"OID21240",0.0662227162097214,0.380013054830287,0.86859137515047,0.385633363742657,0.532949784127908,-6.71600465003878,"NS",FALSE
"OID21311",-0.164054828949275,3.53369582245431,-0.867453563035653,0.386255420097706,0.533022670717588,-6.71698622903493,"NS",FALSE
"OID20866",-0.11390436601924,1.15885326370757,-0.867130579774624,0.386432111171043,0.533022670717588,-6.71726462992634,"NS",FALSE
"OID20191",-0.0926021403098691,2.37046866840731,-0.865613590903516,0.387262605752934,0.533653098959443,-6.71857089984058,"NS",FALSE
"OID20093",-0.0425625758791355,0.239533942558747,-0.863284874294597,0.388539311233808,0.534896604771783,-6.72057205132686,"NS",FALSE
"OID20857",0.0754797415191574,0.90055091383812,0.858319469393096,0.391271402221285,0.538139397280285,-6.72481968365592,"NS",FALSE
"OID21332",0.162417194857377,3.64317963446475,0.855508779802239,0.392822844789498,0.539753697311724,-6.72721353129177,"NS",FALSE
"OID21376",-0.178102112899269,3.38706605744125,-0.852749848307889,0.394349353107598,0.541330668194772,-6.72955569085488,"NS",FALSE
"OID20717",0.160267578741497,2.79188746736292,0.850462670247331,0.395617569789165,0.542550390814508,-6.73149164840038,"NS",FALSE
"OID20735",-0.0786132552202036,6.33087832898172,-0.848997654599885,0.396430887723755,0.543144524024205,-6.73272932937309,"NS",FALSE
"OID20923",-0.136693266653176,3.88834281984334,-0.844851741901968,0.398739235041826,0.54571746311766,-6.73621902162284,"NS",FALSE
"OID20061",0.0859422209493081,0.115832375979112,0.844254115385098,0.399072602489822,0.54571746311766,-6.73672070284101,"NS",FALSE
"OID20373",0.0710471065134834,2.5843592689295,0.838955771483356,0.402035148157109,0.5492430465741,-6.74115333668444,"NS",FALSE
"OID20451",-0.0748694714870298,0.520206266318538,-0.837816180154222,0.402674474749557,0.54957798906303,-6.74210264266185,"NS",FALSE
"OID20666",0.117791656448564,5.62000208877285,0.837147866863459,0.40304949792726,0.54957798906303,-6.74265898322049,"NS",FALSE
"OID20325",0.114279735532133,6.73538407310705,0.835376127386291,0.404044723746457,0.550409828630778,-6.74413173569171,"NS",FALSE
"OID20605",0.0932729477372976,3.65703603133159,0.831616186445795,0.406161587732633,0.552073214703604,-6.74724694980372,"NS",FALSE
"OID20184",0.12063865786104,1.37297362924282,0.831168446861895,0.4064141828108,0.552073214703604,-6.74761689883456,"NS",FALSE
"OID21394",0.0881807086918823,4.52585221932115,0.830945288247961,0.406539956285093,0.552073214703604,-6.7478013896653,"NS",FALSE
"OID21263",-0.132089147419124,0.863258994708995,-0.830477973958993,0.40681112322106,0.552073214703604,-6.74772433866483,"NS",FALSE
"OID20964",0.123123318564763,3.71904360313316,0.82851470973915,0.407912847270045,0.553043129742784,-6.74980593650868,"NS",FALSE
"OID21525",0.068485178896183,5.47355091383812,0.827698625780232,0.408373970142694,0.553143510269109,-6.75047817990921,"NS",FALSE
"OID20737",-0.121257703601237,5.23533368146214,-0.822630604754305,0.411247592111394,0.555865519268069,-6.75463479169518,"NS",FALSE
"OID20618",-0.0348775180608446,-0.979617493472585,-0.822606989546918,0.411260658963028,0.555865519268069,-6.75465449727385,"NS",FALSE
"OID21125",-0.0951800952794563,1.03496240208877,-0.822097473584001,0.41155053840841,0.555865519268069,-6.75507061745603,"NS",FALSE
"OID21523",-0.0694602911497825,2.12153342036554,-0.820385895012074,0.412523807163575,0.55665393808947,-6.75646814597798,"NS",FALSE
"OID20776",0.0710016698432884,6.08129295039164,0.818079969757137,0.413837307872582,0.557899540518792,-6.75834626747423,"NS",FALSE
"OID20402",-0.0567952863834421,3.22282793733681,-0.816518227875959,0.414728329013167,0.558573781488988,-6.75961526472819,"NS",FALSE
"OID21457",0.0922303046537114,5.48180835509138,0.815583976860485,0.415262367094993,0.55876640544138,-6.7603727003399,"NS",FALSE
"OID20927",0.132664457174734,5.74708668407311,0.811326540035059,0.417699442055609,0.561203873274605,-6.76381537726283,"NS",FALSE
"OID20143",0.0676979613806198,1.80645770234987,0.811047458844339,0.417859287028817,0.561203873274605,-6.76404065327631,"NS",FALSE
"OID20850",-0.20926817060033,2.5675953002611,-0.810174883503341,0.418360099957591,0.561348904074551,-6.76474358969958,"NS",FALSE
"OID20266",-0.144361093870935,3.67757806788512,-0.801590274166636,0.423304166230381,0.567449956419526,-6.77162121688008,"NS",FALSE
"OID20091",0.0787203141137487,0.725009138381201,0.797930824600264,0.42542211986304,0.569754647876555,-6.77453081948219,"NS",FALSE
"OID20428",-0.0465753939340912,0.107352480417755,-0.796014633011525,0.426533412427836,0.570542788688601,-6.77604930615221,"NS",FALSE
"OID20849",-0.0505872919453446,0.214166318537859,-0.795539855782283,0.426809126037869,0.570542788688601,-6.776424862553,"NS",FALSE
"OID21088",0.0564710985884062,2.00094151436031,0.794078716050794,0.427657879766729,0.570777762582951,-6.77757971825182,"NS",FALSE
"OID20825",-0.0741498485650871,0.107865796344648,-0.793862910124114,0.427783753482394,0.570777762582951,-6.77774961812457,"NS",FALSE
"OID21056",0.056485945112092,7.0272772845953,0.792569331925123,0.428535829107747,0.57103972774361,-6.77877033096556,"NS",FALSE
"OID21362",-0.0684403272366313,2.06402558746736,-0.792151662821544,0.42877930571651,0.57103972774361,-6.77909899666263,"NS",FALSE
"OID20770",0.0799935297887125,5.60487650130548,0.790620214631275,0.429671626096191,0.571695301388694,-6.78030388378272,"NS",FALSE
"OID20327",0.104277820781127,6.46187519582245,0.78696949768553,0.431803184115823,0.573272786151574,-6.78316670174983,"NS",FALSE
"OID21314",0.123513374185558,1.93008563968668,0.786119159651193,0.432300519549972,0.573272786151574,-6.78383166472253,"NS",FALSE
"OID20364",0.115515123450232,2.73742010443864,0.785931201886828,0.432410494945903,0.573272786151574,-6.78397855070308,"NS",FALSE
"OID21290",0.0336652006107007,0.199544647519582,0.785842472135803,0.43246190585822,0.573272786151574,-6.78404845939282,"NS",FALSE
"OID20528",0.0456324042813483,0.733180417754569,0.782060525240119,0.434678480460011,0.575677060776048,-6.78699607971526,"NS",FALSE
"OID20140",0.0616565362637791,0.370169451697128,0.780962097670831,0.435323846461644,0.575997941290454,-6.78784912950888,"NS",FALSE
"OID20291",-0.0501850836695254,4.21051540469974,-0.775332083159949,0.438637882622655,0.579846007648265,-6.79220551508266,"NS",FALSE
"OID20554",-0.144743480316593,2.07164751958225,-0.773966702904279,0.439444410240801,0.580360680841791,-6.79325657466934,"NS",FALSE
"OID20106",0.0777232038362274,2.566572845953,0.773297798354826,0.439839480302071,0.580360680841791,-6.79377122913531,"NS",FALSE
"OID21456",0.0809058746590559,4.42396997389034,0.77206195020228,0.440570148542353,0.5804991715034,-6.79472068438844,"NS",FALSE
"OID21511",0.119938215783582,2.44767963446475,0.771746481771193,0.440756893688726,0.5804991715034,-6.79496266871669,"NS",FALSE
"OID21230",-0.0834004848119426,0.915419321148825,-0.770052880343639,0.441759581058267,0.581080589132417,-6.79626080551056,"NS",FALSE
"OID21252",-0.0599584458016751,3.49093864229765,-0.76962688083534,0.44201161678582,0.581080589132417,-6.79658731722937,"NS",FALSE
"OID20477",-0.125215829976075,2.67290783289817,-0.76772703501922,0.443138719471893,0.582026865924021,-6.79803892134223,"NS",FALSE
"OID21355",0.0795204068087112,1.23355248041775,0.766073373540648,0.444120779324887,0.582781077736697,-6.79929988943618,"NS",FALSE
"OID20413",-0.084670314592463,4.92600626631854,-0.765048541093926,0.444729908051317,0.582877710459252,-6.80008012505078,"NS",FALSE
"OID20263",0.15808063630244,5.13940704960836,0.764577504792871,0.445010204416406,0.582877710459252,-6.80043820092217,"NS",FALSE
"OID20246",-0.187556539737009,5.77813394255875,-0.762761903199131,0.446091107570097,0.583758418239623,-6.8018168399913,"NS",FALSE
"OID20977",0.128060201053956,3.9043911227154,0.760799133725266,0.447261312740677,0.584754268898836,-6.80330355258258,"NS",FALSE
"OID21513",-0.095740246679141,3.49345195822454,-0.756065221518866,0.450090875654051,0.587915778162376,-6.80687357389729,"NS",FALSE
"OID21119",0.115632460596835,3.33675691906005,0.749931412651741,0.453772290373599,0.592183199035501,-6.81146627079052,"NS",FALSE
"OID21354",-0.0517316543950931,0.96764908616188,-0.748800112510482,0.454452942580758,0.592530342105751,-6.81230947953667,"NS",FALSE
"OID21220",0.0779713097724498,0.957630809399478,0.744201243311598,0.457226800971532,0.594770231460206,-6.81572304537234,"NS",FALSE
"OID20186",0.0562829012458648,1.76538929503916,0.744152964163315,0.457255670978595,0.594770231460206,-6.81575911086971,"NS",FALSE
"OID21447",0.0819326543537713,3.61827310704961,0.743809636297223,0.457463316349427,0.594770231460206,-6.81601289557771,"NS",FALSE
"OID20488",0.0889058264850208,0.257581201044386,0.743193723208255,0.457835727506106,0.594770231460206,-6.81646813753943,"NS",FALSE
"OID20539",-0.0430986898044052,-0.137635770234987,-0.735562719596957,0.462462439326762,0.600235082468612,-6.8220789738403,"NS",FALSE
"OID21097",0.1176616366653,1.1635819843342,0.73450470931918,0.463106129789247,0.60052509933651,-6.82285216473217,"NS",FALSE
"OID20099",0.0585796247434461,1.76206919060052,0.730282511830378,0.465679162438788,0.602485601721546,-6.82592750375533,"NS",FALSE
"OID20435",0.0274779094106027,-0.0298198433420366,0.730265332107694,0.46568936857638,0.602485601721546,-6.82594029743527,"NS",FALSE
"OID21171",0.0818767888189077,1.3892088772846,0.729949167231692,0.465882848077193,0.602485601721546,-6.82616931915769,"NS",FALSE
"OID20685",0.106807259425125,2.54081044386423,0.722800814709428,0.470258606056912,0.607594528078957,-6.83133296950038,"NS",FALSE
"OID20926",-0.0831599032028032,4.43358537859008,-0.713852374445879,0.475768196537495,0.614157861654996,-6.83772554878141,"NS",FALSE
"OID20471",0.0594195987791026,0.979505744125326,0.706662859684846,0.480220466438564,0.619345709874285,-6.84280401673509,"NS",FALSE
"OID20751",0.0743018461775031,5.24540261096606,0.699685895888857,0.484562758808955,0.624382490836786,-6.84768339889693,"NS",FALSE
"OID21211",0.121639592667948,2.18463028720627,0.695042174458477,0.487464843589392,0.627556091431749,-6.85090408801435,"NS",FALSE
"OID21214",0.0592090510633412,1.05372637075718,0.69422004404846,0.487979554246682,0.627653270043662,-6.85147211932672,"NS",FALSE
"OID20251",0.115239433686164,3.73815953002611,0.690730657476013,0.490167633600369,0.629900673035007,-6.85387533117363,"NS",FALSE
"OID20258",-0.113074746143428,4.14123394255875,-0.688703525339491,0.491441187294077,0.630969862213151,-6.85526593770895,"NS",FALSE
"OID20725",0.0767925414903452,3.68956971279373,0.685798684462808,0.493269212730876,0.632748388682605,-6.85725160790224,"NS",FALSE
"OID20418",0.0633702955746464,6.46962140992167,0.683806420839668,0.494524903439979,0.633790212570162,-6.85860880253641,"NS",FALSE
"OID20388",-0.0467989461769574,4.59525639686684,-0.679999762721565,0.496929142398615,0.636300846315072,-6.86119084689364,"NS",FALSE
"OID20112",0.138357358970022,2.43546710182768,0.675940372627698,0.499500500827059,0.6390207839587,-6.86392778350535,"NS",FALSE
"OID21301",0.0597600768187135,3.12266083550914,0.673870751703865,0.500813762907268,0.64012778818827,-6.86531736077253,"NS",FALSE
"OID21109",-0.0588459891514225,2.67765300261097,-0.672710203696505,0.501551128559289,0.640497375077055,-6.86609454956051,"NS",FALSE
"OID20622",0.0669649657034316,4.66855639686684,0.667759627378389,0.50470293903935,0.643946874899314,-6.86939487685784,"NS",FALSE
"OID21407",0.069162260227387,5.72853368146214,0.665983156896355,0.505836477860305,0.644725165070151,-6.87057325330041,"NS",FALSE
"OID21285",0.084359143332912,0.942127676240209,0.665390153661228,0.506215280062078,0.644725165070151,-6.87096577997523,"NS",FALSE
"OID20530",0.0658247365543888,3.09052924281984,0.659558079378128,0.509947398314261,0.648900117712448,-6.87480905220888,"NS",FALSE
"OID20823",0.0706711941631297,0.390430026109661,0.65840786899762,0.510685293791306,0.649133770573987,-6.87556288938035,"NS",FALSE
"OID20179",0.096705712276937,1.68050026109661,0.657855915202463,0.511039532467274,0.649133770573987,-6.87592423025955,"NS",FALSE
"OID20282",-0.0498103072304158,6.19732245430809,-0.649112680307274,0.516667650599194,0.655384030460552,-6.88160811979497,"NS",FALSE
"OID20225",-0.109772978983856,1.67477441253264,-0.648788366608375,0.516877398410806,0.655384030460552,-6.88181709023258,"NS",FALSE
"OID20711",0.146345748481032,4.0991362924282,0.647262996016396,0.517862859417213,0.656051441584395,-6.88280038696084,"NS",FALSE
"OID21199",0.052030648457892,0.18576501305483,0.646435397424217,0.51839793502822,0.65614760775494,-6.88333291391096,"NS",FALSE
"OID20245",-0.11409535199767,3.08505274151436,-0.643243985004844,0.520463994266054,0.658179688324062,-6.88538009639226,"NS",FALSE
"OID20350",-0.0436689873464413,1.32107389033943,-0.640932971118394,0.52196247299385,0.659491046780028,-6.88685653393103,"NS",FALSE
"OID20739",0.0685610551578867,6.21050809399478,0.632883649497374,0.527200230927667,0.665230434749945,-6.8919563212325,"NS",FALSE
"OID21026",0.0609361641994815,2.26434595300261,0.632522236136585,0.527436026992084,0.665230434749945,-6.89218380166925,"NS",FALSE
"OID20956",0.0870490811205581,3.92505221932115,0.629668324009438,0.529299984212167,0.66669828264672,-6.89397545419486,"NS",FALSE
"OID21086",0.0743963255440102,0.83349138381201,0.629312010254038,0.529532925685114,0.66669828264672,-6.89419858857044,"NS",FALSE
"OID20723",-0.0972227218891742,5.24530626631854,-0.625139441677738,0.532264647560315,0.669547694862403,-6.8968021968312,"NS",FALSE
"OID21336",0.0796827691984141,3.31489660574413,0.622093547762244,0.534263265575532,0.671470718124393,-6.89869186692779,"NS",FALSE
"OID20846",0.0401403690904288,0.413471279373368,0.621222180099596,0.534835609714449,0.671599372831237,-6.89923089750326,"NS",FALSE
"OID20715",-0.0950293539477721,3.26359190600522,-0.620000119235453,0.535639108579795,0.672017810500901,-6.89998528786826,"NS",FALSE
"OID20574",-0.104016790169257,4.84805195822454,-0.617887744532583,0.537029217620378,0.673170835069755,-6.90128600464498,"NS",FALSE
"OID21294",0.0903778595246466,3.29211984334204,0.614611789074267,0.539188650251891,0.675285347247987,-6.90329444599874,"NS",FALSE
"OID20635",0.078317385795271,5.31855065274151,0.610340364386903,0.542010818527669,0.67822544630126,-6.90589719177455,"NS",FALSE
"OID21080",-0.0334630461033741,0.861542036553525,-0.607100432736555,0.544156094628592,0.680314137554032,-6.90785965049303,"NS",FALSE
"OID21200",0.040937489622735,0.293151174934726,0.603809744084868,0.54633982624327,0.682447213025903,-6.90984162615477,"NS",FALSE
"OID20055",0.041144543635511,0.13582088772846,0.599273093526072,0.549357254324449,0.685617044916714,-6.91255669975069,"NS",FALSE
"OID21402",-0.150644542480449,5.10794934725849,-0.597232633016595,0.550717142211617,0.686714481867714,-6.91377115207849,"NS",FALSE
"OID20514",0.0513815534108473,0.724331853785901,0.59168316099326,0.554423881259357,0.690206191730236,-6.91705337661738,"NS",FALSE
"OID20981",-0.079099750424673,4.5853772845953,-0.591119459536819,0.554801087028384,0.690206191730236,-6.9173850657525,"NS",FALSE
"OID21326",0.0873850878477745,3.10622898172324,0.590872547415576,0.554966350103598,0.690206191730236,-6.91753025261718,"NS",FALSE
"OID21184",0.0159158640055091,0.0627741514360313,0.588787779200219,0.556362323116435,0.691340660637727,-6.91875409431372,"NS",FALSE
"OID20382",0.0593578339460831,5.22709921671018,0.586717714726223,0.557750767349073,0.692463811070221,-6.91996437418345,"NS",FALSE
"OID21179",0.0723005705787887,3.07185143603133,0.585634851994625,0.558477721735273,0.692764465590022,-6.92059580743824,"NS",FALSE
"OID20501",0.0489584924742945,0.944107049608355,0.583363248626659,0.560003944586082,0.694055192379455,-6.92191691153392,"NS",FALSE
"OID20971",-0.100319685222965,3.56432010443864,-0.581010447357183,0.561586925311615,0.695413965572181,-6.92327976513127,"NS",FALSE
"OID21371",0.0405044638021394,2.33056240208877,0.579430279874206,0.562650975367363,0.696128349610357,-6.9241923215616,"NS",FALSE
"OID20975",0.0863442997377478,4.2991634464752,0.578106232312689,0.563543851759925,0.696629899796655,-6.92495448470887,"NS",FALSE
"OID20597",-0.0764509778293284,2.42684595300261,-0.577098096482986,0.564223927511117,0.696867754894889,-6.92553386898121,"NS",FALSE
"OID21238",0.0511926178117774,0.715433159268929,0.574404575008674,0.56604288679226,0.698510609003575,-6.92707690744975,"NS",FALSE
"OID20867",-0.0623434967517531,0.681865796344648,-0.572195954920743,0.567536493521873,0.699644282656193,-6.92833678356034,"NS",FALSE
"OID20672",0.118285863724936,9.87141201044386,0.571598618038311,0.567940775284244,0.699644282656193,-6.92867669356291,"NS",FALSE
"OID20561",-0.0700203041884768,1.62574438642298,-0.570017847762074,0.569011318683781,0.700359323341191,-6.92957450893128,"NS",FALSE
"OID21509",0.0583231563724467,4.40851514360313,0.567329170995312,0.570834288977956,0.701998450042598,-6.93109597506065,"NS",FALSE
"OID20863",0.100121406929045,2.13164647519582,0.560011331516371,0.575810377246724,0.70750905338398,-6.93520023198534,"NS",FALSE
"OID20812",-0.0616940764088137,0.343040208877285,-0.557868764912339,0.57727116357343,0.708694581397278,-6.93639186746568,"NS",FALSE
"OID20524",0.113103855073404,1.82079007832898,0.55650665008013,0.578200753937698,0.709226504186241,-6.93714706649592,"NS",FALSE
"OID20814",0.0810257357727109,1.67242114882507,0.542394005345989,0.587873429269653,0.720472667604061,-6.94486308155191,"NS",FALSE
"OID21194",-0.0560120152909621,0.854642819843342,-0.541088434686582,0.588772039179602,0.720955650375023,-6.945566896471,"NS",FALSE
"OID20551",0.104390032153254,2.71854516971279,0.538918764882439,0.590266805731847,0.722167179272953,-6.94673278954569,"NS",FALSE
"OID21521",0.0990174736390384,2.00906501305483,0.536885463247171,0.591669213691837,0.723263735128858,-6.94782115853046,"NS",FALSE
"OID21253",0.0725804864879087,1.77129973890339,0.532736918343776,0.594535301938192,0.72614610809374,-6.95002901728513,"NS",FALSE
"OID20671",-0.109605455664615,5.24392610966057,-0.529938749633771,0.596472051445997,0.727889463293193,-6.95150854809947,"NS",FALSE
"OID21395",0.131667622146953,4.3217592689295,0.523227799445306,0.601128742752793,0.732928497862402,-6.95502525666192,"NS",FALSE
"OID20707",0.104244040227055,1.76923733681462,0.521924511232106,0.602034995140673,0.732928497862402,-6.95570302352815,"NS",FALSE
"OID21356",-0.0850234739175004,4.74741906005222,-0.521773563952107,0.602139997544059,0.732928497862402,-6.95578141365224,"NS",FALSE
"OID20497",-0.0503539757413763,1.92154020887728,-0.521033964356473,0.602654526894206,0.732930484197294,-6.95616524971498,"NS",FALSE
"OID20097",0.0718472573646008,2.37317597911227,0.519742717160777,0.603553506351427,0.733399626340297,-6.95683387400215,"NS",FALSE
"OID21031",-0.124435308535334,3.14269347258486,-0.517512251520321,0.605107677060474,0.734663441392878,-6.95798506184217,"NS",FALSE
"OID21348",0.114230628300003,3.5860365535248,0.516448698857927,0.605849385707535,0.734939534954217,-6.95853224192699,"NS",FALSE
"OID20722",0.0656616901887478,3.30413550913838,0.512125293950106,0.608868672623937,0.737975685478885,-6.96074498948161,"NS",FALSE
"OID20089",-0.0254464076627206,0.39692454308094,-0.509393740189707,0.610779492301659,0.739664317372094,-6.9621336845889,"NS",FALSE
"OID21399",0.0804845229176589,4.0764634464752,0.505643669245038,0.613407720432276,0.741318718712961,-6.96402752942878,"NS",FALSE
"OID21272",-0.0261806850054936,0.206907571801567,-0.505398335169556,0.613579587144522,0.741318718712961,-6.96415118769199,"NS",FALSE
"OID21383",-0.10654396457026,5.26610104438642,-0.505224297032056,0.613701920390086,0.741318718712961,-6.96423847730838,"NS",FALSE
"OID20936",-0.0486494825323584,2.55020652741514,-0.503707854693089,0.614766176729506,0.741977083231811,-6.96499988793922,"NS",FALSE
"OID20128",-0.0260700731381186,0.341126631853786,-0.50125405203709,0.616490003427695,0.743429717213651,-6.96622711361545,"NS",FALSE
"OID20992",0.0629762524894285,2.53082010443864,0.500290536756421,0.617167754899387,0.743619495574388,-6.96670707763475,"NS",FALSE
"OID21307",-0.0890638913103307,3.38215718015666,-0.498881534103243,0.618159119840707,0.743869393925505,-6.96740762920587,"NS",FALSE
"OID20164",-0.0428996931664924,1.36498120104439,-0.498354991674163,0.618529701727891,0.743869393925505,-6.96766898614966,"NS",FALSE
"OID21155",-0.0592038841307756,4.04807206266319,-0.497338587070974,0.619245528381943,0.743869393925505,-6.96817251409097,"NS",FALSE
"OID20547",-0.0527309440468665,1.69733237597911,-0.4970378650592,0.619457367929567,0.743869393925505,-6.96832131544568,"NS",FALSE
"OID20160",0.0260922666027539,0.845503394255875,0.492246580710935,0.622836539774113,0.747299257210081,-6.97068023242529,"NS",FALSE
"OID20446",-0.0252432759798005,0.262648302872063,-0.489578863972839,0.624721652359822,0.748932249347471,-6.97198358695795,"NS",FALSE
"OID21527",-0.0657348639534187,3.3429819843342,-0.488419776806067,0.625541691196691,0.749286736563346,-6.9725474655937,"NS",FALSE
"OID21508",-0.0897994444748711,3.13813002610966,-0.485636739779942,0.627512010125944,0.750406399518441,-6.97389644641678,"NS",FALSE
"OID20496",0.0751632116575156,0.45406135770235,0.485616011586578,0.62752669518862,0.750406399518441,-6.97390646480741,"NS",FALSE
"OID21147",0.0422055196905414,4.48732872062663,0.480758577915614,0.630971849541244,0.753895295145851,-6.97624259460381,"NS",FALSE
"OID20183",-0.051125944837307,2.75601697127937,-0.480007514213681,0.631505442104676,0.753902486856794,-6.97660154762228,"NS",FALSE
"OID20819",-0.0311003761867531,0.100446214099217,-0.477096000707445,0.633575189822609,0.75574202525585,-6.97798827089715,"NS",FALSE
"OID20470",0.0242226640254728,-0.506569451697128,0.473652329046438,0.636026915598933,0.75803374678138,-6.97961762116257,"NS",FALSE
"OID21018",-0.0554250634732479,6.16345613577024,-0.472626792272968,0.63675792195673,0.758192618139188,-6.98010047508347,"NS",FALSE
"OID21261",0.040288978396962,1.56941932114882,0.471976743469322,0.637221367659317,0.758192618139188,-6.98040608755619,"NS",FALSE
"OID21286",-0.0392736323058633,0.467716449086162,-0.469438755079338,0.639032392767847,0.759714882916184,-6.9815950516607,"NS",FALSE
"OID20086",0.0793370510019632,3.23994177545692,0.468561913544783,0.639658558254984,0.759827165208954,-6.98200435684073,"NS",FALSE
"OID20594",0.127599190561648,4.28233864229765,0.466846989579663,0.640883955765035,0.760650475737736,-6.98280266538992,"NS",FALSE
"OID21245",0.0217134198313928,0.330653263707572,0.463836821426351,0.643036992346661,0.762002649906676,-6.98419708783053,"NS",FALSE
"OID21249",0.0643385437802842,1.51769242819843,0.463763531743015,0.643089710138175,0.762002649906676,-6.98423068122823,"NS",FALSE
"OID20906",-0.0324035860785259,-0.221969190600522,-0.458769864802803,0.646668636634801,0.764081046298878,-6.98652330680963,"NS",FALSE
"OID21198",0.0545723612904999,0.891438120104439,0.458768074379143,0.646669921298451,0.764081046298878,-6.98652412435909,"NS",FALSE
"OID20633",0.0476941622458325,3.07300574412533,0.458128875912218,0.647128563231562,0.764081046298878,-6.98681585261592,"NS",FALSE
"OID20420",-0.026034584700355,0.256339164490862,-0.458029593764768,0.647199740699247,0.764081046298878,-6.9868611958519,"NS",FALSE
"OID20444",0.0281868102041746,0.196375979112272,0.457587368304813,0.647517247773227,0.764081046298878,-6.98706264621428,"NS",FALSE
"OID20572",-0.0547497325355302,2.06882010443864,-0.45656725831464,0.64824984798266,0.76425391936659,-6.98752665890747,"NS",FALSE
"OID21273",0.0316122326765731,1.67434856396867,0.455893854997406,0.648733382919296,0.76425391936659,-6.98783264508261,"NS",FALSE
"OID20138",0.0808477424288209,1.66623342036554,0.45467579085747,0.649608970890589,0.764655040694112,-6.98838442856942,"NS",FALSE
"OID20057",0.0238933221449444,0.166535509138381,0.453474081500014,0.650472867478477,0.765041751133123,-6.98892774115133,"NS",FALSE
"OID20051",0.0322776056896604,0.767132637075718,0.451275877297053,0.652054864098148,0.76627171118113,-6.98991739596876,"NS",FALSE
"OID21210",-0.0277922847968109,0.0332530026109661,-0.445736722573234,0.656047908793441,0.770330699807581,-6.9923901743783,"NS",FALSE
"OID20681",0.0773951766252229,3.05711253263708,0.441841466786584,0.658861890443225,0.772999705618529,-6.99411076741023,"NS",FALSE
"OID20455",-0.0513919247337765,0.365225326370757,-0.439894474064812,0.66027021403871,0.774016518343984,-6.99496515722619,"NS",FALSE
"OID20583",0.0530457126644242,0.993014882506527,0.437147294271992,0.662259395138404,0.77571202922359,-6.99616427816516,"NS",FALSE
"OID20309",0.0678397303491806,2.22144464751958,0.427805926961514,0.66904115173939,0.783013763993111,-7.0001855634712,"NS",FALSE
"OID20878",0.0406680235488506,0.095922454308094,0.426375657974195,0.670081930007608,0.783501128736541,-7.00079360778763,"NS",FALSE
"OID20124",-0.0229076311905802,0.143151436031332,-0.425726775048835,0.670554150066333,0.783501128736541,-7.0010689448644,"NS",FALSE
"OID21143",0.064406535832505,3.53368798955614,0.424877280334831,0.671172952023928,0.783583454609635,-7.00142842499214,"NS",FALSE
"OID21475",0.0909043446106323,2.58381279373368,0.421252128862458,0.673815430033971,0.786026326137588,-7.00295505674842,"NS",FALSE
"OID21409",0.0336686665654731,3.05943420365535,0.415882093624543,0.677737047186127,0.789956150431465,-7.00519264396604,"NS",FALSE
"OID20799",0.032899987945442,0.305466057441253,0.407797952320615,0.683657727381975,0.795754435056015,-7.00850664983444,"NS",FALSE
"OID21163",-0.029008848234425,0.493004699738903,-0.406930883599352,0.68429384707891,0.795754435056015,-7.00885830110682,"NS",FALSE
"OID20487",-0.0353339637754555,2.87798903394256,-0.406462632734605,0.684637426969822,0.795754435056015,-7.00904793278592,"NS",FALSE
"OID20721",0.0431317109846988,7.05568563968668,0.405964656029783,0.685003027819701,0.795754435056015,-7.00924924445289,"NS",FALSE
"OID20959",0.0736413925709815,3.06489138381201,0.405179573057386,0.68557953740421,0.795754435056015,-7.00956614424644,"NS",FALSE
"OID20627",0.0804805560727018,4.51868877284595,0.404535189681028,0.686052808949623,0.795754435056015,-7.00982584040628,"NS",FALSE
"OID21420",0.0744853580584124,3.69737415143603,0.394017966810414,0.69379461283811,0.804081509931597,-7.01400606210499,"NS",FALSE
"OID20447",0.0451014076832236,0.85568955613577,0.391092795942343,0.695953610551395,0.805930072510489,-7.01514915859378,"NS",FALSE
"OID20457",-0.0251529127990568,0.391551436031332,-0.385826014740421,0.699847064478345,0.809747447238064,-7.01718590410485,"NS",FALSE
"OID21492",0.0273099249408141,3.3845362924282,0.385101186620768,0.700383376337472,0.809747447238064,-7.01746416194489,"NS",FALSE
"OID20078",0.0412528741457761,0.383011749347259,0.383642740038209,0.701463467544138,0.81034057810879,-7.01802204524322,"NS",FALSE
"OID20613",-0.043322873259177,6.02644516971279,-0.382605564718636,0.702231742002905,0.810572826593013,-7.01841766483359,"NS",FALSE
"OID20509",-0.0562325696742271,0.608205221932115,-0.379057572991386,0.704862405897712,0.812072032919497,-7.01976272965782,"NS",FALSE
"OID20827",-0.0441644820107051,0.557569712793734,-0.3788298570223,0.705031364437835,0.812072032919497,-7.01984863324734,"NS",FALSE
"OID21185",0.0455790284782861,1.47014595300261,0.377842903993287,0.705763823290944,0.812072032919497,-7.02022035523185,"NS",FALSE
"OID20123",-0.0183267910339692,0.41235091383812,-0.377788949923887,0.705803684314916,0.812072032919497,-7.02024080299898,"NS",FALSE
"OID20198",-0.0279689981198786,2.21784934725849,-0.368462680357392,0.712738695207834,0.819391468585676,-7.02370504841653,"NS",FALSE
"OID20785",-0.0284309802979531,5.61700861618799,-0.362129203331718,0.717461921515552,0.823499448185383,-7.02600830422213,"NS",FALSE
"OID20222",-0.0381527556282613,5.98715326370757,-0.362125854147592,0.717464529734641,0.823499448185383,-7.02600942603593,"NS",FALSE
"OID20644",0.0621575275653033,2.62865613577023,0.359295045223324,0.719579208513029,0.824678930735476,-7.02702592866071,"NS",FALSE
"OID20706",0.0325542912052299,3.34220234986945,0.359205106068883,0.719646344735576,0.824678930735476,-7.02705816166901,"NS",FALSE
"OID20519",-0.0680181342069976,2.64325613577024,-0.347462618123304,0.728441237302675,0.833865788619801,-7.03118867113568,"NS",FALSE
"OID20066",-0.0206189489977353,0.421132375979112,-0.346224513110461,0.729370576827319,0.833865788619801,-7.03161626317288,"NS",FALSE
"OID20595",0.0247064569400977,4.49442950391645,0.345324209563149,0.730046561843268,0.833865788619801,-7.03192626996518,"NS",FALSE
"OID21209",0.0335859044048751,1.15805169712794,0.345095795832923,0.730218322682618,0.833865788619801,-7.03200462038174,"NS",FALSE
"OID20808",-0.024772472647279,-0.467752219321149,-0.344545405818641,0.730631781909007,0.833865788619801,-7.03219356565085,"NS",FALSE
"OID20190",-0.0226177341844741,2.52670757180157,-0.34383637143144,0.731164333898258,0.833865788619801,-7.03243667996295,"NS",FALSE
"OID21067",-0.0317575660479181,0.540336031331593,-0.340022334786265,0.734032531200647,0.836172909206818,-7.03373489045054,"NS",FALSE
"OID20972",-0.0345741764046241,6.30539399477807,-0.339590281960339,0.734357593460151,0.836172909206818,-7.0338811009911,"NS",FALSE
"OID20215",-0.0470341658795453,4.26279164490862,-0.338447842661965,0.735217574595902,0.836485600396133,-7.0342666533602,"NS",FALSE
"OID20775",-0.141048510444357,4.48622349869452,-0.33711610850483,0.73622040027914,0.836960184565545,-7.03471450271665,"NS",FALSE
"OID20400",-0.0380659511065148,7.00035874673629,-0.334933824127473,0.737864640140158,0.838162615866682,-7.03544460212635,"NS",FALSE
"OID21477",0.0392101562548,1.27378590078329,0.330874222975127,0.740926670209082,0.840972368331039,-7.036790070482,"NS",FALSE
"OID20165",0.0341654047410688,2.70084464751958,0.32925477653948,0.742149260342674,0.841088003319222,-7.03732227148793,"NS",FALSE
"OID20242",0.0272598525823983,3.75710130548303,0.328824792256005,0.742473894718886,0.841088003319222,-7.03746320525111,"NS",FALSE
"OID21235",0.0374998276831768,0.438528459530026,0.328400787127509,0.742794303841048,0.841088003319222,-7.03760181923408,"NS",FALSE
"OID21204",0.0603000791413536,2.36562323759791,0.326730263797095,0.744056538317792,0.841850192601841,-7.03814661873727,"NS",FALSE
"OID20114",0.0355469042047389,4.26877127937337,0.324829804815031,0.745493307236171,0.842808493702918,-7.03876306100587,"NS",FALSE
"OID20448",-0.0159047878160223,0.113154308093995,-0.321492619324816,0.748018384646259,0.844994681153759,-7.0398368465108,"NS",FALSE
"OID21105",-0.0252062387979686,3.32560757180157,-0.320255983032287,0.748954812279518,0.845384223339203,-7.04023191027857,"NS",FALSE
"OID21068",-0.0338965500818477,4.8523908616188,-0.315870175109233,0.752278997074269,0.847960680070186,-7.04162069100343,"NS",FALSE
"OID20699",0.0240853010981567,1.68469686684073,0.315678706729501,0.752424172378584,0.847960680070186,-7.04168092131448,"NS",FALSE
"OID20296",0.0330057996008576,2.37809425587467,0.311551413957021,0.755556803334254,0.850449815556662,-7.04296959184448,"NS",FALSE
"OID20942",0.0417966561404158,2.26683524804178,0.311200776732871,0.755823139088146,0.850449815556662,-7.04307828085054,"NS",FALSE
"OID20591",0.0232250716954631,1.9761498694517,0.31040441042967,0.756427967654432,0.850460712650026,-7.04332480782953,"NS",FALSE
"OID20050",-0.0587099918108049,0.927661096605744,-0.30876623478399,0.757673023946595,0.85119084215384,-7.04382965292603,"NS",FALSE
"OID20434",-0.0166107335503436,-0.223295300261097,-0.302407682806421,0.762511051968536,0.855953097614327,-7.04576431664055,"NS",FALSE
"OID20584",0.0203901046572384,1.2642318537859,0.298725494544916,0.765316987899495,0.858428552361364,-7.0468662740852,"NS",FALSE
"OID20579",0.0671681944902802,2.57625613577023,0.297774380411872,0.76604239204494,0.858568296652721,-7.04714863485214,"NS",FALSE
"OID20832",-0.0374949066760397,1.49606318537859,-0.295574134589102,0.767721026904237,0.859775350663131,-7.04779855470827,"NS",FALSE
"OID21512",0.0441983273838795,4.53056396866841,0.294240839289523,0.768738771840715,0.860240959248537,-7.04819004601037,"NS",FALSE
"OID20286",-0.0361386236210147,1.20808250652742,-0.292788691231797,0.769847696109298,0.860807791658988,-7.04861442296355,"NS",FALSE
"OID21092",-0.0185968562253551,2.79387597911227,-0.290456666155545,0.771629356140348,0.861263716517406,-7.04929165492495,"NS",FALSE
"OID20766",0.0295638786930377,5.69904882506527,0.290084972180589,0.771913583959157,0.861263716517406,-7.0493990015519,"NS",FALSE
"OID20875",0.0568520155300968,1.90299765013055,0.289888849552452,0.772063555534498,0.861263716517406,-7.04945559535532,"NS",FALSE
"OID21111",0.0360691505865605,2.16794229765013,0.285265602064664,0.775600179435595,0.864534053364637,-7.0507793778662,"NS",FALSE
"OID21215",-0.0367786945217676,2.64119608355091,-0.280428099562551,0.779305709057174,0.86798741873944,-7.05214173428629,"NS",FALSE
"OID20304",-0.0280465727874826,6.18462297650131,-0.277727184413635,0.781376758643981,0.869616345874025,-7.05289227786754,"NS",FALSE
"OID21323",0.0390385730007859,1.43841409921671,0.276837658051891,0.782059254062278,0.869698579031125,-7.05313783031245,"NS",FALSE
"OID21297",-0.063260922537131,2.82412819843342,-0.274026692862907,0.784216928527033,0.871419899584083,-7.05390872175412,"NS",FALSE
"OID20070",0.0253526230592585,0.0157939947780679,0.26956103498506,0.787648152880369,0.873948662978411,-7.05511723253091,"NS",FALSE
"OID20559",0.065762697504139,3.2386498694517,0.269473048547338,0.787715799801395,0.873948662978411,-7.05514084431803,"NS",FALSE
"OID20945",-0.0202730028964537,0.896525065274151,-0.266764332095475,0.789799101350541,0.87557475732985,-7.05586399924795,"NS",FALSE
"OID21241",0.0233869673260756,0.736518276762402,0.265974519897761,0.790406883803714,0.87557475732985,-7.05607345506699,"NS",FALSE
"OID20105",-0.0341093786823518,1.46774334203655,-0.264106937719792,0.79184446659326,0.876411875604092,-7.05656631334497,"NS",FALSE
"OID20888",0.0256459170659444,1.36273002610966,0.26339953050608,0.792389183541278,0.876411875604092,-7.05675209284934,"NS",FALSE
"OID20821",0.0193462032985003,0.0362446475195822,0.262515717564267,0.793069879200811,0.87648635528071,-7.05698350019485,"NS",FALSE
"OID20764",0.0248156537811644,6.47773368146214,0.258046668098402,0.796514210439573,0.879048506100781,-7.05814175440585,"NS",FALSE
"OID20516",0.00856539389188376,-0.107620626631854,0.257911341188262,0.796618485234788,0.879048506100781,-7.05817656856223,"NS",FALSE
"OID20805",-0.0197851823522397,0.106160835509138,-0.255483335622637,0.798491685492674,0.880435662476104,-7.0587970724461,"NS",FALSE
"OID20673",-0.0272688481554182,6.57897493472585,-0.250863629985929,0.802058675967224,0.883686852704058,-7.05996167202423,"NS",FALSE
"OID21250",0.0500284886931694,2.68280026109661,0.249355868921046,0.803223800297586,0.883880729815108,-7.06033714597727,"NS",FALSE
"OID21197",-0.0128213087309751,0.331812793733681,-0.249034985279713,0.803471706109045,0.883880729815108,-7.06041682947841,"NS",FALSE
"OID20920",0.0048949625887879,0.0646671018276762,0.248035669874321,0.80424417820743,0.884049946660321,-7.06066415180907,"NS",FALSE
"OID20895",-0.0366900533049016,2.98182793733681,-0.244899006570869,0.806670308809555,0.885386404540939,-7.06143385327469,"NS",FALSE
"OID20450",-0.0109347278463248,-0.0614096605744125,-0.244536928215291,0.806950363146544,0.885386404540939,-7.06152214458009,"NS",FALSE
"OID21051",-0.0223210548004124,2.9701634464752,-0.243971226754766,0.807388185698205,0.885386404540939,-7.06165969891367,"NS",FALSE
"OID20163",-0.0217817691496661,2.3864772845953,-0.243260425492009,0.807938328566399,0.885386404540939,-7.06183212104786,"NS",FALSE
"OID20881",0.0285832996714469,1.20560731070496,0.239149799693047,0.81112175630112,0.887133935384675,-7.06281936620609,"NS",FALSE
"OID20608",0.0203214856117705,1.1898725848564,0.238811599776462,0.811383785753956,0.887133935384675,-7.06289985722977,"NS",FALSE
"OID20731",-0.0264150110053192,6.22079608355091,-0.238796574991617,0.811395418857782,0.887133935384675,-7.06290343509789,"NS",FALSE
"OID21340",0.0169363437134889,1.25465639686684,0.23068208653441,0.817689157250334,0.89246096969198,-7.0648001274817,"NS",FALSE
"OID21030",0.0371661379797598,3.57152480417755,0.230495615010381,0.817833979117922,0.89246096969198,-7.06484291546953,"NS",FALSE
"OID20841",-0.0175624133898906,0.110287467362924,-0.230099842600439,0.818141266827497,0.89246096969198,-7.06493367353069,"NS",FALSE
"OID20250",0.0360569877425298,2.78509242819843,0.227727888393984,0.819983498430292,0.893421713770787,-7.06547433968959,"NS",FALSE
"OID20062",-0.0189121043857601,0.515057441253264,-0.227119289172431,0.820456341974598,0.893421713770787,-7.06561216167236,"NS",FALSE
"OID21327",0.0339453772826588,4.39694882506527,0.226551384072669,0.820897627838379,0.893421713770787,-7.0657404355984,"NS",FALSE
"OID20634",-0.0147331861915613,-0.860683550913838,-0.221257608755457,0.825013831656881,0.895982397711038,-7.0669207067162,"NS",FALSE
"OID20934",0.0250179531731974,2.29225613577024,0.221035899613364,0.825186329093925,0.895982397711038,-7.06696952911215,"NS",FALSE
"OID21186",0.0107233871567253,0.303956135770235,0.220774072920673,0.825389952535003,0.895982397711038,-7.0670271739879,"NS",FALSE
"OID20643",0.0579176515421373,4.34278511749347,0.220300643068753,0.825758444916331,0.895982397711038,-7.06713108915467,"NS",FALSE
"OID20553",-0.0393718812763895,2.85280992167102,-0.217268576732719,0.828118726519209,0.897861654169917,-7.06779164814755,"NS",FALSE
"OID20582",0.0371029884522335,1.45743812010444,0.21400911296231,0.830657762010506,0.899592734270317,-7.06849153995516,"NS",FALSE
"OID21239",0.0138413716751823,0.389704438642298,0.213602756321444,0.830974394147528,0.899592734270317,-7.06857807109412,"NS",FALSE
"OID21264",-0.0172535071155577,0.193651174934726,-0.210887154641876,0.833091350234957,0.900748926452727,-7.06915198911128,"NS",FALSE
"OID21432",0.0228857429679312,3.87748407310705,0.208979216285618,0.834579367095716,0.900748926452727,-7.06955084927417,"NS",FALSE
"OID20621",-0.0171705514884619,3.4990501305483,-0.207958387040895,0.835375717357741,0.900748926452727,-7.06976279194252,"NS",FALSE
"OID21377",0.0150471332300382,2.47340052219321,0.20766562033896,0.835604151242245,0.900748926452727,-7.06982337676578,"NS",FALSE
"OID20132",0.0159152372314442,1.48079608355091,0.207620518176293,0.835639390870154,0.900748926452727,-7.06983267926978,"NS",FALSE
"OID20399",-0.0405524449461074,3.57834830287206,-0.207383473954287,0.835824406211558,0.900748926452727,-7.06988163629336,"NS",FALSE
"OID21279",0.0072096827692956,0.193771540469974,0.204758004551827,0.837873603754574,0.902276849860803,-7.07042044047272,"NS",FALSE
"OID20980",-0.0264483348138806,3.73197754569191,-0.20243474145635,0.839688064666918,0.903221446253416,-7.07089139665992,"NS",FALSE
"OID21078",-0.0458088772582224,4.50349686684073,-0.201563873603002,0.84036838773016,0.903221446253416,-7.07106656944103,"NS",FALSE
"OID20218",-0.0491707113646928,3.85106553524804,-0.200178673355248,0.841450754407876,0.903221446253416,-7.07134364321135,"NS",FALSE
"OID20998",0.0168267057569042,3.24649373368146,0.199652707792417,0.841861726751216,0.903221446253416,-7.07144838946536,"NS",FALSE
"OID20440",-0.0149819272933834,0.392865535248042,-0.199499167178922,0.841981806560369,0.903221446253416,-7.07147886738356,"NS",FALSE
"OID20069",0.0140175335540368,0.71471592689295,0.198780964564485,0.842543168548498,0.903221446253416,-7.07162129775869,"NS",FALSE
"OID20968",0.0209674125141828,3.32322454308094,0.197667642607983,0.843413562104402,0.903283453175973,-7.07184105241484,"NS",FALSE
"OID20545",0.0310140507858481,1.93598146214099,0.197090041991918,0.843865227424719,0.903283453175973,-7.07195456627579,"NS",FALSE
"OID21168",0.0296662014023785,0.531391906005222,0.194307876504774,0.846041389688544,0.904934989419857,-7.07249674056198,"NS",FALSE
"OID20394",-0.0165686020743002,5.19572584856397,-0.188856471464593,0.850308710671916,0.908819108115309,-7.07353677593689,"NS",FALSE
"OID20127",0.0449818582658695,2.3436454308094,0.184460529364545,0.853753183599694,0.911207693868232,-7.07435383198904,"NS",FALSE
"OID21217",-0.0132184502031185,0.221495039164491,-0.184376776009824,0.853818825814949,0.911207693868232,-7.07436921690306,"NS",FALSE
"OID21435",0.0190110590913738,2.69939347258486,0.183203016480135,0.854738988780664,0.911212601278791,-7.07458404259476,"NS",FALSE
"OID20939",0.0135298596507352,1.96195874673629,0.18274412581306,0.855098739198642,0.911212601278791,-7.07466767886324,"NS",FALSE
"OID21281",0.0210893352159554,0.922771279373368,0.181298448457978,0.856232533672044,0.911740902099368,-7.07492968434626,"NS",FALSE
"OID20197",0.0218470428166935,2.53901749347258,0.176725741317913,0.859820453893828,0.914406256351829,-7.07574482130373,"NS",FALSE
"OID20619",-0.00865671513075214,1.12113133159269,-0.176477267985714,0.860015401355394,0.914406256351829,-7.07578855997772,"NS",FALSE
"OID21255",0.0215424704167312,2.10881723237598,0.175597341888728,0.860706289262742,0.914460436696252,-7.07594276878623,"NS",FALSE
"OID20203",-0.0327828220182777,1.99693159268929,-0.171319213131587,0.864066368172216,0.917270792326716,-7.07668173743646,"NS",FALSE
"OID20913",0.0207937050838826,1.13144595300261,0.170595226452907,0.864635239513006,0.917270792326716,-7.07680499006159,"NS",FALSE
"OID20747",0.0145415126792262,4.35377336814621,0.168387992304982,0.86636993224645,0.918429253101022,-7.07717756129041,"NS",FALSE
"OID21221",-0.00832807156875401,0.0545861618798956,-0.166096903777622,0.868171286099194,0.919656610701074,-7.0775591250696,"NS",FALSE
"OID21293",-0.012895930837953,2.71777754569191,-0.163658401623401,0.870089297955763,0.921005634650952,-7.07795949792099,"NS",FALSE
"OID20159",0.0124718209855524,2.47948459530026,0.16091327655896,0.872249402963987,0.922608731928599,-7.07840313051048,"NS",FALSE
"OID20567",-0.0188205501358521,2.16260678851175,-0.15360388106424,0.878005764104502,0.928010530255424,-7.07954777112442,"NS",FALSE
"OID21023",0.0127936034235124,1.61688981723238,0.150413165494502,0.880520544359289,0.929700328883477,-7.08003077271278,"NS",FALSE
"OID20899",0.0262249616278245,2.22200966057441,0.149924653869648,0.880905700005758,0.929700328883477,-7.08010381825444,"NS",FALSE
"OID20544",-0.0302786066681441,4.3333501305483,-0.144251273252783,0.885380541442265,0.93263033904213,-7.08093482809683,"NS",FALSE
"OID20834",-0.0133323035960594,2.87765822454308,-0.144105900687151,0.885495220951671,0.93263033904213,-7.08095571135181,"NS",FALSE
"OID20871",0.0204327664182165,1.67247545691906,0.143251613813297,0.886169400887881,0.93263033904213,-7.0810779323537,"NS",FALSE
"OID21413",0.0111849766787357,4.07274255874674,0.143095540457141,0.886292512539687,0.93263033904213,-7.08110020604345,"NS",FALSE
"OID20910",-0.0236273664409883,1.82448798955614,-0.140747058078448,0.888146312132153,0.933893362793854,-7.08143209754162,"NS",FALSE
"OID20284",0.0106948620364702,3.92077702349869,0.134336265680177,0.893209616148829,0.938526868732851,-7.08231020065621,"NS",FALSE
"OID21182",0.00904156140446649,0.681056135770235,0.132927142321307,0.894323195335514,0.93900649973141,-7.08249771037706,"NS",FALSE
"OID20835",0.0138365805636381,0.774527676240209,0.131390974945616,0.895537395952921,0.939364160014609,-7.08269987813026,"NS",FALSE
"OID20182",0.0234261843799074,2.25501540469974,0.130832906098515,0.895978551504487,0.939364160014609,-7.082772743705,"NS",FALSE
"OID20303",0.0090540148677698,4.39439451697128,0.126992246057895,0.899015407442298,0.94185705075883,-7.08326581892974,"NS",FALSE
"OID20459",-0.0180547609246414,2.07386109660574,-0.124588091303927,0.900917272805889,0.943158082666385,-7.08356696140529,"NS",FALSE
"OID20779",0.0338178184030508,3.81403263707572,0.120217704217048,0.904375903926581,0.946085773580588,-7.08409969069528,"NS",FALSE
"OID21176",0.0228397784117753,1.31553342036554,0.119195508315798,0.905185113345111,0.946239595442694,-7.08422154699936,"NS",FALSE
"OID20930",0.0119624579246361,0.209707049608355,0.114840534061192,0.908633775390045,0.948820718005316,-7.08472904558465,"NS",FALSE
"OID21207",-0.00589998471859515,-0.0626130548302872,-0.114400613618598,0.908982199404673,0.948820718005316,-7.08477927244856,"NS",FALSE
"OID20503",0.00588262779582686,0.243411227154047,0.10925880300212,0.913056368753407,0.952087332005559,-7.0853518991321,"NS",FALSE
"OID20133",-0.00884929140887394,1.76646553524804,-0.108769548409074,0.913444179271954,0.952087332005559,-7.08540500792384,"NS",FALSE
"OID20154",0.0101335150473408,2.98051305483029,0.106456030219795,0.915278179566445,0.953303584985751,-7.08565294029872,"NS",FALSE
"OID20965",0.0179850413266892,3.10966527415144,0.0994501442349877,0.920834696133388,0.95839241134349,-7.0863712300808,"NS",FALSE
"OID20607",-0.00795806856381167,4.10124412532637,-0.0978799206586512,0.922080570776561,0.958990637292362,-7.0865255258098,"NS",FALSE
"OID21222",0.0147813335910688,1.52567702349869,0.0938893768554887,0.925247821569974,0.961149763560875,-7.08690656675485,"NS",FALSE
"OID21440",0.00851994234085771,5.15634308093995,0.0929924637372776,0.925959820645562,0.961149763560875,-7.08699003523885,"NS",FALSE
"OID20774",-0.00793208535608819,3.68608825065274,-0.0920911944509864,0.926675354341447,0.961149763560875,-7.08707309828889,"NS",FALSE
"OID21121",-0.01113731352119,3.74414934725849,-0.0918750464550959,0.926847007828472,0.961149763560875,-7.08709288944106,"NS",FALSE
"OID21305",-0.00644425565442876,2.27491148825065,-0.0900633299573167,0.928285552529933,0.961943476842113,-7.08725702795403,"NS",FALSE
"OID21180",0.00517000408311366,0.383574151436031,0.0835727373668197,0.933441293189933,0.966437552920434,-7.08781819760048,"NS",FALSE
"OID20192",0.0181356129219446,2.4638590078329,0.0829010893626475,0.93397498991121,0.966437552920434,-7.08787386915792,"NS",FALSE
"OID20558",0.0131800571535585,2.28303942558747,0.0807357037368565,0.935695766224345,0.967517546985954,-7.08805030669125,"NS",FALSE
"OID21246",0.0126684312053531,1.40977310704961,0.078743871332777,0.937278890809626,0.968453749072275,-7.08820847993766,"NS",FALSE
"OID21099",0.0095279830506866,0.830559268929504,0.0774609219883183,0.938298721607719,0.968806989290051,-7.08830826817168,"NS",FALSE
"OID20441",0.00509173736908292,-0.0399963446475196,0.0732739068396168,0.941627725087384,0.971345279731833,-7.08862253178983,"NS",FALSE
"OID21170",0.00642714475990821,0.69856501305483,0.0718689129551865,0.942745037164157,0.971345279731833,-7.08872407396098,"NS",FALSE
"OID21268",0.00425006930234059,0.700967362924282,0.0718044252398123,0.942796293203675,0.971345279731833,-7.08872869281323,"NS",FALSE
"OID21036",0.0077727469543083,1.35731958224543,0.0684783657371873,0.945441809017695,0.972823763896195,-7.08896102065283,"NS",FALSE
"OID20080",0.00256446211098799,0.0923569190600522,0.0682884219584903,0.945592867775937,0.972823763896195,-7.08897396249176,"NS",FALSE
"OID20359",-0.00895215699727165,3.11922793733681,-0.0673260836891417,0.946358455076956,0.972910958492785,-7.08903894084674,"NS",FALSE
"OID20790",-0.00461714791899818,0.225593472584856,-0.0619160727621057,0.950663078782328,0.976025096387948,-7.08938710180836,"NS",FALSE
"OID20724",-0.00896833059965376,6.80252663185379,-0.0618022916279049,0.950753627832067,0.976025096387948,-7.08939411123648,"NS",FALSE
"OID20177",-0.0106275302761739,4.32655483028721,-0.0602931078446305,0.951954723064734,0.976556568025488,-7.08948586411615,"NS",FALSE
"OID20983",-0.0136586169953218,4.52076135770235,-0.0584833927054371,0.953395142690511,0.977266682611969,-7.08959289749968,"NS",FALSE
"OID21345",0.00532653327217312,3.08423159268929,0.0577050223399894,0.95401471115724,0.977266682611969,-7.08963793201014,"NS",FALSE
"OID20555",-0.00415200070823726,0.63841409921671,-0.0547690990681601,0.956351954312385,0.978959128017477,-7.08980235925597,"NS",FALSE
"OID20761",-0.0114793041652909,3.02789425587467,-0.0528276683901751,0.957897708018976,0.979839530965725,-7.08990637441351,"NS",FALSE
"OID20056",-0.00336364164506783,0.161865274151436,-0.0509856756261246,0.959364424323346,0.980502296852737,-7.09000159356596,"NS",FALSE
"OID20833",0.00323529515715523,-0.508251958224543,0.0502906132398332,0.959917923930706,0.980502296852737,-7.09003664462237,"NS",FALSE
"OID20474",0.00543123375704028,1.18903733681462,0.0447742909609394,0.964311356381921,0.983896512398505,-7.09029777045875,"NS",FALSE
"OID20931",-0.00336687022672511,1.36457415143603,-0.0443894102821489,0.964617924331914,0.983896512398505,-7.09031485963293,"NS",FALSE
"OID20131",0.0032915390874393,1.24341906005222,0.0403932792602856,0.967801356195764,0.984999218631131,-7.09048356390704,"NS",FALSE
"OID21417",-0.00613390827757242,3.32698511749347,-0.0402461547811344,0.967918574830543,0.984999218631131,-7.09048947102344,"NS",FALSE
"OID21140",0.0110421024678896,4.21935822454308,0.0401310110244766,0.968010309929484,0.984999218631131,-7.09049407946253,"NS",FALSE
"OID21151",0.00553106161388576,3.8718135770235,0.0387351762829114,0.969122405740626,0.984999218631131,-7.09054889525382,"NS",FALSE
"OID20693",-0.00420978775899927,4.94687571801567,-0.0383204994493813,0.9694527958362,0.984999218631131,-7.09056480663598,"NS",FALSE
"OID20406",-0.00237529287211383,3.85278276762402,-0.0363051110045216,0.971058621086651,0.984999218631131,-7.09063969863854,"NS",FALSE
"OID21373",-0.00774750102107142,1.63102349869452,-0.0351771015010183,0.971957478941916,0.984999218631131,-7.09067984742901,"NS",FALSE
"OID21496",-0.00187154557767402,3.38862872062663,-0.0350797415669246,0.972035041252196,0.984999218631131,-7.09068325515042,"NS",FALSE
"OID20207",-0.0065894302767465,4.40021775456919,-0.0347107056709948,0.972329130186065,0.984999218631131,-7.09069607813112,"NS",FALSE
"OID21415",-0.00379934588122758,3.15430052219321,-0.0343808864390147,0.972591950656772,0.984999218631131,-7.09070742536125,"NS",FALSE
"OID20456",-0.00370642851149209,0.440102872062663,-0.0330220850407937,0.973674770900216,0.985397484147598,-7.09075303057706,"NS",FALSE
"OID20674",0.00376415801693427,5.73503420365535,0.0288999113792006,0.976959987931188,0.988022521410947,-7.09088013269063,"NS",FALSE
"OID20729",0.00604255901031551,2.36438903394256,0.0276890122440847,0.977925105975122,0.988299134680657,-7.09091425364196,"NS",FALSE
"OID20431",-0.0041591025178713,0.235906266318538,-0.0239878582758016,0.980875216892126,0.989942235105705,-7.09100949273275,"NS",FALSE
"OID20201",-0.00368874449039833,2.08792402088773,-0.0239110243512124,0.980936462498025,0.989942235105705,-7.09101132530201,"NS",FALSE
"OID20430",-0.0016348838436837,-0.0983378590078329,-0.0227002718542063,0.981901588217781,0.99021691571151,-7.0910394267428,"NS",FALSE
"OID21510",0.00129123873603439,4.04759686684073,0.0212826616791582,0.983031628194405,0.990419965807235,-7.09107047460931,"NS",FALSE
"OID21308",0.00202644739540077,1.28372349869452,0.0207087996618814,0.983489105304735,0.990419965807235,-7.09108247314525,"NS",FALSE
"OID20839",0.00259566925378912,1.11191096605744,0.0176755363229244,0.985907218097324,0.992155925817659,-7.09114044889659,"NS",FALSE
"OID20683",0.00227760602851361,1.16368798955614,0.0157017620643015,0.98748077906411,0.993040136018729,-7.09117325321414,"NS",FALSE
"OID20058",0.000986009550583771,0.116351436031332,0.0146453475308588,0.988323007829108,0.993188170314905,-7.09118921700157,"NS",FALSE
"OID20771",-0.000878548656554023,4.83684569190601,-0.00875305311490203,0.993020876245394,0.997207893292107,-7.09125786895365,"NS",FALSE
"OID20354",-0.000213380608679353,1.59202793733681,-0.0039662378360935,0.99683754237392,0.999403465317457,-7.0912881863599,"NS",FALSE
"OID21392",0.000317617168619867,2.44807467362924,0.00373997202982092,0.997017954246875,0.999403465317457,-7.0912890545938,"NS",FALSE
"OID20249",0.000156708031703906,4.10451070496084,0.00293993795950745,0.997655854082091,0.999403465317457,-7.09129171569887,"NS",FALSE
"OID21063",-0.000232159353626303,4.5701681462141,-0.00219977263415936,0.998246021289433,0.999403465317457,-7.09129360999431,"NS",FALSE
"OID20337",-0.000117151579923394,2.82336762402089,-0.00162527581006926,0.998704092703519,0.999403465317457,-7.09129470422238,"NS",FALSE
"OID20339",-3.53165965470219e-05,4.08206945169713,-0.000322831993735527,0.999742591173582,0.999742591173582,-7.09129596765951,"NS",FALSE
