"Assay","Missing_N","Missing_Percent","Mean","SD","Median","Min","Max"
"OID20321",0,0,4.56288839285714,0.579913853099822,4.4678,3.2289,6.6948
"OID20206",0,0,5.22663099489796,1.66594604538269,5.2085,2.0168,10.9343
"OID20195",0,0,3.49420841836735,0.905794102739355,3.3574,1.3423,7.0865
"OID20094",0,0,2.41063788265306,0.55151591810618,2.367,1.0436,6.1461
"OID20216",0,0,3.26150522959184,0.91460349625515,3.2493,0.962,5.7029
"OID20106",0,0,2.79270089285714,0.900303566719008,2.6677,0.8553,5.5091
"OID20324",0,0,6.06801352040816,0.912097810270497,6.1721,2.9375,9.3616
"OID20299",0,0,2.94095076530612,1.18399989412879,2.6686,0.7801,8.821
"OID20381",0,0,4.54542232142857,0.572647273855931,4.5061,2.7897,7.8256
"OID20187",0,0,2.65900548469388,1.48621432811739,2.6627,-1.2885,6.438
"OID20202",0,0,2.98937984693878,0.58263558203903,2.9698,0.4443,5.7931
"OID20180",0,0,3.98409693877551,0.611859612935913,3.9633,2.2437,5.9718
"OID20099",0,0,1.82766517857143,0.657642949607963,1.7123,0.4784,5.0466
"OID20281",0,0,6.64083265306122,0.690267600045922,6.6433,3.7379,8.6709
"OID20385",0,0,4.37494196428571,0.584092865621298,4.3585,2.9072,7.4493
"OID20097",0,0,2.81883673469388,1.19010083317826,2.5993,0.5933,7.9269
"OID20300",0,0,3.40871785714286,0.582896005798624,3.3249,1.594,5.3334
"OID20383",0,0,3.97577984693878,1.08578846536598,3.7614,1.7644,8.7198
"OID20396",0,0,3.75870854591837,0.651181190473113,3.7297,2.1058,6.2873
"OID20159",0,0,2.61930076530612,0.604511092364102,2.6183,0.9439,4.6811
"OID20120",0,0,0.195390816326531,0.182739002561891,0.1849,-0.2603,1.3258
"OID20154",0,0,3.03594897959184,0.765297619214884,2.8761,1.3832,6.3819
"OID20287",0,0,4.25486977040816,0.335958158416093,4.2297,3.1844,5.8935
"OID20401",0,0,6.75605522959184,0.715396898832355,6.7176,4.5271,12.6312
"OID20310",0,0,3.79440255102041,0.493842436874721,3.7615,2.5224,5.7553
"OID20265",0,0,3.12528558673469,0.747698443020266,3.0382,0.5093,5.6976
"OID20148",0,0,2.98554528061225,0.762916313853946,2.9512,0.4329,5.8179
"OID20279",0,0,1.39977474489796,0.859392542984494,1.2988,-0.5753,4.4464
"OID20071",0,0,1.4356112244898,0.715489074772677,1.3049,-0.0902,5.4599
"OID20069",0,0,0.767099107142857,0.48224652451613,0.7132,-0.2396,5.633
"OID20179",0,0,1.74711977040816,1.074077198188,1.6282,-0.623,8.5569
"OID20286",0,0,1.4092674744898,0.951366511100036,1.2373,-0.6352,6.5898
"OID20273",0,0,1.83891109693878,0.424391387247889,1.7763,0.5806,3.9885
"OID20133",0,0,1.84512869897959,0.675295213041241,1.7491,0.3535,5.0153
"OID20395",0,0,6.02236326530612,1.0343676278309,6.0094,3.0476,13.8497
"OID20157",0,0,1.03236364795918,0.597722288456315,0.9459,-0.4918,5.0679
"OID20325",0,0,7.03445408163265,1.29365446317719,6.9778,3.497,10.9394
"OID20196",0,0,2.31130420918367,0.816070906361445,2.2513,0.331,5.6805
"OID20341",0,0,7.71984987244898,0.601063272159589,7.7325,5.9145,9.5867
"OID20407",0,0,4.44549719387755,0.631436808281642,4.394,1.819,6.9609
"OID20104",0,0,2.90478303571429,0.600929266194076,2.9436,0.8557,4.434
"OID20096",0,0,2.67766288265306,0.903584946981241,2.6843,0.0843,10.589
"OID20261",0,0,4.32308596938775,0.858076663975212,4.3692,0.746,6.7576
"OID20138",0,0,2.06862028061224,1.48088168773268,1.798,-0.3674,8.5357
"OID20175",0,0,2.91950076530612,1.38886420785712,2.7123,-0.0906,8.171
"OID20144",0,0,2.60067270408163,0.959380874866628,2.4229,0.6585,6.5807
"OID20260",0,0,4.17569030612245,0.628902528499375,4.1157,2.5798,7.0987
"OID20254",0,0,4.94492206632653,1.07248774591817,4.8867,2.0565,9.0522
"OID20113",0,0,3.39234808673469,0.843901748696063,3.427,0.0811,5.7995
"OID20302",0,0,5.89049808673469,0.758360732414908,5.8263,3.2532,8.8039
"OID20344",0,0,0.887032142857143,1.00158345157045,0.6248,-0.9343,7.4508
"OID20360",0,0,3.31011058673469,0.702111152525585,3.2136,1.4516,7.5405
"OID20377",0,0,3.41524336734694,0.701042534792387,3.2484,1.8909,9.3194
"OID20143",0,0,1.86643367346939,0.648224193269188,1.7858,0.4879,4.5636
"OID20122",0,0,2.20970089285714,1.12654413400509,1.899,0.3275,8.0805
"OID20167",0,0,2.21466301020408,0.878219755215748,2.0525,0.6798,6.3299
"OID20408",0,0,4.39932155612245,1.03303136693169,4.1709,2.2347,9.1554
"OID20359",0,0,3.37315867346939,1.13804305948306,3.2153,1.0318,7.3047
"OID20410",0,0,4.82345854591837,0.660185132963768,4.9194,1.9411,6.4072
"OID20109",0,0,3.59926084183673,0.522769910813944,3.582,1.8287,6.6159
"OID20290",0,0,5.75658367346939,0.718909840105515,5.7824,3.6364,8.8966
"OID20257",0,0,1.08122283163265,0.30762070835043,1.0555,0.2307,3.0362
"OID20107",0,0,6.21166288265306,1.03344465286548,6.0774,3.8266,10.2799
"OID20312",0,0,4.90884336734694,1.92651203750011,5.4117,-1.3944,8.1876
"OID20314",0,0,4.5497568877551,0.768111743183474,4.5224,2.7518,7.5129
"OID20386",0,0,1.65321058673469,0.872918220508775,1.4707,0.2027,5.4313
"OID20292",0,0,5.92845969387755,1.37291029952131,5.6485,3.1355,10.5582
"OID20350",0,0,1.37925510204082,0.532471030972118,1.2729,0.3681,3.6634
"OID20241",0,0,2.20074846938776,0.428534843185433,2.1606,0.9733,4.1728
"OID20358",0,0,2.17708775510204,0.626027488331117,2.0821,0.8069,7.0374
"OID20266",0,0,4.36027091836735,1.77768244095073,3.9132,1.2608,9.666
"OID20413",0,0,4.93672933673469,0.96098313376373,4.6971,2.7782,9.3341
"OID20203",0,0,2.31238265306122,1.51208539439034,2.0605,-1.8552,7.4948
"OID20220",0,0,4.3401362244898,1.80323467710931,4.2202,0.2504,10.4002
"OID20171",0,0,2.87562448979592,0.87342374543687,2.781,0.9793,5.9026
"OID20100",0,0,1.65540943877551,0.381358776865572,1.6344,0.5154,3.5707
"OID20050",0,0,1.05592461734694,1.51967055958658,0.6288,-1.878,9.0536
"OID20101",0,0,5.8482631377551,2.05833196695463,5.7598,0.8052,13.0195
"OID20361",0,0,3.43243928571429,0.55300219846491,3.3352,2.2207,6.4175
"OID20077",0,0,2.19395229591837,0.807493562960135,2.081,0.0563,6.5427
"OID20379",0,0,3.21042181122449,0.930426395458178,3.1616,0.9354,7.0628
"OID20293",0,0,3.37228762755102,0.999817530727953,3.205,1.3934,8.2152
"OID20194",0,0,4.92011352040816,0.659406646181014,4.8575,3.1231,8.3534
"OID20387",0,0,1.9305743622449,0.591603373199432,1.9027,-0.1271,4.038
"OID20210",0,0,4.64730714285714,0.569405648184059,4.6643,2.7166,6.3981
"OID20389",0,0,1.57313341836735,0.453656962497576,1.533,-0.2534,3.6355
"OID20307",0,0,1.47275165816327,0.407580457731606,1.4532,0.5033,3.5492
"OID20212",0,0,2.72406084183673,0.634153824246888,2.6683,0.9612,5.493
"OID20217",0,0,5.89712678571429,0.973263452076973,5.8162,3.7326,12.2569
"OID20372",0,0,3.59872576530612,0.529012298731196,3.6137,0.568,5.5478
"OID20205",0,0,2.46314897959184,1.0756933320525,2.1773,0.4247,7.3016
"OID20289",0,0,2.30226964285714,1.16862901555053,2.0992,-0.1808,7.5633
"OID20199",0,0,1.80696696428571,0.674938767114652,1.7281,-0.0538,5.3231
"OID20340",0,0,1.65805510204082,0.874793301081082,1.599,-0.8118,6.6713
"OID20231",0,0,3.2011362244898,0.71156667711366,3.0777,1.3959,5.8086
"OID20211",0,0,1.88442844387755,0.724665865712865,1.8311,0.101,4.4918
"OID20208",0,0,3.96719017857143,0.726711534568961,3.8885,2.1787,7.3991
"OID20219",0,0,1.4890049744898,1.81255099446848,0.8019,-0.9011,8.0797
"OID20166",0,0,4.66258545918367,1.63367931012948,4.4914,0.505,12.407
"OID20200",0,0,2.89810637755102,1.34421605000967,2.6866,-0.1723,11.6343
"OID20262",0,0,3.84684987244898,0.53786911025834,3.778,2.4592,6.0056
"OID20259",0,0,1.97791479591837,0.953345291225521,1.7662,-0.8155,7.2792
"OID20320",0,0,3.35778354591837,0.725124356831764,3.4137,0.0192,5.8855
"OID20270",0,0,1.7368806122449,0.697391638685127,1.6249,0.0951,5.0069
"OID20280",0,0,6.03658494897959,1.25944295994369,5.919,0.1308,11.1766
"OID20222",0,0,6.26809693877551,0.937175231547778,6.1235,4.1974,10.134
"OID20335",0,0,0.500397066326531,0.364541962860445,0.4094,-0.1884,2.2343
"OID20224",0,0,0.739262244897959,0.58440285576988,0.6505,-0.6498,3.5512
"OID20322",0,0,8.91572091836735,1.34304434308986,8.6838,6.0678,12.1292
"OID20189",0,0,2.87569885204082,0.552821923444454,2.8095,1.6004,5.7355
"OID20232",0,0,4.28066224489796,0.933830949134391,4.2369,1.6082,8.7182
"OID20188",0,0,4.75635038265306,0.861895156599966,4.686,2.5041,7.3767
"OID20163",0,0,2.43958533163265,0.590099513309678,2.4835,-0.8908,4.5534
"OID20051",0,0,0.82198762755102,0.515372231324028,0.728,-0.4546,5.0861
"OID20127",0,0,2.79231071428571,1.86005839142268,2.9398,-0.6355,7.8609
"OID20131",0,0,1.39565459183673,0.662727455875124,1.2896,0.0314,5.6292
"OID20118",0,0,0.696263010204082,0.466678376272489,0.6551,-0.4941,3.3127
"OID20066",0,0,0.485391836734694,0.482581593823268,0.4213,-0.7622,4.7763
"OID20053",0,0,1.29593737244898,0.795156950341797,1.2379,-0.8465,7.714
"OID20119",0,0,0.455615051020408,0.516206339814687,0.3667,-0.7528,4.0155
"OID20049",0,0,2.36317551020408,2.07525412095144,1.7615,-2.1017,10.0773
"OID20309",0,0,2.43794604591837,1.1579914284715,2.29,-0.5997,7.4678
"OID20121",0,0,3.09332755102041,0.789014388278484,3.1131,0.2504,5.519
"OID20058",0,0,0.104395663265306,0.495060576302031,0.07,-1.5575,4.4875
"OID20256",0,0,5.73436071428571,0.656374372419306,5.7699,3.7897,7.8798
"OID20147",0,0,2.73831211734694,0.460606776766445,2.6861,1.4463,4.9625
"OID20238",0,0,2.71826492346939,0.689281406354545,2.6832,0.788,5.5386
"OID20160",0,0,0.966655867346939,0.43096542925985,0.9242,-0.1844,3.6325
"OID20061",0,0,0.269949234693878,0.784418880559496,0.155,-1.7428,6.2993
"OID20151",0,0,1.8109631377551,0.880104824974502,1.6988,0.0301,6.2461
"OID20235",0,0,2.89481084183673,0.660569552459916,2.8724,0.3078,5.6852
"OID20323",0,0,4.10907193877551,0.581330916835918,4.1792,2.2238,5.7569
"OID20417",0,0,4.8917325255102,0.47491793104369,4.8517,3.4046,7.1922
"OID20305",0,0,3.11105216836735,1.25933039494104,2.9892,0.4218,8.3576
"OID20284",0,0,3.86067946428571,0.54452550699137,3.8275,2.5571,7.0365
"OID20393",0,0,2.96593380102041,0.7516391300223,2.935,0.4546,5.8534
"OID20278",0,0,4.78916211734694,0.86138711284019,4.7132,2.2355,7.7201
"OID20078",0,0,0.520005612244898,1.04285081455806,0.2335,-0.323,8.076
"OID20366",0,0,2.05624132653061,0.52199737464172,2.0196,0.5409,4.4927
"OID20052",0,0,0.445545408163265,0.439917231945153,0.4171,-0.9525,4.55
"OID20252",0,0,4.67249897959184,1.07143442868289,4.497,0.1991,9.4306
"OID20140",0,0,0.529739158163265,0.692318781622147,0.3149,-0.749,4.982
"OID20285",0,0,4.69649668367347,0.354180368563219,4.6757,3.4784,6.3177
"OID20132",0,0,1.59907385204082,0.658458980913235,1.4605,0.2022,4.8404
"OID20348",0,0,2.10184119897959,0.700915380721085,1.9954,0.1668,4.5044
"OID20209",0,0,4.55284400510204,0.594738784662557,4.5185,2.934,6.678
"OID20291",0,0,4.22126288265306,0.491313123242292,4.1842,2.2901,6.156
"OID20318",0,0,7.0765612244898,0.52540816208275,7.0793,5.6197,9.9604
"OID20156",0,0,2.24700637755102,1.07418576990234,2.1447,-0.0624,7.6504
"OID20240",0,0,3.19034923469388,0.848311299595334,3.101,0.7214,5.6072
"OID20269",0,0,4.9871,0.396325627791004,4.9693,3.366,6.7297
"OID20184",0,0,1.62744846938776,1.15452235140576,1.4476,-0.7572,6.9577
"OID20190",0,0,2.57025089285714,0.476935336735541,2.5342,1.3609,4.9253
"OID20123",0,0,0.48498125,0.375440514654321,0.4269,-0.4423,2.751
"OID20126",0,0,1.13378392857143,0.91818777975884,0.9417,-0.7454,6.0302
"OID20245",0,0,3.19986900510204,1.4002689920277,2.9799,-0.0917,8.8341
"OID20337",0,0,3.09202767857143,0.626638371344344,3.026,1.182,6.4101
"OID20226",0,0,4.53286900510204,0.965815881750588,4.4309,2.1769,10.3732
"OID20092",0,0,0.728966071428571,0.616866817717897,0.6654,-0.9275,4.0804
"OID20331",0,0,1.12871364795918,1.0948835164832,0.8427,-0.6784,6.685
"OID20214",0,0,3.77678201530612,1.24587675827209,3.7572,0.2251,9.045
"OID20316",0,0,6.27305535714286,0.73785272507788,6.1877,4.1006,8.6799
"OID20161",0,0,2.38901989795918,0.388415910562406,2.3765,1.2969,4.2892
"OID20125",0,0,2.04940790816327,2.16232567901648,1.4147,-1.3665,10.9433
"OID20087",0,0,1.50868596938776,0.865952551979923,1.3493,-0.3308,4.3648
"OID20064",0,0,0.243361734693878,0.404389807536476,0.2603,-1.0089,3.431
"OID20164",0,0,1.12962971938776,0.62154507643475,1.0904,-0.3269,3.6883
"OID20191",0,0,2.26330637755102,0.810710537297342,2.0892,0.3441,6.4692
"OID20295",0,0,4.22531823979592,1.10301274384733,4.0608,1.5519,8.5229
"OID20142",0,0,2.75730612244898,0.741695426082044,2.719,-0.5177,5.8501
"OID20236",0,0,2.20442295918367,0.689932645135317,2.0606,0.4297,6.5117
"OID20137",0,0,3.88307321428571,1.10666785521188,3.7992,0.2851,8.0146
"OID20124",0,0,0.185278954081633,0.385139539063594,0.1847,-1.2314,2.1487
"OID20242",0,0,3.93372755102041,0.750696283455223,3.7994,2.2531,6.7202
"OID20103",0,0,1.99976428571429,1.06711620287905,1.8355,-0.187,6.662
"OID20116",0,0,1.67779732142857,0.602074330560832,1.6236,-0.0032,4.3091
"OID20274",0,0,3.83195892857143,1.86678822201975,3.7702,-0.4845,8.3829
"OID20272",0,0,4.67042028061224,0.83640485904519,4.6662,2.469,7.8104
"OID20201",0,0,2.26899821428571,1.20069582968571,2.123,-0.5125,6.7313
"OID20117",0,0,2.48521173469388,1.3169198751881,2.3787,-0.8425,6.2387
"OID20093",0,0,0.274751530612245,0.340738596821953,0.2263,-0.4421,2.9019
"OID20376",0,0,2.22187448979592,0.451488566785956,2.1702,0.9669,8.1094
"OID20369",0,0,2.11751887755102,0.588810481472145,2.0548,0.0406,4.5667
"OID20079",0,0,0.261527423469388,0.905253211036812,0.0351,-1.3226,4.3279
"OID20090",0,0,3.3217112244898,1.55156536755948,2.9131,0.7809,10.9917
"OID20297",0,0,3.60271785714286,0.808915016485214,3.5382,1.225,6.831
"OID20308",0,0,5.60898520408163,0.987168317375821,5.561,1.6166,8.5367
"OID20128",0,0,0.375978316326531,0.402464980813007,0.3216,-0.694,3.1666
"OID20255",0,0,3.82523660714286,0.709547235288254,3.7135,2.1047,6.3551
"OID20332",0,0,6.32976237244898,0.711506950268902,6.2533,4.0395,8.7
"OID20249",0,0,3.98649285714286,0.421643022249871,4.01,1.8212,5.3244
"OID20073",0,0,0.603758673469388,0.361731497660586,0.5415,-0.0463,3.2331
"OID20130",0,0,1.54811109693878,0.678574295923025,1.445,-0.0926,5.4354
"OID20076",0,0,1.06788290816327,0.782508593068482,0.9016,-0.3504,8.7976
"OID20394",0,0,5.35887844387755,0.715627903881922,5.3042,3.5116,8.7234
"OID20185",0,0,2.65918698979592,0.718558430126684,2.5354,1.0986,5.4186
"OID20399",0,0,4.00130994897959,1.7367355571537,3.9435,0.1924,9.4477
"OID20248",0,0,2.8726493622449,0.47884631798188,2.8728,1.191,4.6502
"OID20192",0,0,2.97228392857143,1.79497897763813,2.8212,-0.3426,9.1127
"OID20111",0,0,2.45471568877551,0.570573554880325,2.3824,1.1776,4.7871
"OID20158",0,0,2.50166096938776,1.40842189139856,2.1301,0.229,7.978
"OID20088",0,0,0.0469860969387755,0.437761574536949,0.0041,-1.0162,2.1685
"OID20105",0,0,2.01090663265306,1.33136237415757,1.5736,-0.3049,6.9558
"OID20303",0,0,4.50835625,0.540726338068708,4.5262,2.5053,6.1694
"OID20294",0,0,2.75782295918367,0.983288761602179,2.5753,0.672,7.2963
"OID20221",0,0,4.9445737244898,1.02269107491511,4.8792,2.6007,7.6827
"OID20155",0,0,1.66566109693878,0.805196993580979,1.5363,-0.349,4.218
"OID20251",0,0,4.12514298469388,1.3729965635524,3.9799,0.8291,8.9553
"OID20336",0,0,2.74285701530612,0.631425964856561,2.7358,1.0527,8.3532
"OID20173",0,0,3.31462806122449,0.576841295091135,3.2199,1.8583,6.2382
"OID20207",0,0,4.57429017857143,1.3884600493263,4.5404,0.873,9.014
"OID20334",0,0,5.49087283163265,1.24985020260607,5.4963,1.5334,9.4873
"OID20415",0,0,5.92030969387755,1.53402434438895,5.558,3.2571,11.8627
"OID20178",0,0,4.46292704081633,1.27685287700287,4.5536,0.8418,8.4337
"OID20306",0,0,2.42088367346939,0.48032603200906,2.3703,1.2184,4.6732
"OID20367",0,0,3.45553482142857,0.637387067922033,3.3922,2.0112,8.6152
"OID20258",0,0,4.69080676020408,1.68640791896174,4.238,1.7155,10.1519
"OID20234",0,0,5.11191428571429,1.00777070562769,5.18,1.1329,8.4374
"OID20392",0,0,2.68941173469388,1.00515170233913,2.486,0.489,6.4686
"OID20397",0,0,4.14370280612245,0.714191820480793,4.0373,2.4321,7.2879
"OID20204",0,0,4.87827602040816,0.68348519631002,4.8121,2.9436,7.2863
"OID20409",0,0,7.57670803571429,1.23006356786768,7.3685,4.3092,11.4556
"OID20150",0,0,1.09495956632653,0.629798078050848,0.9754,-0.0956,4.1966
"OID20414",0,0,4.52084744897959,0.744419820386685,4.3977,2.7611,7.2091
"OID20346",0,0,1.8548193877551,0.722817117177954,1.7442,0.0519,5.5968
"OID20352",0,0,2.39721301020408,0.697338309934492,2.4785,0.1511,4.6104
"OID20129",0,0,1.63840599489796,0.913627725090157,1.6147,-1.1989,7.8122
"OID20227",0,0,2.20442423469388,1.23478792567966,2.0978,-1.0436,7.1879
"OID20412",0,0,3.70290140306122,1.40036225933859,3.6982,-0.2102,10.2929
"OID20112",0,0,2.9003137755102,1.59656334151283,2.7692,-0.7932,7.6731
"OID20403",0,0,7.12388660714286,0.589057101367072,7.0883,5.1037,10.6503
"OID20169",0,0,4.48603966836735,1.71105908098347,4.2357,1.3534,9.3883
"OID20228",0,0,4.92502895408163,0.838232424913993,4.8689,2.5551,7.7117
"OID20091",0,0,0.95091237244898,0.847885748699672,0.7243,-0.5324,5.404
"OID20416",0,0,3.16416288265306,0.681709074559682,3.1649,-0.0765,7.0456
"OID20233",0,0,5.50807869897959,1.21225551863885,5.2734,2.8022,10.4074
"OID20275",0,0,0.352777168367347,0.875293895953163,0.1201,-1.2857,6.1673
"OID20277",0,0,3.86938469387755,0.416354449578345,3.8754,2.2552,6.1895
"OID20382",0,0,5.38767168367347,0.776781906362941,5.4676,0.6882,7.9931
"OID20388",0,0,4.86462844387755,0.668047719381832,4.7702,3.4007,9.0248
"OID20162",0,0,3.98944221938776,1.1650804174814,3.7777,1.4425,9.1394
"OID20405",0,0,4.79664400510204,0.897676954136066,4.6921,2.6264,8.8739
"OID20153",0,0,3.1213875,1.14804722680074,3.0691,0.0506,7.7539
"OID20080",0,0,0.100888775510204,0.256255548639362,0.0922,-0.8058,2.2809
"OID20326",0,0,2.19942142857143,1.30489484421436,1.932,-0.3174,7.5291
"OID20370",0,0,1.33823265306122,0.477096468934036,1.3164,0.0101,3.7758
"OID20404",0,0,3.98375408163265,0.905019305825521,4.0815,0.5454,6.5174
"OID20267",0,0,5.26409017857143,0.743286555281536,5.16,3.273,7.9704
"OID20282",0,0,6.46170114795918,0.73103431731305,6.3311,4.5758,9.2545
"OID20168",0,0,0.767813392857143,0.704782019079732,0.7589,-1.1709,2.8853
"OID20402",0,0,3.27540242346939,0.494554774403769,3.3123,0.3581,4.8554
"OID20098",0,0,1.56849119897959,0.497712226949223,1.5359,-0.0572,4.5249
"OID20183",0,0,2.85197257653061,0.819238308915596,2.7745,0.8106,6.0462
"OID20329",0,0,3.12801836734694,0.794035137050234,3.1076,0.5396,6.8076
"OID20186",0,0,1.77496683673469,0.628719675505311,1.7021,0.1888,4.2554
"OID20170",0,0,2.38763762755102,0.667632800169414,2.366,0.4738,4.6654
"OID20181",0,0,3.55730051020408,0.445104923070108,3.5076,2.2375,5.1531
"OID20225",0,0,2.00422130102041,1.33594276278338,1.8543,-0.429,7.4031
"OID20333",0,0,1.76805816326531,0.885921374832656,1.7162,-0.9419,6.2023
"OID20315",0,0,4.81037729591837,0.463626865888698,4.7601,3.5178,7.0398
"OID20263",0,0,5.40479910714286,1.85729379022405,4.9543,2.1448,11.5146
"OID20149",0,0,0.340388903061224,1.15786611786,0.0739,-2.2212,4.7682
"OID20243",0,0,1.74131364795918,0.41108155182741,1.6838,0.7233,3.416
"OID20276",0,0,3.11237079081633,0.960574377821461,2.951,1.2544,6.9496
"OID20246",0,0,5.83456683673469,1.94327901033994,5.6999,0.712,11.5073
"OID20198",0,0,2.11481556122449,0.564055126186219,2.1205,0.4918,4.2282
"OID20176",0,0,1.4948881377551,0.788774630746595,1.3974,-0.3403,4.6794
"OID20406",0,0,3.7442193877551,0.460337644039879,3.7401,2.4177,5.5774
"OID20115",0,0,0.672851403061224,0.753859155246852,0.6488,-2.8317,4.9423
"OID20328",0,0,6.80405829081633,0.905510438021936,6.6875,4.8024,10.3069
"OID20313",0,0,2.28674604591837,1.03779879318258,2.2356,0.1325,5.4897
"OID20218",0,0,4.37098928571429,1.83128803779098,4.4014,0.5539,9.2506
"OID20400",0,0,7.1549012755102,1.01910329794176,6.9301,4.8328,11.0079
"OID20165",0,0,2.8350174744898,0.873300788468655,2.6747,0.8667,6.2624
"OID20193",0,0,2.56634234693878,0.5819628646916,2.5449,0.6754,4.5145
"OID20081",0,0,2.43348010204082,0.567278039984156,2.3984,0.9853,4.9362
"OID20311",0,0,5.78507959183673,0.315696604141539,5.7727,4.8038,7.3552
"OID20197",0,0,2.60263724489796,0.974684716468119,2.5082,0.3268,5.7684
"OID20327",0,0,6.57964107142857,1.04764503198802,6.4841,3.5811,10.7888
"OID20288",0,0,1.6815299744898,0.549970923538395,1.6457,0.6364,5.7021
"OID20172",0,0,3.48108227040816,0.661362532516819,3.515,-0.3932,5.7718
"OID20411",0,0,6.39273507653061,0.562744567778067,6.3321,4.8096,8.1671
"OID20390",0,0,2.04516734693878,0.455624881507684,2.0274,0.5873,3.8924
"OID20317",0,0,5.46357602040816,0.527682517229837,5.4189,3.9458,7.388
"OID20174",0,0,3.40979732142857,0.818488883815923,3.2899,1.4757,7.6195
"OID20182",0,0,2.30761900510204,1.39158386884116,2.0542,-0.3791,7.1041
"OID20356",0,0,0.700997448979592,0.261390120635608,0.6758,0.0838,2.2721
"OID20362",0,0,4.59746798469388,0.734843006270832,4.5445,2.3179,7.4367
"OID20264",0,0,4.38189579081633,0.76232064136455,4.3145,2.5034,7.531
"OID20304",0,0,6.29102908163265,0.798129269415999,6.318,4.1255,9.0216
"OID20145",0,0,1.94903239795918,0.66543102335385,1.9211,-0.0526,4.5132
"OID20374",0,0,3.09746772959184,0.6759719274567,3.1441,-0.5456,6.9678
"OID20363",0,0,2.92365854591837,0.550213165126802,2.852,1.6699,5.812
"OID20384",0,0,4.69452908163265,0.831389857032594,4.6289,2.7081,9.8279
"OID20086",0,0,3.46967295918367,1.26157713544103,3.3274,0.6145,8.2002
"OID20177",0,0,4.46828303571429,1.23531521459832,4.3914,1.3314,8.4753
"OID20089",0,0,0.402241581632653,0.379257078075066,0.3503,-0.3354,3.2247
"OID20146",0,0,3.35162602040816,1.21750881430519,3.3712,0.2473,7.7185
"OID20298",0,0,3.5007737244898,1.08461668544856,3.4602,-1.0874,8.7574
"OID20074",0,0,1.65184119897959,0.571314496530091,1.5672,0.336,5.7025
"OID20378",0,0,7.26766466836735,0.941945254251427,7.2355,4.3331,10.2559
"OID20339",0,0,4.22647257653061,0.953845200672505,3.9495,2.7157,8.6111
"OID20229",0,0,4.2106049744898,0.684237774792413,4.0967,2.4753,8.1361
"OID20398",0,0,4.10953903061225,0.932042870388603,4.2322,0.666,7.0404
"OID20223",0,0,2.46308673469388,0.9280635954464,2.3437,0.0588,5.6356
"OID20108",0,0,3.68798596938776,0.89399086526919,3.5863,1.5356,7.1257
"OID20354",0,0,1.50313571428571,0.379277351079847,1.4995,0.5561,3.3121
"OID20391",0,0,4.63715140306122,0.75250329927906,4.6578,1.0093,7.749
"OID20110",0,0,1.78720982142857,1.26702940263626,1.6076,-1.2752,7.1967
"OID20114",0,0,4.3648193877551,0.790534614493102,4.2813,0.0682,7.0331
"OID20418",0,0,6.79162704081633,0.838873249434335,6.7122,4.8638,10.001
"OID20136",0,0,0.825251785714286,0.434871982538905,0.7896,-0.3442,2.7274
"OID20139",0,0,1.83517869897959,1.25644742415805,1.66,-0.7819,5.8474
"OID20373",0,0,2.78995484693878,0.718968369505503,2.698,0.5811,9.8353
"OID20057",0,0,0.209421301020408,0.414643347606433,0.1716,-0.7866,3.9519
"OID20345",0,0,2.02800420918367,0.393088226825869,1.9776,1.211,5.569
"OID20135",0,0,2.81179209183673,1.12211839463797,2.6803,0.445,6.9352
"OID20065",0,0,0.492357908163265,0.267472486287428,0.4881,-0.3518,1.617
"OID20347",0,0,0.924182525510204,0.570309968586351,0.9653,-0.9379,3.343
"OID20083",0,0,1.60448992346939,2.53280505689501,0.3923,-2.6655,8.0457
"OID20134",0,0,0.182762755102041,0.602952076245151,0.0999,-1.0406,4.7119
"OID20351",0,0,3.15664158163265,0.57662834019254,3.1463,1.2059,5.4048
"OID20055",0,0,0.150785331632653,0.510968994619757,0.1248,-1.1445,4.2932
"OID20247",0,0,4.5392181122449,0.950420308999325,4.5094,1.1083,8.655
"OID20349",0,0,3.74211339285714,0.471445056436089,3.7768,0.8665,5.2275
"OID20059",0,0,0.0325192602040816,0.487626161320904,-0.0326,-0.9499,3.6528
"OID20368",0,0,3.12413010204082,1.00478170719727,3.0201,0.8455,7.04
"OID20075",0,0,2.66258482142857,1.56321948817535,2.4418,-0.2111,9.0702
"OID20237",0,0,3.44647040816327,0.863724171087568,3.5385,-0.3657,6.1738
"OID20244",0,0,4.73478418367347,1.23597278969368,4.6244,1.5286,10.0932
"OID20056",0,0,0.198943494897959,0.45414046758674,0.162,-0.8636,3.4444
"OID20070",0,0,0.0580326530612245,0.709150007353777,-0.0825,-1.1677,5.2699
"OID20271",0,0,6.28617780612245,1.53106948850741,5.9894,3.2109,11.5679
"OID20239",0,0,2.96858724489796,0.888330688251257,2.8304,0.7457,6.8611
"OID20152",0,0,2.67052818877551,1.04531608210303,2.4712,0.5936,6.8979
"OID20082",0,0,1.54516390306122,0.652761346132271,1.4682,-0.1537,4.4912
"OID20380",0,0,4.10081581632653,0.671506866764765,3.9957,2.3479,10.1499
"OID20141",0,0,4.34689655612245,1.07742656547236,4.171,2.2422,9.0251
"OID20072",0,0,1.10376084183673,0.323521012734129,1.064,0.2592,4.2512
"OID20062",0,0,0.543969260204082,0.563545869346213,0.4482,-0.8444,4.8794
"OID20375",0,0,3.26909910714286,0.926217153763159,3.1465,0.9213,8.1531
"OID20253",0,0,2.55992589285714,0.617633097330013,2.4841,1.0239,4.6197
"OID20296",0,0,2.46549209183673,0.779614059848115,2.41,0.0839,5.5173
"OID20353",0,0,2.53706301020408,0.662895810162235,2.4342,1.1491,8.8689
"OID20095",0,0,3.78077474489796,1.52213389327026,3.4439,0.9184,9.3013
"OID20068",0,0,0.945951785714286,0.593519104003174,0.8054,-0.3992,4.8384
"OID20283",0,0,4.52073073979592,0.588495949880508,4.4421,3.1329,7.0696
"OID20371",0,0,1.87715790816327,1.19293978476613,1.6157,-0.0617,7.4273
"OID20268",0,0,2.60685905612245,0.439668171919873,2.5964,1.2806,4.451
"OID20330",0,0,0.308946173469388,0.386308933058197,0.2526,-0.405,2.488
"OID20355",0,0,4.97483660714286,0.929492384419563,5.0322,1.7859,8.3555
"OID20338",0,0,5.36878635204082,0.919844163160585,5.2771,0.348,8.8134
"OID20364",0,0,3.31725025510204,1.49501104070379,3.0072,-0.843,10.4399
"OID20102",0,0,2.71671339285714,1.09279713224686,2.5104,0.0341,6.6834
"OID20357",0,0,1.51210727040816,0.335317727957688,1.5077,0.4386,4.204
"OID20365",0,0,1.63033737244898,0.557220939091192,1.5309,0.4328,3.9133
"OID20343",0,0,0.576385076530612,0.442599618063355,0.5113,-0.3576,4.2446
"OID20250",0,0,2.85294017857143,1.20547872243696,2.6805,0.1413,7.9216
"OID20085",0,0,1.67455153061224,0.922620839488628,1.4917,0.0386,6.4027
"OID20067",0,0,0.10830637755102,0.565749294204477,0.1152,-1.4337,5.0659
"OID20301",0,0,6.69090089285714,0.562804247367488,6.6986,4.7205,9.1234
"OID20230",0,0,5.93398545918367,1.40629211521859,5.9781,1.1473,9.2015
"OID20215",0,0,4.29787831632653,1.03699407756183,4.2867,1.5295,8.9108
"OID20213",0,0,4.52294783163265,0.642481006071462,4.5098,2.8215,6.648
"OID20084",0,0,1.17369170918367,0.71846059280782,1.0633,-0.7701,4.2831
"OID20319",0,0,2.70788163265306,0.287583277906027,2.7226,1.6155,3.5566
"OID20063",0,0,-0.296305994897959,0.451259776489296,-0.3333,-1.8417,1.8215
"OID20342",0,0,6.77710790816327,1.18193877132917,6.7983,2.1185,10.6761
"OID20478",0,0,1.04163354591837,0.959909531289385,0.9412,-1.4783,4.6387
"OID20488",0,0,0.222945790816327,0.763574481581355,0.0424,-1.2967,5.6784
"OID20755",0,0,5.28083839285714,0.646257578580526,5.2261,3.5021,8.1051
"OID20469",0,0,0.567429464285714,0.543782877362944,0.4653,-0.809,4.6761
"OID20495",2,0.255102040816327,2.67300626598465,2.12240547490263,2.6483,-6.1943,8.7901
"OID20765",0,0,5.57822091836735,0.76807253526874,5.5455,3.0506,8.7598
"OID20484",0,0,1.12188010204082,0.852905280697167,1.0024,-0.5312,4.7716
"OID20567",0,0,2.47076275510204,1.04428699348735,2.3177,0.4066,8.4701
"OID20562",0,0,3.39965816326531,0.720431444087025,3.3355,1.4272,7.0794
"OID20472",0,0,0.333810331632653,1.16054459913118,0.2798,-4.5802,6.5366
"OID20758",0,0,6.8946006377551,1.184339458404,6.6711,4.6181,11.3649
"OID20463",0,0,0.46600931122449,0.573312632102023,0.4235,-1.3321,4.0827
"OID20744",0,0,4.40483762755102,1.02047930170617,4.222,2.2559,8.608
"OID20452",0,0,0.479097576530612,0.57563309659631,0.413,-1.1205,3.848
"OID20651",0,0,3.97492946428571,0.714068362730836,3.8753,2.0761,6.7754
"OID20652",0,0,6.68109910714286,0.762413800675361,6.6344,4.5688,9.6911
"OID20742",0,0,4.70239272959184,1.46748311147455,4.5205,1.8258,10.4224
"OID20733",0,0,4.12919145408163,0.648614883928488,4.0443,2.669,7.4107
"OID20584",0,0,1.31889859693878,0.547602039883778,1.2169,0.1184,3.5754
"OID20533",0,0,4.41232155612245,1.09163678274777,4.3561,0.9697,8.9265
"OID20516",0,0,-0.0546366071428571,0.302250936782534,-0.1116,-0.8156,2.6834
"OID20431",0,0,0.204926530612245,1.2738025167519,0.2922,-4.8667,10.7691
"OID20458",0,0,0.645467984693878,0.671553717347152,0.5426,-0.4538,7.3082
"OID20764",0,0,6.72855153061225,0.864941687991005,6.5894,4.8589,9.85
"OID20576",0,0,3.57647653061224,1.12163128607426,3.3696,1.3668,7.1813
"OID20537",0,0,3.74223214285714,0.80625168991873,3.644,1.676,6.9013
"OID20715",0,0,3.0522631377551,1.08125523344524,2.9783,0.3561,10.5392
"OID20449",0,0,0.344731632653061,0.532523931834416,0.2796,-0.9301,3.7213
"OID20698",0,0,2.74662920918367,1.52638033432294,2.7691,-0.6906,7.436
"OID20509",0,0,0.595129974489796,1.11160299422196,0.2515,-0.9928,6.7479
"OID20558",0,0,2.65021696428571,1.32815726943113,2.5283,0.4895,7.2921
"OID20457",0,0,0.334242219387755,0.420125119830164,0.3196,-0.8602,4.7043
"OID20441",0,0,-0.0241085459183673,0.487464382263366,-0.0665,-1.2842,3.5096
"OID20703",0,0,5.10586415816327,1.08820615951092,5.0094,2.4945,9.1923
"OID20662",0,0,5.89466020408163,0.754018455027158,5.8007,3.892,8.6579
"OID20630",0,0,3.80116875,0.950204102054471,3.6829,1.1708,7.8182
"OID20763",0,0,4.65458112244898,0.784426857921517,4.6685,2.384,7.1683
"OID20658",0,0,4.26336135204082,0.923987410154403,4.1285,1.8559,7.7954
"OID20786",0,0,4.88620216836735,1.05636141509091,4.607,2.7883,10.3028
"OID20773",0,0,6.32870522959184,0.717703805959559,6.3075,0.3486,9.6629
"OID20759",0,0,4.21398456632653,1.02889596584662,4.0496,2.0625,8.217
"OID20740",0,0,4.17956147959184,1.29900238279974,4.2229,0.3424,7.3288
"OID20534",0,0,1.74486734693878,0.914831814902725,1.6238,-0.9593,7.8073
"OID20524",0,0,2.17759489795918,1.60524741922681,1.7494,-0.4132,7.7989
"OID20552",0,0,2.37718533163265,0.966382504422967,2.2684,-0.2801,7.082
"OID20714",0,0,6.61238635204082,1.31704063392998,6.5555,3.1248,12.4295
"OID20632",0,0,5.46609834183673,0.765546885821245,5.4873,2.9967,8.0481
"OID20626",0,0,5.05242665816326,0.674782934714506,4.922,3.5891,8.3939
"OID20587",0,0,2.95260918367347,0.996028314000677,2.8499,0.4543,7.1452
"OID20656",0,0,8.37348290816326,1.59805706259637,7.9207,5.6052,13.6215
"OID20500",0,0,1.77739336734694,0.87840312038221,1.627,0.1941,7.9692
"OID20619",0,0,1.03699272959184,0.333771139631301,1.023,-0.3414,2.4985
"OID20551",0,0,3.13695089285714,1.53926949083462,3.0421,-0.1174,8.2526
"OID20713",0,0,3.5247493622449,0.795716425193491,3.3441,1.7769,7.1025
"OID20685",0,0,2.82723775510204,1.18894309814596,2.6979,0.8265,7.8126
"OID20636",0,0,2.34049795918367,1.19517501037984,2.0755,-1.0745,6.987
"OID20668",0,0,6.57499183673469,0.706316607458433,6.5308,4.6683,8.855
"OID20616",0,0,4.21459540816327,1.42131449694028,4.2575,1.0262,8.9844
"OID20778",0,0,7.97276071428571,1.97854448165504,7.569,3.9169,15.7268
"OID20774",0,0,3.98523099489796,0.735052133803079,3.9116,2.3192,7.003
"OID20732",0,0,6.09587079081633,1.15251891914177,5.9839,1.4429,9.8941
"OID20720",0,0,2.71188673469388,0.755895428331334,2.5735,1.2465,6.2472
"OID20664",0,0,5.3933887755102,0.905864783397487,5.2371,3.3115,10.1816
"OID20752",0,0,3.93678137755102,1.10601015620553,3.8854,-0.8123,8.6555
"OID20580",0,0,1.85681198979592,0.536952665050513,1.8352,0.15,4.2592
"OID20569",0,0,2.04046466836735,0.818493593215304,1.9019,0.6405,7.2592
"OID20734",0,0,4.15752780612245,0.483390227690951,4.1114,2.4967,6.3803
"OID20697",0,0,6.83157780612245,1.51737424429804,6.9987,2.2257,10.6491
"OID20612",0,0,3.09063558673469,0.719951598963058,3.1314,0.7816,5.9103
"OID20614",0,0,5.21629183673469,0.349232468854729,5.1836,4.3305,6.5253
"OID20538",0,0,3.62128073979592,0.738732993307623,3.5518,1.8749,6.4614
"OID20610",0,0,3.90902653061224,1.03042659237994,3.7901,1.2181,8.7425
"OID20481",0,0,1.42894056122449,0.639203968460158,1.3661,0.0465,5.6349
"OID20777",0,0,4.44203290816327,0.819581203329977,4.5152,0.131,6.7698
"OID20545",0,0,2.16583545918367,1.21595159832495,2.0129,-0.0794,7.0688
"OID20475",0,0,3.09976696428571,1.40851850272149,2.9644,0.076,8.5537
"OID20676",0,0,3.04491785714286,0.739190534293955,3.0211,0.9536,6.0916
"OID20474",0,0,1.37288647959184,0.965513397730076,1.2235,-1.527,5.0592
"OID20429",0,0,3.94675153061224,0.858219538830449,3.8706,1.1775,7.705
"OID20450",0,0,-0.0737184948979592,0.311381025541801,-0.0775,-1.4149,1.6736
"OID20554",0,0,2.3833375,1.45384485488162,2.3936,-0.4773,6.594
"OID20646",0,0,5.84827257653061,1.2670184539024,5.6241,3.1496,10.9867
"OID20753",0,0,4.9562256377551,0.908240482311641,4.8391,2.745,8.0425
"OID20571",0,0,1.75899744897959,0.573881145280027,1.6262,0.5691,5.4087
"OID20589",0,0,3.75671517857143,1.08842641920561,3.6689,1.1683,7.6097
"OID20751",0,0,5.46708852040816,0.86869499181705,5.3419,3.4487,8.38
"OID20660",0,0,3.74004795918367,0.842503907208281,3.646,1.9494,6.9739
"OID20592",0,0,0.430210076530612,0.554658908003681,0.4122,-1.4798,3.8982
"OID20593",0,0,2.88996454081633,1.74897271606083,3.2965,-2.1619,6.4701
"OID20639",0,0,3.430825,0.746783323390733,3.3869,-0.1023,6.2353
"OID20486",0,0,0.805102806122449,0.542171500124888,0.7474,-0.5378,3.5629
"OID20461",0,0,0.114581505102041,0.175912222472177,0.1134,-0.3973,0.8227
"OID20657",0,0,5.0552575255102,0.622763084164605,5.0331,2.8335,8.5248
"OID20671",0,0,5.60482385204082,1.68821892567322,5.3862,1.6664,11.3377
"OID20498",0,0,0.0820164540816326,0.540675457924358,0.0296,-1.3714,2.0505
"OID20666",0,0,5.62080803571429,1.00488473411757,5.6447,1.8375,8.87
"OID20490",0,0,1.01698788265306,0.570502239013032,0.9579,-0.5503,3.1725
"OID20598",0,0,1.76521135204082,0.406262445120652,1.726,0.7682,3.6511
"OID20540",0,0,3.22424298469388,0.816667267433836,3.1107,0.2399,6.7001
"OID20477",0,0,2.91552704081633,1.2899356694815,2.7007,0.2962,8.84
"OID20535",0,0,1.36495994897959,0.72460968723037,1.2737,-0.3675,4.2347
"OID20436",0,0,3.8217575255102,1.26257075794563,3.8848,0.5172,8.4602
"OID20482",0,0,1.53551403061225,0.654328195061698,1.42,-0.0611,5.5105
"OID20442",0,0,0.93938762755102,0.692880682451839,0.8448,-0.6443,7.0607
"OID20548",0,0,2.7836068877551,1.30830046894458,2.6982,-1.7612,6.6818
"OID20670",0,0,4.83594298469388,0.55705912432766,4.8143,1.6124,7.0792
"OID20601",0,0,4.3322306122449,1.13053395435433,4.2516,0.5288,9.5041
"OID20781",0,0,8.46511645408163,0.770288556966339,8.3913,5.7561,10.9551
"OID20585",0,0,2.76469272959184,0.784967107337783,2.6805,0.4609,5.4463
"OID20654",0,0,6.32258201530612,0.684184642365313,6.3892,4.0408,7.7305
"OID20788",0,0,5.19793035714286,1.4717572937029,5.3235,1.3117,9.8829
"OID20745",0,0,5.07807589285714,1.26293598999837,4.9164,1.5095,10.7371
"OID20439",0,0,0.618728316326531,0.540332955499379,0.5048,-0.6417,3.2639
"OID20422",0,0,0.0606133928571429,0.582071773573085,0.0361,-1.0988,6.3049
"OID20701",0,0,3.77566607142857,0.584764947524873,3.7301,1.6775,6.3492
"OID20678",0,0,1.47285280612245,0.568110001168453,1.3557,0.3147,3.809
"OID20691",0,0,3.64131645408163,0.95459175294279,3.4587,1.483,7.5321
"OID20501",0,0,0.841061479591837,0.582616837757171,0.736,-0.4047,3.7644
"OID20679",0,0,2.7125700255102,0.59722155371496,2.6657,1.0814,4.9967
"OID20675",0,0,4.50912448979592,1.21767752806827,4.3828,1.0638,8.9535
"OID20572",0,0,2.34596198979592,0.940070431756692,2.1927,0.4797,7.5834
"OID20680",0,0,5.56475153061225,0.829504126672217,5.483,3.3394,8.5526
"OID20689",0,0,4.04980255102041,1.45986901757442,3.9648,-0.9095,8.9396
"OID20434",0,0,-0.20693112244898,0.360140871048406,-0.2089,-1.2648,3.3347
"OID20427",0,0,0.817998086734694,0.788408275610582,0.6586,-1.2132,5.1049
"OID20435",0,0,-0.0107514030612245,0.268166955959869,-0.0274,-0.8956,1.5822
"OID20693",0,0,5.20571147959184,0.859104967602766,5.1669,2.7653,8.2244
"OID20717",0,0,3.21074349489796,1.50953285982789,3.0016,0.3272,8.3264
"OID20502",0,0,0.427381887755102,0.67064618624877,0.2471,-0.6127,4.7355
"OID20762",0,0,3.3981881377551,1.00804257135802,3.3376,0.6994,10.1967
"OID20787",0,0,5.24938839285714,1.36697263237259,5.0097,2.5802,12.0433
"OID20749",0,0,4.83988469387755,1.02738092519837,4.6893,2.5396,9.6928
"OID20730",0,0,4.27936007653061,0.867176607478164,4.1076,1.8974,8.4338
"OID20760",0,0,3.04196517857143,1.63277592674941,2.9508,-0.125,8.0684
"OID20447",0,0,0.818969897959184,0.714634872099686,0.7103,-0.6749,4.7022
"OID20451",0,0,0.642766964285714,0.700475652950163,0.529,-1.6479,4.9434
"OID20629",0,0,5.96572665816327,0.694899803974859,5.8919,3.8447,8.9295
"OID20683",0,0,1.50838086734694,1.22285336311409,1.2584,-0.3554,6.4725
"OID20623",0,0,6.05573711734694,0.926514568122046,6.0453,3.4023,8.9196
"OID20710",0,0,5.10094579081633,0.767858454311145,5.0247,3.3744,8.0171
"OID20455",0,0,0.505568112244898,0.857809337196718,0.3747,-1.2493,4.7194
"OID20702",0,0,5.5896443877551,0.726159169206986,5.5268,2.8017,8.1919
"OID20699",0,0,1.59774132653061,0.535254905651776,1.5217,0.3339,4.4874
"OID20491",0,0,0.613086607142857,0.907931774045297,0.4592,-1.2527,7.3382
"OID20560",0,0,3.65383660714286,0.411203100466392,3.7047,1.1143,4.9085
"OID20531",0,0,0.982835714285714,0.647934522140041,0.8436,-0.1811,4.7939
"OID20521",0,0,0.732450765306122,0.557689533691638,0.6281,-0.5147,3.6234
"OID20443",0,0,0.280509821428571,0.459295673478518,0.263,-1.3495,3.9815
"OID20468",0,0,0.193882653061224,0.437528034648698,0.154,-0.7666,2.895
"OID20748",0,0,6.09489043367347,1.07262804595937,5.9541,3.1267,12.5691
"OID20686",0,0,3.19182487244898,0.945919010223203,2.9955,1.192,8.7005
"OID20420",0,0,0.2929375,0.38660748232068,0.2552,-0.9486,3.8205
"OID20428",0,0,0.113730739795918,0.402076581964117,0.1044,-1.1076,1.782
"OID20496",0,0,0.635458163265306,1.00152190809695,0.7139,-7.5121,3.1294
"OID20606",0,0,4.19748316326531,0.579662328156862,4.1562,2.5326,7.4262
"OID20563",0,0,5.49109298469388,2.05657051941266,5.4096,0.3951,13.1353
"OID20590",0,0,4.94595586734694,0.807273929568004,4.8384,2.5825,8.1745
"OID20494",0,0,0.879203954081633,0.84649464756111,0.8925,-2.5385,3.8387
"OID20574",0,0,4.95079043367347,1.17802644501616,4.8663,1.7568,8.9884
"OID20453",0,0,-0.15367818877551,0.475793395895007,-0.1953,-1.5143,4.3074
"OID20536",0,0,2.62596619897959,1.01668560057382,2.4941,0.0239,6.7157
"OID20688",0,0,3.24268839285714,1.37538895897133,2.9982,-0.1378,7.8681
"OID20561",0,0,1.7898068877551,1.03495883557974,1.5289,-0.1218,6.1442
"OID20684",0,0,2.95050854591837,1.40934304532404,2.707,0.1597,8.7251
"OID20505",0,0,1.72511352040816,0.933385858604585,1.5772,-0.043,5.5449
"OID20726",0,0,3.97012295918367,0.652419339413137,3.9444,1.7164,5.9617
"OID20577",0,0,2.89381568877551,1.44060928170165,2.6747,0.1921,8.0296
"OID20737",0,0,5.52538290816327,1.33537571707783,5.2189,3.112,10.8467
"OID20425",0,0,1.40038903061224,0.933698734250959,1.1771,-0.33,6.6404
"OID20709",0,0,4.42430331632653,0.850181957093767,4.3266,2.6643,6.7623
"OID20705",0,0,4.80295982142857,0.39979549626105,4.7858,3.4118,6.7515
"OID20692",0,0,4.50759783163265,0.566673403640721,4.5182,2.9203,6.6394
"OID20424",0,0,1.05216007653061,0.778588379734745,0.9325,-0.4417,4.3453
"OID20761",0,0,3.47219885204082,1.65272939924777,3.4134,0.4977,9.2183
"OID20602",0,0,1.58831198979592,0.778051540764457,1.5892,-1.3954,4.4314
"OID20544",0,0,4.69720191326531,1.59335652274246,4.7197,1.7162,9.1881
"OID20725",0,0,3.79211913265306,0.823291535254508,3.7664,1.7429,6.705
"OID20582",0,0,1.77986517857143,1.37830128381451,1.6435,-0.6412,6.6296
"OID20677",0,0,3.51104846938776,0.861796551478766,3.5029,0.866,6.124
"OID20568",0,0,2.40985102040816,1.17696241446209,2.1225,0.4033,8.3473
"OID20550",0,0,0.474929336734694,0.496801048504033,0.3849,-0.3139,5.7537
"OID20634",0,0,-0.758179591836735,0.54707966979245,-0.8273,-2.1094,2.0056
"OID20547",0,0,1.56590803571429,0.704657896579953,1.5367,-0.7673,5.5283
"OID20647",0,0,4.89735420918367,1.11485146377952,4.7075,2.4374,10.2733
"OID20653",0,0,5.1322512755102,0.96703297844656,5.0763,2.6843,8.0592
"OID20575",0,0,1.83364693877551,0.619933815394469,1.7437,0.3564,4.1983
"OID20504",0,0,1.83516224489796,0.596875191844278,1.7715,0.0658,5.7946
"OID20628",0,0,3.42535369897959,0.560753453961132,3.3608,2.1341,6.5176
"OID20591",0,0,1.96135255102041,0.510112390434412,1.9083,0.6411,4.5347
"OID20620",0,0,5.21541007653061,0.958753457689416,5.103,2.9872,8.9477
"OID20514",0,0,0.794575892857143,0.592936813384989,0.6955,-0.4712,6.291
"OID20454",0,0,0.0972158163265306,0.702678531205385,-0.053,-0.8599,6.0168
"OID20583",0,0,1.31635331632653,1.05711828797834,1.0223,-0.8227,5.5325
"OID20738",0,0,5.34793048469388,1.12749110223594,5.1243,2.604,9.2124
"OID20586",0,0,2.28016466836735,0.522979701873105,2.2695,0.6669,4.2383
"OID20719",0,0,4.77288380102041,0.693014378931059,4.7514,2.6529,7.5812
"OID20750",0,0,6.28666071428571,0.80765520260585,6.2256,4.1079,9.7652
"OID20493",0,0,1.67256772959184,0.728246941327211,1.583,-0.109,5.2449
"OID20432",0,0,-1.42971900510204,0.35155417693303,-1.4722,-2.4124,1.2111
"OID20735",0,0,6.50612793367347,0.832763434951917,6.4352,4.5359,10.3897
"OID20487",0,0,2.94162678571429,0.634718927624606,2.9384,0.7806,5.9546
"OID20570",0,0,5.63707142857143,0.971216521572416,5.7408,2.3145,8.1391
"OID20736",0,0,1.93194107142857,0.456987180552863,1.919,-0.5461,3.5348
"OID20780",0,0,6.18073405612245,0.86393758015375,6.1262,4.048,8.4943
"OID20530",0,0,3.15075280612245,0.725161377815048,3.0695,1.4629,6.9069
"OID20532",0,0,0.910779719387755,0.552481726733916,0.7825,-0.0913,3.8109
"OID20599",0,0,3.33498316326531,0.732860479751294,3.3306,0.3219,6.1376
"OID20553",0,0,2.98721007653061,1.31948161394569,2.7841,0.2357,8.4298
"OID20611",0,0,6.82846556122449,0.65571330936185,6.8328,4.9014,8.714
"OID20775",0,0,4.72559579081633,3.03497904320438,5.7383,-1.8294,11.6249
"OID20607",0,0,4.23255892857143,0.592339585235454,4.2067,2.4611,6.3741
"OID20645",0,0,5.51933137755102,0.638003637222156,5.4435,4.1493,9.2791
"OID20747",0,0,4.62756721938776,0.671372462331404,4.6115,1.3508,6.8774
"OID20633",0,0,3.09200433673469,0.76602291649081,2.9809,1.6299,7.2215
"OID20631",0,0,6.47739413265306,1.2141724838665,6.4304,2.6106,11.2612
"OID20785",0,0,5.60924030612245,0.621950809352772,5.5446,4.0642,7.9814
"OID20581",0,0,1.33681632653061,0.771040016728016,1.2949,-0.7331,3.8352
"OID20485",0,0,2.18184642857143,0.978897221249562,2.0193,-0.2256,6.4112
"OID20483",0,0,0.940594005102041,1.17517030416134,0.8393,-1.4755,4.884
"OID20595",0,0,4.42720676020408,0.518161135647733,4.4113,2.675,7.1175
"OID20527",0,0,0.515123724489796,0.654438065114773,0.3598,-0.6824,4.7207
"OID20782",0,0,4.47815012755102,0.990911582272852,4.2907,2.4605,7.7664
"OID20694",0,0,5.63273609693878,0.79186382732924,5.5786,2.9632,9.3272
"OID20519",0,0,3.02598533163265,1.48467559544346,2.9796,0.1391,8.5104
"OID20696",0,0,3.48129948979592,0.630514458315853,3.4254,1.4382,5.4578
"OID20605",0,0,3.70771364795918,0.851091454779347,3.606,1.7777,8.1077
"OID20600",0,0,3.11975038265306,0.881835393353249,2.9901,1.1806,6.4611
"OID20597",0,0,2.66469770408163,1.08096128715926,2.4875,0.0956,7.3208
"OID20655",0,0,6.61754336734694,0.924321583107361,6.5915,3.8662,9.6191
"OID20542",0,0,1.64328482142857,0.644109339842432,1.5762,0.0691,4.9038
"OID20672",0,0,10.5235834183673,1.59428213442402,10.5812,5.5497,14.4781
"OID20648",0,0,3.88230982142857,1.12967011653946,3.7748,1.2265,7.8646
"OID20608",0,0,1.22464145408163,0.616751327793916,1.1848,-0.853,4.5636
"OID20784",0,0,6.06430012755102,1.07088416459702,5.9239,3.54,11.0697
"OID20546",0,0,1.90184553571429,1.12764256869749,1.7638,-0.9715,9.2828
"OID20727",0,0,3.42901862244898,0.848940492229136,3.3559,0.9761,6.7754
"OID20467",0,0,0.80853137755102,0.891794723950267,0.6016,-0.8239,4.9316
"OID20573",0,0,2.11620433673469,0.602290658570551,2.0567,0.3209,4.8234
"OID20438",0,0,1.91831645408163,0.582361151499799,1.8443,0.6881,4.5156
"OID20769",0,0,4.53963801020408,0.60547641960395,4.4983,2.9052,6.9779
"OID20430",0,0,-0.0888077806122449,0.52512010777483,-0.1403,-1.2673,4.1628
"OID20456",0,0,0.531063265306122,0.793295522427166,0.4063,-1.2664,5.0282
"OID20489",0,0,2.12806173469388,0.83109844784033,2.0991,-0.5501,5.6075
"OID20723",0,0,5.37946390306122,1.23380364767129,5.3218,2.2881,9.9372
"OID20665",0,0,5.01131339285714,0.59252022731894,5.0109,3.2198,7.7166
"OID20638",0,0,6.16876288265306,0.927737237724341,6.2273,2.9738,8.8963
"OID20729",0,0,2.79243698979592,1.73464628723635,2.6342,0.036,8.6856
"OID20637",0,0,5.40080637755102,0.674471090551646,5.3931,1.642,7.566
"OID20766",0,0,5.61506237244898,0.907978712582611,5.4731,2.7742,9.2913
"OID20470",0,0,-0.495593239795918,0.36999636450903,-0.5158,-1.5244,1.713
"OID20566",0,0,1.47764426020408,0.726759687738528,1.3592,-0.7728,4.8845
"OID20492",0,0,0.881307015306122,0.563221195657691,0.8152,-0.6535,3.5708
"OID20743",0,0,3.36457691326531,0.970669290034328,3.2819,1.043,7.5867
"OID20444",0,0,0.224870280612245,0.463802855156712,0.171,-0.9156,2.6563
"OID20564",0,0,2.51582091836735,0.641616883650686,2.4742,0.857,6.2427
"OID20783",0,0,6.90132882653061,1.01873113001416,6.7003,4.636,11.2122
"OID20772",0,0,5.41667551020408,1.43470584484715,5.3647,1.8084,10.09
"OID20473",0,0,2.06268801020408,0.713075545183194,1.9542,0.3125,6.4207
"OID20437",0,0,1.46621147959184,0.228274949430006,1.4743,0.6568,2.3964
"OID20716",0,0,5.24848724489796,0.478722777867426,5.1849,4.0508,7.788
"OID20708",0,0,1.80940663265306,1.0535824858136,1.5337,-0.2415,7.0531
"OID20728",0,0,5.24838596938775,0.599768120759188,5.2071,3.284,7.7985
"OID20617",0,0,5.72649604591837,0.987655634875114,5.6263,3.2804,9.5566
"OID20476",0,0,0.764488647959184,0.754283418391584,0.6773,-1.5452,7.7827
"OID20644",0,0,2.85580803571429,1.3069163451441,2.7491,-0.9478,6.803
"OID20770",0,0,5.64312602040816,0.831655644802297,5.5829,3.5852,9.1973
"OID20779",0,0,4.35239170918367,1.98671923914603,4.5937,0.0164,8.2502
"OID20588",0,0,3.04608494897959,1.38473137147236,2.8572,0.1086,8.7189
"OID20756",0,0,5.49399005102041,1.14842222925933,5.3172,3.1751,9.665
"OID20596",0,0,2.91586556122449,1.59072643520515,2.7086,-0.4637,7.9888
"OID20650",0,0,7.78488558673469,1.00403259545167,7.6707,5.5145,10.7266
"OID20539",0,0,-0.122572576530612,0.412517312706694,-0.1344,-0.9307,5.4106
"OID20754",0,0,4.00613737244898,0.718719219190962,3.94,1.9763,7.0731
"OID20642",0,0,4.16636364795918,1.03435491377724,4.147,0.5213,7.1546
"OID20578",0,0,3.04101875,0.597627776634698,3.0322,0.6896,5.1161
"OID20661",0,0,4.24364655612245,0.781862725447417,4.2032,1.4387,8.7127
"OID20497",0,0,1.99057015306122,0.737216605725081,1.9268,0.201,5.5126
"OID20555",0,0,0.814816581632653,0.650157626397443,0.6602,-0.301,5.0572
"OID20446",0,0,0.417793494897959,0.493527976535291,0.3402,-0.7483,4.1436
"OID20669",0,0,6.90522602040816,0.960299131842309,6.8495,4.2876,11.2877
"OID20579",0,0,2.98191632653061,1.67367495807921,2.9655,-0.4684,8.1562
"OID20731",0,0,6.46822053571429,0.900198175995493,6.4407,3.6473,9.3737
"OID20466",0,0,0.198627423469388,0.357941609178932,0.2125,-1.0232,2.4713
"OID20700",0,0,2.63309591836735,1.35274932668687,2.5327,-0.9058,7.6249
"OID20721",0,0,6.90605140306122,0.836625019569506,6.8635,4.6782,10.4278
"OID20635",0,0,5.6152200255102,1.16657130344548,5.3447,2.947,10.5757
"OID20746",0,0,4.76850395408163,0.608145309669263,4.6414,3.4373,7.5495
"OID20445",0,0,1.2741237244898,0.852473708945218,1.1536,-0.463,4.6971
"OID20622",0,0,5.01106109693878,0.907370373590804,5.0152,2.5859,7.4869
"OID20613",0,0,6.06620956632653,0.788801197348066,6.0022,2.7954,9.4198
"OID20462",0,0,2.03001964285714,0.637449692600963,2.0169,0.3998,5.8227
"OID20557",0,0,1.79903852040816,0.760704343643215,1.7163,-0.0239,4.5086
"OID20464",0,0,1.57200522959184,0.633423221135372,1.5524,-1.0627,3.8066
"OID20618",0,0,-0.918647321428571,0.379048203841844,-0.967,-1.9847,1.9622
"OID20649",0,0,3.67574489795918,0.634111174224692,3.6369,1.8053,7.103
"OID20528",0,0,0.851213775510204,0.46788481380851,0.7587,0.0119,4.712
"OID20459",0,0,2.15573227040816,1.02578646180774,2.0159,-0.3158,6.7837
"OID20609",0,0,4.29241517857143,1.1475883485659,4.1086,1.4473,9.0022
"OID20673",0,0,6.67472971938775,0.865949259584911,6.4713,5.1909,10.2616
"OID20624",0,0,5.54834260204082,0.697727614094572,5.4617,3.8955,9.6496
"OID20604",0,0,6.41282295918367,1.00602101164472,6.4525,3.3917,12.2837
"OID20768",0,0,7.6752943877551,0.907857153328478,7.4927,5.6851,11.1397
"OID20525",0,0,0.762179464285714,0.745197697820521,0.6186,-0.6701,4.5873
"OID20757",0,0,6.12680369897959,0.54854790772951,6.1028,4.6466,8.4357
"OID20594",0,0,4.73866658163265,1.99849510441122,4.8906,0.9799,9.5476
"OID20776",0,0,6.11921364795918,0.630508558490255,6.0971,3.9734,8.6475
"OID20674",0,0,5.84944017857143,1.00275460790951,5.7622,3.115,9.1463
"OID20706",0,0,3.38787920918367,0.687162656333564,3.2688,1.9466,7.2755
"OID20707",0,0,2.29071696428571,1.65414646229663,2.0009,-0.542,9.0445
"OID20543",0,0,2.40266658163265,0.972964927329911,2.3,-0.2421,5.5476
"OID20682",0,0,6.02293494897959,1.22799589569746,5.7586,2.9866,11.023
"OID20681",0,0,3.37416760204082,1.3665335378842,3.2606,0.7965,8.5955
"OID20704",0,0,5.53765012755102,1.27884186770896,5.4311,2.1905,10.8333
"OID20506",0,0,2.50293380102041,0.565487030196901,2.4787,0.5598,4.7157
"OID20503",0,0,0.303025637755102,0.431722849395912,0.1967,-0.4677,2.8605
"OID20556",0,0,0.833830484693878,0.700142277313699,0.7481,-1.943,4.4992
"OID20515",0,0,2.07792104591837,1.24644010376112,1.8945,-5e-04,6.9456
"OID20517",0,0,0.576695663265306,0.573777895567802,0.5312,-0.9852,4.012
"OID20529",0,0,3.45228698979592,0.769705208574283,3.47,1.2575,6.0742
"OID20512",0,0,0.276472066326531,0.946225284263818,0.0657,-1.3662,8.7446
"OID20690",0,0,4.38215255102041,0.761420903595915,4.3663,1.7428,8.1291
"OID20722",0,0,3.43601007653061,0.98019683194853,3.3022,1.2274,7.976
"OID20440",0,0,0.446921556122449,0.552776812674451,0.3755,-0.8945,4.6783
"OID20423",0,0,0.00654897959183673,0.287320656171043,0.0224,-1.1155,1.2489
"OID20615",0,0,5.0488862244898,1.39145093497156,4.8756,2.0434,9.6399
"OID20523",0,0,4.65849183673469,1.66821071403499,4.6814,0.5321,10.6775
"OID20510",0,0,2.22137640306122,0.936083815489443,2.0934,0.107,6.4223
"OID20641",0,0,3.35187512755102,0.958607038272209,3.2437,0.5892,6.6049
"OID20522",0,0,0.102824489795918,1.02742233960556,-0.1583,-1.3737,7.0274
"OID20507",0,0,2.53797308673469,1.08997300928663,2.402,0.6276,6.6136
"OID20718",0,0,2.29839897959184,1.04466535125678,2.1021,0.2571,8.6205
"OID20643",0,0,4.8310625,1.94778076147858,5.0504,0.5961,8.9594
"OID20460",0,0,0.617188392857143,0.580004624133122,0.5485,-0.8991,3.1452
"OID20711",0,0,4.45041505102041,1.66051887463056,4.5602,0.6352,9.2389
"OID20511",0,0,2.65796887755102,1.32138497023636,2.6356,-0.1145,6.9989
"OID20421",0,0,1.19713826530612,1.10626514568474,0.9861,-0.7616,9.0613
"OID20448",0,0,0.14990318877551,0.344358523930899,0.1306,-0.9524,2.5367
"OID20625",0,0,4.58825369897959,1.58793464107581,4.5109,0.9035,9.3614
"OID20565",0,0,2.76043979591837,0.735628729583384,2.6198,1.087,6.3777
"OID20520",0,0,0.879202933673469,0.506877299410863,0.8077,-0.3641,2.8096
"OID20739",0,0,6.36742678571429,0.929455295760227,6.2208,4.0037,10.024
"OID20508",0,0,1.42747244897959,0.993542650363107,1.1634,-0.1036,8.6047
"OID20549",0,0,1.11959579081633,0.770397058526044,0.9764,-0.5315,4.9227
"OID20541",0,0,2.98668418367347,1.47301524093626,2.8842,-0.2825,8.0017
"OID20724",0,0,7.14908890306122,1.21380367220288,7.0066,4.7243,11.6738
"OID20767",0,0,5.44965459183673,0.742788062781927,5.3535,3.6714,7.7692
"OID20526",0,0,1.78193737244898,1.21293899954695,1.6614,-0.5452,5.7527
"OID20603",0,0,2.86737780612245,0.538877901037989,2.8677,1.4795,4.8622
"OID20627",0,0,4.85325012755102,1.49073123443943,4.8671,1.6904,9.3757
"OID20480",0,0,0.851701020408163,0.794323526016718,0.7438,-1.055,5.0777
"OID20712",0,0,4.51868533163265,0.416372884907843,4.5072,3.3301,6.5804
"OID20433",0,0,0.0754456632653061,0.455398917045878,0.0777,-1.6689,2.5532
"OID20687",0,0,5.02977984693878,1.06220372352493,4.8852,2.1531,12.1771
"OID20621",0,0,3.72274783163265,0.669278484301037,3.6432,2.0446,6.5724
"OID20559",0,0,3.71660535714286,1.82799530655542,3.737,-3.1285,9.3445
"OID20640",0,0,4.77485880102041,1.57628454112321,4.8149,1.2889,9.1733
"OID20513",0,0,1.39243928571429,0.671472393559779,1.2861,-0.5194,3.8624
"OID20471",0,0,0.975654081632653,0.581192298468769,0.9668,-1.2328,3.8104
"OID20741",0,0,5.75864349489796,1.50988314103261,5.8543,0.1599,9.423
"OID20667",0,0,3.21179910714286,0.850584774182281,3.0306,0.9667,7.4182
"OID20771",0,0,4.9035306122449,0.858215170682392,4.7581,2.9853,7.6772
"OID20465",0,0,0.0692770408163265,0.466971875709196,0.0709,-1.4728,2.7524
"OID20663",0,0,4.20029974489796,0.626588988073037,4.2045,2.0506,6.728
"OID20695",0,0,4.6798112244898,0.91001809743083,4.5694,2.0986,8.9912
"OID20789",0,0,3.85893125,0.373089087324916,3.8376,2.8223,5.9863
"OID21145",0,0,5.41726198979592,0.92374810829034,5.2977,2.757,8.6643
"OID21153",0,0,2.79773992346939,0.458238866810119,2.8026,1.3291,4.6085
"OID21136",0,0,4.04968048469388,0.694593327689133,4.0262,2.044,6.6043
"OID21119",0,0,3.58699081632653,1.11388696763703,3.529,-0.2066,7.6036
"OID20867",0,0,0.822025255102041,0.85155617864558,0.745,-1.3742,5.7856
"OID20852",0,0,1.56556913265306,0.695838957375588,1.4878,-0.4773,4.3302
"OID21148",0,0,0.348938775510204,0.284742664986084,0.304,-0.1582,2.4259
"OID20968",0,0,3.77691339285714,1.03267145694751,3.5931,1.0648,6.4473
"OID21044",0,0,4.79231211734694,0.677479481618375,4.9073,2.2276,6.9295
"OID20974",0,0,4.71890076530612,0.718581005244192,4.6208,3.2692,7.8596
"OID21142",0,0,4.04708520408163,1.01259491230931,3.8334,1.8514,7.6234
"OID21042",0,0,4.99464579081633,1.20351460318703,4.9789,1.4497,9.0555
"OID21126",0,0,2.72065765306122,0.547301438552127,2.6628,1.4011,5.3188
"OID20942",0,0,2.48382512755102,1.03860689948924,2.3199,0.3218,6.8673
"OID20969",0,0,6.03328979591837,0.640332662085335,6.0151,4.487,8.523
"OID21123",0,0,2.79887678571429,1.36385140194482,2.484,0.0357,8.885
"OID21124",0,0,3.15266517857143,0.531718004318735,3.1013,1.6521,5.7634
"OID20844",0,0,0.817310204081633,0.633259711851594,0.6832,-0.1562,4.3701
"OID21054",0,0,3.07038482142857,0.601884227494784,3.0165,1.3701,6.1797
"OID20827",0,0,0.664077551020408,0.874845877661562,0.4995,-1.3494,6.3633
"OID21085",0,0,2.12410216836735,0.619298185870193,2.0733,0.7115,4.5101
"OID21013",0,0,4.93371275510204,1.0666365742118,4.94,2.1293,10.1731
"OID21112",0,0,4.39518966836735,1.02486135868669,4.3427,1.6111,8.7161
"OID20851",0,0,0.598089285714286,0.499520100181477,0.5641,-0.6035,4.0011
"OID21133",0,0,4.21114923469388,0.982993154418764,4.0762,-0.0253,8.0367
"OID20935",0,0,3.82995038265306,1.07909745463636,3.5508,2.0087,8.8307
"OID20816",0,0,2.07911721938776,1.38736683721106,1.5854,-0.5948,8.7171
"OID20940",0,0,2.02475267857143,0.840877099775991,1.9754,-0.7144,5.5944
"OID21078",0,0,4.29664336734694,1.48600978761781,4.0548,0.3905,9.3692
"OID21037",0,0,5.40125165816327,0.898018315310586,5.3216,3.3261,9.1644
"OID21111",0,0,2.64484196428571,1.02604046685734,2.5636,-1.301,5.5398
"OID21024",0,0,3.70654183673469,1.1279275170478,3.5059,1.1248,8.9346
"OID20798",0,0,0.429971683673469,0.601442699180622,0.3387,-0.9298,5.1293
"OID20849",0,0,0.188942602040816,0.462448144118711,0.1583,-1.2136,2.4306
"OID20824",0,0,0.136676020408163,0.813157013069708,-0.0259,-2.041,5.2222
"OID21055",0,0,4.02396670918367,0.712854316410743,4.0098,0.9033,7.0443
"OID21048",0,0,1.63792053571429,0.680120709254093,1.5168,-0.0097,4.5898
"OID21065",0,0,3.57482066326531,0.648507291877633,3.5638,1.9138,6.7106
"OID20866",0,0,1.24222385204082,1.07034595867126,1.0684,-2.1501,6.5638
"OID20993",0,0,3.24189413265306,1.59458849721314,3.0664,0.2812,8.987
"OID21122",0,0,3.87970484693878,0.743662412356889,3.7354,2.4813,7.7813
"OID21094",0,0,1.98514732142857,1.13254282323237,1.7194,0.0502,6.9038
"OID21011",0,0,4.6377262755102,0.788402775536379,4.625,2.6165,7.3496
"OID20949",0,0,1.5771674744898,0.41590980933693,1.4978,0.5163,3.2521
"OID21009",0,0,2.85557168367347,0.575295668856084,2.76,1.4777,6.3795
"OID21022",0,0,3.09175765306122,1.18051543686302,2.8914,0.9599,8.4257
"OID21092",0,0,2.73770025510204,0.452409212585375,2.7426,1.2594,4.0334
"OID20996",0,0,3.32757053571429,0.955688947182483,3.3849,0.2901,6.1532
"OID20976",0,0,4.54853214285714,0.823523542573261,4.4389,2.9159,8.6807
"OID20910",0,0,2.17795229591837,1.3378318628003,2.0822,-0.2915,7.3862
"OID20819",0,0,0.187329336734694,0.528664223498453,0.104,-0.9097,3.8305
"OID20947",0,0,2.74233839285714,0.583406760408104,2.7188,0.9659,5.4465
"OID20812",0,0,0.408064668367347,0.813671851849441,0.2245,-0.8788,5.1491
"OID20901",0,0,1.32361517857143,0.604974265107508,1.2141,0.0135,4.1908
"OID21057",0,0,2.74120459183673,0.503138481940648,2.7412,0.8356,4.7986
"OID20954",0,0,2.5488049744898,0.423653059867228,2.522,1.1926,3.7689
"OID21019",0,0,4.3901006377551,1.30743438689201,4.337,0.871,9.7167
"OID20854",0,0,2.07429221938776,0.967460079126324,1.9439,-0.1046,7.4864
"OID20985",0,0,3.70827461734694,1.06744465595101,3.5659,1.5295,7.8311
"OID21047",0,0,5.35616262755102,1.65438334420946,5.2336,0.6828,11.6801
"OID20975",0,0,4.29769209183673,1.03126186277691,4.1249,1.9245,10.244
"OID21041",0,0,3.8100637755102,0.929288153012718,3.675,1.5016,8.7573
"OID21077",0,0,1.58680943877551,0.811234131685443,1.4131,0.1241,5.599
"OID20922",0,0,3.46241479591837,0.863832514370841,3.3406,1.595,6.1623
"OID21087",0,0,2.9493493622449,0.978923007733415,2.7765,0.8903,7.9568
"OID20835",0,0,0.76012193877551,0.687104756284014,0.5975,-0.3951,5.8942
"OID20875",0,0,2.26450025510204,1.52042500748874,2.148,-0.8998,7.382
"OID21143",0,0,3.66119413265306,1.21754543288557,3.3585,1.1648,9.0951
"OID20938",0,0,3.09717831632653,1.48377496794273,2.656,0.7922,8.6117
"OID21140",0,0,4.76494617346939,2.03008270891047,4.9594,0.765,10.0381
"OID21068",0,0,5.03728278061225,0.930538400311385,4.8803,2.3278,8.0278
"OID20986",0,0,6.53577831632653,1.05763942889205,6.468,0.911,11.0002
"OID20927",0,0,5.80549272959184,1.09120538140365,5.678,3.2945,9.4498
"OID20941",0,0,2.20965357142857,0.688951817015227,2.1506,0.4388,4.4505
"OID21113",0,0,2.3957743622449,0.483376959736327,2.3524,1.0497,5.0533
"OID21043",0,0,2.30831926020408,1.17432342718965,2.0452,-0.2866,7.2913
"OID20984",0,0,5.64994209183673,2.93177217933689,4.3703,1.4329,12.874
"OID21045",0,0,1.31193405612245,0.600127137552494,1.1925,0.1196,4.0583
"OID20982",0,0,3.66822589285714,0.696904757940657,3.533,1.6376,6.6792
"OID20978",0,0,3.64582818877551,0.968942072326134,3.5907,1.7712,10.6461
"OID20998",0,0,3.19012397959184,0.59508673174619,3.1898,1.1139,5.225
"OID21058",0,0,3.4397887755102,0.936407434042628,3.2438,1.0512,8.0628
"OID20839",0,0,1.14516951530612,0.979842906272446,0.9537,-0.6347,6.7711
"OID21152",0,0,2.05604706632653,0.71167757814928,2.1554,-0.6401,3.494
"OID21114",0,0,2.33703660714286,0.869535503091079,2.3183,0.2147,5.3818
"OID21138",0,0,1.99460892857143,0.757912930446032,1.9358,-0.1612,4.6197
"OID21155",0,0,4.26009757653061,1.08052285804151,4.0386,1.8212,8.4945
"OID20871",0,0,2.09258954081633,1.52588274322499,1.8558,-0.7289,9.0257
"OID20847",0,0,3.36647614795918,1.32963302003764,3.2695,0.0509,8.5112
"OID21095",0,0,2.78175306122449,0.40968338354679,2.7528,0.9455,4.7067
"OID20933",0,0,2.36694056122449,0.593587323903177,2.3002,0.9294,5.2961
"OID21144",0,0,4.8310756377551,1.35694804595404,4.7055,1.3469,9.5008
"OID20937",0,0,4.62635420918367,1.42306284554944,4.5166,0.6189,8.6884
"OID21108",0,0,2.34752551020408,0.507071240230562,2.3286,0.3674,4.4434
"OID20878",0,0,0.0730665816326531,0.717976943162131,0.085,-2.327,4.435
"OID20884",0,0,1.82439158163265,0.709312767689043,1.7518,-0.4246,5.4088
"OID21147",0,0,4.47830510204082,0.687974364887801,4.4299,2.5596,6.7797
"OID21128",0,0,3.30951836734694,1.02392861721352,3.1833,1.2002,7.8062
"OID20896",0,0,1.93321670918367,1.81547248866578,1.7933,-5.558,8.8702
"OID21127",0,0,3.92750739795918,0.397975018560945,3.9071,2.6396,5.5569
"OID21096",0,0,0.234666836734694,0.696659693376304,0.1303,-1.3744,2.6517
"OID20899",0,0,2.56516262755102,1.4314730488905,2.4074,-0.1284,7.8326
"OID21081",0,0,0.473232780612245,0.504909411228691,0.4172,-0.732,2.5173
"OID20912",0,0,2.50693443877551,1.0205343565189,2.2748,0.6299,7.7518
"OID20791",0,0,0.382061734693878,0.488203200439727,0.318,-0.5569,4.736
"OID21071",0,0,0.40981875,0.221302055833622,0.3973,-0.2627,1.891
"OID20905",0,0,-0.311909821428571,0.586402951410728,-0.418,-1.2862,4.0717
"OID20846",0,0,0.476467091836735,0.501797493602915,0.4047,-0.6595,3.6743
"OID20897",0,0,1.81946160714286,0.658775843882604,1.8354,-0.0234,4.9881
"OID20906",0,0,-0.114132270408163,0.482129583877094,-0.1589,-1.0686,5.7603
"OID20931",0,0,1.29911492346939,0.501555529670223,1.2463,0.0199,4.2943
"OID20831",0,0,-0.075915306122449,0.449915035850607,-0.116,-0.8524,5.3365
"OID21070",0,0,1.27348278061224,0.675713072989083,1.154,0.0083,3.6582
"OID21082",0,0,4.93104145408163,1.33384115847591,5.0421,-0.8369,8.3885
"OID21146",0,0,1.18806339285714,0.398299501824614,1.1594,0.0992,2.9566
"OID20999",0,0,4.73853227040816,1.02715603945628,4.4904,2.8898,9.3454
"OID21130",0,0,0.71722806122449,0.716510809571826,0.5444,-0.8194,4.3573
"OID20945",0,0,1.05458354591837,0.57137094697931,0.9945,-0.3809,3.2983
"OID21030",0,0,3.88448775510204,1.2308794342723,3.6924,0.9189,11.5818
"OID21027",0,0,5.07062831632653,0.787717452108815,4.9691,3.1608,8.895
"OID20828",0,0,2.01916798469388,0.724564153614404,1.9306,0.4719,5.4813
"OID21072",0,0,-0.0580469387755102,0.438428440642316,-0.1326,-0.743,3.3256
"OID21015",0,0,3.00091403061225,0.936842609336697,2.828,1.1383,6.5764
"OID21109",0,0,2.82754170918367,0.635420896827685,2.7196,1.3488,6.3114
"OID21079",0,0,2.69784336734694,0.807636505719635,2.5879,0.9856,5.7838
"OID21157",0,0,4.79162908163265,0.634007295824178,4.7744,1.5041,7.7267
"OID20956",0,0,4.23690408163265,1.1109566662049,4.1372,1.8879,8.829
"OID20992",0,0,2.87965242346939,0.956736974598413,2.779,0.9692,6.2046
"OID20930",0,0,0.364260331632653,0.829631947906029,0.1942,-1.5269,3.8841
"OID21007",0,0,0.774696173469388,0.366268992966697,0.7236,-0.1887,2.3466
"OID21028",0,0,2.5343612244898,0.665041003739964,2.5151,0.485,4.8872
"OID21120",0,0,2.72774923469388,0.582453874975958,2.6797,1.2728,6.298
"OID20979",0,0,6.50286683673469,0.9324853744348,6.4254,3.848,10.5724
"OID20902",0,0,1.55870612244898,0.606566079710776,1.5259,-0.0928,3.7767
"OID20913",0,0,1.2381487244898,0.813702687174247,1.1151,-0.2896,7.2942
"OID20921",0,0,1.8963,0.826641420081668,1.7984,-0.416,5.3399
"OID21002",0,0,3.25805612244898,0.834007266439162,3.1609,0.9238,6.4705
"OID21062",0,0,5.77393609693878,0.630840771866292,5.7842,3.0742,7.7435
"OID20959",0,0,3.48822920918367,1.35528356230506,3.4455,0.1636,8.6273
"OID20856",0,0,5.07133724489796,1.58116635993613,4.8611,1.4947,10.5536
"OID20865",0,0,1.61185599489796,1.14203184436896,1.5167,-1.265,5.7978
"OID20988",0,0,3.2724875,1.06328256109193,3.1601,0.7069,7.102
"OID21031",0,0,3.59406823979592,1.88417415759318,3.3778,0.0163,9.7535
"OID20904",0,0,3.59049897959184,1.09478052213513,3.5555,0.5682,7.6409
"OID20957",0,0,2.30746556122449,0.660678518080518,2.2678,0.2791,4.6181
"OID20900",0,0,0.871715306122449,1.23448703532214,0.5234,-0.7702,9.3379
"OID20917",0,0,2.30209298469388,0.88382434212263,2.1963,0.4543,5.2599
"OID20981",0,0,5.04733150510204,1.25755546301918,4.909,2.1921,8.7995
"OID20962",0,0,2.8461075255102,0.931212132623845,2.6618,0.7604,7.3436
"OID20811",0,0,0.498486096938775,0.708859035966667,0.3746,-1.1661,3.7757
"OID20808",0,0,-0.463825,0.464031247089958,-0.5009,-1.4655,4.5384
"OID20805",0,0,0.144644515306122,0.532961228832445,0.0879,-1.0936,5.2042
"OID20909",0,0,2.2168993622449,0.655211232773519,2.0851,0.721,4.9746
"OID20807",0,0,0.799485459183673,0.795304247969356,0.6382,-1.0263,6.7939
"OID20994",0,0,1.5148012755102,0.724835544582756,1.4906,-0.2614,4.9015
"OID20881",0,0,1.09253073979592,0.759224109025545,0.9527,-0.885,4.7233
"OID21101",0,0,6.15935727040816,1.20106433184035,5.8865,3.7625,11.7408
"OID20841",0,0,0.134367602040816,0.59286538415186,0.0275,-1.0006,4.588
"OID21141",0,0,2.11207397959184,1.01422184304435,1.8502,0.2322,6.8582
"OID21069",0,0,3.05068341836735,1.43983104481208,2.8084,-1.1789,12.8967
"OID20967",0,0,3.57122053571429,0.899840698842979,3.4672,1.4602,6.7362
"OID20946",0,0,1.91440025510204,0.551142164061434,1.8125,0.7816,4.5145
"OID20932",0,0,2.28421568877551,0.776399620639086,2.2566,0.2383,5.0158
"OID21107",0,0,1.76153201530612,0.483324360184134,1.7175,0.436,4.5136
"OID20961",0,0,2.99430153061224,0.984709265971754,2.8849,0.0791,8.1217
"OID20964",0,0,4.13947767857143,1.2960095918315,3.9434,1.0792,8.9896
"OID21131",0,0,0.832882015306122,0.486350687397557,0.7501,-0.2428,3.6641
"OID21076",0,0,0.174630994897959,0.529567261367878,0.1003,-1.0865,2.5437
"OID21091",0,0,3.59543801020408,1.08097140459737,3.5118,1.0509,8.3936
"OID20801",0,0,0.352230867346939,0.464233406185848,0.2795,-0.6057,3.4435
"OID20795",0,0,1.80451288265306,1.30647423960377,1.6352,-0.9599,6.7273
"OID21053",0,0,2.96726517857143,0.920152840987983,2.7754,1.2206,7.3377
"OID20971",0,0,3.64372755102041,1.37620034608821,3.3613,0.8529,8.6696
"OID21151",0,0,4.19907283163265,1.18681347195115,4.0722,1.8169,8.4336
"OID20821",0,0,0.0541536989795918,0.529656268122807,-0.0521,-0.8269,6.0811
"OID21046",0,0,2.03549336734694,0.782908227101511,1.9017,0.4916,6.8696
"OID20868",0,0,1.8685612244898,1.19416838862227,1.7533,-0.411,5.7844
"OID21018",0,0,6.28364234693878,0.829328010875113,6.2581,3.5074,10.3883
"OID20958",0,0,3.94625892857143,1.03119297491624,3.8072,1.6983,8.4921
"OID21154",0,0,2.42642155612245,1.39436899814783,2.1282,-0.3405,8.4346
"OID20977",0,0,4.30805318877551,1.30703823291007,4.2369,0.5612,9.0931
"OID21117",0,0,0.430386352040816,0.399573101449855,0.3968,-0.6089,2.4598
"OID20883",0,0,1.69237806122449,1.0602107195085,1.5746,-0.985,5.4256
"OID20823",0,0,0.488903698979592,0.872814401893282,0.2395,-1.1034,4.6597
"OID21089",0,0,0.77656262755102,0.487273065227054,0.7458,-0.3998,2.6231
"OID21110",0,0,3.91209808673469,0.937150918172649,3.6751,2.1136,8.7309
"OID20972",0,0,6.24139604591837,0.779169884680176,6.1491,4.4891,12.1181
"OID20890",0,0,0.558873214285714,0.416853660044004,0.5036,-0.1899,3.3146
"OID20887",0,0,1.76562257653061,0.939971615798186,1.6411,-0.5743,5.9413
"OID20955",0,0,4.69042142857143,0.963185739810449,4.5523,2.2134,9.0904
"OID20980",0,0,3.74669923469388,0.934487029129438,3.713,0.5545,7.8631
"OID21020",0,0,1.83977971938776,0.419049416410578,1.8445,0.3457,3.7898
"OID20829",0,0,0.00206811224489796,0.517563470978634,-0.0704,-1.0676,4.0317
"OID20893",0,0,1.15471237244898,0.812978648394798,1.1169,-1.0489,5.3889
"OID21051",0,0,2.92352589285714,0.613802442107085,3.013,-0.425,4.9953
"OID21150",0,0,4.58354859693878,1.09337500228888,4.5327,0.1964,8.7216
"OID21149",0,0,5.29274323979592,1.43108581164314,4.9428,2.712,10.7248
"OID20886",0,0,0.611767346938776,1.02693205375003,0.4248,-2.0258,5.6156
"OID21075",0,0,2.77197959183673,1.03305105097109,2.5731,0.3236,6.2838
"OID20792",0,0,2.30511913265306,0.816075146253914,2.1695,0.6335,7.5844
"OID21160",0,0,3.23227040816327,0.898590934492622,3.0585,1.4794,7.6791
"OID21001",0,0,3.19724540816327,0.892150066584716,3.0445,1.2036,7.0275
"OID21159",0,0,5.61085012755102,0.615117988827171,5.6069,4.1588,8.1543
"OID20840",0,0,-0.272179591836735,0.577921135994971,-0.3466,-1.9758,4.0608
"OID20888",0,0,1.44926173469388,0.69558486016516,1.4314,-0.9166,3.7785
"OID20965",0,0,3.36209566326531,1.37902605771187,3.2766,-1.0972,8.4688
"OID20895",0,0,3.02425255102041,1.02215624914643,2.8713,0.7265,7.0932
"OID21102",0,0,3.00526862244898,0.717933460194652,2.8878,1.2834,6.6865
"OID21103",0,0,3.09689885204082,0.877296323277651,3.021,-0.2999,6.562
"OID21132",0,0,4.21835905612245,0.878978769110059,4.1922,-1.3601,7.0517
"OID20832",0,0,1.68940548469388,0.919630505487815,1.5535,-0.7289,5.8432
"OID20859",0,0,2.24590051020408,1.01943285700231,2.0552,-1.3279,6.3283
"OID20928",0,0,2.09069260204082,0.637378999046411,2.0373,0.4392,4.7569
"OID21029",0,0,4.78808354591837,1.53118190842125,4.5906,1.4272,8.8899
"OID20850",0,0,3.0778762755102,2.0030241597762,2.8394,-1.1073,10.1521
"OID20833",0,0,-0.448892857142857,0.463385028291209,-0.4542,-1.9613,1.852
"OID20997",0,0,6.63738431122449,1.24161620868806,6.5693,3.0831,11.5409
"OID21033",0,0,4.4728575255102,1.34081308647699,4.2589,-0.643,8.9173
"OID20936",0,0,2.61394642857143,0.748067440043429,2.5283,0.4792,5.6018
"OID20855",0,0,0.814479591836735,0.698832237658028,0.7501,-0.8914,4.6489
"OID20970",0,0,2.92745395408163,1.19456278234129,2.6806,0.5999,8.2075
"OID21118",0,0,3.64488405612245,1.62982175094714,3.3931,0.2559,10.3085
"OID21125",0,0,1.17620829081633,1.025835077387,0.985,-0.9484,5.6268
"OID21099",0,0,1.13208380102041,1.10790328325057,0.8256,-0.536,7.2411
"OID21115",0,0,2.72707423469388,0.778133353898268,2.6126,0.9103,6.2157
"OID20864",0,0,0.671373596938776,0.744416526110677,0.5541,-1.2129,4.6744
"OID21137",0,0,4.18054107142857,0.893961963626306,4.1038,1.8688,6.9896
"OID21023",0,0,1.71747806122449,0.690664239576437,1.552,0.4563,6.5603
"OID21010",0,0,2.81860867346939,0.878987140931038,2.6839,0.8099,6.2095
"OID20924",0,0,1.76254030612245,0.453924598903344,1.7325,0.712,3.7841
"OID21105",0,0,3.31195982142857,0.564183141673994,3.3283,1.5667,4.9539
"OID20926",0,0,4.64835,0.871802805175064,4.5738,2.397,8.2632
"OID21139",0,0,2.91932091836735,0.404126833865924,2.8847,1.5811,4.4235
"OID21036",0,0,1.76365586734694,1.03504673843483,1.6147,-0.4151,6.9809
"OID21156",0,0,7.5071318877551,1.34399355640047,7.404,1.0483,13.1096
"OID20987",0,0,2.82903086734694,1.2305151932353,2.8475,-1.2094,9.7116
"OID21000",0,0,3.28408443877551,1.21434468862722,3.2022,0.8198,7.0001
"OID21056",0,0,7.18317193877551,0.554239456438849,7.1261,5.539,9.5859
"OID21025",0,0,1.18291836734694,0.431413650779107,1.1475,-0.2656,2.9697
"OID21134",0,0,1.65021785714286,0.700981695632453,1.5375,0.0369,5.0417
"OID21034",0,0,2.41395420918367,0.991916533810238,2.329,0.0796,6.416
"OID20983",0,0,4.97434591836735,1.99215715707278,4.4982,1.3146,11.8276
"OID20989",0,0,5.09532984693878,0.651176902474432,5.0777,3.4531,7.7614
"OID21003",0,0,4.80820535714286,1.35298096280709,4.5916,0.8751,10.1711
"OID21035",0,0,3.85216632653061,0.374869393775423,3.8437,2.7497,5.6242
"OID21104",0,0,3.68649885204082,1.14206269726379,3.3975,1.361,8.1101
"OID21060",0,0,4.30051109693878,1.21051201486273,4.1408,0.8055,9.624
"OID21135",0,0,2.11526517857143,0.749124814048679,2.0681,0.2939,5.9612
"OID21049",0,0,5.08550969387755,0.827687314113381,5.0924,2.6479,7.3324
"OID20943",0,0,4.05976849489796,1.25082107684236,3.7495,2.0447,9.9808
"OID21116",0,0,3.87278354591837,0.484209340431493,3.8539,2.5354,5.9255
"OID21083",0,0,2.05444974489796,0.946313582945345,1.8876,0.0085,6.0098
"OID21014",0,0,2.34364158163265,1.11389999833432,2.1729,0.1263,7.3889
"OID20934",0,0,2.45186147959184,0.892804230139307,2.3047,0.6278,6.532
"OID21129",0,0,5.22931045918367,0.929906501001936,5.1356,2.6642,8.5222
"OID20925",0,0,2.31069783163265,1.4558646484717,1.954,0.0782,9.5839
"OID20948",0,0,3.86744196428571,0.659661190281376,3.8456,1.3628,6.5715
"OID21017",0,0,0.562139158163265,0.488546423853801,0.4567,-0.4095,3.5089
"OID20995",0,0,5.47250739795918,1.07640818625862,5.2857,3.3215,10.5409
"OID21040",0,0,2.93179107142857,0.982359472092879,2.7862,0.5049,6.2402
"OID20952",0,0,5.23010650510204,1.43521061147162,5.1704,1.9874,9.3362
"OID20960",0,0,4.32428380102041,1.06698586315088,4.2814,1.4683,7.4498
"OID20814",0,0,1.97734566326531,1.21958052105529,1.7998,-0.2783,7.6822
"OID20966",0,0,4.72751505102041,0.979837817099929,4.651,2.4101,8.5274
"OID21032",0,0,0.734872193877551,0.655957892297373,0.6569,-1.0393,4.952
"OID21064",0,0,4.93182984693878,0.939080838957184,4.7461,2.6282,9.3943
"OID21052",0,0,4.76241454081633,0.690522051360686,4.6684,2.9886,8.1716
"OID20857",0,0,1.03583329081633,0.692758404975539,1.0163,-1.2812,3.7981
"OID21008",0,0,1.55317257653061,0.881754402779157,1.4097,-0.3365,4.8939
"OID21050",0,0,5.62864987244898,0.974195717562688,5.3846,4.0616,10.5049
"OID20870",0,0,1.42809209183673,0.90691642703913,1.2732,-0.5639,5.7118
"OID20872",0,0,1.16015038265306,0.869470294460969,1.0154,-1.0904,5.2779
"OID21063",0,0,4.65447244897959,0.80975874721475,4.5972,2.1356,9.1978
"OID20806",0,0,0.679298214285714,0.683418955067062,0.602,-1.525,3.8893
"OID21086",0,0,1.0338243622449,0.908051426411112,0.8679,-0.9284,5.4096
"OID21106",0,0,4.0745681122449,0.429300668843211,4.0539,2.8082,5.6354
"OID21067",0,0,0.693224362244898,0.780043647258245,0.4948,-0.7999,5.8514
"OID20911",0,0,5.74672716836735,2.07328907246966,5.6916,0.4356,13.0764
"OID21084",0,0,5.17932142857143,0.854433876432461,5.2172,2.7357,8.5168
"OID20918",0,0,4.14275280612245,1.53784786589518,4.0985,1.3401,9.5057
"OID20916",0,0,1.96449400510204,1.5124162470597,1.7553,-1.8578,8.8755
"OID20953",0,0,3.62956288265306,0.845064531009753,3.6127,1.292,6.1295
"OID20914",0,0,3.36470191326531,0.704628913185134,3.2972,1.6119,6.7611
"OID21006",0,0,1.28915612244898,0.487186934772781,1.2542,-0.074,3.7145
"OID20903",0,0,3.78698265306122,1.2733327297666,3.6779,1.0007,8.6869
"OID21012",0,0,1.36781071428571,1.09175374850242,1.0889,-0.4824,5.5569
"OID20907",0,0,1.36626084183673,0.496172632545526,1.3148,0.2266,3.925
"OID21021",0,0,3.11183635204082,1.02799653526579,2.9773,0.8607,7.6579
"OID20834",0,0,2.94694987244898,0.702285776174919,2.8735,1.0021,6.9365
"OID20799",0,0,0.347573341836735,0.526751010697231,0.293,-0.9325,3.3428
"OID21088",0,0,2.10408992346939,0.565884960273372,2.0295,-0.0048,6.6048
"OID21073",0,0,4.63306415816327,1.08060531984187,4.4156,2.6965,8.849
"OID21005",0,0,0.736463010204082,0.882980451155621,0.5764,-1.1092,4.8086
"OID21026",0,0,2.59012755102041,0.93367429505837,2.3941,0.7836,6.5257
"OID20920",0,0,0.0740057397959184,0.128641943330591,0.0686,-0.7691,0.7406
"OID20908",0,0,2.60539094387755,1.49731816008597,2.5415,-0.8465,6.9929
"OID21090",0,0,1.35019528061224,0.718876244482952,1.2264,-0.3601,4.3007
"OID20950",0,0,5.76130535714286,1.66881240171855,5.6532,2.3921,11.563
"OID20951",0,0,2.50757933673469,0.809986775655773,2.4949,0.307,5.4353
"OID21080",0,0,0.901960459183674,0.392039147044163,0.8257,0.0911,3.6158
"OID20915",0,0,2.17823137755102,0.742332410479061,2.1064,0.6298,5.099
"OID20939",0,0,1.99397448979592,0.554377812729033,1.9564,-0.1521,4.6815
"OID20825",0,0,0.112978698979592,0.612221717212946,0.0312,-1.0349,7.0537
"OID20963",0,0,3.75080994897959,0.937828251698453,3.6497,1.6591,6.9069
"OID20804",0,0,0.439366198979592,0.693780281149014,0.3202,-1.3004,6.2425
"OID21121",0,0,3.43356033163265,1.02359548368612,3.355,1.1424,7.7305
"OID20919",0,0,1.39794668367347,0.899415456554061,1.1698,-0.0179,5.4476
"OID20944",0,0,2.68146262755102,0.615745316949152,2.6729,0.9431,4.991
"OID21097",0,0,1.63773494897959,1.57938926046414,1.1806,-0.6974,6.1893
"OID21098",0,0,2.88245510204082,0.554138037216961,2.8771,1.249,5.6401
"OID21158",0,0,4.03023290816327,1.45600000461865,3.7235,1.3761,9.69
"OID20923",0,0,3.90016989795918,1.05664942520084,3.7478,1.561,8.2374
"OID21061",0,0,4.14617933673469,1.29017768561795,4.022,1.0645,9.9812
"OID21016",0,0,3.30166734693878,1.14651308758566,3.1909,0.8767,7.6747
"OID20848",0,0,2.02908966836735,0.747013991182302,1.9584,-0.156,6.6173
"OID20810",0,0,0.90803137755102,0.557018118490854,0.8289,-0.2163,4.3274
"OID21093",0,0,3.40547334183673,0.642202915630247,3.4042,0.2972,5.4296
"OID21074",0,0,1.52797589285714,0.631209431511917,1.4796,0.0103,5.6792
"OID20822",0,0,2.42622576530612,0.775748936011872,2.3422,0.515,6.8442
"OID21039",0,0,4.32802920918367,0.539352667510166,4.3079,2.2451,6.7551
"OID20973",0,0,4.0540612244898,0.962126783385017,3.8784,2.1122,8.2199
"OID21004",0,0,6.18780395408163,1.04492477390161,6.0681,3.3819,10.5109
"OID21059",0,0,3.532425,0.792935526079213,3.4182,1.877,7.4648
"OID20863",0,0,2.4448612244898,1.60758468243973,2.1225,-1.6966,8.5454
"OID21038",0,0,2.37581849489796,1.17937155901103,2.1157,0.2801,7.5166
"OID20990",0,0,4.76160765306122,1.03484428724471,4.5699,2.6281,8.1297
"OID20790",0,0,0.306451530612245,0.559070964131634,0.2331,-1.2776,3.6086
"OID21066",0,0,5.5364262755102,1.01922077504054,5.5137,2.6737,10.0012
"OID21267",0,0,-0.473309821428571,0.543748876887758,-0.547,-1.7171,3.3197
"OID21358",0,0,3.06814298469388,0.410685593591274,3.0552,1.6696,4.8497
"OID21252",0,0,3.68375165816327,0.641091789629476,3.6128,1.8145,5.7582
"OID21336",0,0,3.21400956632653,0.80146240489501,3.0405,1.641,6.0322
"OID21369",0,0,3.79009706632653,1.19069510604508,3.5521,1.3036,8.7156
"OID21359",0,0,1.34261173469388,0.713879910528726,1.24,-0.3054,6.0286
"OID21269",0,0,3.80760535714286,1.41396564691231,3.6423,0.5419,9.6589
"OID21508",0,0,2.95603801020408,1.36109235746591,2.9983,-0.8595,6.2474
"OID21339",0,0,1.48517576530612,0.71558733138396,1.3937,-0.6349,3.7494
"OID21264",0,0,0.240660204081633,0.581005505826955,0.1511,-0.8078,6.775
"OID21505",0,0,4.9554193877551,1.57910789156802,4.7535,1.6801,9.621
"OID21340",0,0,1.22457015306122,0.517087767266774,1.2004,-0.1156,4.1733
"OID21211",0,0,2.2381825255102,1.21326239465197,1.9844,-0.2547,11.6395
"OID21337",0,0,3.55900803571429,0.836070476154697,3.5275,1.3723,9.3602
"OID21236",0,0,0.901903826530612,0.697700545999698,0.7743,-1.1703,4.455
"OID21237",0,0,1.42891696428571,0.625438643707458,1.3274,0.0813,5.8185
"OID21226",0,0,4.08756007653061,1.53726527563181,3.9312,0.6079,9.6463
"OID21437",0,0,4.09219094387755,1.12873757013289,3.9958,1.3841,7.5883
"OID21414",0,0,4.43680535714286,0.889083034835361,4.3375,2.325,8.0191
"OID21402",0,0,5.28670357142857,2.10592715522855,4.9921,1.0131,11.9153
"OID21179",0,0,3.22127168367347,0.91630730518581,3.1547,1.4115,7.1316
"OID21500",0,0,1.99660267857143,0.624968788435869,1.9708,0.2446,5.3276
"OID21515",0,0,2.61094821428571,0.617187707720514,2.5716,1.0232,5.1713
"OID21247",0,0,1.69505727040816,0.915152142728428,1.5607,-0.5853,10.9804
"OID21313",0,0,1.70526543367347,0.964008925355504,1.8033,-1.1617,3.8564
"OID21295",0,0,0.990967474489796,0.929047850795886,0.7603,-0.8239,5.1503
"OID21206",0,0,0.873956760204082,0.789046045031781,0.7309,-0.8757,5.8707
"OID21386",0,0,1.68028405612245,0.615951848716309,1.6681,-0.0285,4.6717
"OID21389",0,0,5.13095727040816,0.742546119365748,5.0818,3.1999,9.2284
"OID21329",0,0,1.69086326530612,0.582142420288552,1.6045,0.0722,3.7454
"OID21215",0,0,2.67794413265306,0.930345479707963,2.9151,-0.1756,4.7316
"OID21311",0,0,3.41760612244898,1.19705550154582,3.2078,0.3953,8.3342
"OID21398",0,0,2.89210204081633,0.827871097295858,2.7778,0.8935,6.3025
"OID21268",0,0,0.827339795918367,0.478311191416677,0.7879,-0.4846,3.993
"OID21413",0,0,4.02448915816327,0.592383888723532,3.969,1.671,6.2961
"OID21514",0,0,3.7464575255102,0.720644739650687,3.7645,1.4369,6.6766
"OID21259",0,0,3.0635443877551,0.975894907032796,2.9545,0.4665,7.5743
"OID21466",0,0,8.16601951530612,1.09420603636945,8.1585,4.3209,12.59
"OID21519",0,0,2.00664846938776,0.847731927267406,1.8399,0.3223,6.066
"OID21436",0,0,5.51510140306122,1.11522572276,5.3274,3.1121,10.0778
"OID21338",0,0,3.82617602040816,0.591317769505366,3.7779,2.2787,6.7138
"OID21310",0,0,3.87500701530612,0.940632140188896,3.814,1.3049,6.8712
"OID21404",0,0,2.39526364795918,0.772005709646405,2.2963,0.8547,7.7741
"OID21427",0,0,3.56159553571429,1.01289885681815,3.4101,0.6997,8.5605
"OID21293",0,0,2.89270255102041,0.643373681833693,2.8053,1.3759,5.5867
"OID21416",0,0,0.980269897959184,0.488865957607789,0.9716,-0.3407,2.9075
"OID21184",0,0,0.0519604591836735,0.194600678976929,0.0477,-0.6368,0.8858
"OID21440",0,0,5.20821352040816,0.738611250045031,5.0955,3.2597,9.0033
"OID21242",0,0,1.25735076530612,1.05025173091409,1.0229,-0.5993,7.4444
"OID21483",0,0,-0.114616071428571,0.421158391553418,-0.1487,-1.0993,2.5033
"OID21177",0,0,0.527029209183673,0.452546170800724,0.4751,-0.6036,5.7097
"OID21212",0,0,1.02267653061224,0.538909304643291,0.9506,-0.3528,5.1075
"OID21173",0,0,-1.17711977040816,0.491253110940151,-1.2517,-2.2238,3.2003
"OID21480",0,0,1.74351798469388,0.854878011759009,1.6186,-0.2478,5.7544
"OID21197",0,0,0.396638392857143,0.427687874596776,0.3563,-0.691,2.9952
"OID21370",0,0,2.3846987244898,0.480624586425077,2.3476,0.9744,4.8202
"OID21174",0,0,1.54614221938776,0.70221032708462,1.491,-0.1682,4.9117
"OID21374",0,0,6.16897716836735,0.737796603717,6.3133,2.9194,8.2668
"OID21448",0,0,3.71647831632653,0.99847030047672,3.5714,1.5192,7.2457
"OID21503",0,0,1.24650204081633,0.556626098524897,1.1765,-0.1163,4.2407
"OID21415",0,0,3.52816454081633,1.17253908735902,3.2521,1.2643,8.0887
"OID21517",0,0,1.79986900510204,0.772458170323907,1.6966,0.1061,5.3971
"OID21251",0,0,0.560770408163265,0.643027241371774,0.4983,-1.3336,4.0104
"OID21255",0,0,2.38872614795918,1.01606868718626,2.2204,0.4042,6.8333
"OID21240",0,0,0.500270918367347,0.641169894697047,0.368,-0.8425,5.0129
"OID21332",0,0,4.05319515306122,1.54224431324577,3.9761,0.7721,9.4006
"OID21273",0,0,1.6702450255102,0.465622540358782,1.6329,0.4704,4.6664
"OID21285",0,0,1.16366951530612,1.03057436671996,0.9559,-0.9744,6.4046
"OID21291",0,0,3.49909515306122,0.886632281102028,3.3698,1.1675,8.1842
"OID21195",0,0,2.16458354591837,0.35840212262784,2.1644,1.0479,5.9133
"OID21375",0,0,2.96686607142857,1.17480319851703,2.7406,0.6056,7.3749
"OID21512",0,0,5.0751325255102,1.31228404972123,4.7699,2.6647,12.6031
"OID21522",0,0,2.74657869897959,0.932298834795893,2.6479,0.5767,7.064
"OID21319",0,0,3.55387576530612,1.51081902173074,3.3827,0.2798,9.2398
"OID21257",0,0,1.55171173469388,1.02663379009661,1.4499,-0.6149,9.4873
"OID21471",0,0,2.78422895408163,0.783464614916322,2.7064,0.8332,6.5408
"OID21350",0,0,3.98628864795918,1.37358736722067,3.858,1.0296,7.2162
"OID21299",0,0,1.50369005102041,0.828102976289151,1.354,-0.1183,6.9564
"OID21324",0,0,2.50290191326531,0.941063224238528,2.3922,-0.9581,7.3113
"OID21216",0,0,-0.416654591836735,0.866520772220134,-0.686,-1.3764,4.8027
"OID21334",0,0,0.435494642857143,0.53795816413264,0.3595,-0.8153,3.6026
"OID21345",0,0,3.19931709183673,0.675616468251311,3.1313,1.2618,6.0485
"OID21241",0,0,0.910741836734694,0.731932648577263,0.7372,-0.9181,4.3868
"OID21443",0,0,3.30768073979592,0.475485693635539,3.2663,0.5,5.7802
"OID21249",0,0,1.80785025510204,1.10069786130895,1.6357,-0.6195,6.704
"OID21344",0,0,2.61906415816327,0.775336904106552,2.4904,0.7373,5.7354
"OID21444",0,0,3.7901306122449,0.94971934412192,3.6586,1.5407,6.7672
"OID21449",0,0,5.03182487244898,0.649225242941755,4.9618,3.0847,9.5041
"OID21198",0,0,1.27933533163265,1.01913399145079,1.174,-0.9127,8.7614
"OID21513",0,0,3.71207206632653,0.996202302808207,3.6,1.6244,8.0588
"OID21428",0,0,1.58686492346939,1.04723085040018,1.3,-0.245,5.8524
"OID21435",0,0,2.7248450255102,0.767939584815558,2.6925,-1.0515,6.2801
"OID21529",0,0,5.17215548469388,0.784415928809216,5.0766,3.2177,8.3556
"OID21527",0,0,3.70930140306122,1.20449506764459,3.4948,0.8683,8.2681
"OID21446",0,0,4.68938596938775,1.2034853931719,4.4327,2.6542,10.4021
"OID21360",0,0,3.90568826530612,0.754057506531922,3.8475,2.0901,7.2055
"OID21453",0,0,8.87175216836735,1.25598116936466,8.7602,4.4677,13.0443
"OID21418",0,0,4.41469362244898,1.13249468680544,4.269,0.5816,8.3679
"OID21258",0,0,0.624892474489796,0.428172755990697,0.6008,-0.6528,3.5178
"OID21191",0,0,1.98408418367347,0.643468489409691,1.8493,0.7647,5.2481
"OID21308",0,0,1.31695255102041,0.674804207538752,1.1884,-0.1849,4.6718
"OID21262",0,0,0.88608762755102,0.837564552469232,0.6814,-0.5915,4.6474
"OID21317",0,0,1.91213137755102,0.842070565361002,1.781,0.0094,6.1941
"OID21325",0,0,0.165244897959184,0.418193659055915,0.1326,-1.0385,2.7115
"OID21457",0,0,5.84177028061224,1.01990643379076,5.6544,3.4073,9.0615
"OID21373",0,0,1.99512181122449,1.86489414313648,1.6848,-4.1269,8.3028
"OID21467",0,0,6.95962538265306,1.21672422581786,6.872,4.0146,9.7781
"OID21438",0,0,4.19155459183673,0.792048193754954,4.0658,2.2265,7.3939
"OID21341",0,0,0.39253737244898,0.338415590353583,0.3146,-0.3906,2.5358
"OID21468",0,0,1.62842895408163,0.701121743711759,1.595,-1.1121,3.9469
"OID21342",0,0,3.78407474489796,0.969042209506794,3.5845,1.6871,7.191
"OID21495",0,0,3.20328265306122,0.470725310544624,3.2098,1.6175,4.6752
"OID21477",0,0,1.48134987244898,0.971999709082878,1.2776,-0.1205,6.0812
"OID21394",0,0,4.49886849489796,0.686929288963235,4.4855,2.151,10.1126
"OID21396",0,0,1.53696989795918,0.689524723156224,1.3887,0.1045,5.0944
"OID21473",0,0,4.23615293367347,0.464429641269781,4.2001,2.9834,6.0238
"OID21387",0,0,5.17976989795918,1.71637846371792,5.2531,1.1397,10.3394
"OID21385",0,0,2.75768801020408,1.04901933320588,2.5268,0.6312,5.9798
"OID21384",0,0,2.5735549744898,0.920644999828695,2.4204,0.5503,6.743
"OID21470",0,0,1.30774030612245,0.822617781344608,1.1152,-0.232,5.6649
"OID21246",0,0,1.28099413265306,0.96359220485535,1.0376,-0.143,6.2765
"OID21475",0,0,3.03862551020408,1.68836569072176,2.9609,-0.0894,9.1385
"OID21485",0,0,4.8655068877551,2.11940870089607,4.1831,1.6482,11.465
"OID21185",0,0,1.51592040816327,0.865110759453336,1.485,-1.06,4.7831
"OID21294",0,0,3.40411198979592,1.30725705163089,3.1067,0.6716,7.2109
"OID21279",0,0,0.227770535714286,0.243785884398896,0.2001,-0.8188,1.9826
"OID21186",0,0,0.383454974489796,0.422152099360385,0.3229,-0.7529,3.4264
"OID21481",0,0,4.8516237244898,1.05999644844987,4.9364,1.781,7.5968
"OID21176",0,0,1.66839795918367,1.54436456212972,1.3781,-0.7138,9.0721
"OID21168",0,0,0.515426785714286,1.08572163759955,0.2701,-1.341,6.8026
"OID21354",0,0,0.938831632653061,0.504706834996158,0.9142,-0.5712,4.0267
"OID21381",0,0,2.45913596938776,1.10252807404427,2.4126,-0.9958,5.5857
"OID21343",0,0,2.01736390306122,0.566581664583056,1.9217,0.8757,4.2659
"OID21327",0,0,4.4242375,1.08375688802147,4.3943,0.7841,8.0629
"OID21353",0,0,1.64687244897959,0.660752842295364,1.5982,-0.1792,3.8714
"OID21204",0,0,2.70828507653061,1.44865187450479,2.6067,0.0696,6.7817
"OID21207",0,0,0.0337358418367347,0.426621305333609,-0.0137,-1.4008,2.467
"OID21187",0,0,2.13901875,1.11872280846933,2.0798,-0.4469,5.9473
"OID21478",0,0,2.09480650510204,0.365616669285318,2.0399,1.2093,3.9073
"OID21182",0,0,0.782525382653061,0.543623126376301,0.7217,-0.4718,3.586
"OID21492",0,0,3.47209630102041,0.5350208854009,3.3953,2.2966,5.5478
"OID21213",0,0,0.102541071428571,0.470453411139723,0.0804,-1.2205,3.3245
"OID21397",0,0,3.86200905612245,0.918504227074733,3.7464,1.7387,8.9368
"OID21391",0,0,4.14176875,1.51330874340934,3.8319,1.1053,10.8373
"OID21272",0,0,0.132253954081633,0.342780551739757,0.1152,-0.7453,3.9464
"OID21330",0,0,0.891883545918367,0.474017144310799,0.8247,-0.4656,2.9191
"OID21263",6,0.76530612244898,1.00366529562982,1.31953947286219,1.076,-6.2757,6.245
"OID21181",0,0,0.0721729591836735,0.361831088402838,0.0488,-0.7663,2.8349
"OID21282",0,0,3.13348099489796,1.40034363236986,3.0659,-0.3145,6.309
"OID21318",0,0,1.29770969387755,0.740008458104925,1.1235,-0.0765,4.9848
"OID21235",0,0,0.477406887755102,0.89879529237895,0.3469,-2.2607,6.0711
"OID21244",0,0,1.30702308673469,0.967685794062731,1.1389,-0.9831,4.8886
"OID21164",0,0,0.26435943877551,0.449408317484167,0.2034,-0.7127,4.3183
"OID21165",0,0,0.456152040816327,0.654992954108647,0.3462,-1.0046,3.5653
"OID21296",0,0,5.96290663265306,1.37000470693298,5.9462,1.9318,11.9772
"OID21378",10,1.27551020408163,2.48008527131783,1.6517343406235,2.4762,-5.002,9.0803
"OID21383",0,0,5.31184528061224,1.34918118475645,5.249,2.0432,14.1174
"OID21224",0,0,2.9481431122449,1.4059561894108,2.8319,-0.273,8.1871
"OID21362",0,0,2.11691900510204,0.690234090528528,2.0677,0.0294,4.8791
"OID21367",0,0,2.28246887755102,1.15580070131066,2.2058,-0.7889,6.1655
"OID21349",0,0,1.40429693877551,0.634153244985779,1.2792,0.077,4.3356
"OID21210",0,0,0.0548343112244898,0.420332989123962,0.0406,-1.134,3.3507
"OID21309",0,0,5.16552678571429,1.38864187966462,5.1586,1.3205,9.9588
"OID21472",0,0,1.54445089285714,0.816093667572587,1.5129,-0.363,4.1775
"OID21429",0,0,6.04746683673469,0.719440568137981,6.0438,3.977,8.3422
"OID21479",0,0,0.732022831632653,0.601028664271732,0.6269,-0.3781,3.1437
"OID21491",0,0,2.41797780612245,0.488975065472334,2.3857,0.1677,4.6674
"OID21320",0,0,2.17048265306122,1.26445421005599,1.9762,-0.2928,6.8595
"OID21433",0,0,0.984679591836735,0.770396587634852,0.7761,-0.1244,5.0422
"OID21231",0,0,1.11527551020408,0.688570845582873,0.9915,-0.5259,4.4817
"OID21172",0,0,1.5647012755102,0.740421841948312,1.4318,-0.0581,6.5375
"OID21289",0,0,0.982250892857143,0.505919160119943,0.8977,-0.0368,4.7749
"OID21283",0,0,1.71569489795918,0.851244999107323,1.5603,0.1484,5.4926
"OID21161",0,0,0.640866964285714,0.688489676987598,0.5201,-0.7802,5.4477
"OID21287",0,0,1.69210140306122,1.28013303649344,1.4482,-0.6542,8.0689
"OID21439",0,0,5.77488507653061,1.17923358095907,5.7046,3.0865,9.9819
"OID21458",0,0,4.35752589285714,0.734429306285849,4.2689,2.1637,6.7135
"OID21201",0,0,0.586288903061224,0.882245435057627,0.5223,-1.4187,4.97
"OID21199",0,0,0.244894642857143,0.569968753571538,0.187,-1.1131,5.8119
"OID21260",0,0,0.11435943877551,0.500325877112094,0.0435,-1.0333,2.626
"OID21162",0,0,1.21797551020408,0.779560434129073,1.0353,-0.14,5.4568
"OID21234",0,0,0.803896556122449,0.543830596816786,0.7619,-0.7219,4.0485
"OID21424",0,0,3.89330076530612,0.678125849936355,3.8605,2.2051,5.9733
"OID21417",0,0,3.49535586734694,1.21862934876516,3.2755,0.8081,9.1535
"OID21208",0,0,-0.085459693877551,0.314416643572198,-0.1021,-0.8988,1.7824
"OID21227",0,0,3.04188647959184,0.869735912441472,2.9416,0.678,7.8772
"OID21430",0,0,5.62386045918367,1.21964836164848,5.5881,1.7424,10.3517
"OID21245",0,0,0.348981505102041,0.341795548520283,0.339,-1.0668,1.6355
"OID21274",0,0,1.1644075255102,0.622246065565606,1.0216,0.0706,4.0295
"OID21306",0,0,4.86637257653061,1.59591448793394,4.3918,1.7314,11.393
"OID21363",0,0,3.31616466836735,1.26554161675691,3.1104,0.7374,8.3734
"OID21412",0,0,2.59076836734694,0.769789131959294,2.4598,1.0283,7.0682
"OID21280",0,0,3.00105408163265,1.06570254333212,2.8806,0.7221,6.9978
"OID21395",0,0,4.64129196428571,1.82330886828564,4.4512,0.3022,10.2559
"OID21423",0,0,4.72931262755102,0.731613488606758,4.6153,2.7501,7.0812
"OID21266",0,0,-0.0602672193877551,0.293683568228077,-0.0729,-1.0008,1.4254
"OID21238",0,0,0.854553826530612,0.745982819102811,0.7083,-0.6225,3.7518
"OID21356",0,0,5.09905331632653,1.26087240284643,5.0364,2.3986,10.6178
"OID21248",0,0,2.0353700255102,0.973896473518122,1.8161,0.1911,8.461
"OID21520",0,0,4.38060344387755,0.45830040012743,4.3558,2.9181,7.0629
"OID21304",0,0,2.67904336734694,1.00891500839156,2.4667,1.0253,7.9917
"OID21333",0,0,2.3482631377551,0.551117920113837,2.3008,0.9107,5.2225
"OID21357",0,0,4.4489450255102,1.2162008538204,4.3533,1.6279,8.8463
"OID21511",0,0,2.94330153061224,1.27148299607003,2.886,-0.8488,6.5172
"OID21229",0,0,1.73823176020408,0.881739787173642,1.5798,-0.2683,5.2753
"OID21524",0,0,4.17451479591837,0.759461798786852,4.091,2.1508,6.2495
"OID21302",0,0,0.874606887755102,0.44746591896707,0.7956,-0.072,3.7569
"OID21180",0,0,0.501540816326531,0.532516700382538,0.3843,-0.6993,4.1378
"OID21377",0,0,2.39858367346939,0.493237263907595,2.3957,0.9543,5.7553
"OID21499",0,0,3.61573048469388,1.20353968817963,3.3432,1.5641,8.5713
"OID21368",0,0,5.26617346938775,1.07372492434746,5.1174,2.7986,11.5588
"OID21521",0,0,2.33255676020408,1.45300800408281,2.077,-0.231,8.556
"OID21525",0,0,5.57947678571429,0.692506090541751,5.4866,3.9424,7.9985
"OID21220",0,0,1.15381926020408,0.82526275761417,1.0559,-1.4388,5.2876
"OID21189",0,0,1.63502270408163,0.754848583241565,1.5717,-0.5216,4.9899
"OID21188",0,0,0.826845153061225,0.281124695796989,0.8299,-0.0164,4.142
"OID21531",0,0,3.9967181122449,0.666974720726262,3.9231,2.1291,7.097
"OID21346",0,0,2.47889464285714,0.718438424629443,2.4883,0.4045,6.4585
"OID21355",0,0,1.39448903061224,0.828561419098162,1.2463,-0.1714,5.0905
"OID21270",0,0,1.96488137755102,0.817670234897407,1.8137,0.2078,5.5123
"OID21451",0,0,5.07872397959184,1.48969766210521,4.9089,1.9673,10.4177
"OID21292",0,0,2.87411364795918,1.34328115091405,2.6117,0.1571,8.2378
"OID21461",0,0,6.02788533163265,1.75962202189136,5.4546,2.7632,10.2604
"OID21167",0,0,0.381020663265306,0.48514119671231,0.3138,-0.5694,4.8154
"OID21400",0,0,5.01104744897959,0.727911102872058,4.7961,3.7557,8.3387
"OID21166",0,0,1.54189464285714,0.48842401848792,1.4765,0.2921,3.7198
"OID21460",0,0,3.95021058673469,0.792098799375475,3.8724,1.8609,8.7842
"OID21523",0,0,2.06843890306122,0.571999789298178,2.0287,0.4149,5.4768
"OID21452",0,0,0.339348341836735,0.481976292080342,0.3832,-1.5436,2.4213
"OID21420",0,0,3.98142423469388,1.53504708751667,3.8445,0.2794,8.9792
"OID21498",0,0,5.63725433673469,1.0873888508401,5.4387,3.3015,9.2523
"OID21462",0,0,1.52193724489796,1.23323618157923,1.2744,-1.1033,6.367
"OID21506",0,0,4.66359043367347,1.53565667017624,4.6518,1.5447,10.2498
"OID21463",0,0,5.54333201530612,0.992054009227336,5.4397,3.1328,9.0268
"OID21530",0,0,1.63811760204082,0.627208720422934,1.5792,-0.0782,6.1804
"OID21202",0,0,1.44476492346939,0.47606818936622,1.3764,0.2162,3.4561
"OID21422",0,0,4.31882295918367,1.41850547952288,4.1957,0.957,8.8631
"OID21507",0,0,4.18922232142857,1.82843266512071,3.5588,1.528,12.0193
"OID21243",0,0,0.712367602040816,0.77961877122793,0.5612,-0.985,4.1385
"OID21496",0,0,3.43829617346939,0.378680598248457,3.3968,2.3209,4.827
"OID21445",0,0,2.77388112244898,0.980655861345654,2.606,0.0972,6.4725
"OID21178",0,0,0.439644770408163,0.426060261536421,0.388,-0.6171,2.8642
"OID21214",0,0,1.18701071428571,0.639261075235793,1.1315,-0.9361,3.5849
"OID21271",0,0,0.708940178571429,0.905450390304826,0.6704,-2.4146,6.11
"OID21193",0,0,1.30201275510204,0.892016661966932,1.2078,-0.4582,5.7479
"OID21365",0,0,1.21458533163265,1.14259321424243,0.9184,-0.7289,6.5734
"OID21315",0,0,3.43713520408163,0.829336178408876,3.3965,0.9688,7.3599
"OID21209",0,0,1.35497079081633,0.778856240012739,1.252,-0.6931,5.0026
"OID21497",0,0,4.41675841836735,0.452229811497087,4.4352,2.8469,5.7015
"OID21361",0,0,2.45676198979592,1.05633789480649,2.355,-0.1244,6.1768
"OID21510",0,0,4.00704706632653,0.42892279393696,4.0094,2.7865,6.7115
"OID21233",0,0,0.494395025510204,0.463552319829333,0.4493,-0.9596,3.2865
"OID21364",0,0,0.512144005102041,0.704153314255345,0.3554,-0.8145,5.7378
"OID21239",0,0,0.50626237244898,0.543344777046102,0.4257,-0.5661,4.5808
"OID21200",0,0,0.284672704081633,0.429039147674636,0.1972,-0.7395,2.8287
"OID21230",0,0,0.897127040816327,0.687650994696209,0.7667,-0.5923,5.4853
"OID21382",0,0,0.923579591836735,0.382438983110565,0.881,0.0948,3.4793
"OID21366",0,0,1.11612168367347,0.663118366938636,1.0346,-0.4257,4.7676
"OID21348",0,0,4.10519757653061,1.76032071659363,3.9605,0.8838,9.9245
"OID21192",0,0,1.97128048469388,0.892899025275364,1.8142,0.1273,7.7431
"OID21175",0,0,1.64211517857143,0.832132608541713,1.5095,-0.3216,5.2563
"OID21288",0,0,2.24703762755102,0.841161985772688,2.0537,0.6841,6.4849
"OID21205",0,0,2.06712538265306,1.18483945584359,1.7816,0.1767,6.9223
"OID21493",0,0,2.79201836734694,0.937669455748978,2.5449,1.2513,7.17
"OID21351",0,0,2.91196530612245,0.520819674483061,2.8566,1.4969,5.4787
"OID21502",0,0,2.82718443877551,0.591629770011554,2.8064,1.0135,4.7654
"OID21447",0,0,3.68571709183673,0.796838602321315,3.5571,1.9904,10.2119
"OID21379",0,0,2.37445510204082,0.557325868113938,2.3562,0.9268,4.9229
"OID21441",0,0,2.50701964285714,0.857931283108245,2.3619,0.6567,7.0443
"OID21254",0,0,0.880503954081633,0.508465105510713,0.878,-0.6078,3.966
"OID21372",0,0,2.21613329081633,1.04173248770503,2.0074,-0.5539,5.9991
"OID21407",0,0,5.81934540816327,0.735441008678337,5.7834,3.8005,8.8514
"OID21196",0,0,1.4520056122449,0.718309983970647,1.3854,-0.5977,4.6265
"OID21250",0,0,3.19113290816327,1.75470927837361,2.8297,-1.2703,8.8929
"OID21426",0,0,3.13734081632653,0.634962761846831,3.0892,1.0555,6.2781
"OID21434",0,0,6.26213443877551,1.13790375557331,6.1498,3.6221,10.7054
"OID21256",0,0,0.615887882653061,0.541613683792348,0.5575,-0.8713,4.0462
"OID21454",0,0,4.67617691326531,0.910567447425938,4.6219,2.1624,7.6072
"OID21217",0,0,0.325655102040816,0.576072448592689,0.247,-1.5078,3.2343
"OID21203",0,0,-0.0340673469387755,0.339303061194549,-0.0427,-1.2857,2.3524
"OID21456",0,0,4.48431964285714,0.729109102145938,4.5186,2.4405,6.5831
"OID21253",0,0,1.97342869897959,1.06436600827499,1.8107,-0.4293,6.6183
"OID21347",0,0,4.76554655612245,1.37457734834318,4.481,2.2217,10.0675
"OID21425",0,0,6.75267244897959,1.07913618422009,6.6608,4.0056,10.6167
"OID21228",0,0,1.66653979591837,0.68635294674642,1.6418,-0.1146,4.4405
"OID21275",0,0,3.94681887755102,0.863517512063669,3.7949,2.138,7.0781
"OID21303",0,0,2.70707806122449,0.688769719085642,2.6157,1.1262,6.5327
"OID21312",0,0,3.44762780612245,1.11544571568539,3.2702,1.0261,7.5208
"OID21432",0,0,4.10730816326531,0.858099371921249,4.0924,-0.4706,7.5545
"OID21409",0,0,3.08134974489796,0.589728432468062,3.0497,1.6175,5.3617
"OID21322",0,0,2.59232946428571,0.65155134220702,2.5576,1.0227,6.2546
"OID21183",0,0,0.389620408163265,0.318245233588421,0.3954,-0.5984,1.9936
"OID21376",0,0,2.95427933673469,1.40455718941823,2.8341,-1.233,7.7217
"OID21331",0,0,2.54607589285714,0.76656174570614,2.4427,0.5698,6.7319
"OID21219",0,0,1.5632243622449,0.835645197602865,1.441,-0.3463,6.0054
"OID21225",0,0,1.86604846938776,1.00141267239429,1.6975,-0.658,6.0403
"OID21408",0,0,3.70647767857143,1.45995144029507,3.4594,0.7513,8.0164
"OID21232",0,0,0.14838112244898,0.46649795212484,0.1399,-1.3249,2.7793
"OID21411",0,0,3.18440025510204,1.89755924521296,2.6429,0.251,11.2667
"OID21328",0,0,3.81056045918367,1.04474974062166,3.5705,1.799,7.8699
"OID21465",0,0,5.67251645408163,0.807522399436069,5.6554,3.2942,8.9178
"OID21464",0,0,4.74551772959184,0.647094112199191,4.6895,3.1108,7.8648
"OID21405",0,0,2.11064846938776,0.74285976898105,2.0569,0.2362,7.0388
"OID21380",0,0,4.66045701530612,1.20036304709425,4.6586,1.6695,8.5594
"OID21516",0,0,2.00127040816327,1.12989108439576,1.7936,-0.4655,6.4843
"OID21284",0,0,2.06889081632653,1.17227939513053,1.8688,-0.4722,7.4564
"OID21352",0,0,1.81402130102041,0.773110261635804,1.7756,-0.0136,6.1235
"OID21371",0,0,2.50311670918367,0.535481730493534,2.4659,0.8629,4.5005
"OID21455",0,0,4.83937614795918,1.27996891607171,4.7296,1.924,9.2162
"OID21528",0,0,6.13008545918367,0.636532729160696,6.0897,3.2103,8.1483
"OID21403",0,0,2.90367461734694,1.10415024705778,2.7342,0.3362,7.6476
"OID21290",0,0,0.210860714285714,0.308403292529298,0.1747,-0.3817,1.9441
"OID21316",0,0,3.92624961734694,0.806307675098004,3.7538,2.1123,7.3653
"OID21484",0,0,0.678129974489796,0.352301080175352,0.672,-0.1695,2.5247
"OID21476",0,0,2.21386262755102,1.16698425118865,1.9856,-0.2479,6.1785
"OID21278",0,0,1.49504655612245,0.753993285648446,1.3835,-0.0671,5.4461
"OID21474",0,0,2.84759056122449,0.639842807274279,2.8337,1.0661,4.6695
"OID21489",0,0,5.00274005102041,1.90152368541913,4.3791,1.7639,11.4612
"OID21504",0,0,3.09156926020408,0.417350211441184,3.075,1.6645,4.3976
"OID21277",0,0,4.87630765306122,1.62618550091606,4.6211,1.8049,11.4612
"OID21399",0,0,4.24741760204082,1.13411552913792,4.1739,1.7814,7.4883
"OID21482",0,0,2.71914553571429,1.19167981002016,2.4579,0.307,6.8037
"OID21298",0,0,1.38977678571429,0.628146625366857,1.282,-0.6188,4.6541
"OID21393",0,0,1.0701625,0.665759773270824,0.974,-0.4685,5.3347
"OID21486",0,0,2.65179489795918,1.03095580485798,2.4199,0.8304,6.1591
"OID21194",0,0,0.985469770408163,0.7331051203187,0.9057,-0.5341,7.8013
"OID21276",0,0,5.95848890306122,2.04245064922644,5.8725,0.6992,13.0212
"OID21410",0,0,1.28734336734694,1.02274138339049,1.1042,-0.7302,6.868
"OID21488",0,0,1.49755395408163,0.603196119986672,1.4111,0.0577,4.9529
"OID21390",0,0,4.68954859693878,0.5693845486023,4.6686,2.8781,7.5419
"OID21421",0,0,4.90115790816327,1.07571778911922,4.8871,1.9625,8.3996
"OID21401",0,0,3.06772130102041,0.827316775866402,2.8712,1.3427,6.8782
"OID21487",0,0,2.23741658163265,0.545469940154643,2.1654,0.5012,4.4119
"OID21297",0,0,3.2230950255102,1.78309572745555,3.2215,-0.0192,8.5769
"OID21501",0,0,3.73037589285714,0.956607293319815,3.6046,1.6764,7.7411
"OID21218",0,0,2.51411441326531,0.857839374503434,2.3856,0.693,6.188
"OID21171",0,0,1.5178262755102,0.822006578078607,1.4026,-0.4813,7.8569
"OID21490",0,0,2.46974910714286,0.949272941301565,2.2568,0.8781,7.0367
"OID21169",0,0,0.426770153061225,0.475312584359009,0.3402,-0.5622,2.4943
"OID21323",0,0,1.73369272959184,1.17403955882305,1.4673,-0.397,6.7155
"OID21494",0,0,4.55245471938775,0.809857207067868,4.6107,1.9069,6.9278
"OID21509",0,0,4.57121798469388,0.787708975403712,4.4782,2.7876,7.6338
"OID21281",0,0,1.17805829081633,0.984594090435079,0.9309,-0.3292,5.6353
"OID21335",0,0,0.551549107142857,0.488273929748193,0.4416,-0.5057,3.6564
"OID21388",0,0,0.508583163265306,0.480317185694256,0.4261,-0.4251,3.9161
"OID21326",0,0,3.37463839285714,1.14749615142741,3.2749,1.2004,8.084
"OID21314",0,0,2.26297397959184,1.28373585086691,2.0788,-0.365,6.6676
"OID21419",0,0,3.62850344387755,1.10241565575768,3.4595,1.1695,7.3965
"OID21442",0,0,2.17933341836735,1.10004088847984,2.0682,-0.4975,6.3667
"OID21286",0,0,0.627004081632653,0.689948890241528,0.4556,-0.7287,5.258
"OID21459",0,0,6.02894272959184,1.58179709584937,5.7302,2.5666,10.827
"OID21305",0,0,2.35084209183673,0.504372268265071,2.338,0.8927,4.7609
"OID21265",0,0,1.30692551020408,0.551369314764711,1.2853,-0.5256,4.787
"OID21406",0,0,3.72075535714286,0.809967831533705,3.5975,1.7609,8.6183
"OID21307",0,0,3.74397742346939,1.46789175955365,3.554,0.7944,8.6167
"OID21163",0,0,0.539608418367347,0.499582497779302,0.4809,-0.4467,4.5824
"OID21301",0,0,3.16226007653061,0.698632627439565,2.9867,1.9995,7.6963
"OID21222",0,0,1.86725306122449,1.25850129568048,1.6604,-0.6377,6.8555
"OID21321",0,0,0.845508673469388,0.884098649483859,0.6363,-0.7691,5.775
"OID21392",0,0,2.43697181122449,0.630425243260258,2.4476,0.2435,4.8689
"OID21431",0,0,4.63030778061225,0.99414607826667,4.5997,2.0025,8.9732
"OID21526",0,0,5.17427704081633,0.716593557891547,5.0664,3.3548,8.1292
"OID21450",0,0,4.50866836734694,1.19872854662764,4.4667,0.8896,8.4283
"OID21518",0,0,0.981323469387755,0.725578665167543,0.8461,-0.4591,3.9752
"OID21221",0,0,0.0349209183673469,0.348969884008642,0.0374,-1.105,2.4455
"OID21261",0,0,1.64190408163265,0.636604959645208,1.558,0.009,4.3018
"OID21170",0,0,0.825659183673469,0.730554505152467,0.7047,-0.7391,6.0045
"OID21469",0,0,6.52904540816326,1.47896614177275,6.3978,2.7831,11.2383
