"ID","Description","setSize","enrichmentScore","NES","pvalue","p.adjust","qvalue","rank","leading_edge","core_enrichment","log2err"
"R-HSA-69481","G2/M Checkpoints",144,0.661955999101941,2.48981009845312,1e-10,1.287921120334e-08,3.40753662170642e-09,3027,"tags=58%, list=18%, signal=48%","983/990/890/9088/8318/9133/891/51512/4998/3017/9156/1111/4173/4171/8343/8900/8365/63967/8344/8348/8345/4175/5701/8970/7158/55388/5984/5684/4683/5932/8347/5690/8364/4174/10926/4176/85236/5687/5985/8294/993/23595/5983/5686/4172/8339/5685/6119/10213/1763/7465/580/5714/995/23594/5704/11200/5702/8317/672/51720/5708/83990/10971/116028/5718/5717/5884/7316/5709/8341/7334/5683/5700/11047/5000/51588/5695/8363/3364/5713/5694/84142/7531",NA
"R-HSA-69620","Cell Cycle Checkpoints",275,0.612969733702394,2.45963526861363,1e-10,1.287921120334e-08,3.40753662170642e-09,2735,"tags=47%, list=16%, signal=40%","699/11065/11004/332/983/990/890/11130/991/9088/9212/8318/9133/891/51512/79019/701/5347/57405/55143/4998/3017/9156/1111/4173/79682/4171/1062/10403/8343/8900/83540/8365/63967/57082/147841/220134/55839/8344/8348/8345/4175/4085/5701/8970/81930/7158/1063/55388/5984/5684/4683/5932/8347/9735/898/5690/9134/378708/8364/4174/10926/996/4176/151648/85236/5687/5985/8294/993/23595/6396/5983/5686/1060/4172/79023/8339/5685/6119/55055/64946/91687/10213/54908/1763/8454/7465/580/5903/348235/5519/5714/23421/1026/100527963/995/23594/5515/1029/5704/11200/5702/8317/672/64105/51720/5708/79172/83990/151246/10971/116028/5718/5717/5884/7316/5709/8341/7334/5683/8697/5700/11047/5000/51588/5695/5501/8363/9184",NA
"R-HSA-69306","DNA Replication",167,0.622906769385527,2.36211944799425,1e-10,1.287921120334e-08,3.40753662170642e-09,2616,"tags=50%, list=15%, signal=43%","11065/51053/990/890/8318/5111/4998/3017/2237/4173/4171/51659/8343/8900/8355/8356/8365/8357/81620/8344/8348/8345/4175/5701/8970/8358/55388/5984/5684/8352/8334/8347/898/5690/8331/9134/5427/8364/4174/10926/996/4176/85236/5687/5985/8294/23595/5983/5686/4172/8339/5685/6119/3012/246243/10213/84296/5981/1763/8454/5714/23594/5704/8353/5702/8317/3978/5708/5424/5718/5717/7316/5709/8354/8341/5683/8697/5700/11047/5000/3013/64785/126961/5695",NA
"R-HSA-9664407","Parasite infection",57,-0.599489482923008,-2.36017123252362,2.37325733335313e-07,6.28122107560796e-06,1.66186348730874e-06,1578,"tags=37%, list=9%, signal=34%","5595/1398/4644/4650/7409/10094/10109/10097/4627/10095/998/26999/71/7454/3055/2885/60/10093/6850/5594/10163",0.690132458796796
"R-HSA-9664417","Leishmania phagocytosis",57,-0.599489482923008,-2.36017123252362,2.37325733335313e-07,6.28122107560796e-06,1.66186348730874e-06,1578,"tags=37%, list=9%, signal=34%","5595/1398/4644/4650/7409/10094/10109/10097/4627/10095/998/26999/71/7454/3055/2885/60/10093/6850/5594/10163",0.690132458796796
"R-HSA-9664422","FCGR3A-mediated phagocytosis",57,-0.599489482923008,-2.36017123252362,2.37325733335313e-07,6.28122107560796e-06,1.66186348730874e-06,1578,"tags=37%, list=9%, signal=34%","5595/1398/4644/4650/7409/10094/10109/10097/4627/10095/998/26999/71/7454/3055/2885/60/10093/6850/5594/10163",0.690132458796796
"R-HSA-156842","Eukaryotic Translation Elongation",83,-0.560751544641973,-2.34282923326531,5.35781364449945e-09,2.74458324756939e-07,7.26152229337566e-08,4679,"tags=77%, list=28%, signal=56%","6217/6166/6229/6205/6234/6181/6169/6230/6175/6235/6141/6209/6143/6155/6146/6157/1933/2197/6170/6147/6202/6201/6228/6130/4736/6210/9349/6133/6206/6224/6125/6176/6207/6159/6139/6171/6124/6135/6173/6232/6223/6222/6142/23521/6154/6233/6122/6128/6144/6193/6189/7311/6137/6191/6188/6187/1915/6203/6194/6129/6134/6208/1937/1936",0.761460801445585
"R-HSA-606279","Deposition of new CENPA-containing nucleosomes at the centromere",55,0.716399276472048,2.33878313393784,2.77181799155663e-10,2.20082348529597e-08,5.82286174646532e-09,2715,"tags=64%, list=16%, signal=54%","55355/79019/3017/79682/8343/11339/8365/387103/57082/55839/8344/8348/8345/8970/8334/8347/8331/378708/8364/85236/8294/1060/8339/3012/64946/91687/23421/8467/64105/79172/5931/54069/8341/3013/8363",0.814035837847908
"R-HSA-774815","Nucleosome assembly",55,0.716399276472048,2.33878313393784,2.77181799155663e-10,2.20082348529597e-08,5.82286174646532e-09,2715,"tags=64%, list=16%, signal=54%","55355/79019/3017/79682/8343/11339/8365/387103/57082/55839/8344/8348/8345/8970/8334/8347/8331/378708/8364/85236/8294/1060/8339/3012/64946/91687/23421/8467/64105/79172/5931/54069/8341/3013/8363",0.814035837847908
"R-HSA-69206","G1/S Transition",121,0.63001996665128,2.33044680075095,1e-10,1.287921120334e-08,3.40753662170642e-09,2511,"tags=51%, list=15%, signal=44%","6241/7083/51053/983/990/890/7298/8318/891/26271/5111/4998/4173/4171/8900/1719/81620/4175/1022/5701/55388/5684/1163/898/5690/9134/5427/4174/10926/4176/5687/993/23595/1019/5686/4172/1869/5685/6119/10213/8454/7465/5519/5714/1026/23594/5515/5704/5702/8317/5708/1875/5933/5718/5717/7316/5709/91750/5683/5700/11047/5000",NA
"R-HSA-453279","Mitotic G1 phase and G1/S transition",139,0.620875170499878,2.32682638793241,1e-10,1.287921120334e-08,3.40753662170642e-09,2511,"tags=49%, list=15%, signal=42%","4605/6241/7083/51053/983/990/890/7153/7298/8318/891/26271/5111/4998/4173/4171/8900/1719/81620/4175/1022/5701/55388/5684/1163/898/5690/1870/9134/5427/4174/10926/4176/5687/993/23595/1019/5686/4172/1869/5685/6119/10213/8454/7465/5519/5714/1026/23594/5515/1029/5704/5702/8317/894/5708/1875/5933/5718/5717/7316/5709/91750/5683/6714/5700/11047/5000",NA
"R-HSA-5663213","RHO GTPases Activate WASPs and WAVEs",35,-0.657101474578269,-2.32637107715532,1.09060639490192e-06,2.30917727347233e-05,6.10954040673594e-06,930,"tags=37%, list=5%, signal=35%","10094/10109/10097/10095/998/26999/71/7454/2885/60/10093/5594/10163",0.643551836150722
"R-HSA-68867","Assembly of the pre-replicative complex",115,0.630383408670492,2.32543640712623,1e-10,1.287921120334e-08,3.40753662170642e-09,2715,"tags=53%, list=16%, signal=45%","11065/51053/990/4998/3017/4173/4171/8343/8355/8356/8365/8357/81620/8344/8348/8345/4175/5701/8970/8358/5684/8352/8334/8347/5690/8331/8364/4174/996/4176/85236/5687/8294/23595/5686/4172/8339/5685/3012/10213/5714/23594/5704/8353/5702/5708/5718/5717/7316/5709/8354/8341/5683/8697/5700/11047/5000/3013/126961/5695/8363",NA
"R-HSA-69002","DNA Replication Pre-Initiation",132,0.618275452302008,2.30915057590616,1e-10,1.287921120334e-08,3.40753662170642e-09,3435,"tags=58%, list=20%, signal=46%","11065/51053/990/8318/4998/3017/4173/4171/8343/8355/8356/8365/8357/81620/8344/8348/8345/4175/5701/8970/8358/55388/5684/8352/8334/8347/5690/8331/5427/8364/4174/10926/996/4176/85236/5687/8294/23595/5686/4172/8339/5685/6119/3012/10213/5714/23594/5704/8353/5702/8317/5708/5718/5717/7316/5709/8354/8341/5683/8697/5700/11047/5000/3013/126961/5695/8363/5713/5694/8351/5422/51434/5426/5682/51433/5557",NA
"R-HSA-176187","Activation of ATR in response to replication stress",37,0.750154319428936,2.30329651344169,3.02202705967604e-08,1.04325629799251e-06,2.76021099825854e-07,1858,"tags=59%, list=11%, signal=53%","990/8318/4998/1111/4173/4171/63967/4175/55388/5984/4174/10926/4176/5985/993/23595/5983/4172/6119/995/23594/8317",0.719512826338911
"R-HSA-2029482","Regulation of actin dynamics for phagocytic cup formation",59,-0.591357386578823,-2.30117148297646,9.99783778254622e-08,3.11305223503596e-06,8.23640464364707e-07,1817,"tags=37%, list=11%, signal=33%","2209/1072/5595/1398/4644/4650/7409/10094/10109/10097/4627/10095/998/26999/71/7454/2885/60/10093/6850/5594/10163",0.704975715167238
"R-HSA-69239","Synthesis of DNA",108,0.63278291652484,2.28816258994059,1e-10,1.287921120334e-08,3.40753662170642e-09,3435,"tags=58%, list=20%, signal=47%","11065/51053/990/890/8318/5111/4998/2237/4173/4171/51659/8900/81620/4175/5701/5984/5684/898/5690/9134/5427/4174/996/4176/5687/5985/23595/5983/5686/4172/5685/6119/10213/84296/5981/1763/8454/5714/23594/5704/5702/3978/5708/5424/5718/5717/7316/5709/5683/8697/5700/11047/5000/64785/5695/5713/5694/5422/51434/5426/5682/51433/5557",NA
"R-HSA-156902","Peptide chain elongation",80,-0.549114223971805,-2.28720582781392,1.77001499093059e-08,7.02695951399444e-07,1.85916835318104e-07,4679,"tags=76%, list=28%, signal=55%","6217/6166/6229/6205/6234/6181/6169/6230/6175/6235/6141/6209/6143/6155/6146/6157/2197/6170/6147/6202/6201/6228/6130/4736/6210/9349/6133/6206/6224/6125/6176/6207/6159/6139/6171/6124/6135/6173/6232/6223/6222/6142/23521/6154/6233/6122/6128/6144/6193/6189/7311/6137/6191/6188/6187/1915/6203/6194/6129/6134/6208",0.73376198835648
"R-HSA-141424","Amplification of signal from the kinetochores",91,0.638546476199621,2.27926560842389,2.41058386029653e-10,2.12667065008383e-08,5.62667077048132e-09,2065,"tags=45%, list=12%, signal=40%","699/11004/332/11130/991/9212/79019/701/5347/57405/55143/79682/1062/10403/83540/57082/147841/220134/55839/4085/81930/1063/9735/378708/151648/6396/1060/79023/55055/64946/91687/54908/5903/348235/5519/23421/100527963/5515/64105/79172/151246",0.814035837847908
"R-HSA-141444","Amplification  of signal from unattached  kinetochores via a MAD2  inhibitory signal",91,0.638546476199621,2.27926560842389,2.41058386029653e-10,2.12667065008383e-08,5.62667077048132e-09,2065,"tags=45%, list=12%, signal=40%","699/11004/332/11130/991/9212/79019/701/5347/57405/55143/79682/1062/10403/83540/57082/147841/220134/55839/4085/81930/1063/9735/378708/151648/6396/1060/79023/55055/64946/91687/54908/5903/348235/5519/23421/100527963/5515/64105/79172/151246",0.814035837847908
"R-HSA-192823","Viral mRNA Translation",80,-0.546668337634607,-2.27701806497626,2.13621968106596e-08,8.27394354520183e-07,2.18909102359431e-07,4679,"tags=76%, list=28%, signal=55%","6217/6166/6229/6205/6234/6181/6169/6230/6175/6235/6141/6209/6143/6155/6146/6157/2197/6170/6147/6202/6201/6228/6130/4736/6210/9349/6133/6206/6224/6125/6176/6207/6159/6139/6171/6124/6135/6173/6232/6223/6222/6142/23521/6154/6233/6122/6128/6144/6193/6189/7311/6137/6191/6188/6187/6203/6194/6129/6134/6208/5611",0.73376198835648
"R-HSA-5693538","Homology Directed Repair",129,0.602345476297411,2.25789743393293,1e-10,1.287921120334e-08,3.40753662170642e-09,3239,"tags=50%, list=19%, signal=40%","890/10635/5111/3017/9156/2237/1111/675/8343/8900/8365/54962/5888/63967/8344/8348/8345/8970/7158/10038/5984/4683/5932/8347/5427/8914/10721/8364/85236/5985/5429/8294/5983/8339/6119/348654/5981/1763/580/5890/672/146956/3978/51720/83990/5424/116028/5884/142/7316/8341/7334/51548/6613/51588/8363/55732/3364/2072/84142/5889/5426/7517/7486",NA
"R-HSA-5693607","Processing of DNA double-strand break ends",85,0.630545936236428,2.25241252573492,1.9760852324783e-09,1.35336716281877e-07,3.58069147023844e-08,2842,"tags=48%, list=17%, signal=40%","890/3017/9156/1111/8343/8900/8365/54962/63967/8344/8348/8345/8970/7158/5984/4683/5932/8347/8914/8364/85236/5985/8294/5983/8339/6119/1763/580/672/51720/83990/116028/5884/7316/8341/7334/51548/6613/51588/8363/3364",0.774939030136436
"R-HSA-68949","Orc1 removal from chromatin",58,0.670293246522553,2.25155378023096,2.67292979385143e-08,9.43247225030239e-07,2.49561049342834e-07,2963,"tags=62%, list=17%, signal=51%","990/890/4998/4173/4171/8900/81620/4175/5701/5684/5690/4174/4176/5687/23595/5686/4172/5685/10213/8454/5714/23594/5704/5702/5708/5718/5717/7316/5709/5683/5700/11047/5000/5695/5713/5694",0.73376198835648
"R-HSA-69052","Switching of origins to a post-replicative state",79,0.64053477035476,2.23396227091317,2.37964494108716e-09,1.40772380485313e-07,3.7245063711984e-08,2616,"tags=51%, list=15%, signal=43%","11065/51053/990/890/4998/4173/4171/8900/81620/4175/5701/5684/898/5690/9134/4174/996/4176/5687/23595/5686/4172/5685/10213/8454/5714/23594/5704/5702/5708/5718/5717/7316/5709/5683/8697/5700/11047/5000/5695",0.774939030136436
"R-HSA-512988","Interleukin-3, Interleukin-5 and GM-CSF signaling",44,-0.592294310872123,-2.22806033001144,2.26816345308714e-06,4.14005007299123e-05,1.09535995774008e-05,2129,"tags=48%, list=13%, signal=42%","6776/4067/7314/3636/7311/1398/3568/3560/7409/5566/1438/6464/2889/3716/3055/5293/3718/2885/6777/6850/867",0.627256739718528
"R-HSA-69273","Cyclin A/B1/B2 associated events during G2/M transition",32,0.754514001385115,2.22332988454414,2.4597387075223e-07,6.40338535663182e-06,1.69418528519535e-06,1773,"tags=53%, list=10%, signal=48%","55355/983/890/9088/9133/891/5347/2305/8900/1022/151648/993/7465/5519/995/5515/79866",0.674962860011025
"R-HSA-69473","G2/M DNA damage checkpoint",84,0.630917203721858,2.22005619891675,2.8477898659361e-09,1.61510368110947e-07,4.27318478930306e-08,3241,"tags=54%, list=19%, signal=44%","983/890/891/3017/9156/1111/8343/8900/8365/8344/8348/8345/8970/7158/5984/4683/5932/8347/8364/85236/5985/8294/5983/8339/6119/1763/7465/580/995/11200/672/51720/83990/10971/116028/5884/8341/7334/51588/8363/3364/84142/7531/7486/7533",0.774939030136436
"R-HSA-69618","Mitotic Spindle Checkpoint",108,0.612871244032235,2.21616136659698,3.29184433984902e-10,2.48926133889535e-08,6.58600052391732e-09,2065,"tags=40%, list=12%, signal=35%","699/11065/11004/332/11130/991/9212/79019/701/5347/57405/55143/79682/1062/10403/83540/57082/147841/220134/55839/4085/81930/1063/9735/378708/996/151648/6396/1060/79023/55055/64946/91687/54908/5903/348235/5519/23421/100527963/5515/64105/79172/151246",0.814035837847908
"R-HSA-9937383","Mitochondrial ribosome-associated quality control",89,0.618200673278622,2.20969478850472,5.16922961488569e-09,2.73624554281282e-07,7.23946268595837e-08,4300,"tags=66%, list=25%, signal=50%","29093/740/6182/65080/55168/64976/28998/64983/56945/51081/65008/51253/54534/26284/64960/28973/28977/64951/124995/3396/57129/63931/54148/65005/54471/54948/6150/64978/60488/51642/64965/64981/26589/51073/51116/29088/51023/11222/51021/51649/29074/51069/55173/4706/90480/63875/6183/51318/10573/91574/65003/51650/64963/10884/5018/64969/64928/51258/9801",0.761460801445585
"R-HSA-912446","Meiotic recombination",65,0.651123783337305,2.20765607963415,1.7068864376024e-08,6.95009144336565e-07,1.83883086809969e-07,3067,"tags=60%, list=18%, signal=49%","3017/675/8343/8355/8356/8365/8357/5888/8344/8348/8345/8970/8358/8352/4683/5932/8334/8347/8331/8364/84057/85236/8294/1019/8339/6119/3012/8353/672/4292/29893/8354/8341/3013/126961/8363/55732/5889/8351",0.73376198835648
"R-HSA-174143","APC/C-mediated degradation of cell cycle proteins",75,0.639149541635443,2.20652154687594,7.81182015349381e-09,3.64857953051417e-07,9.65328401805485e-08,2963,"tags=52%, list=17%, signal=43%","11065/983/890/991/9232/9212/891/701/26271/5347/4751/8900/4085/5701/5684/5690/6790/996/5687/5686/5685/10213/8454/5714/5704/5702/5708/5718/5717/7316/5709/5683/8697/5700/11047/5695/9184/5713/5694",0.747739663149885
"R-HSA-453276","Regulation of mitotic cell cycle",75,0.639149541635443,2.20652154687594,7.81182015349381e-09,3.64857953051417e-07,9.65328401805485e-08,2963,"tags=52%, list=17%, signal=43%","11065/983/890/991/9232/9212/891/701/26271/5347/4751/8900/4085/5701/5684/5690/6790/996/5687/5686/5685/10213/8454/5714/5704/5702/5708/5718/5717/7316/5709/5683/8697/5700/11047/5695/9184/5713/5694",0.747739663149885
"R-HSA-2299718","Condensation of Prophase Chromosomes",55,0.673595510513581,2.19904440278547,4.59329385855823e-08,1.51961471820635e-06,4.02054343345917e-07,2715,"tags=62%, list=16%, signal=52%","983/891/5347/3017/8343/8355/8356/8365/8357/8344/8348/8345/8970/10051/8358/10592/8352/8334/8347/8331/8364/85236/8294/54892/8339/3012/8353/79648/8354/8341/3013/126961/29781/8363",0.719512826338911
"R-HSA-176409","APC/C:Cdc20 mediated degradation of mitotic proteins",63,0.6419564104624,2.18899919926236,9.4438493959266e-08,2.99936656814629e-06,7.93561908529765e-07,3388,"tags=59%, list=20%, signal=47%","11065/983/890/991/9232/891/701/4751/8900/4085/5701/5684/5690/996/5687/5686/5685/10213/5714/5704/5702/5708/5718/5717/7316/5709/5683/8697/5700/11047/5695/9184/5713/5694/51434/5682/51433",0.704975715167238
"R-HSA-2408557","Selenocysteine synthesis",84,-0.533606599146056,-2.18749928732052,1.08507989922712e-07,3.31366707687051e-06,8.76718437046125e-07,4679,"tags=74%, list=28%, signal=54%","6217/6166/6229/6205/6234/6181/6169/6230/6175/6235/6141/6209/6143/6155/6146/22928/6157/79048/2197/6170/6147/6202/6201/6228/6130/4736/6210/9349/6133/6206/6224/6125/6176/6207/6159/6139/6171/6124/6135/6173/6232/6223/6222/6142/23521/6154/6233/6122/6128/6144/6193/6189/7311/6137/6191/6188/6187/6203/6194/6129/6134/6208",0.704975715167238
"R-HSA-2500257","Resolution of Sister Chromatid Cohesion",116,0.589972959894195,2.18645267879736,2.31793369824994e-09,1.40772380485313e-07,3.7245063711984e-08,1668,"tags=37%, list=10%, signal=34%","699/11004/332/983/11130/991/9212/9133/891/79019/113130/701/5347/57405/55143/79682/1062/10403/83540/57082/147841/220134/55839/4085/81930/1063/9735/378708/151648/6396/1060/79023/55055/64946/91687/10376/54908/5903/348235/5519/23421/100527963/5515",0.774939030136436
"R-HSA-176814","Activation of APC/C and APC/C:Cdc20 mediated degradation of mitotic proteins",64,0.648045031860879,2.18486624964754,1.47255536548029e-07,4.25166894615036e-06,1.12489168852377e-06,3388,"tags=59%, list=20%, signal=48%","11065/983/890/991/9232/891/701/5347/4751/8900/4085/5701/5684/5690/996/5687/5686/5685/10213/5714/5704/5702/5708/5718/5717/7316/5709/5683/8697/5700/11047/5695/9184/5713/5694/51434/5682/51433",0.690132458796796
"R-HSA-5389840","Mitochondrial translation elongation",87,0.621483276045668,2.18081738410098,7.24882190980739e-09,3.59722787274192e-07,9.51741959927825e-08,4300,"tags=67%, list=25%, signal=50%","29093/10102/740/6182/65080/55168/64976/28998/64983/56945/51081/65008/51253/54534/26284/64960/28973/28977/64951/124995/3396/57129/63931/54148/65005/54948/6150/64978/60488/51642/64965/64981/26589/51073/51116/29088/51023/11222/51021/51649/29074/7284/51069/55173/90480/63875/6183/51318/10573/65003/51650/64963/10884/5018/64969/64928/51258/9801",0.761460801445585
"R-HSA-68616","Assembly of the ORC complex at the origin of replication",51,0.664370664847142,2.18057794837602,4.652858804337e-07,1.08657937960105e-05,2.87483369122905e-06,2715,"tags=59%, list=16%, signal=50%","4998/3017/8343/8355/8356/8365/8357/8344/8348/8345/8970/8358/8352/8334/8347/8331/8364/85236/8294/23595/8339/3012/23594/8353/8354/8341/5000/3013/126961/8363",0.674962860011025
"R-HSA-2559586","DNA Damage/Telomere Stress Induced Senescence",62,0.640593049989671,2.18017317410093,2.76362234374912e-07,7.07843916431227e-06,1.87278865887843e-06,1564,"tags=42%, list=9%, signal=38%","890/3017/8343/8900/8365/8344/8348/8345/8970/3159/3009/4683/8334/3008/8347/898/8331/9134/8364/85236/8294/3007/8339/3012/3005/1026",0.674962860011025
"R-HSA-5693567","HDR through Homologous Recombination (HRR) or Single Strand Annealing (SSA)",123,0.598962988275506,2.17941440985586,1.05434348641952e-10,1.287921120334e-08,3.40753662170642e-09,3239,"tags=49%, list=19%, signal=40%","890/10635/5111/3017/9156/1111/675/8343/8900/8365/54962/5888/63967/8344/8348/8345/8970/7158/5984/4683/5932/8347/5427/8914/8364/85236/5985/5429/8294/5983/8339/6119/348654/5981/1763/580/5890/672/146956/3978/51720/83990/5424/116028/5884/7316/8341/7334/51548/6613/51588/8363/55732/3364/2072/84142/5889/5426/7517/7486",0.839088935621274
"R-HSA-69205","G1/S-Specific Transcription",28,0.758926555813556,2.17538534458442,1.18852863021312e-06,2.43146326526544e-05,6.43308040369526e-06,1207,"tags=50%, list=7%, signal=47%","6241/7083/983/990/7298/8318/26271/5111/4998/8900/1719/81620/898/1869",0.643551836150722
"R-HSA-69242","S Phase",150,0.571125209890695,2.17411031219734,1.18461829848985e-10,1.34369561285848e-08,3.55510282186703e-09,2616,"tags=45%, list=15%, signal=38%","11065/51053/990/890/8318/113130/5111/4998/2237/4173/4171/51659/8900/81620/4175/1022/5701/114799/5984/5684/1163/898/5690/9134/5427/157570/4174/996/4176/5687/5985/993/23595/1019/5983/5686/4172/1869/5685/6119/10213/84296/5981/1763/8454/7465/5714/1026/23594/5704/5702/3978/5708/1875/5424/5718/5717/7316/5709/91750/5683/8697/5700/11047/5000/64785/5695",0.826657301178302
"R-HSA-72764","Eukaryotic Translation Termination",84,-0.529740273824543,-2.17164943857634,1.51519167706402e-07,4.29665068424583e-06,1.13679279934867e-06,4679,"tags=75%, list=28%, signal=55%","6217/6166/51504/6229/6205/327/2935/6234/6181/6169/6230/6175/6235/6141/6209/6143/6155/6146/6157/2197/6170/6147/6202/6201/6228/6130/4736/6210/9349/6133/6206/6224/6125/6176/6207/6159/6139/6171/6124/6135/6173/6232/6223/6222/6142/23521/6154/6233/6122/6128/6144/6193/6189/7311/6137/6191/6188/6187/6203/6194/6129/6134/6208",0.690132458796796
"R-HSA-2682334","EPH-Ephrin signaling",81,-0.528767545625142,-2.17011407796137,1.22810818787918e-07,3.67969019311723e-06,9.73559552026704e-07,3356,"tags=49%, list=20%, signal=40%","6386/2043/1946/5879/1173/10092/2534/1948/161/1212/28964/2051/1947/4067/1942/1072/1213/4318/103910/4628/5062/2041/6093/5663/10094/10109/160/55851/387/10097/4627/10095/998/71/8440/4637/60/10093/2050/83464",0.690132458796796
"R-HSA-176408","Regulation of APC/C activators between G1/S and early anaphase",68,0.628765685990075,2.1680180352633,3.61586031000787e-07,8.83382488044999e-06,2.33722246763594e-06,3388,"tags=56%, list=20%, signal=45%","11065/983/890/991/891/701/26271/5347/8900/4085/5701/5684/5690/996/5687/5686/5685/10213/8454/5714/5704/5702/5708/5718/5717/7316/5709/5683/8697/5700/11047/5695/9184/5713/5694/51434/5682/51433",0.674962860011025
"R-HSA-2514853","Condensation of Prometaphase Chromosomes",11,0.923773393967742,2.15947456331457,2.14512311133052e-07,5.97623772068924e-06,1.58117205873531e-06,615,"tags=64%, list=4%, signal=61%","983/64151/9133/891/10051/10592/23397",0.690132458796796
"R-HSA-68962","Activation of the pre-replicative complex",33,0.725457848990833,2.1564842939113,8.83338639404149e-07,1.89760112099205e-05,5.0206066280633e-06,1858,"tags=55%, list=11%, signal=49%","51053/990/8318/4998/4173/4171/81620/4175/55388/5427/4174/10926/4176/23595/4172/6119/23594/8317",0.659444398037935
"R-HSA-2029480","Fcgamma receptor (FCGR) dependent phagocytosis",83,-0.515795829928923,-2.15500351323217,3.72662455361423e-07,8.96648453202938e-06,2.37232109392933e-06,2168,"tags=35%, list=13%, signal=31%","55845/4067/2209/1072/5595/1398/4644/3709/4650/7409/5338/10094/10109/122618/10768/10097/4627/10095/998/26999/71/7454/3055/2885/60/10093/6850/5594/10163",0.674962860011025
"R-HSA-2555396","Mitotic Metaphase and Anaphase",211,0.54587225522776,2.14511575004323,1e-10,1.287921120334e-08,3.40753662170642e-09,2971,"tags=43%, list=18%, signal=36%","699/11065/11004/332/983/11130/991/9232/9212/9133/891/79019/113130/701/26271/5347/57405/55143/79682/1062/10403/83540/57082/147841/220134/55839/4085/5701/81930/1063/9700/5684/9735/5690/378708/996/151648/5687/55706/6396/5686/1060/79023/53371/5685/55055/1104/64946/23592/91687/5901/10376/10213/54908/3842/23165/5903/348235/5519/5714/7112/7443/23421/100527963/129401/5515/9798/5704/5702/64105/5708/79172/151246/5718/5717/84790/7316/5709/5683/8697/5700/11047/5695/5501/9184/9183/5713/9126/5694/9631",NA
"R-HSA-73886","Chromosome Maintenance",121,0.579703928202691,2.14432753940081,2.04539117806363e-09,1.35336716281877e-07,3.58069147023844e-08,2517,"tags=42%, list=15%, signal=36%","55355/890/79019/5111/3017/2237/79682/8343/8900/11339/8365/387103/57082/55839/8344/8348/8345/8970/79075/5984/80119/8334/8347/8331/378708/54433/8364/85236/5985/8294/5983/1060/8339/6119/3012/64946/91687/5440/5981/1763/23421/8467/64105/3978/79172/5931/5424/54069/8341/5433/3013",0.774939030136436
"R-HSA-425561","Sodium/Calcium exchangers",11,-0.846127735033964,-2.14013599312392,1.00439583050164e-05,0.000156370644983982,4.13719979376214e-05,1718,"tags=45%, list=10%, signal=41%","6717/805/57419/80024/6546",0.593325476396405
"R-HSA-9940465","ChAHP complex assembly",45,0.670793702418621,2.13797078154177,1.66631993451512e-06,3.22697080001221e-05,8.53780639560232e-06,2715,"tags=60%, list=16%, signal=51%","3017/8343/8355/8356/8365/8357/8344/8348/8345/8970/8358/8352/8334/8347/8331/8364/85236/8294/8339/3012/8353/22850/8354/8341/3013/126961/8363",0.643551836150722
"R-HSA-9607240","FLT3 Signaling",38,-0.598406891026891,-2.13474482432696,3.82499244399019e-05,0.000474538125082533,0.00012555163620543,2405,"tags=45%, list=14%, signal=38%","6233/6776/7314/208/7311/8835/2887/1445/207/3055/1027/2885/3845/6777/5795/6850/867",0.557332238758646
"R-HSA-9954714","PELO:HBS1L and ABCE1 dissociate a ribosome on a non-stop mRNA",80,-0.510626525801861,-2.12689439585589,5.40833724948915e-07,1.24470138437518e-05,3.29318735703877e-06,4679,"tags=75%, list=28%, signal=55%","6217/6166/6229/6205/6234/6181/6169/6230/6175/6235/6141/6209/6143/6155/6146/6157/2197/6170/6147/6202/6201/6228/6130/4736/6210/9349/6133/6206/6224/6125/6176/6207/6159/6139/6171/6124/6135/6173/6232/6223/6222/6142/23521/6154/6233/6122/6128/6144/6193/6189/7311/6137/6191/6188/6187/6203/6194/6129/6134/6208",0.659444398037935
"R-HSA-9674555","Signaling by CSF3 (G-CSF)",29,-0.636806913636163,-2.12392997626947,8.38020917507341e-05,0.000893139071813193,0.000236303609548005,2405,"tags=59%, list=14%, signal=50%","6233/6776/4067/7314/8651/7311/6774/7297/6923/6464/1441/3716/3055/2885/3845/6777/6850",0.538434096309916
"R-HSA-5693532","DNA Double-Strand Break Repair",156,0.556339328430058,2.11922535164472,1.83586812146246e-10,1.94357238458825e-08,5.14223578824786e-09,3239,"tags=46%, list=19%, signal=37%","890/10635/3838/5111/3017/9156/2237/1111/675/8343/8900/8365/54962/5888/63967/8344/8348/8345/8970/7158/10038/5984/51567/4683/5932/8347/5427/8914/10721/8364/85236/5985/5429/8294/5983/8339/6119/348654/5981/1763/580/5890/8467/11200/672/64421/146956/3978/51720/83990/5424/116028/5884/142/7316/8341/8314/7334/51548/6613/51588/2547/8363/55732/3364/2072/84142/5889/5426/7517/7486",0.826657301178302
"R-HSA-350054","Notch-HLH transcription pathway",28,-0.617339515091025,-2.11823753762084,0.000255427137807958,0.00197862582848311,0.000523497896320076,2061,"tags=46%, list=12%, signal=41%","9612/4853/79885/51564/9759/9794/1387/4851/10046/79718/55534/6907/3516",0.49849310876659
"R-HSA-68882","Mitotic Anaphase",210,0.542005530267058,2.118104889386,1e-10,1.287921120334e-08,3.40753662170642e-09,2971,"tags=42%, list=18%, signal=35%","699/11065/11004/332/983/11130/991/9232/9212/9133/891/79019/113130/701/5347/57405/55143/79682/1062/10403/83540/57082/147841/220134/55839/4085/5701/81930/1063/9700/5684/9735/5690/378708/996/151648/5687/55706/6396/5686/1060/79023/53371/5685/55055/1104/64946/23592/91687/5901/10376/10213/54908/3842/23165/5903/348235/5519/5714/7112/7443/23421/100527963/129401/5515/9798/5704/5702/64105/5708/79172/151246/5718/5717/84790/7316/5709/5683/8697/5700/11047/5695/5501/9184/9183/5713/9126/5694/9631",NA
"R-HSA-354192","Integrin signaling",23,-0.672584695885301,-2.113574529014,0.000100437098183449,0.00102384985135298,0.00027088661009839,1897,"tags=48%, list=11%, signal=43%","5770/10235/1398/54518/1445/6464/7094/207/5170/2885/6850",0.538434096309916
"R-HSA-5368286","Mitochondrial translation initiation",87,0.600756875670795,2.10808735903102,5.27582194458576e-08,1.7097969893882e-06,4.5237210299904e-07,4300,"tags=64%, list=25%, signal=48%","29093/740/6182/65080/55168/64976/28998/64983/56945/51081/65008/51253/54534/26284/64960/28973/28977/64951/124995/3396/57129/63931/54148/65005/54948/6150/64978/60488/51642/64965/64981/26589/51073/51116/29088/51023/11222/51021/51649/29074/51069/55173/90480/63875/6183/51318/10573/65003/51650/64963/10884/5018/64969/64928/51258/9801",0.719512826338911
"R-HSA-9648025","EML4 and NUDC in mitotic spindle formation",106,0.581732225917793,2.1057770140651,9.21411224778902e-09,4.18057435699685e-07,1.1060817309634e-07,2188,"tags=41%, list=13%, signal=36%","699/11004/332/11130/991/9212/79019/701/5347/57405/55143/79682/1062/10403/83540/57082/147841/220134/55839/4085/81930/1063/9735/378708/151648/6396/1060/79023/55055/64946/91687/10376/54908/5903/348235/5519/23421/100527963/5515/64105/79172/151246/84790",0.747739663149885
"R-HSA-975956","Nonsense Mediated Decay (NMD) independent of the Exon Junction Complex (EJC)",86,-0.497185203471507,-2.10286173125454,1.35090593107681e-06,2.71549192221515e-05,7.18455348297767e-06,4679,"tags=73%, list=28%, signal=53%","6217/6166/6229/6205/2935/6234/6181/6169/6230/6175/6235/6141/6209/6143/6155/6146/6157/2197/6170/6147/6202/6201/6228/6130/4736/6210/9349/6133/6206/6224/6125/6176/6207/6159/6139/6171/6124/6135/6173/6232/6223/6222/6142/23521/6154/6233/6122/6128/6144/6193/6189/26986/7311/6137/6191/6188/6187/6203/6194/6129/6134/6208/5976",0.643551836150722
"R-HSA-68886","M Phase",373,0.512314210747175,2.10283806903279,1e-10,1.287921120334e-08,3.40753662170642e-09,3027,"tags=39%, list=18%, signal=33%","699/11065/11004/332/983/11130/991/64151/9232/9212/84930/9133/891/79019/113130/701/26271/9493/5347/57405/55143/3017/79682/1062/10403/8343/4751/8355/8356/83540/8365/8357/57082/147841/10112/220134/55839/8344/8348/8345/4085/5701/8970/81930/10051/8358/1063/10592/9700/23397/5684/8352/10733/7283/8334/8347/9735/5690/8331/80254/8548/378708/8364/996/151648/85236/5687/55706/8294/64689/6396/54892/5686/1060/203068/79023/5861/53371/8339/5685/26003/55055/3012/1104/64946/23592/91687/5901/10376/10213/4927/54908/3842/23165/5903/348235/5519/5714/7112/440145/7443/55142/23421/79441/100527963/129401/5515/9798/5704/8353/5702/79648/64105/5708/79172/151246/79959/55755/5718/5717/84790/7316/5709/8354/8341/5683/8697/5700/11047/3013/126961/5695/29781/5501/115106/8363/9184/55732/93323/9183/5713/9126/5694/9631/255919/7531",NA
"R-HSA-5334118","DNA methylation",46,0.647027262488684,2.09521623518572,3.53934866648337e-06,6.2411419614548e-05,1.65125949556684e-05,2715,"tags=59%, list=16%, signal=49%","3017/8343/8355/8356/8365/8357/8344/8348/8345/8970/8358/8352/8334/8347/8331/29128/8364/85236/8294/8339/3012/8353/8354/8341/3013/126961/8363",0.627256739718528
"R-HSA-2467813","Separation of Sister Chromatids",167,0.552383854124349,2.09469010245671,2.3037172853504e-10,2.12667065008383e-08,5.62667077048132e-09,2963,"tags=44%, list=17%, signal=37%","699/11065/11004/332/11130/991/9232/9212/79019/113130/701/5347/57405/55143/79682/1062/10403/83540/57082/147841/220134/55839/4085/5701/81930/1063/9700/5684/9735/5690/378708/996/151648/5687/6396/5686/1060/79023/5685/55055/64946/91687/10376/10213/54908/5903/348235/5519/5714/23421/100527963/5515/5704/5702/64105/5708/79172/151246/5718/5717/84790/7316/5709/5683/8697/5700/11047/5695/5501/9184/9183/5713/9126/5694",0.826657301178302
"R-HSA-9735869","SARS-CoV-1 modulates host translation machinery",36,-0.591953352998707,-2.08852979955242,7.6930467320605e-05,0.000842521255897384,0.000222911324980206,4679,"tags=78%, list=28%, signal=56%","6217/6229/6205/6234/6230/6235/6209/2197/6202/6201/6228/6210/6206/6224/6207/6232/6223/6222/6233/6193/6189/6191/6188/6187/1915/6203/6194/6208",0.538434096309916
"R-HSA-5625886","Activated PKN1 stimulates transcription of AR (androgen receptor) regulated genes KLK2 and KLK3",49,0.643469933826182,2.0883563725527,3.57647303836516e-06,6.2411419614548e-05,1.65125949556684e-05,2715,"tags=53%, list=16%, signal=45%","3017/8343/8355/8356/8365/8357/8344/8348/8345/8970/8358/8352/8334/8347/8331/8364/85236/8294/8339/3012/8353/8354/8341/3013/126961/8363",0.627256739718528
"R-HSA-72689","Formation of a pool of free 40S subunits",92,-0.49019966330357,-2.08303771658138,2.89774426898684e-07,7.30415539547794e-06,1.9325078692918e-06,4816,"tags=70%, list=28%, signal=50%","6152/27335/6217/6166/6229/6205/6234/6181/6169/6230/6175/6235/6141/6209/6143/6155/6146/6157/2197/6170/6147/6202/6201/6228/6130/4736/6210/9349/6133/6206/6224/6125/8665/6176/6207/6159/6139/6171/6124/6135/6173/6232/6223/6222/6142/23521/6154/6233/6122/51386/6128/6144/6193/6189/7311/6137/6191/6188/6187/6203/6194/6129/6134/6208",0.674962860011025
"R-HSA-179419","APC:Cdc20 mediated degradation of cell cycle proteins prior to satisfation of the cell cycle checkpoint",61,0.626553501237728,2.08290124927172,7.11689053603371e-07,1.59177777059458e-05,4.21146991169198e-06,3388,"tags=57%, list=20%, signal=46%","11065/983/890/991/701/4751/8900/4085/5701/5684/5690/996/5687/5686/5685/10213/5714/5704/5702/5708/5718/5717/7316/5709/5683/8697/5700/11047/5695/9184/5713/5694/51434/5682/51433",0.659444398037935
"R-HSA-427359","SIRT1 negatively regulates rRNA expression",50,0.655298696552936,2.08016300494194,8.84272562678914e-07,1.89760112099205e-05,5.0206066280633e-06,2715,"tags=58%, list=16%, signal=49%","3017/8343/8355/8356/8365/8357/8344/8348/8345/8970/8358/8352/8334/8347/8331/8364/85236/8294/8339/3012/8353/23411/23378/8354/9015/8341/3013/126961/8363",0.659444398037935
"R-HSA-68877","Mitotic Prometaphase",193,0.525712569118864,2.07047171014425,9.78690991949467e-10,7.06436952370797e-08,1.86906616261243e-08,2093,"tags=31%, list=12%, signal=28%","699/11004/332/983/11130/991/64151/9212/9133/891/79019/113130/701/5347/57405/55143/79682/1062/10403/4751/83540/57082/147841/220134/55839/4085/81930/10051/1063/10592/23397/10733/7283/9735/80254/378708/151648/6396/1060/203068/79023/55055/64946/91687/10376/54908/5903/348235/5519/440145/55142/23421/79441/100527963/5515/64105/79172/151246/79959/55755",0.788186810800237
"R-HSA-9821002","Chromatin modifications during the maternal to zygotic transition (MZT)",51,0.630594924735492,2.06972020288166,8.85691554658386e-06,0.000142601805268199,3.7729086517878e-05,2715,"tags=57%, list=16%, signal=48%","3017/8343/8355/8356/8365/8357/8344/8348/8345/8970/8358/8352/8334/8347/8331/29128/8364/85236/8294/8339/3012/8353/8354/8341/7374/124512/3013/126961/8363",0.593325476396405
"R-HSA-76009","Platelet Aggregation (Plug Formation)",31,-0.598782705632872,-2.06477037694355,8.46848380720802e-05,0.000895500753030614,0.0002369284548984,1897,"tags=35%, list=11%, signal=32%","5770/10235/1398/54518/1445/6464/7094/207/5170/2885/6850",0.538434096309916
"R-HSA-9954716","ZNF598 and the Ribosome-associated Quality Trigger (RQT) complex dissociate a ribosome stalled on a no-go mRNA",87,-0.491857887384261,-2.06449825656871,1.82680928004829e-06,3.49514835748999e-05,9.24734119070554e-06,4679,"tags=70%, list=28%, signal=51%","6217/6166/6229/6205/6234/6181/6169/6230/6175/6235/6141/6209/6143/6155/6146/6157/2197/6170/6147/6202/6201/6228/6130/4736/6210/9349/6133/6206/6224/6125/6176/6207/6159/6139/6171/6124/6135/6173/6232/6223/6222/6142/23521/6154/6233/6122/6128/6144/6193/7314/6189/7311/6137/6191/6188/6187/6203/6194/6129/6134/6208",0.643551836150722
"R-HSA-174184","Cdc20:Phospho-APC/C mediated degradation of Cyclin A",60,0.619568807814302,2.06205631252882,1.8730006652237e-06,3.54086316235147e-05,9.36829182134607e-06,3388,"tags=57%, list=20%, signal=46%","11065/983/890/991/701/8900/4085/5701/5684/5690/996/5687/5686/5685/10213/5714/5704/5702/5708/5718/5717/7316/5709/5683/8697/5700/11047/5695/9184/5713/5694/51434/5682/51433",0.643551836150722
"R-HSA-9970672","FXIIa activates plasma kallikrein-kinin system",50,0.647996169555644,2.05698205466344,1.44198962164999e-06,2.86234939897522e-05,7.57310385483705e-06,2715,"tags=56%, list=16%, signal=47%","3017/8343/8355/8356/8365/8357/8344/8348/8345/710/8970/8358/8352/8334/8347/8331/8364/85236/8294/8339/3012/8353/8354/8341/708/3013/126961/8363",0.643551836150722
"R-HSA-171306","Packaging Of Telomere Ends",35,0.668599405040957,2.05584743180231,2.55894958855366e-05,0.000344373893781629,9.11132394751181e-05,1255,"tags=43%, list=7%, signal=40%","3017/8343/8365/8344/8348/8345/8970/8334/8347/8331/8364/85236/8294/8339/3012",0.575610261071129
"R-HSA-9658195","Leishmania infection",142,-0.447300055858161,-2.05067523107677,2.6089389402072e-08,9.41589781147508e-07,2.49122528641553e-07,2168,"tags=30%, list=13%, signal=26%","55845/4067/1855/5613/2209/64174/5595/805/5576/1398/4644/79792/3709/4650/7409/10094/10109/5566/2790/2771/57105/10768/10097/4627/10095/2782/953/998/26999/29108/71/7454/3055/2783/5573/2885/60/10093/5045/6850/5594/10163",0.73376198835648
"R-HSA-9824443","Parasitic Infection Pathways",142,-0.447300055858161,-2.05067523107677,2.6089389402072e-08,9.41589781147508e-07,2.49122528641553e-07,2168,"tags=30%, list=13%, signal=26%","55845/4067/1855/5613/2209/64174/5595/805/5576/1398/4644/79792/3709/4650/7409/10094/10109/5566/2790/2771/57105/10768/10097/4627/10095/2782/953/998/26999/29108/71/7454/3055/2783/5573/2885/60/10093/5045/6850/5594/10163",0.73376198835648
"R-HSA-8939236","RUNX1 regulates transcription of genes involved in differentiation of HSCs",97,0.56700275777861,2.04632272049625,6.62020898991356e-07,1.50184169656896e-05,3.97352019488375e-06,3067,"tags=52%, list=18%, signal=42%","3017/8343/8355/8356/8365/8357/8344/8348/8345/1022/5701/8970/8358/5684/8352/8334/8347/5690/8331/8364/85236/5687/8294/5686/8339/5685/3012/10213/5714/5704/8353/5702/4602/5708/5718/5717/7316/5709/8354/8341/5683/5700/11047/3013/126961/5695/8363/5713/5694/8351",0.659444398037935
"R-HSA-5689880","Ub-specific processing proteases",166,0.534251241724074,2.0455038857628,3.37927915560654e-09,1.85044665486317e-07,4.895846992031e-08,2713,"tags=43%, list=16%, signal=36%","890/991/64135/11274/3017/8969/8343/8900/7189/63967/8344/330/8348/8345/4792/5701/8970/23586/57599/5684/8336/92815/8334/84749/8347/5690/8331/329/3091/29761/8329/85236/5687/9960/993/55288/5686/80351/8339/5685/3012/91833/84132/10213/5714/7353/9817/79594/3416/5704/5702/51616/9097/5708/1540/7416/5718/5717/8332/7186/7316/5709/8341/5683/5700/11047/3013/7417/5695/55611/55031",0.774939030136436
"R-HSA-2871796","FCERI mediated MAPK activation",32,-0.591635072786436,-2.04243454809849,0.000198598731351645,0.00165117688683985,0.000436862601442773,2082,"tags=34%, list=12%, signal=30%","4067/5595/5062/7409/6416/6464/2885/3845/2205/6850/5594",0.518848077743792
"R-HSA-68875","Mitotic Prophase",123,0.560335943485982,2.03886425955891,3.22578506459945e-08,1.08990354948594e-06,2.88362866356135e-07,1802,"tags=38%, list=11%, signal=34%","983/84930/9133/891/5347/3017/8343/8355/8356/8365/8357/8344/8348/8345/8970/10051/8358/10592/8352/8334/8347/8331/8548/8364/85236/55706/8294/64689/6396/54892/79023/5861/53371/8339/26003/3012/23592/4927/23165/5903/5519/7112/7443/129401/5515/8353/79648",0.719512826338911
"R-HSA-1538133","G0 and Early G1",27,0.704430044667237,2.03143356533399,1.65937657228922e-05,0.000239553636072299,6.33802625713292e-05,2273,"tags=52%, list=13%, signal=45%","4605/983/990/890/7153/5111/8900/898/9134/993/1869/1875/5933/91750",0.575610261071129
"R-HSA-2730905","Role of LAT2/NTAL/LAB on calcium mobilization",16,-0.70395953284741,-2.02369619733016,0.000740216760168398,0.0046096635888134,0.001219608658064,713,"tags=31%, list=4%, signal=30%","6464/5170/2885/2205/6850",0.477270815362862
"R-HSA-9656223","Signaling by RAF1 mutants",39,-0.576271367984789,-2.01974006266669,0.000123198804971888,0.00118271678823393,0.000312919068208849,1578,"tags=36%, list=9%, signal=33%","5595/805/54518/1445/7094/71/409/7529/408/8844/8826/60/3845/5594",0.518848077743792
"R-HSA-9843970","Regulation of endogenous retroelements by the Human Silencing Hub (HUSH) complex",53,0.61410086200744,2.01609064565737,1.79241475333678e-05,0.000254138806098107,6.7239155807265e-05,3067,"tags=57%, list=18%, signal=47%","3017/8343/8355/8356/8365/8357/8344/8348/8345/8970/8358/8352/8334/8347/8331/55596/8364/10179/85236/8294/8339/3012/8353/8354/8341/3013/126961/8363/55729/8351",0.575610261071129
"R-HSA-73728","RNA Polymerase I Promoter Opening",45,0.632550991222344,2.01608263791463,2.30344814640443e-05,0.000315775163022438,8.35466873891493e-05,2715,"tags=58%, list=16%, signal=49%","3017/8343/8355/8356/8365/8357/8344/8348/8345/8970/8358/8352/8334/8347/8331/8364/85236/8294/8339/3012/8353/8354/8341/3013/126961/8363",0.575610261071129
"R-HSA-69190","DNA strand elongation",32,0.683004988819088,2.01261394771537,6.03397852960956e-05,0.000704555728310293,0.00018640888858378,2108,"tags=59%, list=12%, signal=52%","8318/5111/2237/4173/4171/51659/4175/5984/4174/4176/5985/5983/4172/6119/84296/5981/1763/3978/5424",0.557332238758646
"R-HSA-9943411","CHD1 and CHD2 subfamily",82,0.577854465378217,2.01159786669306,1.9744902618781e-06,3.645919227747e-05,9.64624548210663e-06,2715,"tags=48%, list=16%, signal=40%","3017/8343/8355/8356/8365/8357/8344/8348/8345/8970/8358/8352/8334/8347/8331/8364/85236/8294/8339/3012/1106/6627/10946/8353/84844/6637/6632/1665/6635/51639/6925/8354/23168/8341/1105/6628/3013/126961/8363",0.627256739718528
"R-HSA-373755","Semaphorin interactions",57,-0.51074978524467,-2.01080583478209,7.96769218765825e-05,0.00086206786611517,0.000228082898696619,2210,"tags=37%, list=13%, signal=32%","8851/7305/5362/2909/1072/23396/103910/4628/5062/8482/6093/388/23129/10154/2932/387/4627/7094/2242/5788/4637",0.538434096309916
"R-HSA-427389","ERCC6 (CSB) and EHMT2 (G9a) positively regulate rRNA expression",58,0.597243122734552,2.00617418970919,1.09654431453424e-05,0.000167433881873112,4.42990704313584e-05,2715,"tags=47%, list=16%, signal=39%","3017/8343/8355/8356/8365/8357/8344/8348/8345/8970/8358/8352/8334/8347/8331/8364/85236/8294/8339/3012/8353/5931/8354/8341/3013/126961/8363",0.593325476396405
"R-HSA-9710421","Defective pyroptosis",55,0.613733581923542,2.00361697348817,7.28737166815893e-06,0.000119302538237488,3.15646479965596e-05,4489,"tags=73%, list=26%, signal=54%","3017/8343/8355/8356/8365/8357/8344/8348/8345/8970/8358/2146/8352/8334/8347/8331/8364/85236/8294/8339/3012/8353/5931/8354/8341/3013/126961/8363/8351/5422/5557/1786/333932/55766/554313/94239/23512/5928/23649/1789",0.610526878385931
"R-HSA-9645723","Diseases of programmed cell death",85,0.559678067746524,1.99926098595727,2.73674675113364e-06,4.88309420314631e-05,1.29195197297086e-05,3987,"tags=59%, list=24%, signal=45%","3017/8343/8355/8356/8365/8357/8344/8348/8345/8970/8358/2146/8352/8334/8347/8331/8364/824/85236/8294/993/10018/8339/3012/5052/995/1029/8353/5931/7186/8354/8341/708/3013/126961/8363/351/841/7531/8351/5422/5557/1786/4001/333932/55766/554313/1020/8772/94239",0.627256739718528
"R-HSA-3928665","EPH-ephrin mediated repulsion of cells",42,-0.54057823431336,-1.99565158460904,0.000184213440266818,0.00158508000217351,0.000419374919043181,3306,"tags=52%, list=19%, signal=42%","2043/1946/5879/1173/2534/1948/161/1212/2051/1947/4067/1942/1213/4318/2041/5663/160/55851/71/60/2050/83464",0.518848077743792
"R-HSA-9943962","CHD6, CHD7, CHD8, CHD9 subfamily",56,0.599726952303787,1.99514383238114,1.55189642952379e-05,0.000228186252785536,6.03727200882481e-05,3121,"tags=54%, list=18%, signal=44%","3017/8343/8355/8356/8365/8357/8344/8348/8345/8970/8358/8352/8334/8347/8331/8364/85236/8294/8339/3012/55636/8353/1728/8354/8341/3013/126961/8363/8351/2033",0.575610261071129
"R-HSA-3214815","HDACs deacetylate histones",75,0.577432692146315,1.99345785937864,5.02003906430827e-06,8.57185164959304e-05,2.26791050714722e-05,2715,"tags=44%, list=16%, signal=37%","3017/8969/8343/8355/8356/8365/8357/8344/8348/8345/8970/8358/8352/8336/92815/8334/8347/8331/25855/8364/8329/85236/8294/8339/3012/8353/5931/8332/8354/8341/3013/126961/8363",0.610526878385931
"R-HSA-212300","PRC2 methylates histones and DNA",57,0.606618196385377,1.99300367955093,1.69384639559891e-05,0.000242326853712708,6.41139907881013e-05,4127,"tags=68%, list=24%, signal=52%","3017/8343/8355/8356/8365/8357/8344/8348/8345/8970/8358/2146/8352/8334/8347/8331/8364/85236/22823/8294/8339/3012/8353/5931/8354/8341/3013/126961/8363/8351/121536/26147/100170841/1786/333932/55766/554313/94239/23512",0.575610261071129
"R-HSA-379716","Cytosolic tRNA aminoacylation",24,0.710167777761695,1.9925713708181,0.000115313716893867,0.00112342443207031,0.000297231704144008,3630,"tags=71%, list=21%, signal=56%","2617/5464/9521/6897/8565/4141/2193/10056/7407/3376/16/1615/2058/9255/7965/3735/3035",0.538434096309916
"R-HSA-6802948","Signaling by high-kinase activity BRAF mutants",33,-0.586243793944793,-1.98264187648631,0.000161803307767861,0.00143543940075622,0.000379783532476638,953,"tags=36%, list=6%, signal=34%","54518/1445/7094/71/409/7529/408/8844/8826/60/3845/5594",0.518848077743792
"R-HSA-110330","Recognition and association of DNA glycosylase with site containing an affected purine",39,0.639277293760852,1.98093507066071,0.000107813308802933,0.00106340083465253,0.000281350870827552,1255,"tags=38%, list=7%, signal=36%","3017/8343/8365/8344/8348/8345/8970/8334/8347/8331/8364/85236/8294/8339/3012",0.538434096309916
"R-HSA-110331","Cleavage of the damaged purine",39,0.639277293760852,1.98093507066071,0.000107813308802933,0.00106340083465253,0.000281350870827552,1255,"tags=38%, list=7%, signal=36%","3017/8343/8365/8344/8348/8345/8970/8334/8347/8331/8364/85236/8294/8339/3012",0.538434096309916
"R-HSA-73927","Depurination",39,0.639277293760852,1.98093507066071,0.000107813308802933,0.00106340083465253,0.000281350870827552,1255,"tags=38%, list=7%, signal=36%","3017/8343/8365/8344/8348/8345/8970/8334/8347/8331/8364/85236/8294/8339/3012",0.538434096309916
"R-HSA-6803157","Antimicrobial peptides",34,0.66099758963799,1.97883548991227,5.82570884934751e-05,0.000690389974086854,0.000182660962912839,724,"tags=38%, list=4%, signal=37%","1669/820/1191/1991/4057/1667/1668/728358/5657/671/3934/6037/1511",0.557332238758646
"R-HSA-2871809","FCERI mediated Ca+2 mobilization",33,-0.584432428036773,-1.97651594399888,0.000177588664014911,0.0015410426145119,0.00040772366115075,2186,"tags=33%, list=13%, signal=29%","4773/4067/805/3709/7409/10768/6464/2885/5530/2205/6850",0.518848077743792
"R-HSA-5693579","Homologous DNA Pairing and Strand Exchange",43,0.623078945480613,1.97134475101611,6.68787812066119e-05,0.000756398948641485,0.000200125386362768,3239,"tags=51%, list=19%, signal=41%","10635/9156/1111/675/5888/5984/4683/5932/5985/5983/6119/1763/580/5890/672/83990/116028/5884/3364/5889/7517/7486",0.538434096309916
"R-HSA-73772","RNA Polymerase I Promoter Escape",73,0.575097290282105,1.97082758723477,6.53366285595196e-06,0.000109215332792123,2.88958104860105e-05,2715,"tags=44%, list=16%, signal=37%","3017/8343/8355/8356/8365/8357/8344/8348/8345/1022/8970/8358/8352/8334/8347/8331/8364/85236/8294/8339/3012/5440/2965/8353/54700/8354/9015/8341/221830/3013/126961/8363",0.610526878385931
"R-HSA-5693606","DNA Double Strand Break Response",63,0.57697808848379,1.96743042533558,2.04913595865055e-05,0.000285441044064655,7.5520992367622e-05,2715,"tags=41%, list=16%, signal=35%","3838/3017/8343/8365/8344/8348/8345/8970/7158/4683/8347/8364/85236/8294/8339/580/8467/11200/672/51720/7316/8341/8314/7334/51588/8363",0.575610261071129
"R-HSA-174178","APC/C:Cdh1 mediated degradation of Cdc20 and other APC/C:Cdh1 targeted proteins in late mitosis/early G1",61,0.59176319251189,1.9672450804618,1.34669201173844e-05,0.000199864197629967,5.28793698650946e-05,4404,"tags=64%, list=26%, signal=47%","11065/991/9232/9212/5347/5701/5684/5690/6790/996/5687/5686/5685/10213/5714/5704/5702/5708/5718/5717/7316/5709/5683/8697/5700/11047/5695/5713/5694/51434/5682/51433/51343/5693/29945/6502/27338/5707/9861",0.593325476396405
"R-HSA-73884","Base Excision Repair",74,0.567765655784917,1.96004318863187,6.61548430675243e-06,0.000109431136240863,2.89529070071453e-05,2517,"tags=42%, list=15%, signal=36%","5111/3017/2237/8343/8365/8344/8348/8345/8970/10038/5984/8334/8347/8331/5427/8364/85236/5985/8294/5983/8339/6119/3012/5981/3978/4913/5424/142/8341/7374/3013",0.610526878385931
"R-HSA-69017","CDK-mediated phosphorylation and removal of Cdc6",60,0.588803446662434,1.95966266977227,1.83986732535255e-05,0.000258558346253084,6.84084622726546e-05,4404,"tags=63%, list=26%, signal=47%","11065/990/890/8900/5701/5684/898/5690/9134/996/5687/5686/5685/10213/5714/5704/5702/5708/5718/5717/7316/5709/5683/8697/5700/11047/5695/5713/5694/51434/5682/51433/51343/5693/29945/27338/5707/9861",0.575610261071129
"R-HSA-156711","Polo-like kinase mediated events",16,0.772841915684266,1.95446636313829,0.000138371931870864,0.00128499782345574,0.000339980226514412,1624,"tags=62%, list=10%, signal=57%","4605/9088/9133/891/5347/2305/1063/993/7465/995",0.518848077743792
"R-HSA-1500620","Meiosis",91,0.544703118800697,1.94429557089207,5.60443833030645e-06,9.467923477156e-05,2.50499005494657e-05,3067,"tags=45%, list=18%, signal=37%","3017/675/8343/8355/8356/8365/8357/5888/8344/8348/8345/8970/8358/8352/4683/5932/8334/8347/8331/8364/84057/85236/8294/1019/8339/6119/3012/9985/8353/672/4292/29893/8354/8341/3013/126961/8363/55732/9126/5889/8351",0.610526878385931
"R-HSA-9705462","Inactivation of CSF3 (G-CSF) signaling",24,-0.611366239460182,-1.94095773902479,0.000823601997219319,0.00506930221544294,0.00134121823711841,2405,"tags=58%, list=14%, signal=50%","6233/6776/4067/7314/8651/7311/6774/7297/6923/1441/3716/3055/6777/6850",0.477270815362862
"R-HSA-176974","Unwinding of DNA",12,0.824899699971594,1.93406339672747,0.000134409487550992,0.0012629719895324,0.000334152708467504,1362,"tags=75%, list=8%, signal=69%","8318/4173/4171/51659/4175/4174/4176/4172/84296",0.518848077743792
"R-HSA-9709603","Impaired BRCA2 binding to PALB2",24,0.689224922847109,1.93381042103588,0.000282488226179257,0.00214636987163952,0.000567879028138174,2132,"tags=50%, list=13%, signal=44%","10635/9156/675/5888/4683/5932/1763/580/5890/672/83990/116028",0.49849310876659
"R-HSA-5578749","Transcriptional regulation by small RNAs",59,0.58309871801672,1.93070687398396,2.84553662807093e-05,0.00037655934711472,9.96287540658169e-05,2715,"tags=49%, list=16%, signal=41%","3017/8343/8355/8356/8365/8357/8344/8348/8345/8970/8358/8352/8334/8347/8331/8364/85236/8294/8339/3012/5901/5440/8353/8354/8341/5433/3013/126961/8363",0.575610261071129
"R-HSA-73929","Base-Excision Repair, AP Site Formation",46,0.594561464223734,1.92532046928881,0.000123634122699516,0.00118271678823393,0.000312919068208849,2715,"tags=43%, list=16%, signal=37%","3017/8343/8365/8344/8348/8345/8970/8334/8347/8331/8364/85236/8294/8339/3012/4913/8341/7374/3013/8363",0.518848077743792
"R-HSA-9012852","Signaling by NOTCH3",46,-0.512562167719661,-1.92467413431192,0.000205927641569167,0.00168563450933937,0.000445979278598715,2002,"tags=39%, list=12%, signal=35%","7314/7311/57534/23462/10320/11060/10460/5663/55851/9794/1387/23129/4851/10046/9148/55534/83464/3516",0.518848077743792
"R-HSA-9909648","Regulation of PD-L1(CD274) expression",170,0.501919793387831,1.91886633728465,1.36530246732925e-07,4.01500058910899e-06,1.06227480297969e-06,2728,"tags=41%, list=16%, signal=34%","91319/3017/4343/8343/4751/8355/8356/8365/8357/8344/8348/8345/5701/8970/79139/8358/91445/2146/1650/5684/27248/8352/8334/8347/5690/8331/3091/8364/6185/6772/85236/5687/8294/3703/1019/5686/8339/5685/3012/10213/29126/8454/5714/58505/5704/8353/5702/467/51422/5708/10987/5931/5571/5718/51009/5717/7316/5709/8354/8341/5683/5700/11047/3013/126961/5562/5695/8363/1603",0.690132458796796
"R-HSA-5250941","Negative epigenetic regulation of rRNA expression",91,0.536644593650194,1.91553099397438,9.59693555213703e-06,0.000150890432245481,3.99220624325387e-05,4010,"tags=51%, list=24%, signal=39%","3017/8343/8355/8356/8365/8357/8344/8348/8345/1022/8970/8358/8352/8334/8347/8331/8364/85236/8294/8339/3012/5440/2965/8467/8353/23411/23378/8354/9015/8341/79595/221830/3013/126961/8363/8351/2967/1786/333932/55766/6839/29115/554313/79101/94239/25942",0.593325476396405
"R-HSA-5693565","Recruitment and ATM-mediated phosphorylation of repair and signaling proteins at DNA double strand breaks",62,0.562758686640444,1.91527427924101,0.000112450013235425,0.00110228778406083,0.000291639443793952,2715,"tags=40%, list=16%, signal=34%","3017/8343/8365/8344/8348/8345/8970/7158/4683/8347/8364/85236/8294/8339/580/8467/11200/672/51720/7316/8341/8314/7334/51588/8363",0.538434096309916
"R-HSA-5693554","Resolution of D-loop Structures through Synthesis-Dependent Strand Annealing (SDSA)",27,0.6640368631438,1.91494781152702,0.00018565798514123,0.00158508000217351,0.000419374919043181,3239,"tags=56%, list=19%, signal=45%","10635/9156/675/5888/4683/5932/1763/580/5890/672/83990/116028/5889/7517/7486",0.518848077743792
"R-HSA-416482","G alpha (12/13) signalling events",65,-0.477839052496848,-1.9138984827829,3.77805567354642e-05,0.000472405701542655,0.000124987447048936,1704,"tags=29%, list=10%, signal=26%","29/55160/23370/221472/26230/89846/7409/6093/2790/57580/121512/388/9138/387/11214/2782/6655/2783/55701",0.557332238758646
"R-HSA-157579","Telomere Maintenance",96,0.530097872519309,1.91174773878088,1.15026153627719e-05,0.000172322199963036,4.55924045220087e-05,1416,"tags=30%, list=8%, signal=28%","890/5111/3017/2237/8343/8900/8365/8344/8348/8345/8970/79075/5984/80119/8334/8347/8331/54433/8364/85236/5985/8294/5983/8339/6119/3012/5440/5981/1763",0.593325476396405
"R-HSA-9821993","Replacement of protamines by nucleosomes in the male pronucleus",27,0.662419872044948,1.91028473672219,0.00020085788739045,0.00165278361784239,0.000437287704707713,2715,"tags=59%, list=16%, signal=50%","3017/8343/8365/8344/8348/8345/8970/8347/8364/85236/8294/8339/7290/8341/124512/8363",0.518848077743792
"R-HSA-9701192","Defective homologous recombination repair (HRR) due to BRCA1 loss of function",25,0.685844811703443,1.91008309695669,0.000334364735992771,0.00240258461880779,0.00063566742916779,2132,"tags=48%, list=13%, signal=42%","10635/9156/675/5888/4683/5932/1763/580/5890/672/83990/116028",0.49849310876659
"R-HSA-9701193","Defective homologous recombination repair (HRR) due to PALB2 loss of function",25,0.685844811703443,1.91008309695669,0.000334364735992771,0.00240258461880779,0.00063566742916779,2132,"tags=48%, list=13%, signal=42%","10635/9156/675/5888/4683/5932/1763/580/5890/672/83990/116028",0.49849310876659
"R-HSA-9704331","Defective HDR through Homologous Recombination Repair (HRR) due to PALB2 loss of BRCA1 binding function",25,0.685844811703443,1.91008309695669,0.000334364735992771,0.00240258461880779,0.00063566742916779,2132,"tags=48%, list=13%, signal=42%","10635/9156/675/5888/4683/5932/1763/580/5890/672/83990/116028",0.49849310876659
"R-HSA-9704646","Defective HDR through Homologous Recombination Repair (HRR) due to PALB2 loss of BRCA2/RAD51/RAD51C binding function",25,0.685844811703443,1.91008309695669,0.000334364735992771,0.00240258461880779,0.00063566742916779,2132,"tags=48%, list=13%, signal=42%","10635/9156/675/5888/4683/5932/1763/580/5890/672/83990/116028",0.49849310876659
"R-HSA-9709570","Impaired BRCA2 binding to RAD51",35,0.620250545793136,1.90718161282942,0.000356862950819068,0.00250751489336584,0.000663429513944344,2191,"tags=43%, list=13%, signal=37%","9156/675/5888/5984/4683/5932/5985/5983/6119/1763/580/672/83990/116028/5884",0.49849310876659
"R-HSA-9837999","Mitochondrial protein degradation",97,0.528447897119438,1.90717756419838,2.30666995658708e-05,0.000315775163022438,8.35466873891493e-05,4523,"tags=56%, list=27%, signal=41%","26519/3418/211/9377/3313/7019/38/6182/6472/10440/50/3419/2271/64983/5160/509/5019/51142/5832/1738/498/10730/8801/4976/7385/4722/9361/3028/23203/51116/351/56910/6742/8192/3329/55173/1891/10965/221154/622/384/1431/506/10476/292/539/4191/27429/26520/29928/5096/56652/522/4719",0.575610261071129
"R-HSA-9909615","Regulation of PD-L1(CD274) Post-translational modification",83,0.545372616787448,1.90636012665884,1.63820098181445e-05,0.000238666344873518,6.31455061715599e-05,2963,"tags=47%, list=17%, signal=39%","91319/4751/5701/79139/91445/1650/5684/27248/5690/6185/5687/3703/1019/5686/5685/10213/29126/8454/5714/58505/5704/5702/51422/5708/10987/5571/5718/51009/5717/7316/5709/5683/5700/11047/5562/5695/1603/5713/5694",0.575610261071129
"R-HSA-2644602","Signaling by NOTCH1 PEST Domain Mutants in Cancer",56,-0.487588436573843,-1.90341342541398,0.000248800291138618,0.0019367395212163,0.000512415763749512,2061,"tags=36%, list=12%, signal=31%","9612/7314/7311/57534/79885/51564/23462/9759/5663/55851/9794/1387/4851/10046/9148/79718/55534/6907/83464/3516",0.49849310876659
"R-HSA-2644603","Signaling by NOTCH1 in Cancer",56,-0.487588436573843,-1.90341342541398,0.000248800291138618,0.0019367395212163,0.000512415763749512,2061,"tags=36%, list=12%, signal=31%","9612/7314/7311/57534/79885/51564/23462/9759/5663/55851/9794/1387/4851/10046/9148/79718/55534/6907/83464/3516",0.49849310876659
"R-HSA-2644606","Constitutive Signaling by NOTCH1 PEST Domain Mutants",56,-0.487588436573843,-1.90341342541398,0.000248800291138618,0.0019367395212163,0.000512415763749512,2061,"tags=36%, list=12%, signal=31%","9612/7314/7311/57534/79885/51564/23462/9759/5663/55851/9794/1387/4851/10046/9148/79718/55534/6907/83464/3516",0.49849310876659
"R-HSA-2894858","Signaling by NOTCH1 HD+PEST Domain Mutants in Cancer",56,-0.487588436573843,-1.90341342541398,0.000248800291138618,0.0019367395212163,0.000512415763749512,2061,"tags=36%, list=12%, signal=31%","9612/7314/7311/57534/79885/51564/23462/9759/5663/55851/9794/1387/4851/10046/9148/79718/55534/6907/83464/3516",0.49849310876659
"R-HSA-2894862","Constitutive Signaling by NOTCH1 HD+PEST Domain Mutants",56,-0.487588436573843,-1.90341342541398,0.000248800291138618,0.0019367395212163,0.000512415763749512,2061,"tags=36%, list=12%, signal=31%","9612/7314/7311/57534/79885/51564/23462/9759/5663/55851/9794/1387/4851/10046/9148/79718/55534/6907/83464/3516",0.49849310876659
"R-HSA-9931269","AMPK-induced ERAD and lysosome mediated degradation of PD-L1(CD274)",54,0.585720767842072,1.90334309280109,5.49683163891559e-05,0.000666333484167783,0.000176296181010071,3347,"tags=59%, list=20%, signal=48%","91319/5701/79139/91445/5684/27248/5690/5687/5686/5685/10213/29126/5714/5704/5702/51422/5708/5571/5718/51009/5717/7316/5709/5683/5700/11047/5562/5695/5713/5694/6048/5682",0.557332238758646
"R-HSA-110328","Recognition and association of DNA glycosylase with site containing an affected pyrimidine",44,0.605764612837574,1.90245605099954,6.71613676060764e-05,0.000756398948641485,0.000200125386362768,2715,"tags=45%, list=16%, signal=38%","3017/8343/8365/8344/8348/8345/8970/8334/8347/8331/8364/85236/8294/8339/3012/4913/8341/7374/3013/8363",0.538434096309916
"R-HSA-110329","Cleavage of the damaged pyrimidine",44,0.605764612837574,1.90245605099954,6.71613676060764e-05,0.000756398948641485,0.000200125386362768,2715,"tags=45%, list=16%, signal=38%","3017/8343/8365/8344/8348/8345/8970/8334/8347/8331/8364/85236/8294/8339/3012/4913/8341/7374/3013/8363",0.538434096309916
"R-HSA-73928","Depyrimidination",44,0.605764612837574,1.90245605099954,6.71613676060764e-05,0.000756398948641485,0.000200125386362768,2715,"tags=45%, list=16%, signal=38%","3017/8343/8365/8344/8348/8345/8970/8334/8347/8331/8364/85236/8294/8339/3012/4913/8341/7374/3013/8363",0.538434096309916
"R-HSA-5674135","MAP2K and MAPK activation",37,-0.548801151192411,-1.90211838351184,0.000451733070604626,0.00302680217772214,0.000800820726084081,953,"tags=32%, list=6%, signal=31%","54518/1445/7094/71/409/7529/408/8844/8826/60/3845/5594",0.49849310876659
"R-HSA-5693571","Nonhomologous End-Joining (NHEJ)",56,0.571286235766798,1.90052857460542,9.81404411837721e-05,0.00101199364025864,0.000267749735264923,2715,"tags=43%, list=16%, signal=36%","3017/8343/8365/8344/8348/8345/8970/7158/51567/4683/8347/8364/85236/8294/8339/580/672/64421/51720/8341/7334/51588/2547/8363",0.538434096309916
"R-HSA-187577","SCF(Skp2)-mediated degradation of p27/p21",50,0.598322595156505,1.89929956218808,5.54733495171733e-05,0.000667361204797509,0.000176568091737164,2963,"tags=58%, list=17%, signal=48%","890/8900/5701/5684/1163/898/5690/9134/5687/1019/5686/5685/10213/8454/5714/1026/5704/5702/5708/5718/5717/7316/5709/5683/5700/11047/5695/5713/5694",0.557332238758646
"R-HSA-5250924","B-WICH complex positively regulates rRNA expression",73,0.554185591645554,1.89916431692334,3.69796566278467e-05,0.000469789557800164,0.000124295276894301,3121,"tags=45%, list=18%, signal=37%","3017/8343/8355/8356/8365/8357/8344/8348/8345/8970/8358/8352/8334/8347/8331/8364/85236/8294/8339/3012/5440/8467/8353/8354/9015/8341/221830/3013/126961/8363/10514/8351/2033",0.557332238758646
"R-HSA-4086398","Ca2+ pathway",54,-0.502048840120112,-1.89639956229496,5.90803571163322e-05,0.000694960052598041,0.000183870098289617,1601,"tags=30%, list=9%, signal=27%","5145/805/57690/2780/3709/5148/23236/2790/2782/5330/2783/23112/3845/5530/27161/192670",0.557332238758646
"R-HSA-2122948","Activated NOTCH1 Transmits Signal to the Nucleus",28,-0.551576449313505,-1.89258894213375,0.00365267727776347,0.0171104764515882,0.00452702997125414,2405,"tags=39%, list=14%, signal=34%","6233/7314/7311/57534/5663/55851/4851/9148/409/408/83464",0.431707695803346
"R-HSA-912631","Regulation of signaling by CBL",22,-0.596299019840283,-1.89078216194171,0.00209138528827193,0.0110336207235077,0.00291923675229594,2405,"tags=55%, list=14%, signal=47%","6233/4067/7314/7311/1398/7409/2889/3055/5293/2885/6850/867",0.431707695803346
"R-HSA-3214858","RMTs methylate histone arginines",63,0.553802523834424,1.88840435497766,0.000106824419403865,0.00106340083465253,0.000281350870827552,4109,"tags=56%, list=24%, signal=42%","8969/8355/8356/8365/8357/8358/8352/8336/92815/8334/8331/8364/8329/6604/8294/1019/3012/10196/8353/5931/6605/8332/8354/3013/126961/8363/79084/8351/3276/333932/86/55766/554313/94239/196528",0.538434096309916
"R-HSA-456926","Thrombin signalling through proteinase activated receptors (PARs)",24,-0.594532565939832,-1.88751440704691,0.00151903532764878,0.00846395824668866,0.00223936444824403,1578,"tags=38%, list=9%, signal=34%","5595/2790/2151/2782/409/408/2783/2776/5594",0.45505986738723
"R-HSA-9839373","Signaling by TGFBR3",38,-0.528952088536103,-1.88697314528191,0.00117375845285384,0.0068526780262202,0.00181305756714764,1430,"tags=37%, list=8%, signal=34%","6667/57690/83855/5663/55851/7046/409/408/6256/23112/7048/83464/27161/192670",0.45505986738723
"R-HSA-3781860","Diseases associated with N-glycosylation of proteins",20,0.71172312230935,1.88554739617632,0.000278689170351471,0.00212768462749104,0.000562935351641513,2573,"tags=65%, list=15%, signal=55%","4758/440138/199857/5476/9526/10195/85365/79053/29929/56052/79796/1798/91869",0.49849310876659
"R-HSA-9675136","Diseases of DNA Double-Strand Break Repair",41,0.607391611069739,1.88548469591767,0.000219767295155815,0.001762578104583,0.00046633674571832,2191,"tags=41%, list=13%, signal=36%","10635/9156/675/5888/5984/4683/5932/5985/5983/6119/1763/580/5890/672/83990/116028/5884",0.518848077743792
"R-HSA-9701190","Defective homologous recombination repair (HRR) due to BRCA2 loss of function",41,0.607391611069739,1.88548469591767,0.000219767295155815,0.001762578104583,0.00046633674571832,2191,"tags=41%, list=13%, signal=36%","10635/9156/675/5888/5984/4683/5932/5985/5983/6119/1763/580/5890/672/83990/116028/5884",0.518848077743792
"R-HSA-453274","Mitotic G2-G2/M phases",184,0.482411240194613,1.88497397840736,3.51160969176908e-07,8.71318154770203e-06,2.30530307692071e-06,2660,"tags=33%, list=16%, signal=28%","4605/55355/983/890/9088/9133/891/51512/22974/5347/2305/4751/8900/3161/1022/5701/1063/5684/4218/10733/7283/5690/80254/6790/22822/151648/5687/993/5686/203068/1869/5685/10376/10213/8454/7465/5519/5714/440145/55142/1026/79441/995/5515/5704/79866/5702/5708/79959/55755/5718/5717/84790/7316/5709/91750/5683/5700/11047/5695/115106",0.674962860011025
"R-HSA-5688426","Deubiquitination",243,0.473818367318196,1.88339401769433,2.53808879582419e-08,9.41589781147508e-07,2.49122528641553e-07,3353,"tags=41%, list=20%, signal=33%","7345/983/890/991/64135/11274/3017/8969/8343/8900/7189/64127/63967/8344/330/8348/8345/4792/5701/8970/23586/57599/23172/5684/8336/7128/92815/8334/84749/8347/5690/8331/329/3091/29761/10318/8329/85236/5687/9960/4798/993/55288/5686/80351/8339/5685/3012/91833/84132/7187/10213/580/5714/7353/9817/79594/3416/5704/5702/54764/8767/672/84282/51616/51720/9097/5708/7347/1540/7416/5718/5717/8332/7186/7316/5709/8341/8314/5683/5700/11047/3013/7417/5695/55611/55031/25862/8027/5713/5694/84142/3054/2033/9986/10600/5423/5682/80124",0.73376198835648
"R-HSA-174154","APC/C:Cdc20 mediated degradation of Securin",55,0.576297169951138,1.88140070137329,7.42204138299318e-05,0.000824209910223298,0.000218066573233221,3388,"tags=53%, list=20%, signal=42%","11065/991/9232/5701/5684/5690/996/5687/5686/5685/10213/5714/5704/5702/5708/5718/5717/7316/5709/5683/8697/5700/11047/5695/5713/5694/51434/5682/51433",0.538434096309916
"R-HSA-9680350","Signaling by CSF1 (M-CSF) in myeloid cells",30,-0.56067813540984,-1.88033564477953,0.00115843213702714,0.00678815584353913,0.00179598651388771,2405,"tags=50%, list=14%, signal=43%","6233/4067/7314/3636/7311/6774/1436/6464/3055/5293/2885/3845/8563/139716/867",0.45505986738723
"R-HSA-3928662","EPHB-mediated forward signaling",41,-0.516460497308735,-1.87998286369929,0.000667920720359466,0.0042257294977324,0.0011180287200519,3237,"tags=46%, list=19%, signal=38%","5879/10092/2534/1948/2051/1947/4067/1072/6093/10094/10109/387/10097/10095/998/71/60/10093/2050",0.477270815362862
"R-HSA-9764725","Negative Regulation of CDH1 Gene Transcription",73,0.548521801376014,1.87975481126206,5.66857857936554e-05,0.000676819758197931,0.000179070602690004,2715,"tags=45%, list=16%, signal=38%","3017/8343/8355/8356/8365/8357/8344/8348/8345/8970/8358/2146/8352/6615/8334/8347/8331/8364/85236/8294/10009/8339/3012/5315/8353/5931/23411/6935/8354/8341/3013/126961/8363",0.557332238758646
"R-HSA-5678895","Defective CFTR causes cystic fibrosis",47,0.582957126029465,1.8796497344665,0.000196599676335451,0.00164315940010893,0.000434741362865477,3347,"tags=60%, list=20%, signal=48%","91319/5701/79139/91445/5684/27248/5690/5687/5686/5685/10213/5714/5704/5702/5708/5718/51009/5717/7316/5709/5683/5700/11047/5695/5713/5694/6048/5682",0.518848077743792
"R-HSA-6802946","Signaling by moderate kinase activity BRAF mutants",43,-0.514794779701878,-1.87955248438997,0.000481476479079793,0.0031335436425357,0.000829062009239099,1578,"tags=33%, list=9%, signal=30%","5595/805/54518/1445/7094/71/409/7529/408/8844/8826/60/3845/5594",0.49849310876659
"R-HSA-6802949","Signaling by RAS mutants",43,-0.514794779701878,-1.87955248438997,0.000481476479079793,0.0031335436425357,0.000829062009239099,1578,"tags=33%, list=9%, signal=30%","5595/805/54518/1445/7094/71/409/7529/408/8844/8826/60/3845/5594",0.49849310876659
"R-HSA-6802955","Paradoxical activation of RAF signaling by kinase inactive BRAF",43,-0.514794779701878,-1.87955248438997,0.000481476479079793,0.0031335436425357,0.000829062009239099,1578,"tags=33%, list=9%, signal=30%","5595/805/54518/1445/7094/71/409/7529/408/8844/8826/60/3845/5594",0.49849310876659
"R-HSA-9649948","Signaling downstream of RAS mutants",43,-0.514794779701878,-1.87955248438997,0.000481476479079793,0.0031335436425357,0.000829062009239099,1578,"tags=33%, list=9%, signal=30%","5595/805/54518/1445/7094/71/409/7529/408/8844/8826/60/3845/5594",0.49849310876659
"R-HSA-9909649","Regulation of PD-L1(CD274) transcription",79,0.537300047690545,1.87391550038062,2.59286085699298e-05,0.00034600529755503,9.1544870575415e-05,4138,"tags=53%, list=24%, signal=40%","3017/8343/8355/8356/8365/8357/8344/8348/8345/8970/8358/2146/8352/8334/8347/8331/3091/8364/6772/85236/8294/8339/3012/8353/467/5931/8354/8341/3013/126961/8363/8351/2033/1499/333932/55766/554313/94239/4791/4609/23512/4780",0.575610261071129
"R-HSA-5693616","Presynaptic phase of homologous DNA pairing and strand exchange",40,0.611468968384034,1.87200013967229,0.000147010782621233,0.00132643819774158,0.00035094437569768,2191,"tags=42%, list=13%, signal=37%","9156/1111/675/5888/5984/4683/5932/5985/5983/6119/1763/580/5890/672/83990/116028/5884",0.518848077743792
"R-HSA-9845323","Regulation of endogenous retroelements by Piwi-interacting RNAs (piRNAs)",77,0.536041531661505,1.87082582850077,0.000121263451316598,0.00117418512616316,0.0003106617909198,2739,"tags=42%, list=16%, signal=35%","3017/8343/8355/8356/8365/143689/8357/8344/8348/8345/8970/8358/8352/8334/8347/8331/8364/85236/6604/8294/8339/3012/8353/5931/6605/8354/8341/9275/3013/126961/8363/6760",0.538434096309916
"R-HSA-500657","Presynaptic function of Kainate receptors",15,-0.644794088302705,-1.86939928197622,0.00568632591699814,0.0243393141676362,0.00643961055254148,1001,"tags=33%, list=6%, signal=31%","23236/2790/2782/5330/2783",0.407017918923954
"R-HSA-5685942","HDR through Homologous Recombination (HRR)",70,0.546537975622365,1.86497138117084,8.51515199670169e-05,0.000895500753030614,0.0002369284548984,3239,"tags=46%, list=19%, signal=37%","10635/5111/9156/1111/675/5888/5984/4683/5932/5427/5985/5429/5983/6119/348654/5981/1763/580/5890/672/146956/83990/5424/116028/5884/7316/55732/3364/5889/5426/7517/7486",0.538434096309916
"R-HSA-5627117","RHO GTPases Activate ROCKs",19,-0.615171490718121,-1.86383975274844,0.00234576489489355,0.0121337936582767,0.00321031665666642,1680,"tags=53%, list=10%, signal=47%","1072/4659/103910/4628/5500/6093/388/387/4627/4637",0.431707695803346
"R-HSA-5626467","RHO GTPases activate IQGAPs",26,-0.575836325470549,-1.85958640010004,0.0028871349817361,0.0141069856953752,0.00373237689948073,1556,"tags=38%, list=9%, signal=35%","805/6249/10383/7277/998/71/10788/8826/60/7846",0.431707695803346
"R-HSA-909733","Interferon alpha/beta signaling",44,0.591757462733844,1.85846538712224,0.000140573559608603,0.00129035151825701,0.000341396688346487,2483,"tags=45%, list=15%, signal=39%","8638/11274/4939/4938/9636/4940/3665/51447/3662/8519/5610/3105/3663/6772/6773/3133/7316/6059/10379/3134",0.518848077743792
"R-HSA-9013149","RAC1 GTPase cycle",171,-0.393499860808134,-1.85709538177463,1.50706887522434e-06,2.95459922698303e-05,7.81717522094774e-06,2474,"tags=27%, list=15%, signal=23%","752/7456/11135/23344/28964/613/55845/2909/9710/393/29/23370/4689/139818/201176/397/4650/5062/143098/26230/26030/7409/80005/5338/57580/10144/8773/998/26999/83478/51347/7454/257106/6655/51291/10788/64411/55843/9341/8826/116985/64333/23092/10928/392/10163",0.643551836150722
"R-HSA-9976102","Differentiation of naive CD4+ T cells to T helper 2 cells (Th2 cells)",72,-0.455715289859396,-1.85597254509479,0.000146816747147108,0.00132643819774158,0.00035094437569768,2348,"tags=33%, list=14%, signal=29%","1107/4094/4773/6776/9612/5452/4853/79885/51564/51621/9759/57459/9794/1387/4851/10046/1912/6778/79718/3566/55534/6907/6777/3516",0.518848077743792
"R-HSA-427413","NoRC negatively regulates rRNA expression",88,0.529005153043402,1.85200619550729,3.5001003715474e-05,0.000448238660485264,0.00011859341591293,4010,"tags=49%, list=24%, signal=38%","3017/8343/8355/8356/8365/8357/8344/8348/8345/1022/8970/8358/8352/8334/8347/8331/8364/85236/8294/8339/3012/5440/2965/8467/8353/8354/9015/8341/79595/221830/3013/126961/8363/8351/2967/1786/333932/55766/29115/554313/79101/94239/25942",0.557332238758646
"R-HSA-73894","DNA Repair",314,0.459237215080852,1.85093156880028,2.39348505862938e-09,1.40772380485313e-07,3.7245063711984e-08,2738,"tags=31%, list=16%, signal=27%","890/10635/9636/3838/9768/5111/3017/9156/2237/1111/51514/675/8343/8900/8365/54962/5888/63967/9318/29089/8344/8348/8345/1022/8970/7158/10038/5984/57599/51567/7318/4683/5932/8334/8347/8331/5427/378708/8914/10721/8364/55215/85236/10920/5985/5429/8294/4798/9246/5983/8339/6119/3012/2175/5440/348654/5981/1763/580/83932/2189/7353/5890/2965/8467/11200/7398/672/64421/146956/3978/51720/4292/6612/84164/4913/10987/83990/5424/2187/116028/5884/142/7316/8341/8314/7334/7374/51138/51008/51548/5433/6613/3013/51588/2547/8363/55732",0.774939030136436
"R-HSA-69275","G2/M Transition",182,0.47972381041603,1.84932993276323,1.1942955585057e-06,2.43146326526544e-05,6.43308040369526e-06,2660,"tags=33%, list=16%, signal=28%","4605/55355/983/890/9088/9133/891/51512/22974/5347/2305/4751/8900/3161/1022/5701/1063/5684/4218/10733/7283/5690/80254/6790/22822/151648/5687/993/5686/203068/5685/10376/10213/8454/7465/5519/5714/440145/55142/1026/79441/995/5515/5704/79866/5702/5708/79959/55755/5718/5717/84790/7316/5709/91750/5683/5700/11047/5695/115106",0.643551836150722
"R-HSA-389948","Co-inhibition by PD-1",188,0.477081581345346,1.84342394376009,7.82061019245097e-07,1.72487902577946e-05,4.56362455398867e-06,2728,"tags=38%, list=16%, signal=32%","91319/3017/4343/8343/4751/8355/8356/8365/8357/8344/8348/8345/5701/8970/79139/8358/91445/2146/1650/5684/27248/8352/8334/8347/5690/8331/3091/8364/6185/6772/85236/5687/8294/3703/1019/5686/8339/5685/3012/10213/29126/8454/5714/58505/5704/8353/5702/467/51422/5708/10987/5931/5571/5718/51009/5717/7316/5709/8354/3117/3118/8341/5683/5700/11047/3013/126961/5562/5695/8363/1603",0.659444398037935
"R-HSA-9013507","NOTCH3 Activation and Transmission of Signal to the Nucleus",25,-0.570933845192921,-1.84278214760037,0.00257027564945644,0.0128757026225137,0.00340660833367177,2405,"tags=40%, list=14%, signal=34%","6233/7314/7311/57534/11060/10460/5663/55851/9148/83464",0.431707695803346
"R-HSA-174113","SCF-beta-TrCP mediated degradation of Emi1",42,0.59215514423526,1.84232665878739,0.000355355188224198,0.00250751489336584,0.000663429513944344,2963,"tags=57%, list=17%, signal=47%","991/26271/5701/5684/5690/5687/5686/5685/10213/8454/5714/5704/5702/5708/5718/5717/7316/5709/5683/5700/11047/5695/5713/5694",0.49849310876659
"R-HSA-912526","Interleukin receptor SHC signaling",23,-0.585838451097306,-1.84097740542024,0.00226051052114392,0.0118081931170281,0.00312417040509595,1936,"tags=39%, list=11%, signal=35%","3636/3568/3560/1438/6464/3716/5293/3718/2885",0.431707695803346
"R-HSA-8982491","Glycogen metabolism",22,-0.580161325346431,-1.83961175268627,0.00351118222530247,0.0166440518620308,0.00440362498587981,2405,"tags=45%, list=14%, signal=39%","6233/2632/7314/7360/7311/2548/805/5836/5256/2992",0.431707695803346
"R-HSA-9675135","Diseases of DNA repair",51,0.56047428250235,1.83957228355001,0.000442150948514972,0.0029762543595082,0.000787446961263244,2191,"tags=37%, list=13%, signal=33%","10635/9156/675/5888/5984/4683/5932/5985/5983/6119/1763/580/5890/672/4292/4913/83990/116028/5884",0.49849310876659
"R-HSA-5358346","Hedgehog ligand biogenesis",49,0.565928516952911,1.8366987525903,0.000459402294567622,0.00306525564610666,0.000810994610158433,2963,"tags=51%, list=17%, signal=42%","5701/5684/27248/5034/5690/5687/6868/5686/5685/10213/5714/5704/5702/5708/5718/51009/5717/7316/5709/5683/5700/11047/5695/5713/5694",0.49849310876659
"R-HSA-9940951","Interaction of NuRD complexes with transcription factors",72,0.534669743989667,1.83588424248117,0.000168193331867046,0.00147564094477828,0.000390419916284739,3067,"tags=43%, list=18%, signal=35%","3017/6941/8343/8355/8356/8365/8357/8344/8348/8345/8970/8358/23613/8352/8334/8347/8331/8364/85236/8294/8339/3012/8353/5931/8354/8341/3013/126961/8363/57592/8351",0.518848077743792
"R-HSA-73893","DNA Damage Bypass",48,0.570266789885158,1.83410185811256,0.000396967317802785,0.00274080043769923,0.000725151386742313,2221,"tags=40%, list=13%, signal=34%","9636/9768/5111/51514/5984/57599/7318/5427/5985/5429/9246/5983/6119/5981/83932/7353/7398/5424/7316",0.49849310876659
"R-HSA-5627123","RHO GTPases activate PAKs",22,-0.578007254308656,-1.83278148975062,0.00351118222530247,0.0166440518620308,0.00440362498587981,1556,"tags=41%, list=9%, signal=37%","805/4659/103910/4628/5062/5500/4627/998/4637",0.431707695803346
"R-HSA-9609690","HCMV Early Events",109,0.50248350820636,1.83253549962901,2.53889694766856e-05,0.000344373893781629,9.11132394751181e-05,2715,"tags=41%, list=16%, signal=35%","3017/8969/8343/8355/8356/8365/8357/8344/8348/8345/8970/8358/2146/5371/8352/8336/92815/8334/8347/8331/8364/8329/85236/55706/8294/6396/79023/53371/8339/3012/10376/4927/23165/5903/129401/8353/5931/8332/84790/8354/8341/2002/3013/126961/8363",0.575610261071129
"R-HSA-9843940","Regulation of endogenous retroelements by KRAB-ZFP proteins",87,0.521851347988617,1.83120372739761,5.00170372430002e-05,0.000610977347245264,0.000161650248054894,3987,"tags=49%, list=24%, signal=38%","3017/8343/8355/8356/8365/8357/7695/8344/8348/8345/8970/8358/79862/8352/8334/8347/8331/8364/85236/8294/8339/3012/8353/5931/57693/8354/8341/6613/3013/126961/8363/125893/91661/197320/55729/8351/7576/7767/333932/55766/554313/9219/94239",0.557332238758646
"R-HSA-5663220","RHO GTPases Activate Formins",128,0.492245194893261,1.82471159700535,1.13649617330907e-05,0.000171881516496648,4.54758100329061e-05,1668,"tags=31%, list=10%, signal=28%","699/11004/332/11130/991/9212/79019/701/5347/57405/55143/79682/1062/10403/83540/57082/147841/220134/55839/81624/4085/81930/1063/9735/378708/151648/6396/1060/79023/55055/64946/91687/10376/54908/5903/348235/5519/23421/100527963/5515",0.593325476396405
"R-HSA-9616222","Transcriptional regulation of granulopoiesis",72,0.531274798882211,1.82422709094617,0.000210257241493839,0.0017035127525113,0.000450709441601581,2715,"tags=46%, list=16%, signal=39%","3017/8343/8355/8356/8365/8357/8344/8348/8345/8970/8358/5371/8352/8334/8347/8331/688/8364/85236/8294/1019/1869/8339/3012/1026/1053/8353/4602/8354/8341/3013/126961/8363",0.518848077743792
"R-HSA-9020558","Interleukin-2 signaling",11,-0.720945833112747,-1.82350969322069,0.00231273978102458,0.0120020613472779,0.00317546338289806,2129,"tags=73%, list=13%, signal=64%","6776/2185/3560/6464/3716/3718/6777/6850",0.431707695803346
"R-HSA-9670095","Inhibition of DNA recombination at telomere",51,0.55506827647966,1.82182884882961,0.000619007507327952,0.00394772659291883,0.00104447568453313,1348,"tags=31%, list=8%, signal=29%","3017/8343/8365/8344/8348/8345/8970/8334/8347/8331/8364/85236/8294/8339/3012/5440",0.477270815362862
"R-HSA-397795","G-protein beta:gamma signalling",26,-0.563165124892872,-1.81866645249526,0.00392302450560847,0.0180050951297868,0.00476372504988085,1001,"tags=35%, list=6%, signal=33%","23236/2790/387/2782/207/998/5330/5170/2783",0.407017918923954
"R-HSA-1474165","Reproduction",108,0.50205169637062,1.81543445603808,3.73258940908992e-05,0.000470424760447206,0.000124463336587385,3067,"tags=42%, list=18%, signal=34%","3017/675/8343/8355/8356/8365/8357/5888/8344/8348/8345/8970/8358/8352/4683/5932/8334/8347/8331/8364/84057/85236/8294/1019/8339/6119/3012/9985/8353/672/4292/7852/29893/8354/8341/5460/3013/639/126961/8363/55732/79923/9126/5889/8351",0.557332238758646
"R-HSA-186797","Signaling by PDGF",48,-0.476822924487225,-1.81489807447687,0.000861480048366582,0.00522148975880203,0.00138148348466938,2217,"tags=33%, list=13%, signal=29%","1292/6776/80310/5155/6774/1298/1398/56034/2889/8440/6778/2885/3845/5045/6777/6696",0.477270815362862
"R-HSA-73864","RNA Polymerase I Transcription",93,0.50904664188299,1.81382881069334,0.000100579708319311,0.00102384985135298,0.00027088661009839,2715,"tags=35%, list=16%, signal=30%","3017/8343/8355/8356/8365/8357/8344/8348/8345/1022/8970/8358/8352/8334/8347/8331/8364/85236/8294/8339/3012/5440/2965/8353/54700/5931/8354/9015/8341/221830/3013/126961/8363",0.538434096309916
"R-HSA-5668541","TNFR2 non-canonical NF-kB pathway",83,0.518583140600023,1.81271701432472,0.000144554971482991,0.00131927180870683,0.000349048317569915,2963,"tags=42%, list=17%, signal=35%","608/23495/330/5701/939/5684/944/5690/329/115650/8740/5687/5971/5686/5685/7187/10213/8454/970/5714/5704/5702/5708/5718/5717/7186/7316/5709/5683/5700/11047/5695/9966/5713/5694",0.518848077743792
"R-HSA-1980143","Signaling by NOTCH1",69,-0.460298342769285,-1.81031941903702,0.000184743075076049,0.00158508000217351,0.000419374919043181,2061,"tags=33%, list=12%, signal=29%","9612/7314/7311/57534/79885/51564/23462/9759/7090/5663/55851/9794/1387/4851/10046/9148/409/408/79718/55534/6907/83464/3516",0.518848077743792
"R-HSA-8854050","FBXL7 down-regulates AURKA during mitotic entry and in early mitosis",41,0.583093549851972,1.81005786793451,0.000837372589815254,0.00513416089817229,0.00135837832038334,2963,"tags=56%, list=17%, signal=46%","5701/5684/5690/6790/5687/5686/5685/10213/8454/5714/5704/5702/5708/5718/5717/7316/5709/5683/5700/11047/5695/5713/5694",0.477270815362862
"R-HSA-9937850","NuRD complex assembly",76,0.527504199478846,1.809786547401,0.000192814636427782,0.00162005101929798,0.000428627428352062,3067,"tags=41%, list=18%, signal=34%","3017/6941/8343/8355/8356/8365/8357/8344/8348/8345/8970/8358/23613/8352/8334/8347/8331/8364/85236/8294/8339/3012/8353/5931/8354/8341/3013/126961/8363/57592/8351",0.518848077743792
"R-HSA-73854","RNA Polymerase I Promoter Clearance",92,0.510818091229311,1.8093601935042,7.50204866894103e-05,0.000827309255991553,0.000218886587288579,2715,"tags=36%, list=16%, signal=30%","3017/8343/8355/8356/8365/8357/8344/8348/8345/1022/8970/8358/8352/8334/8347/8331/8364/85236/8294/8339/3012/5440/2965/8353/54700/5931/8354/9015/8341/221830/3013/126961/8363",0.538434096309916
"R-HSA-9907900","Proteasome assembly",51,0.550745612429485,1.80764112741928,0.000780485864963674,0.0048226130488806,0.00127595008086507,3347,"tags=49%, list=20%, signal=39%","5701/5684/5690/8624/5687/5686/5685/10213/5711/5714/5704/5702/5708/5718/5717/5709/5683/5700/11047/5710/5695/5713/5694/80227/5682",0.477270815362862
"R-HSA-8852276","The role of GTSE1 in G2/M progression after G2 checkpoint",58,0.537480141417465,1.80542687918436,0.000326058048025921,0.00240258461880779,0.00063566742916779,2963,"tags=50%, list=17%, signal=41%","983/9133/891/51512/5347/5701/5684/5690/5687/5686/5685/10376/10213/5714/1026/5704/5702/5708/5718/5717/84790/7316/5709/5683/5700/11047/5695/5713/5694",0.49849310876659
"R-HSA-1268020","Mitochondrial protein import",64,0.535238578255306,1.80454235067788,0.000544331968146221,0.00351381774559431,0.000929673600430548,4388,"tags=56%, list=26%, signal=42%","26519/291/388753/3313/10440/50/100287932/56942/80273/51142/7416/134266/498/2395/10651/10469/54927/29090/23203/1537/56993/9512/26515/3329/10531/516/1431/9804/506/92609/26520/9868/8604/100272147/29928/4714",0.477270815362862
"R-HSA-9943965","CHD3, CHD4, CHD5 subfamily",80,0.512993065335429,1.80394000436644,9.01458935654219e-05,0.000935631888770523,0.000247546210329645,2715,"tags=38%, list=16%, signal=32%","3017/6941/8343/8355/8356/8365/8357/8344/8348/8345/8970/8358/23613/8352/8334/8347/8331/8364/85236/8294/8339/3012/8353/22850/5931/8354/8341/3013/126961/8363",0.538434096309916
"R-HSA-5619084","ABC transporter disorders",61,0.542463364861871,1.80335377285877,0.000323151723066683,0.00240258461880779,0.00063566742916779,3347,"tags=52%, list=20%, signal=42%","91319/5701/79139/91445/19/5684/27248/5690/5687/5686/5685/10060/10213/5714/5704/5702/5708/10058/5718/51009/5717/1244/7316/5709/5683/5700/11047/5695/5713/5694/6048/5682",0.49849310876659
"R-HSA-201722","Formation of the beta-catenin:TCF transactivating complex",74,0.521471045158036,1.80022472250056,0.000240832888324245,0.00192182224451709,0.000508469002892333,4108,"tags=50%, list=24%, signal=38%","3017/8343/8355/8356/8365/8357/8344/8348/8345/8970/8358/8352/8334/8347/8331/8364/85236/8294/8339/3012/8353/8354/8341/3013/26108/126961/8363/8351/2033/1499/7088/7091/333932/55766/554313/94239/4609",0.518848077743792
"R-HSA-5689901","Metalloprotease DUBs",30,0.617531601661881,1.79764902303112,0.00169224814285579,0.00929858149084774,0.00246018614492231,3121,"tags=60%, list=18%, signal=49%","8969/23172/8336/92815/8334/8331/8329/3012/10213/580/672/51720/8332/7316/3013/8027/84142/2033",0.45505986738723
"R-HSA-5693537","Resolution of D-Loop Structures",37,0.584618875672204,1.79503147972682,0.00134989790814989,0.00765584956479296,0.00202555788164588,3239,"tags=49%, list=19%, signal=39%","10635/9156/675/5888/4683/5932/348654/1763/580/5890/672/146956/83990/116028/55732/5889/7517/7486",0.45505986738723
"R-HSA-5693568","Resolution of D-loop Structures through Holliday Junction Intermediates",36,0.597971184298042,1.7948504349907,0.00138044722431736,0.007801246235644,0.00206402642391737,3239,"tags=50%, list=19%, signal=41%","10635/9156/675/5888/4683/5932/348654/1763/580/5890/672/146956/83990/116028/55732/5889/7517/7486",0.45505986738723
"R-HSA-9909505","Modulation of host responses by IFN-stimulated genes",17,0.685010568445821,1.79425386655507,0.00366548391466163,0.0171199660484784,0.00452954069558486,1135,"tags=53%, list=7%, signal=49%","64135/10561/10964/9636/51191/9451/23586/7318/9246",0.431707695803346
"R-HSA-2995383","Initiation of Nuclear Envelope (NE) Reformation",19,0.678715428330903,1.79275150456204,0.00193163780108562,0.0103618971790237,0.00274151448799311,1668,"tags=37%, list=10%, signal=33%","983/9133/891/23592/7112/7443/5515",0.45505986738723
"R-HSA-442742","CREB1 phosphorylation through NMDA receptor-mediated activation of RAS signaling",26,-0.554748227299708,-1.79148520740362,0.00484190864755107,0.021417690619251,0.00566661762007207,1578,"tags=27%, list=9%, signal=24%","5595/805/6195/5170/3845/6197/5594",0.407017918923954
"R-HSA-9929356","GSK3B-mediated proteasomal degradation of PD-L1(CD274)",44,0.570379527707348,1.79132613701233,0.000370071991406131,0.00258887366675302,0.000684955133443622,2963,"tags=57%, list=17%, signal=47%","4751/5701/5684/5690/5687/5686/5685/10213/29126/8454/5714/5704/5702/5708/10987/5718/5717/7316/5709/5683/5700/11047/5695/5713/5694",0.49849310876659
"R-HSA-9610379","HCMV Late Events",94,0.507694970005835,1.79132277732523,6.45940002515478e-05,0.000748724616054437,0.000198094938307786,3100,"tags=46%, list=18%, signal=38%","3017/8969/8343/8355/8356/8365/8357/8344/8348/8345/8970/8358/8352/8336/92815/8334/8347/8331/8364/8329/85236/55706/8294/6396/79023/53371/8339/3012/4927/23165/5903/129401/8353/8332/8354/8341/3013/51271/126961/8363/9631/8351/23511",0.538434096309916
"R-HSA-422356","Regulation of insulin secretion",60,-0.451858798741228,-1.7906467708714,0.000442314879624644,0.0029762543595082,0.000787446961263244,1477,"tags=25%, list=9%, signal=23%","5576/3709/23236/2181/5566/2790/2771/10768/2782/5330/2783/5573/8826/2182/2776",0.49849310876659
"R-HSA-5578775","Ion homeostasis",44,-0.4758376478947,-1.7899800273939,0.0012113701170289,0.00697924502381081,0.00184654422037355,3782,"tags=48%, list=22%, signal=37%","480/6262/818/491/481/489/6261/84876/477/1760/53822/80228/444/6717/805/490/3709/5566/10768/493/6546",0.45505986738723
"R-HSA-9764560","Regulation of CDH1 Gene Transcription",81,0.516159585527424,1.78907616003945,6.94544635642319e-05,0.000776716113661974,0.000205500830771864,2715,"tags=41%, list=16%, signal=34%","3017/8343/8355/8356/8365/8357/8344/8348/8345/8970/8358/2146/8352/6615/8334/8347/8331/8364/85236/8294/10009/8339/3012/5315/8353/5931/23411/6935/8354/8341/3013/126961/8363",0.538434096309916
"R-HSA-437239","Recycling pathway of L1",38,-0.501392390088301,-1.78865722595736,0.00306645789737705,0.0148763255105995,0.00393592613502972,1097,"tags=29%, list=6%, signal=27%","10383/7277/160/6195/1785/71/9252/60/6197/5594/7846",0.431707695803346
"R-HSA-69202","Cyclin E associated events during G1/S transition",73,0.521492994417946,1.78712853862413,0.000441238759330507,0.0029762543595082,0.000787446961263244,2963,"tags=48%, list=17%, signal=40%","890/8900/1022/5701/5684/1163/898/5690/9134/5687/993/1019/5686/1869/5685/10213/8454/7465/5714/1026/5704/5702/5708/1875/5718/5717/7316/5709/91750/5683/5700/11047/5695/5713/5694",0.49849310876659
"R-HSA-5419276","Mitochondrial translation termination",101,0.493148104501389,1.78613160047364,0.000167464369601293,0.00147564094477828,0.000390419916284739,4300,"tags=58%, list=25%, signal=44%","29093/740/6182/65080/55168/64976/28998/64983/56945/51081/65008/51253/54534/26284/64960/28973/28977/64951/124995/3396/54516/57129/63931/54148/65005/54948/6150/64978/60488/9617/51642/64965/64981/26589/51073/51116/29088/51023/11222/51021/51649/29074/84340/51069/55173/90480/63875/6183/51318/10573/65003/51650/64963/10884/5018/64969/64928/51258/9801",0.518848077743792
"R-HSA-174084","Autodegradation of Cdh1 by Cdh1:APC/C",54,0.549401396507959,1.78532060092608,0.000413077164250777,0.00283968197762006,0.000751313118479703,4404,"tags=61%, list=26%, signal=45%","11065/5701/5684/5690/996/5687/5686/5685/10213/5714/5704/5702/5708/5718/5717/7316/5709/5683/8697/5700/11047/5695/5713/5694/51434/5682/51433/51343/5693/29945/27338/5707/9861",0.49849310876659
"R-HSA-186712","Regulation of beta-cell development",20,-0.599055860694056,-1.78455837846637,0.00288197113090885,0.0141069856953752,0.00373237689948073,851,"tags=35%, list=5%, signal=33%","9794/1387/4851/10046/207/55534/3516",0.431707695803346
"R-HSA-9929491","SPOP-mediated proteasomal degradation of PD-L1(CD274)",46,0.550612616703119,1.78300445854033,0.00133754334654174,0.00761297073228778,0.00201421315022168,2963,"tags=50%, list=17%, signal=41%","5701/5684/5690/5687/1019/5686/5685/10213/29126/5714/5704/5702/5708/5718/5717/7316/5709/5683/5700/11047/5695/5713/5694",0.45505986738723
"R-HSA-5362768","Hh mutants are degraded by ERAD",43,0.563320474039719,1.78227633543534,0.00174199594123149,0.0095389294988814,0.0025237765796468,2963,"tags=53%, list=17%, signal=44%","5701/5684/27248/5690/5687/5686/5685/10213/5714/5704/5702/5708/5718/51009/5717/7316/5709/5683/5700/11047/5695/5713/5694",0.45505986738723
"R-HSA-389359","CD28 dependent Vav1 pathway",10,-0.697970604703303,-1.78205971337121,0.0107754106681328,0.0397015130881554,0.0105040873737642,3882,"tags=70%, list=23%, signal=54%","5058/5879/2534/5062/7409/998/2885",0.380730400722792
"R-HSA-9932298","Degradation of CRY and PER proteins",48,0.552630651399019,1.7773802061751,0.000912885841032525,0.00547042534173453,0.00144734598990326,3347,"tags=54%, list=20%, signal=44%","5701/5684/5690/1408/5687/26224/5686/5685/10213/8454/5714/5704/5702/5708/5718/5717/7316/5709/5683/5700/11047/5695/5713/5694/1407/5682",0.477270815362862
"R-HSA-69656","Cyclin A:Cdk2-associated events at S phase entry",75,0.513927182575227,1.77421922102275,0.000349698221823462,0.00247911060828419,0.00065591440761516,2963,"tags=47%, list=17%, signal=39%","890/8900/1022/5701/5684/1163/898/5690/9134/5687/993/1019/5686/1869/5685/10213/8454/7465/5714/1026/5704/5702/5708/1875/5718/5717/7316/5709/91750/5683/5700/11047/5695/5713/5694",0.49849310876659
"R-HSA-69601","Ubiquitin-Mediated Degradation of Phosphorylated Cdc25A",51,0.540413392605678,1.7737290179634,0.00118966198458551,0.00689482931212332,0.00182420980683835,2963,"tags=49%, list=17%, signal=41%","1111/5701/5684/5690/5687/993/5686/5685/10213/8454/5714/5704/11200/5702/5708/5718/5717/7316/5709/5683/5700/11047/5695/5713/5694",0.45505986738723
"R-HSA-69613","p53-Independent G1/S DNA Damage Checkpoint",51,0.540413392605678,1.7737290179634,0.00118966198458551,0.00689482931212332,0.00182420980683835,2963,"tags=49%, list=17%, signal=41%","1111/5701/5684/5690/5687/993/5686/5685/10213/8454/5714/5704/11200/5702/5708/5718/5717/7316/5709/5683/5700/11047/5695/5713/5694",0.45505986738723
"R-HSA-5635838","Activation of SMO",14,-0.649297110384034,-1.76997233678435,0.00508919311852689,0.0224489963117242,0.00593947687051789,2984,"tags=43%, list=18%, signal=35%","5727/91653/23288/156/409/408",0.407017918923954
"R-HSA-5387390","Hh mutants abrogate ligand secretion",45,0.555185801288361,1.76950233313404,0.00131904343856745,0.00756188079583071,0.00200069595365354,2963,"tags=51%, list=17%, signal=42%","5701/5684/27248/5690/5687/5686/5685/10213/5714/5704/5702/5708/5718/51009/5717/7316/5709/5683/5700/11047/5695/5713/5694",0.45505986738723
"R-HSA-5250913","Positive epigenetic regulation of rRNA expression",88,0.50539972995688,1.76936543189222,0.000160330126164434,0.00143036090083776,0.000378439880743448,3121,"tags=39%, list=18%, signal=32%","3017/8343/8355/8356/8365/8357/8344/8348/8345/8970/8358/8352/8334/8347/8331/8364/85236/8294/8339/3012/5440/8467/8353/5931/8354/9015/8341/221830/3013/126961/8363/10514/8351/2033",0.518848077743792
"R-HSA-5685938","HDR through Single Strand Annealing (SSA)",38,0.572808260997547,1.76876372638381,0.00202014581418762,0.0107290687388961,0.00283865945416852,3239,"tags=47%, list=19%, signal=38%","9156/5888/5984/4683/5932/5985/5983/6119/1763/580/672/3978/83990/116028/5884/3364/2072/7486",0.431707695803346
"R-HSA-4615885","SUMOylation of DNA replication proteins",45,0.554617332947803,1.76769049635328,0.00133447067236547,0.00761297073228778,0.00201421315022168,4386,"tags=58%, list=26%, signal=43%","332/7153/9212/55143/5111/6790/55706/6396/79023/53371/4927/23165/5903/129401/6612/6613/51588/9631/23511/23279/8086/7150/3619/9818/23636/8480",0.45505986738723
"R-HSA-418217","G beta:gamma signalling through PLC beta",14,-0.647756092332779,-1.76577154907471,0.00533009892055936,0.0230632073183876,0.00610198266886353,1001,"tags=36%, list=6%, signal=34%","23236/2790/2782/5330/2783",0.407017918923954
"R-HSA-9706369","Negative regulation of FLT3",15,-0.608723866740538,-1.76482380972502,0.0129562648361178,0.045314286038257,0.011989095195659,2405,"tags=47%, list=14%, signal=40%","6233/7314/7311/8835/1445/5795/867",0.380730400722792
"R-HSA-451927","Interleukin-2 family signaling",38,-0.494227291131058,-1.76309659464759,0.00462985810621332,0.0208278036052883,0.00551054737857889,2129,"tags=39%, list=13%, signal=35%","6776/3636/6774/2185/3568/3560/1438/6464/3716/6655/5293/3718/2885/6777/6850",0.407017918923954
"R-HSA-2173791","TGF-beta receptor signaling in EMT (epithelial to mesenchymal transition)",16,-0.612828799897761,-1.76171960759047,0.0107190019733434,0.0395855235666727,0.0104733992721448,3181,"tags=69%, list=19%, signal=56%","50855/5590/2280/6233/7314/7311/23370/387/7046/50848/7048",0.380730400722792
"R-HSA-351202","Metabolism of polyamines",45,0.552460717458654,1.7608168765113,0.00147331585844798,0.00829654462133118,0.00219507073721068,2963,"tags=56%, list=17%, signal=46%","5701/5684/5690/6723/5687/5686/5685/54498/10213/6611/5714/5704/5702/5708/5718/5717/1728/4953/5709/5683/5700/11047/5695/5713/5694",0.45505986738723
"R-HSA-6807004","Negative regulation of MET activity",18,-0.593112319531326,-1.75843441488549,0.00471968061683879,0.0210529573582584,0.00557011777048002,2405,"tags=44%, list=14%, signal=38%","6233/3082/7314/5770/7311/2885/5795/867",0.407017918923954
"R-HSA-881907","Gastrin-CREB signalling pathway via PKC and MAPK",16,-0.611370287909852,-1.75752677401699,0.0111679613871301,0.0407694774316381,0.0107866456417854,544,"tags=31%, list=3%, signal=30%","6195/2885/3845/6197/5594",0.380730400722792
"R-HSA-5368287","Mitochondrial translation",112,0.485011945195723,1.75599831317391,8.76575502047704e-05,0.000915790721876154,0.000242296703838718,4300,"tags=57%, list=25%, signal=43%","29093/10102/740/6182/65080/55168/64976/28998/64983/56945/51081/65008/51253/54534/26284/64960/28973/28977/64951/124995/3396/54516/57129/63931/54148/65005/54471/54948/6150/64978/60488/9617/51642/64965/64981/26589/51073/51116/29088/51023/11222/51021/51649/29074/7284/84340/51069/55173/4706/90480/63875/6183/51318/10573/91574/65003/51650/64963/10884/5018/64969/64928/51258/9801",0.538434096309916
"R-HSA-69563","p53-Dependent G1 DNA Damage Response",53,0.534438225310342,1.75455853165185,0.00156383906968516,0.00865287959114996,0.00228934859631879,2963,"tags=53%, list=17%, signal=44%","890/8900/5701/5684/898/5690/9134/5687/5686/5685/10213/5714/1026/1029/5704/11200/5702/5708/5718/5717/7316/5709/5683/5700/11047/5695/5713/5694",0.45505986738723
"R-HSA-69580","p53-Dependent G1/S DNA damage checkpoint",53,0.534438225310342,1.75455853165185,0.00156383906968516,0.00865287959114996,0.00228934859631879,2963,"tags=53%, list=17%, signal=44%","890/8900/5701/5684/898/5690/9134/5687/5686/5685/10213/5714/1026/1029/5704/11200/5702/5708/5718/5717/7316/5709/5683/5700/11047/5695/5713/5694",0.45505986738723
"R-HSA-75035","Chk1/Chk2(Cds1) mediated inactivation of Cyclin B:Cdk1 complex",15,0.695330748273526,1.75353416480053,0.0073542827639058,0.0296891199558625,0.00785504344315752,2116,"tags=60%, list=12%, signal=53%","983/890/891/1111/8900/7465/995/11200/10971",0.407017918923954
"R-HSA-9764265","Regulation of CDH1 Expression and Function",175,0.452046231373572,1.75346088017178,2.90059673774897e-05,0.000377553083569293,9.98916733787949e-05,2728,"tags=38%, list=16%, signal=32%","90701/3728/3017/4343/8343/8355/8356/8365/8357/8344/8348/8345/5701/8970/79872/8358/1514/2146/1650/5684/8352/6615/8334/8347/5690/8331/8364/6185/85236/5687/8294/3703/10009/5686/8339/5685/3012/10213/9789/28972/5315/5714/58505/5704/8353/5702/60559/5708/5931/23411/5718/5717/7316/6935/5709/8354/8341/5683/6714/59/5700/11047/3013/126961/5695/8363/1603",0.575610261071129
"R-HSA-9764274","Regulation of Expression and Function of Type I Classical Cadherins",175,0.452046231373572,1.75346088017178,2.90059673774897e-05,0.000377553083569293,9.98916733787949e-05,2728,"tags=38%, list=16%, signal=32%","90701/3728/3017/4343/8343/8355/8356/8365/8357/8344/8348/8345/5701/8970/79872/8358/1514/2146/1650/5684/8352/6615/8334/8347/5690/8331/8364/6185/85236/5687/8294/3703/10009/5686/8339/5685/3012/10213/9789/28972/5315/5714/58505/5704/8353/5702/60559/5708/5931/23411/5718/5717/7316/6935/5709/8354/8341/5683/6714/59/5700/11047/3013/126961/5695/8363/1603",0.575610261071129
"R-HSA-380108","Chemokine receptors bind chemokines",47,0.542971252609081,1.7507218373689,0.00106192659096889,0.00629231129275594,0.00166479769814493,2088,"tags=28%, list=12%, signal=24%","6354/9034/6347/2920/3627/2826/1230/2921/2833/3576/6349/414062/7852",0.45505986738723
"R-HSA-176412","Phosphorylation of the APC/C",20,0.660798427022586,1.75063408004368,0.00192863836350629,0.0103618971790237,0.00274151448799311,906,"tags=25%, list=5%, signal=24%","11065/983/891/5347/996",0.45505986738723
"R-HSA-8875555","MET activates RAP1 and RAC1",10,-0.685601884831303,-1.75047987714124,0.0133143092452736,0.0462650395656334,0.0122406422362038,3622,"tags=70%, list=21%, signal=55%","5906/5879/2549/3082/1398/2889/2885",0.380730400722792
"R-HSA-156827","L13a-mediated translational silencing of Ceruloplasmin expression",102,-0.410335564321374,-1.74834330113138,0.000139414200513682,0.00128714971171934,0.000340549565579382,4816,"tags=66%, list=28%, signal=47%","6152/1968/27335/6217/6166/6229/6205/6234/6181/6169/6230/6175/6235/6141/6209/6143/6155/6146/6157/2197/6170/6147/6202/6201/6228/6130/4736/6210/9349/6133/6206/6224/6125/8665/6176/6207/6159/6139/6171/6124/6135/6173/6232/6223/6222/6142/23521/6154/6233/6122/51386/1975/6128/6144/6193/6189/26986/7311/6137/6191/6188/6187/6203/6194/6129/6134/6208",0.518848077743792
"R-HSA-9012999","RHO GTPase cycle",413,-0.336816345193876,-1.74589825642118,1.00934169991289e-08,4.45231838739354e-07,1.17797881539562e-07,2492,"tags=26%, list=15%, signal=22%","55968/87/752/91544/7456/11135/23344/28964/8502/157285/613/55845/9414/1828/57498/56254/2909/391/9710/393/79180/29/1213/84364/55160/23370/2185/4689/3163/221472/23433/9231/57216/139818/201176/10435/397/4650/6811/5062/8239/143098/10211/26230/11060/29766/89846/26030/50618/7409/80005/5338/144402/9590/6093/1362/57580/121512/388/23129/10144/8773/9138/1445/387/11214/998/26999/2889/83478/51347/6793/71/7454/257106/8440/6655/832/51291/10134/10788/64411/55843/10409/7431/9341/1152/2885/8826/116985/64333/60/23092/23048/11329/9748/79869/1729/7171/2319/84986/8776/55701/10928/392/10163",0.747739663149885
"R-HSA-1169091","Activation of NF-kappaB in B cells",54,0.536829993476186,1.74446889403596,0.000768238365166026,0.00476547860892051,0.00126083365071644,2997,"tags=50%, list=18%, signal=41%","4792/4794/5701/5684/5690/4793/5687/5686/5685/10213/8454/5714/5704/5702/5966/5708/5718/5717/7316/5709/5683/5700/11047/5695/5713/5694/8915",0.477270815362862
"R-HSA-451326","Activation of kainate receptors upon glutamate binding",23,-0.554754759236531,-1.743297961052,0.00543068887917207,0.0233710946886863,0.00618344243166186,4381,"tags=52%, list=26%, signal=39%","1742/2786/1741/2900/2788/83988/805/23236/2790/2782/5330/2783",0.407017918923954
"R-HSA-6804756","Regulation of TP53 Activity through Phosphorylation",91,0.488253129691603,1.74279963666028,0.00032125997244146,0.00240258461880779,0.00063566742916779,2608,"tags=33%, list=15%, signal=28%","890/9212/22974/9156/1111/8900/5984/4683/5932/6790/6880/5985/6875/5983/6119/94241/1763/580/11200/51422/672/51616/83990/5571/116028/5884/7316/6884/6873/5562",0.49849310876659
"R-HSA-2173789","TGF-beta receptor signaling activates SMADs",43,-0.477248035273723,-1.74246664056778,0.00248940195629036,0.0126299370817543,0.00334158454710059,2962,"tags=42%, list=17%, signal=35%","10273/4054/2280/8425/6233/3696/7314/7311/9372/5499/9958/64750/5500/7046/4738/5045/7048/867",0.431707695803346
"R-HSA-2559582","Senescence-Associated Secretory Phenotype (SASP)",92,0.491615336231939,1.74134243709655,0.000330251231357316,0.00240258461880779,0.00063566742916779,2715,"tags=39%, list=16%, signal=33%","11065/890/3017/8343/8900/8355/8356/8365/8357/8344/8348/8345/8970/8358/8352/8334/8347/8331/8364/996/85236/8294/1019/8339/3012/3576/1026/1029/8353/7316/8354/8341/8697/3013/126961/8363",0.49849310876659
"R-HSA-110313","Translesion synthesis by Y family DNA polymerases bypasses lesions on DNA template",39,0.561833495804922,1.74095918402543,0.00382830878671466,0.0177240651699793,0.00468937112674674,2221,"tags=41%, list=13%, signal=36%","9636/9768/5111/5984/7318/5427/5985/5429/9246/5983/6119/5981/83932/7353/5424/7316",0.431707695803346
"R-HSA-9006335","Signaling by Erythropoietin",24,-0.548332484130949,-1.74083897660491,0.00522600315610232,0.022831621825879,0.00604071058982701,2729,"tags=46%, list=16%, signal=39%","2549/8660/6776/4067/7409/6464/2889/5293/2885/3845/6777",0.407017918923954
"R-HSA-5617472","Activation of anterior HOX genes in hindbrain development during early embryogenesis",94,0.492138210469658,1.73643316969684,0.000192296383261338,0.00162005101929798,0.000428627428352062,2715,"tags=36%, list=16%, signal=31%","3017/8343/8355/8356/8365/8357/8344/8348/8345/8970/8202/8358/2146/8352/8334/8347/8331/8364/9935/85236/8294/1959/8339/3012/5440/8353/5931/4211/8354/8341/5433/3013/126961/8363",0.518848077743792
"R-HSA-5619507","Activation of HOX genes during differentiation",94,0.492138210469658,1.73643316969684,0.000192296383261338,0.00162005101929798,0.000428627428352062,2715,"tags=36%, list=16%, signal=31%","3017/8343/8355/8356/8365/8357/8344/8348/8345/8970/8202/8358/2146/8352/8334/8347/8331/8364/9935/85236/8294/1959/8339/3012/5440/8353/5931/4211/8354/8341/5433/3013/126961/8363",0.518848077743792
"R-HSA-9918481","Dengue Virus-Host Interactions",261,0.432223210870379,1.7300080556023,2.58929241360694e-06,4.67249585546344e-05,1.23623259925532e-05,3989,"tags=41%, list=24%, signal=32%","64135/6382/3017/8969/8343/4751/1191/8355/8356/8365/8357/8344/8348/8345/4792/8896/8970/8358/5371/8352/8336/92815/8334/8347/8331/375790/11051/8364/8329/4793/85236/8294/2962/10286/3183/8339/3012/5440/29959/1478/6627/10946/27238/80273/10978/55696/8353/84844/6637/6632/81608/6773/1665/6429/22938/6635/8332/51639/30849/8354/23168/2194/8341/253260/550/51362/5433/6628/3013/712/126961/8363/6432/10236/22826/51692/23350/285755/9382/8351/22916/9410/85313/1499/10523/10914/11052/27316/988/5546/1616/51645/51503/4670/55749/64223/1660/333932/716/5356/554313/10921/9343/22827/51729/2475",0.627256739718528
"R-HSA-210744","Regulation of gene expression in late stage (branching morphogenesis) pancreatic bud precursor cells",13,-0.647686551327693,-1.72815647166688,0.0116835115882793,0.0422629075220671,0.0111817721479627,851,"tags=46%, list=5%, signal=44%","9794/1387/4851/10046/55534/3516",0.380730400722792
"R-HSA-69615","G1/S DNA Damage Checkpoints",67,0.516351709229147,1.72708759071855,0.000707435903369519,0.00444034867411382,0.00117481191055121,2963,"tags=46%, list=17%, signal=38%","890/1111/8900/5701/5684/898/5690/9134/5687/993/5686/5685/10213/8454/5714/1026/1029/5704/11200/5702/5708/5718/5717/7316/5709/5683/5700/11047/5695/5713/5694",0.477270815362862
"R-HSA-5685939","HDR through MMEJ (alt-NHEJ)",12,0.736360765175516,1.72647462808053,0.00628044282051038,0.0265955818639213,0.00703656596247146,876,"tags=50%, list=5%, signal=47%","2237/675/10038/4683/5932/10721",0.407017918923954
"R-HSA-913531","Interferon Signaling",236,0.430524495844611,1.72566308963243,9.07720461137947e-06,0.000144146009228706,3.81376465968871e-05,2634,"tags=33%, list=16%, signal=28%","983/64135/4502/10561/7726/8638/11274/4939/10964/4938/9636/3838/4940/51191/3665/51447/9451/117854/10475/3662/8519/2635/85363/3383/23586/5371/10346/7318/5610/3105/9830/8877/1977/378708/3663/6772/55706/2342/100529261/6396/9246/201626/1981/79023/53371/10376/2175/4927/6737/10437/3608/23165/5903/6672/5519/2189/3839/1974/129401/5515/6773/4690/3133/2633/2187/84790/7316/3117/3118/7334/6059/10379/3134/3460/5894/1965/115361/834",0.593325476396405
"R-HSA-1482788","Acyl chain remodelling of PC",21,-0.558708491845717,-1.72343201364057,0.00786043296559605,0.0311280986268492,0.00823576338336395,1284,"tags=24%, list=8%, signal=22%","255043/129642/151056/54947/10162",0.380730400722792
"R-HSA-389661","Glyoxylate metabolism and glycine degradation",15,0.683182083301897,1.72289680389371,0.0106083182683808,0.0393613294787336,0.0104140827850587,2559,"tags=47%, list=15%, signal=40%","2731/2806/2653/1738/27232/5827/9380",0.380730400722792
"R-HSA-9937848","CHD chromatin remodelers",134,0.459203521651139,1.72123944633944,0.000297963240489707,0.00224249111799836,0.000593310451066225,4360,"tags=47%, list=26%, signal=35%","3017/6941/8343/8355/8356/8365/8357/8344/8348/8345/8970/8358/23613/8352/8334/8347/8331/8364/85236/8294/8339/3012/1106/55636/6627/10946/8353/84844/6637/6632/1665/22850/5931/6635/1728/51639/6925/8354/23168/8341/1105/6628/3013/126961/8363/57592/23350/8351/2033/1499/10523/6929/333932/55766/554313/22827/9219/94239/4780/6636/10285/5928/84991",0.49849310876659
"R-HSA-8941858","Regulation of RUNX3 expression and activity",45,0.539881616687932,1.72072444599368,0.00250842350927336,0.0126859125246054,0.00335639433385074,3347,"tags=58%, list=20%, signal=46%","5701/5684/5690/5687/57154/5686/5685/10213/5714/1029/5704/5702/5708/5718/5717/7316/5709/5683/6714/5700/11047/5695/5713/5694/2033/5682",0.431707695803346
"R-HSA-1980145","Signaling by NOTCH2",34,-0.489214094481802,-1.71958525347174,0.0073661922308626,0.0296891199558625,0.00785504344315752,2002,"tags=35%, list=12%, signal=31%","7314/7311/4853/57534/5663/55851/9794/10046/9148/55534/83464/3516",0.407017918923954
"R-HSA-141405","Inhibition of the proteolytic activity of APC/C required for the onset of anaphase by mitotic spindle checkpoint components",21,0.634431781422054,1.71800854815555,0.00362152342229903,0.01706522016205,0.00451505622056949,4242,"tags=52%, list=25%, signal=39%","11065/991/701/4085/996/8697/9184/51434/51433/29945/27338",0.431707695803346
"R-HSA-141430","Inactivation of APC/C via direct inhibition of the APC/C complex",21,0.634431781422054,1.71800854815555,0.00362152342229903,0.01706522016205,0.00451505622056949,4242,"tags=52%, list=25%, signal=39%","11065/991/701/4085/996/8697/9184/51434/51433/29945/27338",0.431707695803346
"R-HSA-381676","Glucagon-like Peptide-1 (GLP1) regulates insulin secretion",29,-0.514597264202838,-1.71632645899811,0.00757205429675807,0.0303647025839692,0.00803378673029807,1477,"tags=28%, list=9%, signal=25%","5576/3709/5566/2790/2782/2783/5573/8826",0.407017918923954
"R-HSA-3928663","EPHA-mediated growth cone collapse",21,-0.555994399833527,-1.71505993208097,0.0084793523717276,0.0325246656190904,0.00860526219005285,3306,"tags=57%, list=19%, signal=46%","2043/1946/2534/4067/1942/103910/4628/2041/6093/387/4627/4637",0.380730400722792
"R-HSA-442720","CREB1 phosphorylation through the activation of Adenylate Cyclase",12,-0.657467391752287,-1.71341906232019,0.0163838611584355,0.0537553130570158,0.0142223925798789,1835,"tags=42%, list=11%, signal=37%","5613/805/5576/5566/5573",0.352487857583619
"R-HSA-1433559","Regulation of KIT signaling",15,-0.590804206531664,-1.71287079009373,0.0183854168673896,0.058987660558194,0.015606748768023,2082,"tags=33%, list=12%, signal=29%","4067/8651/2885/3815/867",0.352487857583619
"R-HSA-388841","Regulation of T cell activation by CD28 family",237,0.428966342927263,1.71062635584421,1.09643490668884e-05,0.000167433881873112,4.42990704313584e-05,2754,"tags=35%, list=16%, signal=29%","91319/3017/4343/8343/4751/8355/8356/8365/8357/8344/8348/8345/5701/8970/79139/8358/91445/2146/1650/5684/27248/8352/8334/8347/5690/8331/3091/57761/8364/6185/6772/85236/5687/8294/151888/3703/29851/1019/5686/8339/5685/3012/10213/29126/8454/5519/5714/58505/5515/23308/5704/8353/5702/467/51422/5708/10987/5931/5571/5718/51009/5717/7316/5294/5709/8354/3117/3118/8341/253260/5683/6714/5700/1326/11047/3013/126961/5562/5695/8363/1603/23533",0.593325476396405
"R-HSA-382556","ABC-family protein mediated transport",81,0.493464813781716,1.71041313366885,0.000295126668994088,0.00223171976363148,0.000590460603828608,2963,"tags=41%, list=17%, signal=34%","91319/5701/79139/91445/5684/27248/5690/5687/5686/5685/10060/10213/23457/5714/23/5704/5702/9619/5708/10058/5718/51009/5717/1244/7316/5709/5683/5700/11047/1965/5695/5713/5694",0.49849310876659
"R-HSA-9759476","Regulation of Homotypic Cell-Cell Adhesion",183,0.445019583533514,1.71012037641394,3.19748244436916e-05,0.00041281318062262,0.000109220666443446,2728,"tags=38%, list=16%, signal=32%","90701/3728/3017/4343/80149/8343/8355/8356/8365/8357/8344/8348/8345/5701/8970/79872/8358/1514/2146/1650/5684/8352/6615/8334/8347/5690/8331/8364/6185/85236/5687/8294/3703/10009/5686/8339/5685/3012/10213/9789/28972/5315/5714/58505/5704/8353/5702/60559/5708/5931/23411/5718/5717/7316/6935/5709/8354/1006/8341/5683/6714/59/5700/11047/3013/126961/5695/8363/1603",0.557332238758646
"R-HSA-9692916","SARS-CoV-1 activates/modulates innate immune responses",38,0.553461255842974,1.70902247741513,0.00442029251716357,0.0201129642328245,0.00532141767941872,2709,"tags=42%, list=16%, signal=35%","64135/3656/3838/7189/4792/23586/29110/5479/80143/7187/5478/51284/7316/834/26007/9111",0.407017918923954
"R-HSA-162658","Golgi Cisternae Pericentriolar Stack Reorganization",14,0.689336422821228,1.70571585379197,0.00690342587873017,0.0282768921816537,0.00748140116158989,1245,"tags=57%, list=7%, signal=53%","983/9133/891/5347/8548/64689/5861/26003",0.407017918923954
"R-HSA-6802952","Signaling by BRAF and RAF1 fusions",62,-0.431571156587956,-1.7048529522603,0.00198314204183191,0.0105678844376815,0.00279601387591365,3722,"tags=44%, list=22%, signal=34%","818/9715/5906/57670/673/55109/23164/80853/5605/4000/9061/8805/5595/805/22906/54518/1445/7094/71/409/7529/408/8844/8826/60/3845/5594",0.431707695803346
"R-HSA-9634815","Transcriptional Regulation by NPAS4",29,-0.510510142091454,-1.70269475842583,0.00809879305639333,0.0314633709038213,0.00832446854892015,2210,"tags=34%, list=13%, signal=30%","8851/405/5595/57690/1387/6722/23112/27161/192670/5594",0.380730400722792
"R-HSA-9009391","Extra-nuclear estrogen signaling",65,-0.424942442034411,-1.70203061225324,0.000478566456913761,0.0031335436425357,0.000829062009239099,1943,"tags=29%, list=11%, signal=26%","208/55625/5595/805/4318/2790/2771/6464/6722/2782/207/3315/5170/1027/2783/6801/3845/3480/5594",0.49849310876659
"R-HSA-71403","Citric acid cycle (TCA cycle)",34,0.567958145621948,1.70030232025051,0.00401830484771195,0.0183892452396731,0.00486536214139237,4183,"tags=53%, list=25%, signal=40%","3418/38/50/3419/2271/6390/1738/9054/2395/8803/10131/8801/81689/6389/1431/4191/23530/3420",0.407017918923954
"R-HSA-211000","Gene Silencing by RNA",84,0.48318836283834,1.70023152615854,0.000731767638997789,0.00457498823121452,0.00121043437331757,2786,"tags=40%, list=16%, signal=34%","3017/8343/8355/8356/8365/143689/8357/8344/8348/8345/8970/8358/8352/8334/8347/8331/8364/85236/8294/8339/3012/5901/5440/8353/283/201164/8354/8341/5433/3013/126961/8363/7247/57510",0.477270815362862
"R-HSA-196807","Nicotinate metabolism",26,0.591986118452297,1.69979851385232,0.0099474249813507,0.0373439973295152,0.00988034410587427,1142,"tags=23%, list=7%, signal=22%","952/54981/56965/84875/83666/54625",0.380730400722792
"R-HSA-422475","Axon guidance",456,-0.327955619286859,-1.69915083417677,1.21828814164428e-08,5.22876099711111e-07,1.38340728345116e-07,3461,"tags=34%, list=20%, signal=28%","6202/1796/6201/8829/6228/5692/6130/4736/6210/6386/9349/6133/6206/6224/2043/6125/1946/6176/5879/1173/10092/3678/6207/6159/2534/6139/6171/9939/6124/1948/6478/57731/3320/84448/161/5217/6135/2549/1212/5909/782/51466/6173/6232/6331/6223/6222/4756/6142/23521/8660/28964/6154/6233/5605/5719/8128/6122/5598/785/23053/2051/1292/8851/2817/6128/6144/4684/7305/1947/6193/4067/7314/6189/5362/26986/2909/7311/6137/6191/5216/1942/6188/2887/6187/1072/1213/6203/1298/6194/5595/6129/7408/90249/5576/6134/10487/6208/23396/4318/6330/103910/7436/4628/4650/5062/8861/6923/10383/23332/7277/2041/8482/6093/5663/10094/10109/5566/160/55851/5306/388/23129/10154/2932/387/6464/10097/4627/7094/10095/998/5691/6195/1785/71/116986/2242/8440/6655/5788/5293/22794/9252/214/4637/2885/60/55715/3845/6197/10093/2050/83464/5594/7846",0.747739663149885
"R-HSA-5676590","NIK-->noncanonical NF-kB signaling",46,0.524601144042536,1.69877360308933,0.00446619271320586,0.0202637543673454,0.00536131320543035,2963,"tags=50%, list=17%, signal=41%","5701/5684/5690/5687/5971/5686/5685/10213/8454/5714/5704/5702/5708/5718/5717/7316/5709/5683/5700/11047/5695/5713/5694",0.407017918923954
"R-HSA-9842860","Regulation of endogenous retroelements",119,0.46174884797785,1.6967402567573,0.000341366391188771,0.00244184607751247,0.000646055088493008,3067,"tags=36%, list=18%, signal=30%","3017/8343/8355/8356/8365/143689/8357/7695/8344/8348/8345/8970/8358/79862/8352/8334/8347/8331/55596/8364/10179/85236/6604/8294/8339/3012/8353/5931/6605/57693/8354/8341/9275/6613/3013/126961/8363/125893/6760/91661/197320/55729/8351",0.49849310876659
"R-HSA-350562","Regulation of ornithine decarboxylase (ODC)",37,0.552426590277164,1.69618731288051,0.00482388199552521,0.021397554773447,0.00566129014846665,3587,"tags=65%, list=21%, signal=51%","5701/5684/5690/5687/5686/5685/10213/5714/5704/5702/5708/5718/5717/1728/4953/5709/5683/5700/11047/5695/5713/5694/5682/51582",0.407017918923954
"R-HSA-418359","Reduction of cytosolic Ca++ levels",12,-0.650523292202695,-1.69532211532604,0.0178189194288986,0.0575130976688842,0.0152166140798808,1718,"tags=42%, list=10%, signal=37%","6717/805/490/493/6546",0.352487857583619
"R-HSA-75815","Ubiquitin-dependent degradation of Cyclin D",39,0.54698838282011,1.6949584810026,0.00680894247608096,0.0282768921816537,0.00748140116158989,2963,"tags=56%, list=17%, signal=47%","5701/5684/5690/5687/1019/5686/5685/10213/5714/5704/5702/5708/5718/5717/7316/5709/5683/5700/11047/5695/5713/5694",0.407017918923954
"R-HSA-8980692","RHOA GTPase cycle",139,-0.371918343023765,-1.69433083512986,0.000171158333551863,0.00149340348176021,0.000395119466148836,1766,"tags=25%, list=10%, signal=23%","393/29/55160/23370/3163/397/4650/6811/10211/26030/7409/6093/57580/10144/8773/9138/387/11214/83478/6793/257106/51291/10134/64411/9341/8826/116985/64333/23092/9748/1729/2319/84986/55701/392",0.518848077743792
"R-HSA-169893","Prolonged ERK activation events",13,-0.634823842649096,-1.6938362079521,0.0149591775794412,0.050650690823353,0.0134009824957716,2389,"tags=62%, list=14%, signal=53%","5605/57498/4914/5595/1398/2889/7529/5594",0.380730400722792
"R-HSA-400451","Free fatty acids regulate insulin secretion",10,-0.663115749801345,-1.69306823963632,0.0174955787469309,0.0566999572451558,0.0150014762326401,1001,"tags=50%, list=6%, signal=47%","23236/2181/5330/2182/2776",0.352487857583619
"R-HSA-3214847","HATs acetylate histones",123,0.465260207910605,1.69291729422603,0.00020087357572014,0.00165278361784239,0.000437287704707713,2715,"tags=37%, list=16%, signal=31%","3017/8969/8343/8355/8356/8365/8357/8344/8348/8345/8970/8358/8352/8336/92815/8334/8347/8331/6880/8364/8329/85236/8089/8294/51562/54934/8339/3012/11143/8353/117143/27154/5931/55689/9913/7862/5077/8332/54556/8354/8341/79595/3013/126961/8363",0.518848077743792
"R-HSA-110373","Resolution of AP sites via the multiple-nucleotide patch replacement pathway",25,0.607276165031153,1.69126880923646,0.00517658707345809,0.0227083432946172,0.00600809398751245,2193,"tags=48%, list=13%, signal=42%","5111/2237/10038/5984/5427/5985/5983/6119/5981/3978/5424/142",0.407017918923954
"R-HSA-4420097","VEGFA-VEGFR2 Pathway",93,-0.40676380380928,-1.69104002544832,0.000334174971568027,0.00240258461880779,0.00063566742916779,1604,"tags=26%, list=9%, signal=23%","2185/4689/7867/805/1398/3709/5062/9047/7409/6093/5566/387/10768/207/998/26999/3315/71/8440/5170/60/3845/5829/10163",0.49849310876659
"R-HSA-8939902","Regulation of RUNX2 expression and activity",53,0.514990881494115,1.69071298057639,0.00390396283985023,0.0180050951297868,0.00476372504988085,2963,"tags=45%, list=17%, signal=37%","5701/5684/5690/6772/5687/57154/5686/5685/10213/8454/5714/5704/5702/5708/5718/5717/7316/5709/5683/5700/11047/5695/5713/5694",0.431707695803346
"R-HSA-977225","Amyloid fiber formation",78,0.481859623300545,1.69053902950163,0.000886072104713813,0.00532985796320278,0.00141015516489063,3067,"tags=44%, list=18%, signal=36%","3017/8343/8355/8356/8365/8357/4057/8344/8348/8345/8970/8358/8352/8334/8347/8331/8364/85236/8294/9246/8339/3012/8353/7316/8354/8341/3013/126961/8363/23062/351/26088/567/8351",0.477270815362862
"R-HSA-9675151","Disorders of Developmental Biology",19,-0.557819700334514,-1.69007593498199,0.013438466554658,0.046363499802644,0.0122666925010918,2061,"tags=32%, list=12%, signal=28%","9612/805/8085/5566/79718/6907",0.380730400722792
"R-HSA-9013148","CDC42 GTPase cycle",143,-0.362945476975582,-1.68619766469077,0.000256834403933406,0.00197986909439927,0.000523826835264622,2474,"tags=26%, list=15%, signal=22%","752/7456/11135/28964/613/2909/393/29/84364/221472/139818/201176/10435/397/4650/5062/89846/26030/144402/57580/121512/8773/998/83478/7454/257106/51291/10788/64411/9341/8826/116985/64333/23092/23048/10928/392",0.49849310876659
"R-HSA-5656169","Termination of translesion DNA synthesis",32,0.572062716299678,1.68569984208071,0.00822482473471626,0.0317786415540862,0.00840788175408974,2221,"tags=44%, list=13%, signal=38%","9636/9768/5111/5984/7318/5427/5985/5429/9246/5983/6119/5981/5424/7316",0.380730400722792
"R-HSA-1483206","Glycerophospholipid biosynthesis",106,-0.38146694729039,-1.68474589481643,0.000548306688267443,0.00352514583388138,0.000932670746380146,1775,"tags=24%, list=10%, signal=21%","114882/9489/1120/57104/255043/129642/8694/5338/122618/56895/10423/154141/8904/56261/84649/9600/151056/54947/57153/58488/10162/9926/162466/79143/5130",0.477270815362862
"R-HSA-72706","GTP hydrolysis and joining of the 60S ribosomal subunit",103,-0.391106664398461,-1.68447955163999,0.000526938433076859,0.00341542135398389,0.000903640227535062,4816,"tags=64%, list=28%, signal=46%","6152/1968/27335/6217/6166/6229/6205/6234/6181/6169/6230/6175/6235/6141/6209/6143/6155/6146/6157/2197/6170/6147/6202/6201/6228/6130/4736/6210/9349/6133/6206/6224/6125/8665/6176/6207/6159/6139/6171/6124/6135/6173/6232/6223/6222/6142/23521/6154/6233/6122/51386/1975/6128/6144/6193/6189/7311/6137/6191/6188/6187/6203/6194/6129/6134/6208",0.477270815362862
"R-HSA-442755","Activation of NMDA receptors and postsynaptic events",73,-0.415424371584055,-1.68417161939391,0.00184059105577067,0.0100074135610208,0.00264772645306853,1891,"tags=26%, list=11%, signal=23%","10645/5613/5595/805/5576/8536/10383/3084/7277/5566/64130/6195/5170/5573/3845/6197/9647/5594/7846",0.45505986738723
"R-HSA-1358803","Downregulation of ERBB2:ERBB3 signaling",12,-0.645635365249451,-1.68258373875866,0.0197323331068536,0.0624202091109233,0.0165149204498553,2405,"tags=58%, list=14%, signal=50%","6233/7314/10193/208/7311/3084/207",0.352487857583619
"R-HSA-446353","Cell-extracellular matrix interactions",16,-0.584972104753337,-1.68163902709753,0.0211255535844093,0.0649635550136743,0.0171878300068508,3229,"tags=44%, list=19%, signal=35%","9459/7016/87/7408/71/60/5829",0.352487857583619
"R-HSA-186763","Downstream signal transduction",28,-0.490028800455456,-1.68140443672556,0.0160101759002267,0.0530775768884342,0.0140430795165371,2129,"tags=36%, list=13%, signal=31%","6776/5155/6774/1398/2889/8440/6778/2885/3845/6777",0.352487857583619
"R-HSA-5607761","Dectin-1 mediated noncanonical NF-kB signaling",47,0.5213363381103,1.68096360048137,0.00254459655926345,0.0127974831217777,0.00338591329194281,2963,"tags=49%, list=17%, signal=40%","5701/5684/5690/5687/5971/5686/5685/10213/8454/5714/5704/5702/5708/5718/5717/7316/5709/5683/5700/11047/5695/5713/5694",0.431707695803346
"R-HSA-1362300","Transcription of E2F targets under negative control by p107 (RBL1) and p130 (RBL2) in complex with HDAC1",16,0.664671976312014,1.68091170245637,0.00797044652978001,0.0314295630135211,0.00831552377563536,2273,"tags=44%, list=13%, signal=38%","4605/983/890/1869/1875/5933/91750",0.380730400722792
"R-HSA-5210891","Uptake and function of anthrax toxins",13,-0.629467721426797,-1.67954501179499,0.0164878267719573,0.0539848843584913,0.0142831317513017,3087,"tags=54%, list=18%, signal=44%","5609/5605/84168/805/6416/118429/5045",0.352487857583619
"R-HSA-8953750","Transcriptional Regulation by E2F6",33,0.564871311144505,1.67912734317883,0.00465699477193759,0.0208906997114036,0.0055271882101925,2033,"tags=33%, list=12%, signal=29%","6241/1111/5888/10138/2146/5932/1869/8317/672/84108/5931",0.407017918923954
"R-HSA-9633012","Response of EIF2AK4 (GCN2) to amino acid deficiency",92,-0.395102160142876,-1.67893363274449,0.000435571920678638,0.00296861892720033,0.000785426805307974,4911,"tags=70%, list=29%, signal=50%","440/6152/1968/6217/6166/6229/6205/6234/6181/6169/6230/6175/6235/6141/6209/6143/6155/6146/6157/2197/6170/1051/6147/6202/6201/6228/6130/4736/6210/9349/6133/6206/6224/6125/6176/6207/6159/6139/6171/6124/6135/6173/6232/6223/6222/6142/23521/6154/6233/6122/6128/6144/6193/6189/7311/6137/6191/6188/6187/6203/6194/6129/6134/6208",0.49849310876659
"R-HSA-2465910","MASTL Facilitates Mitotic Progression",10,0.756258492120663,1.67732303448998,0.00624472775728046,0.0265150472688807,0.00701525840119441,1668,"tags=50%, list=10%, signal=45%","983/84930/891/5519/5515",0.407017918923954
"R-HSA-169911","Regulation of Apoptosis",40,0.547692732651133,1.67675045674025,0.00254660243481219,0.0127974831217777,0.00338591329194281,2963,"tags=55%, list=17%, signal=45%","5701/5684/5690/5687/5686/5685/10213/5714/5704/5702/5708/5718/5717/7316/5709/5683/5700/11047/4976/5695/5713/5694",0.431707695803346
"R-HSA-399955","SEMA3A-Plexin repulsion signaling by inhibiting Integrin adhesion",14,-0.615010176903903,-1.67650676793698,0.0122818291323199,0.0436320909667202,0.0115440259114757,3406,"tags=50%, list=20%, signal=40%","8829/5879/2534/5362/23396/7094/2242",0.380730400722792
"R-HSA-180585","Vif-mediated degradation of APOBEC3G",41,0.540020545233399,1.67634925303863,0.00539983854000709,0.0233014771780741,0.00616502327437203,2963,"tags=54%, list=17%, signal=44%","5701/5684/5690/5687/60489/5686/5685/10213/5714/5704/5702/5708/5718/5717/7316/5709/5683/5700/11047/5695/5713/5694",0.407017918923954
"R-HSA-9816359","Maternal to zygotic transition (MZT)",84,0.476306070101672,1.67601428091199,0.00108698531169395,0.00641685009282523,0.00169774773796953,3121,"tags=44%, list=18%, signal=36%","3017/8343/8355/8356/8365/8357/8344/8348/8345/8970/8358/8352/8334/8347/8331/29128/1977/8364/85236/8294/1981/8339/3012/9337/1974/8353/7290/8354/8341/7374/124512/3013/126961/8363/4848/8351/2033",0.45505986738723
"R-HSA-113510","E2F mediated regulation of DNA replication",22,0.605332425565346,1.67523129329077,0.00724865806106878,0.0294275764409628,0.00778584517541273,3435,"tags=50%, list=20%, signal=40%","983/891/4998/23595/1869/5519/23594/5515/5000/5422/5557",0.407017918923954
"R-HSA-982772","Growth hormone receptor signaling",19,-0.552426704603647,-1.67373629639136,0.0151033682501906,0.0509217596206,0.0134727009293805,3203,"tags=63%, list=19%, signal=51%","9021/1154/8660/6776/4067/8651/5770/8835/6774/5595/6777/5594",0.380730400722792
"R-HSA-194138","Signaling by VEGF",100,-0.387344960079973,-1.67366549141823,0.000954736760396238,0.00569970667484671,0.00150800844251145,1604,"tags=24%, list=9%, signal=22%","2185/4689/7867/805/1398/3709/5062/9047/7409/6093/5566/387/10768/207/998/26999/3315/71/8440/5170/60/3845/5829/10163",0.477270815362862
"R-HSA-9755511","KEAP1-NFE2L2 pathway",110,0.457461167884243,1.67309495182635,0.00065409407764236,0.00415480558118427,0.0010992639184521,3347,"tags=43%, list=20%, signal=35%","9451/6347/5701/8878/5684/23657/5690/27244/5687/5686/5685/3417/10213/6737/8454/5052/5714/7353/1026/9817/79594/4097/1029/5704/5702/571/672/5708/5718/5717/1728/10072/7316/5709/4199/5683/5700/11047/5695/83667/468/5713/5694/7296/2033/10061/5682",0.477270815362862
"R-HSA-1433557","Signaling by SCF-KIT",40,-0.470299661116505,-1.67251210320629,0.00262940306502983,0.013130478198954,0.00347401596394743,2129,"tags=32%, list=13%, signal=28%","6776/4067/8651/6774/2887/4318/7409/2242/2885/3845/3815/6777/867",0.431707695803346
"R-HSA-2408522","Selenoamino acid metabolism",108,-0.386421835926937,-1.67188999046886,0.000208765678307001,0.00170010203667445,0.000449807046343299,4679,"tags=63%, list=28%, signal=46%","6217/6166/6229/6205/51540/6234/6181/6169/6230/6175/6235/6141/6209/6143/6155/6146/22928/6157/79048/2197/6170/6147/6202/6201/6228/6130/4736/6210/9349/6133/6206/6224/6125/6176/6207/6159/6139/6171/6124/11185/6135/6173/6232/6223/6222/6142/23521/875/102724560/6154/6233/6122/6128/6144/6193/6189/9061/7311/6137/6191/6188/6187/6203/6194/6129/6134/6208/9060",0.518848077743792
"R-HSA-72695","Formation of the ternary complex, and subsequently, the 43S complex",51,-0.430031343895135,-1.67125286640449,0.00524782239700619,0.022831621825879,0.00604071058982701,4790,"tags=61%, list=28%, signal=44%","1968/27335/6217/6229/6205/6234/6230/6235/6209/2197/6202/6201/6228/6210/6206/6224/8665/6207/6232/6223/6222/6233/51386/6193/6189/6191/6188/6187/6203/6194/6208",0.407017918923954
"R-HSA-9856530","High laminar flow shear stress activates signaling by PIEZO1 and PECAM1:CDH5:KDR in endothelial cells",60,-0.421696383141113,-1.67111776701779,0.00160577280434969,0.0088540528239837,0.00234257430613635,1556,"tags=23%, list=9%, signal=21%","805/5576/5566/2790/84290/7094/2782/207/5175/5293/5170/2783/5573/2776",0.45505986738723
"R-HSA-187687","Signalling to ERKs",31,-0.484105816737766,-1.66933236431691,0.0064949398269229,0.027430756503068,0.00725753354530563,2623,"tags=42%, list=15%, signal=36%","1432/5605/57498/4914/5595/7867/1398/6464/2889/7529/2885/3845/5594",0.407017918923954
"R-HSA-392451","G beta:gamma signalling through PI3Kgamma",19,-0.550961913240852,-1.66929828778294,0.0155790552078191,0.0518648630398674,0.0137222239310979,2422,"tags=42%, list=14%, signal=36%","146850/208/2790/387/2782/207/5170/2783",0.380730400722792
"R-HSA-8849932","Synaptic adhesion-like molecules",15,-0.575727513837667,-1.66916015594241,0.0265075927709985,0.0779854924673072,0.0206331286403042,4867,"tags=53%, list=29%, signal=38%","57622/5802/1742/79414/1741/10313/10211/2319",0.352487857583619
"R-HSA-5637810","Constitutive Signaling by EGFRvIII",15,-0.575542757546903,-1.66862450699097,0.0265075927709985,0.0779854924673072,0.0206331286403042,713,"tags=27%, list=4%, signal=26%","6464/2885/3845/867",0.352487857583619
"R-HSA-5637812","Signaling by EGFRvIII in Cancer",15,-0.575542757546903,-1.66862450699097,0.0265075927709985,0.0779854924673072,0.0206331286403042,713,"tags=27%, list=4%, signal=26%","6464/2885/3845/867",0.352487857583619
"R-HSA-211733","Regulation of activated PAK-2p34 by proteasome mediated degradation",37,0.543299584209394,1.66816347737149,0.00690896358090784,0.0282768921816537,0.00748140116158989,2963,"tags=57%, list=17%, signal=47%","5701/5684/5690/5687/5686/5685/10213/5714/5704/5702/5708/5718/5717/7316/5709/5683/5700/11047/5695/5713/5694",0.407017918923954
"R-HSA-9006936","Signaling by TGFB family members",140,-0.364846929147072,-1.66628799496226,0.000131077243700702,0.00123899204164711,0.00032780817778813,1608,"tags=24%, list=9%, signal=22%","23370/5595/9372/5499/6667/57690/9765/25937/83855/9958/8239/64750/5500/5663/55851/1025/6497/387/7046/4738/54778/50848/409/408/6256/23112/5045/7048/83464/27161/192670/5594/867",0.518848077743792
"R-HSA-9839923","Dengue Virus Infection",365,0.407904260838494,1.66447439447529,1.12901252154558e-06,2.35904195291365e-05,6.24147063029023e-06,3989,"tags=39%, list=24%, signal=31%","4061/90701/64135/6382/3838/3017/8969/8343/4751/1191/8355/8356/8365/8357/8344/8348/8345/4792/8896/8970/811/8358/5371/1650/51726/7318/8352/8336/5034/92815/8334/8347/8331/375790/11051/1977/8364/8329/6185/4793/85236/8294/3703/2962/9532/10286/79876/8813/1981/3183/8339/3012/5440/9789/28972/2621/29959/7353/1478/6627/3839/58505/10946/1974/27238/80273/10978/11314/55696/8353/84844/60559/10945/6637/6632/81608/6773/1665/6429/91937/22938/6635/8332/51639/7316/30849/3069/8354/23168/2194/8341/253260/550/51234/51362/5433/6628/3013/712/126961/8363/1603/6432/10236/929/22826/51692/23350/9685/285755/9382/558/8351/10525/22916/9410/85313/4691/1499/10523/10914/11052/27316/54464/988/10965/2923/5546/1616/51645/51503/4670/55749/64223/1660/333932/716/5356/554313/10921/9343/22827/51729/2475",0.643551836150722
"R-HSA-9029569","NR1H3 & NR1H2 regulate gene expression linked to cholesterol transport and efflux",31,-0.482381664476158,-1.66338700470379,0.00689268177626093,0.0282768921816537,0.00748140116158989,364,"tags=23%, list=2%, signal=22%","6256/79718/23112/6257/6907/27161/192670",0.407017918923954
"R-HSA-179409","APC-Cdc20 mediated degradation of Nek2A",26,0.579273257643804,1.66329545873747,0.0132729769880832,0.0462225602128861,0.0122294031977357,3388,"tags=42%, list=20%, signal=34%","11065/991/701/4751/4085/996/7316/8697/9184/51434/51433",0.380730400722792
"R-HSA-8941856","RUNX3 regulates NOTCH signaling",14,-0.61005497008469,-1.66299896256901,0.0129836272968557,0.045314286038257,0.011989095195659,851,"tags=43%, list=5%, signal=41%","9794/1387/4851/10046/55534/3516",0.380730400722792
"R-HSA-74751","Insulin receptor signalling cascade",37,-0.479788372904327,-1.6629234146351,0.0052396718196389,0.022831621825879,0.00604071058982701,1943,"tags=35%, list=11%, signal=31%","208/2887/5289/5595/54106/3643/9365/6464/5170/2885/3845/5140/5594",0.407017918923954
"R-HSA-1221632","Meiotic synapsis",56,0.499197795080331,1.6607080908518,0.00341580876070306,0.0163382659999893,0.00432272123278069,3987,"tags=46%, list=24%, signal=36%","3017/8343/8365/8344/8348/8345/8970/8334/8347/8331/8364/85236/8294/8339/3012/9985/672/8341/3013/8363/9126/3306/4001/55766/554313/94239",0.431707695803346
"R-HSA-373080","Class B/2 (Secretin family receptors)",48,-0.436250781828304,-1.66047113775133,0.0041168392553817,0.0187860366021441,0.00497034381126714,4174,"tags=42%, list=25%, signal=31%","117/7480/2786/7473/7483/2788/7433/8322/2535/5727/9340/10267/2015/2790/54361/2782/2783/1604/84658/976",0.407017918923954
"R-HSA-180534","Vpu mediated degradation of CD4",39,0.53576558837997,1.66018229340097,0.00987596359499042,0.0372518531801539,0.00985596492934962,2963,"tags=54%, list=17%, signal=45%","5701/5684/5690/5687/5686/5685/10213/5714/5704/5702/5708/5718/5717/7316/5709/5683/5700/11047/5695/5713/5694",0.380730400722792
"R-HSA-168928","DDX58/IFIH1-mediated induction of interferon-alpha/beta",67,0.49596781836934,1.65890777388965,0.00184645602857625,0.0100074135610208,0.00264772645306853,3121,"tags=46%, list=18%, signal=38%","64135/9636/79132/51191/3665/7189/4792/23586/29110/7318/7128/9140/4793/9474/9246/843/80143/10010/7187/84282/3146/28511/1540/7186/7316/26007/28512/351/841/3093/2033",0.45505986738723
"R-HSA-9945266","Differentiation of T cells",84,-0.404436632772965,-1.6579720853771,0.0010520383422956,0.00625706699462702,0.0016554728851044,2348,"tags=31%, list=14%, signal=27%","1107/4094/4773/6776/864/9612/5452/4853/79885/51564/51621/30009/9759/57459/9794/1387/4851/10046/1912/6778/79718/3566/55534/6907/6777/3516",0.45505986738723
"R-HSA-8936459","RUNX1 regulates genes involved in megakaryocyte differentiation and platelet function",78,0.472200855122128,1.6566525534556,0.001481739628195,0.00831449657093168,0.00219982040120243,1255,"tags=27%, list=7%, signal=25%","3017/4343/8343/8355/8356/8365/8357/8344/8348/8345/8970/8358/8352/8334/8347/8331/8364/85236/8294/8339/3012",0.45505986738723
"R-HSA-877300","Interferon gamma signaling",88,0.473011323544923,1.6559761218024,0.00121301739708551,0.00697924502381081,0.00184654422037355,2577,"tags=35%, list=15%, signal=30%","4502/7726/8638/4939/4938/4940/3665/117854/10475/3662/2635/85363/3383/5371/10346/3105/9830/3663/6772/6737/10437/6672/3133/2633/3117/3118/10379/3134/3460/5894/115361",0.45505986738723
"R-HSA-1236978","Cross-presentation of soluble exogenous antigens (endosomes)",39,0.533049846391205,1.65176699600043,0.0108574137654635,0.0399110487489724,0.0105595255855083,2963,"tags=51%, list=17%, signal=42%","5701/5684/5690/5687/5686/5685/10213/5714/5704/5702/5708/5718/5717/5709/5683/5700/11047/5695/5713/5694",0.380730400722792
"R-HSA-5610780","Degradation of GLI1 by the proteasome",46,0.508913411467998,1.6479732830889,0.00784415262216979,0.0311280986268492,0.00823576338336395,2963,"tags=48%, list=17%, signal=40%","5701/5684/5690/5687/5686/5685/10213/8454/5714/5704/5702/5708/5718/5717/7316/5709/5683/5700/11047/5695/5713/5694",0.380730400722792
"R-HSA-1169408","ISG15 antiviral mechanism",69,0.483942721206274,1.64726682215869,0.0026724814749184,0.0132621893192826,0.00350886363116241,1648,"tags=30%, list=10%, signal=28%","11274/9636/3838/51191/23586/7318/5610/1977/6772/55706/6396/9246/1981/79023/53371/4927/23165/5903/3839/1974/129401",0.431707695803346
"R-HSA-3322077","Glycogen synthesis",10,-0.644680935655269,-1.64600044137686,0.0245056476689816,0.0734244688647978,0.0194263889795719,2405,"tags=60%, list=14%, signal=52%","6233/2632/7314/7360/7311/2992",0.352487857583619
"R-HSA-9013508","NOTCH3 Intracellular Domain Regulates Transcription",22,-0.518994303059487,-1.64565953946576,0.0145870491535399,0.0497086567721488,0.0131517424237135,1357,"tags=41%, list=8%, signal=38%","23462/10320/9794/1387/23129/4851/10046/55534/3516",0.380730400722792
"R-HSA-9675108","Nervous system development",473,-0.322994805839053,-1.64449614991715,1.51869839991489e-08,6.3465606817496e-07,1.67915081160681e-07,3461,"tags=33%, list=20%, signal=27%","6202/1796/6201/8829/6228/5692/6130/4736/6210/6386/9349/6133/6206/6224/2043/6125/1946/6176/5879/1173/10092/3678/6207/6159/2534/6139/6171/9939/6124/1948/6478/57731/3320/84448/161/5217/6135/2549/1212/5909/782/51466/6173/6232/6331/6223/6222/4756/6142/23521/8660/28964/6154/6233/5605/5719/8128/6122/5598/785/23053/2051/1292/8851/2817/6128/6144/4684/7305/1947/6193/4067/7314/6189/5362/26986/2909/7311/6137/6191/5216/1942/6188/2887/6187/1072/1213/6203/1298/6194/5595/6129/7408/90249/5576/6134/10487/6208/25937/23396/4318/6330/103910/7436/4628/4650/5062/8861/6923/10383/23332/7277/2041/8482/6093/5663/10094/10109/5566/160/55851/5306/388/23129/10154/2932/387/6464/10097/4627/7094/10095/998/5691/6195/1785/71/116986/2242/8440/6655/5788/5293/22794/9252/214/4637/2885/60/55715/3845/6197/10093/2050/83464/4155/5594/7846",0.73376198835648
"R-HSA-111885","Opioid Signalling",77,-0.397116227665692,-1.64446204024711,0.00380809402717582,0.0176820272372959,0.00467824887765418,1891,"tags=26%, list=11%, signal=23%","10645/5613/5141/805/5499/5576/3709/156/23236/5566/2790/2771/10768/2782/5330/2783/5573/5530/2776/5594",0.431707695803346
"R-HSA-2980766","Nuclear Envelope Breakdown",52,0.51245985897714,1.64438323846028,0.00454356323486739,0.0204976659572995,0.00542320071518741,1648,"tags=29%, list=10%, signal=26%","983/9133/891/5347/55706/6396/79023/53371/23592/4927/23165/5903/7112/7443/129401",0.407017918923954
"R-HSA-9766229","Degradation of CDH1",53,0.500640902759639,1.6436020584432,0.006768537491865,0.0282111221445712,0.00746399995538002,3365,"tags=53%, list=20%, signal=42%","3728/5701/79872/1514/5684/5690/5687/5686/5685/10213/5714/5704/5702/5708/5718/5717/7316/5709/5683/6714/5700/11047/5695/5713/5694/1499/5682/999",0.407017918923954
"R-HSA-933541","TRAF6 mediated IRF7 activation",16,0.649615858270128,1.64283577039949,0.0133763798080125,0.0462781941941698,0.0122441226417795,2206,"tags=56%, list=13%, signal=49%","64135/3665/7189/23586/29110/80143/10010/84282/7186",0.380730400722792
"R-HSA-9705671","SARS-CoV-2 activates/modulates innate and adaptive immune responses",106,0.45383044936476,1.64279317180237,0.000386827985502925,0.00268406418955925,0.000710140308791745,3100,"tags=40%, list=18%, signal=33%","64135/3656/9636/3838/3665/7189/64127/10802/23586/29110/3105/51128/23367/6772/55706/6396/80143/79023/53371/7187/7555/4927/23165/5903/129401/8767/9908/84282/51284/6773/3133/7316/30849/23118/7334/3654/3134/26007/9871/9631/567/23511",0.49849310876659
"R-HSA-72613","Eukaryotic Translation Initiation",110,-0.371358176301297,-1.64219010946547,0.000855534089336554,0.0052053185205611,0.00137720495505648,4816,"tags=62%, list=28%, signal=45%","6152/1968/27335/6217/6166/6229/6205/1978/6234/6181/6169/6230/6175/6235/6141/6209/6143/6155/6146/6157/2197/6170/6147/6202/6201/6228/6130/4736/6210/9349/6133/6206/6224/6125/8665/6176/6207/6159/6139/6171/6124/6135/6173/6232/6223/6222/6142/23521/6154/6233/6122/51386/1975/6128/6144/6193/6189/26986/7311/6137/6191/6188/6187/6203/6194/6129/6134/6208",0.477270815362862
"R-HSA-72737","Cap-dependent Translation Initiation",110,-0.371358176301297,-1.64219010946547,0.000855534089336554,0.0052053185205611,0.00137720495505648,4816,"tags=62%, list=28%, signal=45%","6152/1968/27335/6217/6166/6229/6205/1978/6234/6181/6169/6230/6175/6235/6141/6209/6143/6155/6146/6157/2197/6170/6147/6202/6201/6228/6130/4736/6210/9349/6133/6206/6224/6125/8665/6176/6207/6159/6139/6171/6124/6135/6173/6232/6223/6222/6142/23521/6154/6233/6122/51386/1975/6128/6144/6193/6189/26986/7311/6137/6191/6188/6187/6203/6194/6129/6134/6208",0.477270815362862
"R-HSA-9932444","ATP-dependent chromatin remodelers",163,0.426744003242072,1.64154056713856,0.000273890858016426,0.00210115305570089,0.00055591572124032,4360,"tags=44%, list=26%, signal=33%","3017/6941/8343/8355/8356/8365/8357/8344/8348/8345/8970/8358/23613/8352/8334/8347/8331/8364/85236/6604/8294/8339/3012/1106/55636/6627/10946/8353/84844/6637/6632/1665/22850/5931/6605/29117/6635/1728/51639/6925/8354/23168/8341/9275/1105/6628/3013/126961/8363/6760/57592/23350/8351/2033/1499/10523/6929/333932/86/55766/554313/22827/9219/94239/196528/4780/605/6636/10285/5928/84991",0.49849310876659
"R-HSA-70221","Glycogen breakdown (glycogenolysis)",14,-0.601917492679165,-1.64081634436751,0.0153229611496084,0.0511194586251641,0.0135250074400426,1798,"tags=36%, list=11%, signal=32%","2548/805/5836/5256/2992",0.380730400722792
"R-HSA-8856828","Clathrin-mediated endocytosis",133,-0.367437287306333,-1.64030011817617,8.04437436287096e-05,0.000863139627583722,0.000228366461594701,3260,"tags=36%, list=19%, signal=29%","8322/1173/127833/10092/9185/8301/374/22848/161/2580/7039/1212/50813/6233/115548/7314/7311/1213/920/3267/22905/23396/156/554/50618/10094/10109/160/26130/10097/1785/71/4738/409/157/3482/408/23149/9341/2885/60/10093/3092/23048/10618/5869/11252/867",0.538434096309916
"R-HSA-499943","Interconversion of nucleotide di- and triphosphates",28,0.571328054693344,1.63765342984671,0.00994495320425325,0.0373439973295152,0.00988034410587427,3002,"tags=39%, list=18%, signal=32%","6241/7298/4830/1854/6240/79077/1841/2745/221264/204/7296",0.380730400722792
"R-HSA-438064","Post NMDA receptor activation events",65,-0.408744994690803,-1.63715464672907,0.000883108567504565,0.00532985796320278,0.00141015516489063,1891,"tags=26%, list=11%, signal=23%","10645/5613/5595/805/5576/8536/10383/3084/7277/5566/6195/5170/5573/3845/6197/5594/7846",0.477270815362862
"R-HSA-9762114","GSK3B and BTRC:CUL1-mediated-degradation of NFE2L2",42,0.52566095045374,1.63544839884003,0.00690187338071846,0.0282768921816537,0.00748140116158989,2963,"tags=52%, list=17%, signal=43%","5701/5684/5690/5687/5686/5685/10213/8454/5714/5704/5702/5708/5718/5717/7316/5709/5683/5700/11047/5695/5713/5694",0.407017918923954
"R-HSA-8866654","E3 ubiquitin ligases ubiquitinate target proteins",53,0.497839317695407,1.63440446601099,0.00723133256635968,0.0294275764409628,0.00778584517541273,2359,"tags=36%, list=14%, signal=31%","5111/3017/8343/8344/8348/8345/8970/79139/3105/8347/85236/51322/7319/8339/55829/7316/23168/8341/7334",0.407017918923954
"R-HSA-5651801","PCNA-Dependent Long Patch Base Excision Repair",21,0.603133703894135,1.63325496816736,0.00936379792500116,0.0354885706560903,0.00938944181079067,2108,"tags=48%, list=12%, signal=42%","5111/2237/5984/5427/5985/5983/6119/5981/3978/5424",0.380730400722792
"R-HSA-5669034","TNFs bind their physiological receptors",24,0.581737203870171,1.63222400969091,0.0115575719753575,0.0419986826015278,0.0111118644432989,1430,"tags=25%, list=8%, signal=23%","608/23495/939/944/8740/970",0.380730400722792
"R-HSA-983712","Ion channel transport",135,-0.361600740976853,-1.63176873742581,0.000150736345402735,0.00135236901977143,0.000357805061829976,4173,"tags=39%, list=25%, signal=29%","1182/50636/478/57205/7809/90423/480/6262/818/80036/1183/491/481/84239/255231/489/6261/538/55283/477/6233/286410/9914/338440/51761/528/53373/197259/53822/7314/1184/94015/7311/10312/444/526/6717/805/523/490/533/51393/1831/219931/26133/7439/9114/65125/23200/23250/493/10079",0.518848077743792
"R-HSA-446193","Biosynthesis of the N-glycan precursor (dolichol lipid-linked oligosaccharide, LLO) and transfer to a nascent protein",78,0.464978662687491,1.63131447240682,0.00221590358894986,0.0116133825057834,0.00307262809542865,3840,"tags=42%, list=23%, signal=33%","6675/4758/2673/440138/29925/199857/5238/5476/9526/10195/29880/64841/8813/26503/85365/79053/29929/56052/79796/5373/27090/1798/29926/91869/2762/140838/6480/10825/116150/5372/79087/10020/10402",0.431707695803346
"R-HSA-1236382","Constitutive Signaling by Ligand-Responsive EGFR Cancer Variants",19,-0.537906553221157,-1.62974330294002,0.018908870623424,0.0602957561244925,0.0159528401144944,2875,"tags=47%, list=17%, signal=39%","3320/2549/6233/7314/7311/6464/2885/3845/867",0.352487857583619
"R-HSA-5637815","Signaling by Ligand-Responsive EGFR Variants in Cancer",19,-0.537906553221157,-1.62974330294002,0.018908870623424,0.0602957561244925,0.0159528401144944,2875,"tags=47%, list=17%, signal=39%","3320/2549/6233/7314/7311/6464/2885/3845/867",0.352487857583619
"R-HSA-399954","Sema3A PAK dependent Axon repulsion",15,-0.561932278440505,-1.6291647471538,0.0347758118228137,0.0967145169433067,0.0255883883827839,3882,"tags=60%, list=23%, signal=46%","5058/8829/5879/2534/3320/5362/1072/5062/2242",0.321775918075361
"R-HSA-450408","AUF1 (hnRNP D0) binds and destabilizes mRNA",41,0.524739618146825,1.62891370464437,0.00865076435934108,0.0331022019340569,0.00875806472683425,2963,"tags=54%, list=17%, signal=44%","5701/5684/5690/5687/5686/1981/5685/10213/5714/5704/5702/5708/5718/5717/7316/5709/5683/5700/11047/5695/5713/5694",0.380730400722792
"R-HSA-9027284","Erythropoietin activates RAS",13,-0.610202514263142,-1.62814160937815,0.0230264581279179,0.0695171397474024,0.0183926015177177,2452,"tags=54%, list=14%, signal=46%","8660/4067/7409/6464/2889/2885/3845",0.352487857583619
"R-HSA-5633007","Regulation of TP53 Activity",150,0.427555376168355,1.62758102122814,0.000428232535317724,0.00293117787105407,0.000775520781720081,3989,"tags=41%, list=24%, signal=32%","983/890/9212/22974/9156/1111/8900/79837/5371/5984/4683/5932/7159/6790/6880/5985/6875/5983/6119/94241/1763/580/5519/5515/1029/6446/11200/51422/672/51616/27154/5931/83990/7862/29117/5571/116028/5884/7316/900/253260/6884/6873/639/5562/3364/80196/2033/5608/7486/7161/112858/1616/6878/64223/6883/9891/83695/84126/9219/1020/2475",0.49849310876659
"R-HSA-3301854","Nuclear Pore Complex (NPC) Disassembly",35,0.528647616972956,1.62551572359788,0.011976526107174,0.0430131987023417,0.0113802815623487,1648,"tags=31%, list=10%, signal=28%","983/9133/891/55706/6396/79023/53371/4927/23165/5903/129401",0.380730400722792
"R-HSA-6784531","tRNA processing in the nucleus",57,0.493411249356352,1.62106979539781,0.00467981276008231,0.0209339229943963,0.00553862407512107,5359,"tags=65%, list=32%, signal=45%","51637/55706/6396/79023/53371/5901/4927/23165/5903/1478/51493/129401/10978/1653/339487/10799/10557/116461/79074/283742/9631/10556/10248/23511/23279/8086/10775/51095/9818/23636/8480/11260/11097/9688/11102/81929/51367",0.407017918923954
"R-HSA-416572","Sema4D induced cell migration and growth-cone collapse",20,-0.543438632839927,-1.6188773519271,0.0127604833268637,0.0449304823127705,0.0118875497493196,1282,"tags=35%, list=8%, signal=32%","103910/4628/6093/388/387/4627/4637",0.380730400722792
"R-HSA-936440","Negative regulators of DDX58/IFIH1 signaling",35,0.526435853100296,1.61871486639837,0.0125970660851716,0.0444536465405611,0.0117613902096793,2221,"tags=40%, list=13%, signal=35%","64135/9636/51191/23586/29110/7318/7128/9140/9474/9246/7187/84282/1540/7316",0.380730400722792
"R-HSA-9733709","Cardiogenesis",15,-0.558123240922381,-1.61812151314999,0.0396394873140392,0.106871826578428,0.0282757738144873,2161,"tags=27%, list=13%, signal=23%","8320/23462/8861/6722",0.321775918075361
"R-HSA-8878171","Transcriptional regulation by RUNX1",197,0.410855931471482,1.61503787050688,0.000387059634388583,0.00268406418955925,0.000710140308791745,2616,"tags=32%, list=15%, signal=27%","3017/4343/8343/8355/8356/8365/8357/84333/8344/8348/8345/1022/5701/8970/8358/1514/10138/5371/5684/8352/8334/8347/5690/8331/122809/8364/85236/5687/6604/8294/5686/8339/5685/3012/10213/5714/640/10398/5704/8353/5702/1997/4602/894/5708/100506658/6605/5079/5718/5717/7316/23466/5709/8354/8341/5683/3958/6714/5700/11047/3013/126961/5695",0.49849310876659
"R-HSA-379724","tRNA Aminoacylation",42,0.518544392988766,1.61330720212131,0.00812341440212012,0.0314633709038213,0.00832446854892015,4997,"tags=64%, list=29%, signal=45%","2617/5464/9521/6897/8565/4141/2193/10056/7407/3376/16/10667/1615/2058/9255/57038/7965/3735/3035/55157/5917/10352/27068/57176/57505/51067/80222",0.380730400722792
"R-HSA-4641258","Degradation of DVL",44,0.513385757449593,1.61233228230657,0.00448506395002222,0.0202914004348584,0.00536862770520904,2963,"tags=48%, list=17%, signal=39%","5701/5684/5690/5687/5686/5685/10213/5714/5704/5702/5708/5718/5717/7316/5709/5683/5700/11047/5695/5713/5694",0.407017918923954
"R-HSA-9005891","Loss of function of MECP2 in Rett syndrome",14,-0.591463217547282,-1.61231817690513,0.0195337782655009,0.0619154488734838,0.0163813727529427,2061,"tags=36%, list=12%, signal=31%","9612/805/5566/79718/6907",0.352487857583619
"R-HSA-9005895","Pervasive developmental disorders",14,-0.591463217547282,-1.61231817690513,0.0195337782655009,0.0619154488734838,0.0163813727529427,2061,"tags=36%, list=12%, signal=31%","9612/805/5566/79718/6907",0.352487857583619
"R-HSA-9697154","Disorders of Nervous System Development",14,-0.591463217547282,-1.61231817690513,0.0195337782655009,0.0619154488734838,0.0163813727529427,2061,"tags=36%, list=12%, signal=31%","9612/805/5566/79718/6907",0.352487857583619
"R-HSA-198753","ERK/MAPK targets",22,-0.507361365124986,-1.60877309356246,0.0183819788339831,0.058987660558194,0.015606748768023,3247,"tags=45%, list=19%, signal=37%","51231/1849/1432/5598/5595/4205/6195/9252/6197/5594",0.352487857583619
"R-HSA-174048","APC/C:Cdc20 mediated degradation of Cyclin B",24,0.57290771680338,1.60745045096406,0.0153100637324347,0.0511194586251641,0.0135250074400426,906,"tags=21%, list=5%, signal=20%","11065/983/991/891/996",0.380730400722792
"R-HSA-8941326","RUNX2 regulates bone development",27,-0.498942709450753,-1.60744057379831,0.010667647072598,0.0394877005857473,0.0104475176102414,2404,"tags=30%, list=14%, signal=25%","10432/2736/4094/5595/25937/23462/9759/5594",0.380730400722792
"R-HSA-1912408","Pre-NOTCH Transcription and Translation",79,0.460658092869135,1.60661504556653,0.00245674520861763,0.0125042031771949,0.00330831831071298,1255,"tags=30%, list=7%, signal=28%","3017/4343/8343/8355/8356/8365/8357/1991/8344/8348/8345/8970/8358/8352/8334/8347/8331/84441/8364/85236/8294/1869/8339/3012",0.431707695803346
"R-HSA-4641257","Degradation of AXIN",42,0.516256679681285,1.60618961603755,0.00873418633347748,0.0332611220565042,0.00880011125659569,2963,"tags=52%, list=17%, signal=43%","5701/5684/5690/5687/5686/80351/5685/10213/5714/5704/5702/5708/5718/5717/7316/5709/5683/5700/11047/5695/5713/5694",0.380730400722792
"R-HSA-112040","G-protein mediated events",48,-0.42198131597365,-1.60615825811939,0.00667481033149149,0.0279672791725818,0.00739948483532483,1891,"tags=29%, list=11%, signal=26%","10645/5613/805/5576/3709/156/23236/5566/2771/10768/5330/5573/2776/5594",0.407017918923954
"R-HSA-4608870","Asymmetric localization of PCP proteins",48,0.499374984139399,1.60609841314703,0.00663605157238268,0.0278784388808034,0.00737597978187565,2963,"tags=48%, list=17%, signal=40%","5701/5684/5690/5687/57154/5686/5685/10213/5714/7976/5704/5702/5708/5718/5717/7316/5709/5683/5700/11047/5695/5713/5694",0.407017918923954
"R-HSA-9768759","Regulation of NPAS4 gene expression",12,-0.615698861098385,-1.60456652069564,0.0351184315617824,0.0974966246855078,0.0257953157117634,1378,"tags=42%, list=8%, signal=38%","57690/6722/23112/27161/192670",0.321775918075361
"R-HSA-1912420","Pre-NOTCH Processing in Golgi",18,-0.540695500201043,-1.60303123745353,0.0158717435085125,0.052728721111962,0.0139507804762267,3317,"tags=56%, list=20%, signal=45%","6400/5986/4242/489/4855/6484/4853/3955/4851/5045",0.352487857583619
"R-HSA-349425","Autodegradation of the E3 ubiquitin ligase COP1",39,0.517159674370325,1.60252795788316,0.0168044036812549,0.0549082161436887,0.0145274236432795,2963,"tags=54%, list=17%, signal=45%","5701/5684/5690/5687/5686/5685/10213/5714/5704/5702/5708/5718/5717/7316/5709/5683/5700/11047/5695/5713/5694",0.352487857583619
"R-HSA-2122947","NOTCH1 Intracellular Domain Regulates Transcription",46,-0.426708212809092,-1.60229199854116,0.00673178583392445,0.0281317786954527,0.00744300754332193,2061,"tags=35%, list=12%, signal=31%","9612/7314/7311/79885/51564/23462/9759/7090/9794/1387/4851/10046/79718/55534/6907/3516",0.407017918923954
"R-HSA-202427","Phosphorylation of CD3 and TCR zeta chains",20,-0.537201870812903,-1.60029834008515,0.0144300334837043,0.0493855456295743,0.0130662548085311,3455,"tags=50%, list=20%, signal=40%","3113/3120/3119/3123/3122/3115/920/1445/5788/5795",0.380730400722792
"R-HSA-9759194","Nuclear events mediated by NFE2L2",84,0.454503770443685,1.59929687612286,0.00239431609987351,0.0122791900458055,0.0032487851239775,3347,"tags=45%, list=20%, signal=36%","6347/5701/8878/5684/23657/5690/5687/5686/5685/3417/10213/8454/5052/5714/9817/4097/1029/5704/5702/571/5708/5718/5717/1728/7316/5709/4199/5683/5700/11047/5695/468/5713/5694/7296/2033/10061/5682",0.431707695803346
"R-HSA-9013695","NOTCH4 Intracellular Domain Regulates Transcription",18,-0.539082647521788,-1.59824951978565,0.0161178121602509,0.053212236404321,0.0140787072599292,1813,"tags=44%, list=11%, signal=40%","4853/23462/9794/1387/4851/10046/55534/3516",0.352487857583619
"R-HSA-5607763","CLEC7A (Dectin-1) induces NFAT activation",13,-0.598298265964086,-1.59637870848701,0.0268999632591073,0.0789595964056605,0.0208908536508566,4792,"tags=69%, list=28%, signal=50%","4775/5532/5534/4772/4773/805/3709/10768/5530",0.352487857583619
"R-HSA-9825892","Regulation of MITF-M-dependent genes involved in cell cycle and proliferation",17,0.608747067651761,1.59449624604532,0.0257814778579531,0.0766685146787068,0.0202846872665447,4931,"tags=59%, list=29%, signal=42%","891/5347/1026/1029/1499/4286/3094/25942/3065/6909",0.352487857583619
"R-HSA-1839117","Signaling by cytosolic FGFR1 fusion mutants",18,-0.537716621064027,-1.59419958209953,0.0163638808849624,0.0537553130570158,0.0142223925798789,2199,"tags=50%, list=13%, signal=44%","613/6776/6774/8805/11116/9208/1523/2885/6777",0.352487857583619
"R-HSA-5610785","GLI3 is processed to GLI3R by the proteasome",46,0.491800542535429,1.59255805888303,0.012391393055889,0.0439230628856067,0.0116210102433451,2963,"tags=48%, list=17%, signal=40%","5701/5684/5690/5687/5686/5685/10213/8454/5714/5704/5702/5708/5718/5717/7316/5709/5683/5700/11047/5695/5713/5694",0.380730400722792
"R-HSA-418990","Adherens junctions interactions",218,0.408626486451237,1.59243385045714,0.000125139368930403,0.00118994801114659,0.000314832279857108,2728,"tags=34%, list=16%, signal=29%","90701/3728/3017/4343/80149/8343/8355/8356/8365/8357/8344/8348/8345/5701/8970/79872/8358/1514/2146/1650/5684/8352/6615/8334/8347/5690/8331/329/127544/8364/6185/85236/5687/8294/3703/10009/5686/3572/8339/5685/3012/10213/253559/9789/28972/5315/5714/58505/5704/8353/283/5702/60559/5708/5931/23411/5718/5717/7316/6935/5709/8354/1006/8341/5683/6714/59/5700/11047/3013/126961/5695/8363/1603",0.518848077743792
"R-HSA-9022692","Regulation of MECP2 expression and activity",31,-0.461786222223936,-1.59236815485659,0.0122754109673612,0.0436320909667202,0.0115440259114757,2061,"tags=32%, list=12%, signal=28%","9612/28996/805/57690/5566/79718/23112/6907/27161/192670",0.380730400722792
"R-HSA-9018519","Estrogen-dependent gene expression",127,0.427217812999589,1.59039988461349,0.00363252549584414,0.0170664215603565,0.0045153740823284,2777,"tags=31%, list=16%, signal=27%","1509/3838/3017/4343/8343/8355/8356/8365/8357/8344/8348/8345/8970/8202/8358/8352/8334/8347/8331/8364/85236/8294/2962/8204/8339/3012/5440/51523/8353/4602/8354/8341/1105/9166/5433/3013/126961/8363/7033/7391",0.431707695803346
"R-HSA-110320","Translesion Synthesis by POLH",19,0.601953441284837,1.5899932320583,0.0202832496891138,0.0631564715810053,0.0167097181972004,2221,"tags=53%, list=13%, signal=46%","5111/5984/5985/5429/5983/6119/5981/83932/7353/7316",0.352487857583619
"R-HSA-114604","GPVI-mediated activation cascade",34,-0.451456097713803,-1.58686607147094,0.0250169440944134,0.0746746376352039,0.0197571542571354,3237,"tags=35%, list=19%, signal=29%","5879/2534/5590/146850/4067/391/7409/388/387/998/5170/6850",0.352487857583619
"R-HSA-72306","tRNA processing",110,0.433478562525339,1.58538220422155,0.00229611308808692,0.0119548445373181,0.00316297092458227,5449,"tags=52%, list=32%, signal=35%","10785/51637/24140/55706/6396/79023/53371/5901/4927/23165/5903/1478/51493/129401/10978/25821/4234/1653/339487/10799/60487/54888/10557/348180/2058/3028/116461/79074/283742/9631/10556/8270/10248/23511/55621/112858/23279/54901/8086/10775/51095/79691/54482/9818/23636/91801/8480/11260/221078/11097/9688/55006/11102/51002/81929/51367/93587",0.431707695803346
"R-HSA-5663084","Diseases of carbohydrate metabolism",28,-0.462017664864618,-1.5852916212821,0.0310406115616795,0.088337797777683,0.0233721053452629,2405,"tags=36%, list=14%, signal=31%","6233/2632/7314/7311/2548/138050/2799/6888/2992/3423",0.352487857583619
"R-HSA-983189","Kinesins",49,0.487966795610013,1.58367705099577,0.0136603522028176,0.0469537647144465,0.0124228627254728,1326,"tags=27%, list=8%, signal=25%","11004/9493/3832/1062/10112/3833/81930/24137/56992/9585/29127/146909/10376",0.380730400722792
"R-HSA-1234176","Oxygen-dependent proline hydroxylation of Hypoxia-inducible Factor Alpha",53,0.482003446186213,1.5824153639095,0.0117436063233036,0.0423837428213776,0.0112137423285191,2963,"tags=47%, list=17%, signal=39%","5701/5684/5690/3091/5687/5686/5685/10213/5714/5704/5702/5708/8453/5718/5717/7316/5709/5683/126374/5700/11047/5695/64344/5713/5694",0.380730400722792
"R-HSA-1362277","Transcription of E2F targets under negative control by DREAM complex",19,0.598956536636088,1.58207724091709,0.0215918288383636,0.0659381234525412,0.0174456779133233,2273,"tags=42%, list=13%, signal=37%","990/7153/5111/993/1869/1875/5933/91750",0.352487857583619
"R-HSA-3214841","PKMTs methylate histone lysines",62,0.464839583186351,1.58201964498285,0.0152078918992999,0.0510023849996804,0.013494032509981,4508,"tags=50%, list=27%, signal=37%","8355/8356/8365/8357/8358/2146/8352/8364/8294/84444/8353/5931/79723/8354/83852/126961/8363/29072/55729/8351/121536/333932/6839/554313/7468/4791/23512/5928/9070/2122/387893",0.380730400722792
"R-HSA-110314","Recognition of DNA damage by PCNA-containing replication complex",30,0.542701244171667,1.57981609160973,0.020110355734102,0.0630840837510724,0.0166905660785211,2221,"tags=40%, list=13%, signal=35%","5111/51514/5984/57599/5427/5985/5983/6119/5981/7398/5424/7316",0.352487857583619
"R-HSA-5625740","RHO GTPases activate PKNs",76,0.460325099701283,1.57930529025829,0.00684659412682445,0.0282768921816537,0.00748140116158989,2715,"tags=39%, list=16%, signal=33%","3017/8343/8355/8356/8365/8357/8344/8348/8345/8970/8358/8352/8334/8347/8331/8364/85236/8294/8339/3012/995/10398/8353/10971/8354/8341/29941/3013/126961/8363",0.407017918923954
"R-HSA-69541","Stabilization of p53",44,0.502753098123606,1.57893949797374,0.00739625027503431,0.029734798574062,0.0078671289320812,2963,"tags=52%, list=17%, signal=43%","5701/5684/5690/5687/5686/5685/10213/5714/1029/5704/11200/5702/5708/5718/5717/7316/5709/5683/5700/11047/5695/5713/5694",0.407017918923954
"R-HSA-8964616","G beta:gamma signalling through CDC42",14,-0.578473015908407,-1.57690711903601,0.0265108863362642,0.0779854924673072,0.0206331286403042,3937,"tags=57%, list=23%, signal=44%","2786/5058/2788/9459/2790/2782/998/2783",0.352487857583619
"R-HSA-9662851","Anti-inflammatory response favouring Leishmania parasite infection",67,-0.404246995473316,-1.57640119663166,0.00269783742451482,0.0132636713007106,0.00350925572862158,2082,"tags=28%, list=12%, signal=25%","4067/5613/2209/64174/805/5576/3709/5566/2790/2771/57105/10768/4627/2782/3055/2783/5573/5045/6850",0.431707695803346
"R-HSA-9664433","Leishmania parasite growth and survival",67,-0.404246995473316,-1.57640119663166,0.00269783742451482,0.0132636713007106,0.00350925572862158,2082,"tags=28%, list=12%, signal=25%","4067/5613/2209/64174/805/5576/3709/5566/2790/2771/57105/10768/4627/2782/3055/2783/5573/5045/6850",0.431707695803346
"R-HSA-3229121","Glycogen storage diseases",12,-0.604193526620986,-1.57458258588876,0.043603306742733,0.115403418512433,0.0305330325469972,2405,"tags=50%, list=14%, signal=43%","6233/2632/7314/7311/2548/2992",0.321775918075361
"R-HSA-2559583","Cellular Senescence",173,0.406984928665619,1.57439112646371,0.00191652631423031,0.0103518496156385,0.0027388561388401,2598,"tags=29%, list=15%, signal=25%","11065/890/3017/4343/8343/8900/8355/8356/8365/8357/8344/8348/8345/8970/3159/8358/3009/2146/3397/8352/4683/8334/3008/8347/898/1870/8331/9134/8364/996/85236/8294/3007/1019/1869/8339/3012/3005/3576/1026/1029/8353/5931/7316/7290/23466/8354/8341/8697/3013/126961",0.45505986738723
"R-HSA-1168372","Downstream signaling events of B Cell Receptor (BCR)",70,0.461070131276185,1.57332635223304,0.00801572608342319,0.0314295630135211,0.00831552377563536,2997,"tags=43%, list=18%, signal=35%","4792/4794/5701/5684/4893/5690/4793/5687/25780/5686/5685/10213/8454/5714/5478/5704/5702/5966/5708/5718/5717/7316/5709/5683/5700/11047/5695/5713/5694/8915",0.380730400722792
"R-HSA-8986944","Transcriptional Regulation by MECP2",50,-0.419924910726957,-1.57297349523926,0.0072642380131344,0.0294275764409628,0.00778584517541273,2061,"tags=26%, list=12%, signal=23%","9612/5770/28996/805/57690/2289/5566/6515/79718/23112/6907/27161/192670",0.407017918923954
"R-HSA-1169410","Antimicrobial mechanism of IFN-stimulated genes",149,0.411321882729553,1.57286285611267,0.0020697367476053,0.010955806517324,0.00289864894198103,2634,"tags=32%, list=16%, signal=27%","983/8638/11274/4939/4938/9636/3838/4940/51191/2635/23586/7318/5610/8877/1977/378708/6772/55706/2342/100529261/6396/9246/201626/1981/79023/53371/10376/2175/4927/3608/23165/5903/5519/2189/3839/1974/129401/5515/4690/2633/2187/84790/7316/7334/6059/1965/115361/834",0.431707695803346
"R-HSA-9018678","Biosynthesis of specialized proresolving mediators (SPMs)",16,-0.546640194839744,-1.57144499362124,0.0438151540798373,0.115771155871517,0.0306303272103475,2281,"tags=31%, list=13%, signal=27%","4048/246/5743/240/3248",0.321775918075361
"R-HSA-397014","Muscle contraction",147,-0.344101613910913,-1.57134802995065,0.000701701737437968,0.00442183475814084,0.00116991356346356,2943,"tags=28%, list=17%, signal=23%","51305/9424/4621/29765/489/10174/6261/84876/3757/782/6331/477/1760/4635/53822/7169/28996/80228/444/6717/3753/805/490/25937/6330/103910/3709/5062/2982/29766/5566/10768/7094/7431/8291/4637/204851/7171/493/5829/6546",0.477270815362862
"R-HSA-421270","Cell-cell junction organization",235,0.396085547687191,1.56925328961205,0.000347460535650857,0.00247429296239265,0.000654639771727399,2979,"tags=34%, list=18%, signal=28%","90701/3728/3017/4343/80149/8343/8355/8356/8365/8357/8344/8348/8345/5701/8970/79872/8358/1514/2146/1650/5684/8352/6615/8334/8347/5690/8331/329/127544/8364/6185/85236/5687/8294/3703/10009/5686/3572/8339/5685/3012/10213/253559/9789/28972/5315/5714/58505/5704/8353/283/5702/60559/5708/5931/23411/5718/5717/64398/7316/6935/5709/8354/1006/8341/5683/6714/59/5700/11047/3013/126961/5695/8363/1603/5713/149461/5694/25945",0.49849310876659
"R-HSA-9609646","HCMV Infection",131,0.424984538954087,1.56923736650224,0.00112196283068737,0.00659880361159831,0.00174588836311176,2598,"tags=34%, list=15%, signal=29%","3017/8969/8343/8355/8356/8365/8357/8344/8348/8345/8970/8358/2146/5371/8352/8336/92815/8334/8347/8331/8364/8329/85236/55706/8294/6396/79023/53371/8339/3012/10376/4927/23165/5903/129401/8353/5931/8332/84790/8354/8341/2002/3013/51271/126961",0.45505986738723
"R-HSA-9648895","Response of EIF2AK1 (HRI) to heme deficiency",15,0.622222621735933,1.5691649305526,0.0426829268292683,0.113535155452057,0.0300387340455825,3157,"tags=60%, list=19%, signal=49%","79094/1649/57761/23645/467/1054/1965/468/27102",0.271288554688953
"R-HSA-2142753","Arachidonate metabolism",44,-0.41691892798063,-1.56834281068267,0.0106087210433866,0.0393613294787336,0.0104140827850587,2516,"tags=27%, list=15%, signal=23%","376497/8644/4048/246/64174/126410/127281/2166/5743/240/3248/6916",0.380730400722792
"R-HSA-6790901","rRNA modification in the nucleus and cytosol",60,0.471207545454635,1.56827858562429,0.00620485130027488,0.0264163642488914,0.00698914919316568,4505,"tags=53%, list=27%, signal=39%","10171/4839/54433/54555/92856/25926/23160/11056/114049/84135/57647/84916/51602/51202/56902/27292/51118/4809/79050/10607/65083/55651/25879/27340/8602/11103/134430/10199/57050/51096/10528/10813",0.407017918923954
"R-HSA-69186","Lagging Strand Synthesis",20,0.591850854939917,1.56797327988403,0.0119992739453006,0.0430131987023417,0.0113802815623487,2108,"tags=50%, list=12%, signal=44%","5111/2237/5984/5985/5983/6119/5981/1763/3978/5424",0.380730400722792
"R-HSA-180786","Extension of Telomeres",51,0.477607720685279,1.56759008006483,0.0122328058804564,0.0436320909667202,0.0115440259114757,3435,"tags=39%, list=20%, signal=31%","890/5111/2237/8900/79075/5984/80119/54433/5985/5983/6119/5981/1763/3978/5424/63922/5422/7486/55651/5557",0.380730400722792
"R-HSA-5099900","WNT5A-dependent internalization of FZD4",13,-0.587264079972588,-1.56693730679094,0.0307734805388582,0.0878926026901201,0.0232543171872209,3899,"tags=62%, list=23%, signal=47%","163/8322/1173/161/1212/1213/160/409",0.352487857583619
"R-HSA-9020702","Interleukin-1 signaling",98,0.435168564054125,1.5662217222413,0.00350501773212831,0.0166440518620308,0.00440362498587981,2998,"tags=44%, list=18%, signal=36%","11274/3656/3557/7189/64127/4792/5701/8878/5684/5690/92610/4793/5687/5686/5685/10213/8454/5714/5704/5702/8767/3146/28511/9097/5708/5718/5717/7186/7316/5709/23118/7334/5683/3654/5700/1326/11047/5695/28512/351/5713/5694/841",0.431707695803346
"R-HSA-2470946","Cohesin Loading onto Chromatin",10,-0.613279821929647,-1.56582706538031,0.0405532579166237,0.109150124697624,0.0288785579566026,1668,"tags=40%, list=10%, signal=36%","23047/10735/23063/25836",0.321775918075361
"R-HSA-8854214","TBC/RABGAPs",44,-0.416130851919623,-1.56537826927761,0.0110538350968123,0.0404458298012395,0.0107010160845322,3022,"tags=36%, list=18%, signal=30%","729873/23163/8408/9230/7249/5867/11021/4943/79735/84958/83874/26000/11345/374403/5869/57533",0.380730400722792
"R-HSA-9857492","Protein lipoylation",10,0.704699924117774,1.56297010538229,0.0206930996681416,0.0640423357896737,0.0169440970489202,3974,"tags=60%, list=23%, signal=46%","27247/2653/1737/51601/4706/2230",0.352487857583619
"R-HSA-5610783","Degradation of GLI2 by the proteasome",46,0.482557800177859,1.5626280312506,0.0152236338097283,0.0510023849996804,0.013494032509981,2963,"tags=48%, list=17%, signal=40%","5701/5684/5690/5687/5686/5685/10213/8454/5714/5704/5702/5708/5718/5717/7316/5709/5683/5700/11047/5695/5713/5694",0.380730400722792
"R-HSA-112043","PLC beta mediated events",44,-0.41494096426269,-1.56090221499696,0.0112022065094321,0.040800697103161,0.0107949056332051,1891,"tags=30%, list=11%, signal=26%","10645/5613/805/5576/3709/156/23236/5566/10768/5330/5573/2776/5594",0.380730400722792
"R-HSA-927802","Nonsense-Mediated Decay (NMD)",106,-0.353332111293981,-1.56048860389523,0.00308205988223377,0.0148763255105995,0.00393592613502972,4679,"tags=61%, list=28%, signal=45%","6217/6166/6229/6205/2935/6234/6181/6169/6230/6175/6235/6141/6209/6143/6155/6146/6157/2197/6170/6147/6202/6201/6228/6130/4736/6210/9349/6133/6206/6224/6125/6176/6207/6159/6139/6171/9939/6124/6135/6173/6232/6223/6222/6142/23521/6154/6233/6122/6128/6144/6193/6189/26986/7311/6137/6191/6188/6187/6203/6194/6129/6134/6208/22794/5976",0.431707695803346
"R-HSA-975957","Nonsense Mediated Decay (NMD) enhanced by the Exon Junction Complex (EJC)",106,-0.353332111293981,-1.56048860389523,0.00308205988223377,0.0148763255105995,0.00393592613502972,4679,"tags=61%, list=28%, signal=45%","6217/6166/6229/6205/2935/6234/6181/6169/6230/6175/6235/6141/6209/6143/6155/6146/6157/2197/6170/6147/6202/6201/6228/6130/4736/6210/9349/6133/6206/6224/6125/6176/6207/6159/6139/6171/9939/6124/6135/6173/6232/6223/6222/6142/23521/6154/6233/6122/6128/6144/6193/6189/26986/7311/6137/6191/6188/6187/6203/6194/6129/6134/6208/22794/5976",0.431707695803346
"R-HSA-8983432","Interleukin-15 signaling",14,-0.572109910541274,-1.55956140734909,0.0297382216611953,0.0855512608659023,0.0226348531622901,2129,"tags=64%, list=13%, signal=56%","6776/6774/3560/6464/3716/6655/3718/2885/6777",0.352487857583619
"R-HSA-112315","Transmission across Chemical Synapses",189,-0.331190057844366,-1.55927560822052,0.000326880150460699,0.00240258461880779,0.00063566742916779,3537,"tags=30%, list=21%, signal=24%","6512/9463/5923/2900/10550/2788/5879/1173/111/83988/6812/8573/161/3765/6538/782/8825/28964/785/777/4128/6854/220074/10645/5613/7915/5595/805/8500/5576/8536/18/10383/23236/3084/7277/5566/160/2790/2771/64130/1145/2782/27163/6195/5330/5170/80331/2783/5573/3845/6197/55799/9647/5594/7846/6507",0.49849310876659
"R-HSA-6804114","TP53 Regulates Transcription of Genes Involved in G2 Cell Cycle Arrest",18,0.585766918417716,1.55822858944285,0.0412213740458015,0.110573550649887,0.0292551630129248,2060,"tags=33%, list=12%, signal=29%","983/891/5111/6790/995/5933",0.276500599254472
"R-HSA-1445148","Translocation of SLC2A4 (GLUT4) to the plasma membrane",64,-0.391821896855408,-1.55799539483919,0.0116768437541085,0.0422629075220671,0.0111817721479627,1975,"tags=28%, list=12%, signal=25%","5867/208/805/23433/4644/10383/7277/6810/8773/4627/57186/207/54536/71/7529/11336/60/7846",0.380730400722792
"R-HSA-9035034","RHOF GTPase cycle",39,-0.444496979029831,-1.55789165687746,0.0129550212236006,0.045314286038257,0.011989095195659,1199,"tags=26%, list=7%, signal=24%","4650/9590/8773/832/10409/9341/60/1729/8776/392",0.380730400722792
"R-HSA-400685","Sema4D in semaphorin signaling",23,-0.495551135767755,-1.55725258809829,0.0200836821118615,0.0630840837510724,0.0166905660785211,1908,"tags=35%, list=11%, signal=31%","2909/103910/4628/6093/388/387/4627/4637",0.352487857583619
"R-HSA-9604323","Negative regulation of NOTCH4 signaling",44,0.495058888865265,1.55477516970006,0.00956096416029465,0.0361495502060664,0.00956432146663159,2963,"tags=50%, list=17%, signal=41%","5701/5684/5690/5687/5686/5685/10213/8454/5714/5704/5702/5708/5718/5717/7316/5709/5683/5700/11047/5695/5713/5694",0.380730400722792
"R-HSA-918233","TRAF3-dependent IRF activation pathway",14,0.627135611502125,1.55180419836036,0.0288972800725588,0.0832829051818936,0.0220346995548773,1898,"tags=50%, list=11%, signal=44%","64135/3665/23586/29110/80143/7187/84282",0.352487857583619
"R-HSA-9818564","Epigenetic regulation of gene expression by MLL3 and MLL4 complexes",108,0.429067430920074,1.55152109571007,0.00240480359209415,0.0122791900458055,0.0032487851239775,2715,"tags=32%, list=16%, signal=27%","3017/8343/8355/8356/8365/8357/8344/8348/8345/6319/8970/8202/8358/892/8352/8334/8347/8331/8364/22822/85236/8294/9969/8339/3012/8353/123/23411/8354/8341/9440/3013/9862/126961/8363",0.431707695803346
"R-HSA-9841922","MLL4 and MLL3 complexes regulate expression of PPARG target genes in adipogenesis and hepatic steatosis",108,0.429067430920074,1.55152109571007,0.00240480359209415,0.0122791900458055,0.0032487851239775,2715,"tags=32%, list=16%, signal=27%","3017/8343/8355/8356/8365/8357/8344/8348/8345/6319/8970/8202/8358/892/8352/8334/8347/8331/8364/22822/85236/8294/9969/8339/3012/8353/123/23411/8354/8341/9440/3013/9862/126961/8363",0.431707695803346
"R-HSA-9851695","Epigenetic regulation of adipogenesis genes by MLL3 and MLL4 complexes",108,0.429067430920074,1.55152109571007,0.00240480359209415,0.0122791900458055,0.0032487851239775,2715,"tags=32%, list=16%, signal=27%","3017/8343/8355/8356/8365/8357/8344/8348/8345/6319/8970/8202/8358/892/8352/8334/8347/8331/8364/22822/85236/8294/9969/8339/3012/8353/123/23411/8354/8341/9440/3013/9862/126961/8363",0.431707695803346
"R-HSA-5689896","Ovarian tumor domain proteases",38,0.502276612768667,1.55097039230716,0.0183872115719811,0.058987660558194,0.015606748768023,2221,"tags=32%, list=13%, signal=28%","983/64135/7189/64127/23586/7128/10318/7187/54764/8767/84282/7316",0.352487857583619
"R-HSA-196757","Metabolism of folate and pterines",17,0.591941997996546,1.55047858763896,0.0371607432080063,0.101923166690006,0.0269664747019924,1198,"tags=41%, list=7%, signal=38%","1719/6470/10797/25902/6472/4522/441024",0.321775918075361
"R-HSA-9013420","RHOU GTPase cycle",38,-0.434520286581945,-1.55009901582867,0.0207290683853226,0.0640423357896737,0.0169440970489202,1664,"tags=32%, list=10%, signal=29%","1213/2185/9231/5062/8239/11060/50618/998/257106/8440/2885/8826",0.352487857583619
"R-HSA-9615933","Postmitotic nuclear pore complex (NPC) reformation",27,0.537275900534073,1.54939487100602,0.0247035501356491,0.0738780369405098,0.019546392433512,4325,"tags=52%, list=26%, signal=39%","55706/6396/79023/53371/1104/5901/3842/23165/129401/9631/23511/23279/9818/23636",0.352487857583619
"R-HSA-6791312","TP53 Regulates Transcription of Cell Cycle Genes",49,0.476747373072052,1.54726485623448,0.0205477897985851,0.063730254297174,0.0168615276199498,2060,"tags=35%, list=12%, signal=31%","983/890/891/5111/8900/79733/898/9134/6790/1869/9337/28984/1026/10769/995/144455/5933",0.352487857583619
"R-HSA-198323","AKT phosphorylates targets in the cytosol",14,-0.567411835635198,-1.54675453898805,0.0315824166018337,0.0895974472939552,0.0237053790053842,3756,"tags=57%, list=22%, signal=45%","84335/2931/23608/7249/208/2932/207/1027",0.321775918075361
"R-HSA-170968","Frs2-mediated activation",11,-0.611223186401432,-1.54598494634748,0.0253226735614649,0.0754454139129573,0.0199610835469126,3622,"tags=73%, list=21%, signal=57%","5906/673/5605/4914/5595/2889/7529/5594",0.352487857583619
"R-HSA-9006934","Signaling by Receptor Tyrosine Kinases",448,-0.305955294487097,-1.54515757537657,3.83438926430981e-07,9.08807485331936e-06,2.40449103555846e-06,2452,"tags=24%, list=14%, signal=21%","8660/2354/6233/5605/5598/10221/528/1500/1292/8851/55845/6776/4067/3082/7314/80310/57498/5867/1960/8651/10193/208/4914/5770/7311/5155/6774/10312/526/2887/161742/5289/1213/1298/2185/4689/5595/7867/805/523/11033/533/1398/4734/4318/4145/54106/3709/6285/5062/9047/5432/7409/3084/3643/6093/5663/9365/5566/160/55851/9114/56034/1445/387/10768/6464/6722/2963/207/4205/998/26999/2889/6195/3315/1785/71/2242/8440/7529/5170/1958/9252/3718/8569/6778/2885/60/3845/6197/5045/5140/3399/53916/1729/3815/3480/6777/5795/83464/6696/5829/5594/867/10163",0.674962860011025
"R-HSA-72766","Translation",356,0.38029992934833,1.54365949162509,0.000105924938753532,0.00106340083465253,0.000281350870827552,3741,"tags=38%, list=22%, signal=31%","90701/23471/2617/5701/6747/5464/29093/200916/1650/5684/58477/6734/5690/10102/9521/1977/740/6182/6185/5687/6897/65080/55168/64976/5686/26046/8565/28998/1981/5685/64983/56945/51081/65008/10213/9789/28972/51253/54534/5714/7353/26284/64960/4141/2193/6745/28973/28977/53918/6746/1974/64951/124995/3396/54516/116832/57129/5704/63931/5702/54148/29927/51065/65005/10056/6730/8891/54471/60559/7407/5708/84164/54948/8453/6150/5718/5717/64978/3376/1983/2107/6731/7316/60488/5709/5683/16/6059/9617/10667/5700/11047/51642/1965/1615/64965/5695/2058/64981/26589/51073/6748/6728/9255/51116/29088/51023/11222/51021/51649/5713/8892/29074/5694/7284/8668/84340/51069/57038/7965/7458/8669/55173/5682/4706/23480/90480/63875/6183/51318/10573/3735/91574/3035/1964/65003/51650",0.538434096309916
"R-HSA-176407","Conversion from APC/C:Cdc20 to APC/C:Cdh1 in late anaphase",20,0.582521514401853,1.54325732896408,0.0145029645281804,0.0495284035930116,0.0131040516684808,4242,"tags=45%, list=25%, signal=34%","11065/991/996/8697/51434/51433/51343/29945/27338",0.380730400722792
"R-HSA-193648","NRAGE signals death through JNK",50,-0.411321504301127,-1.54074647100016,0.0101192005089526,0.0378992698306998,0.0100272561607307,1704,"tags=26%, list=10%, signal=23%","29/55160/23370/221472/26230/89846/7409/57580/121512/9138/11214/6655/55701",0.380730400722792
"R-HSA-6811436","COPI-independent Golgi-to-ER retrograde traffic",43,-0.421901676107225,-1.54039313288074,0.014916377492845,0.0506136911509356,0.0133911932519459,1097,"tags=19%, list=6%, signal=17%","10383/7277/832/23299/10121/2590/2589/7846",0.380730400722792
"R-HSA-6802957","Oncogenic MAPK signaling",78,-0.373608463185798,-1.5396982407036,0.00516992339744471,0.0227083432946172,0.00600809398751245,3722,"tags=41%, list=22%, signal=32%","818/9715/4763/5906/57670/673/55109/1849/23164/80853/5605/4000/80824/9061/8805/161742/5595/805/22906/5500/54518/1445/7094/71/409/7529/408/8844/8826/60/3845/5594",0.407017918923954
"R-HSA-1643713","Signaling by EGFR in Cancer",23,-0.489809413366649,-1.53920942075611,0.0223572780495935,0.0677544991273941,0.0179262482318869,2875,"tags=48%, list=17%, signal=40%","3320/374/7039/2549/6233/7314/7311/6464/2885/3845/867",0.352487857583619
"R-HSA-112316","Neuronal System",286,-0.309686134991353,-1.53786269686118,4.49689952449567e-05,0.00055357181743404,0.000146462093902296,3335,"tags=26%, list=20%, signal=21%","3758/10550/2788/5879/1173/127833/9196/111/83988/51305/9424/6812/8573/3749/161/3765/6538/9378/3757/782/8825/28964/23416/785/777/4128/6854/9454/220074/3742/10645/5613/7915/10313/5595/2035/805/8500/5576/8536/18/26045/10211/10383/23236/3084/7277/5566/26037/160/2790/2771/56666/22839/90134/64130/1145/2782/27163/6195/5330/5170/80331/2783/5573/3845/6197/55799/28988/9647/2319/5594/7846/6507/3556",0.557332238758646
"R-HSA-74752","Signaling by Insulin receptor",61,-0.393707929009886,-1.53714845115139,0.0119144097871881,0.0429026819547725,0.011351041428096,1943,"tags=31%, list=11%, signal=28%","208/5770/10312/526/2887/5289/5595/523/533/54106/3643/9365/9114/6464/5170/2885/3845/5140/5594",0.380730400722792
"R-HSA-5654688","SHC-mediated cascade:FGFR1",11,-0.607690870546431,-1.53705055501699,0.0265189961790591,0.0779854924673072,0.0206331286403042,934,"tags=36%, list=6%, signal=34%","9365/6464/2885/3845",0.352487857583619
"R-HSA-9018677","Biosynthesis of DHA-derived SPMs",14,-0.563782678926422,-1.53686152255896,0.0361929117063575,0.0996117864731225,0.0263549378142616,2281,"tags=36%, list=13%, signal=31%","4048/246/5743/240/3248",0.321775918075361
"R-HSA-2559580","Oxidative Stress Induced Senescence",105,0.420448413629202,1.53682300844149,0.00798548449399472,0.0314295630135211,0.00831552377563536,2715,"tags=33%, list=16%, signal=28%","3017/4343/8343/8355/8356/8365/8357/8344/8348/8345/8970/8358/2146/8352/8334/8347/1870/8331/8364/85236/8294/1019/1869/8339/3012/1029/8353/5931/7316/23466/8354/8341/3013/126961/8363",0.380730400722792
"R-HSA-8949664","Processing of SMDT1",15,0.609179165515614,1.53627102191099,0.0472560975609756,0.123941453630751,0.0327919959946607,3775,"tags=60%, list=22%, signal=47%","30968/79568/90550/10730/23203/55013/9512/221154/5245",0.257206466468838
"R-HSA-400042","Adrenaline,noradrenaline inhibits insulin secretion",21,-0.497416044081676,-1.53436496308979,0.0286086804704722,0.0826757557251796,0.0218740620767012,4857,"tags=48%, list=29%, signal=34%","784/112/9254/2786/2788/111/2790/2771/2782/2783",0.352487857583619
"R-HSA-112314","Neurotransmitter receptors and postsynaptic signal transmission",143,-0.329944050211124,-1.53287731143717,0.00306862209493502,0.0148763255105995,0.00393592613502972,1578,"tags=17%, list=9%, signal=16%","5595/805/5576/8536/10383/23236/3084/7277/5566/160/2790/2771/64130/1145/2782/6195/5330/5170/2783/5573/3845/6197/9647/5594/7846",0.431707695803346
"R-HSA-2197563","NOTCH2 intracellular domain regulates transcription",11,-0.604427788062362,-1.5287971436424,0.0277153198155294,0.0809042791673908,0.0214053710093792,1813,"tags=45%, list=11%, signal=41%","4853/9794/10046/55534/3516",0.352487857583619
"R-HSA-5621575","CD209 (DC-SIGN) signaling",19,-0.504576145123624,-1.5287592025309,0.0391415857951338,0.106615502989147,0.0282079566163923,1165,"tags=32%, list=7%, signal=29%","5062/5566/1387/9252/3845/3385",0.321775918075361
"R-HSA-5619115","Disorders of transmembrane transporters",133,0.4089183003645,1.52824436555054,0.00269096004043644,0.0132636713007106,0.00350925572862158,3584,"tags=38%, list=21%, signal=30%","91319/6520/5701/79139/91445/19/7355/5684/27248/5690/5687/55706/6396/5686/79023/53371/5685/10060/10213/4927/26503/23165/5903/6566/5714/129401/5704/5702/5708/10058/5718/51009/5717/1244/7316/5709/5683/5700/11047/5695/5713/5694/9631/23511/6048/5682/9197/23279/8086/23443",0.431707695803346
"R-HSA-73933","Resolution of Abasic Sites (AP sites)",38,0.494915524705011,1.52824022858529,0.0235014686916631,0.0708165697957513,0.0187364001717802,2382,"tags=37%, list=14%, signal=32%","5111/2237/10038/5984/5427/5985/5983/6119/5981/3978/4913/5424/142/7374",0.352487857583619
"R-HSA-76002","Platelet activation, signaling and aggregation",222,-0.312422303017459,-1.52784597334463,0.000135589653289849,0.00126656687896635,0.000335103831731482,2888,"tags=27%, list=17%, signal=23%","5590/12/7057/7423/1521/1432/1/87/928/146850/6813/81/4067/3082/5770/391/5155/5216/1609/5265/1072/2/5595/805/10235/1398/57406/10487/3709/5004/7409/7277/54518/2153/6810/8527/2790/2771/2151/388/1675/54863/1445/387/6464/7094/9948/2782/207/998/5175/409/5170/408/226/2783/2885/8407/2776/6850/5594",0.518848077743792
"R-HSA-5576891","Cardiac conduction",95,-0.350370787639331,-1.52782135361678,0.00264547980887289,0.013169347763292,0.00348429993723277,4032,"tags=36%, list=24%, signal=27%","478/10142/9254/480/6262/818/491/481/51305/9424/489/6261/84876/3757/782/6331/477/1760/53822/28996/80228/444/6717/3753/805/490/25937/6330/3709/5566/10768/204851/493/6546",0.431707695803346
"R-HSA-1483257","Phospholipid metabolism",183,-0.322874829137746,-1.5277895640881,0.000476497309988208,0.0031335436425357,0.000829062009239099,2047,"tags=21%, list=12%, signal=19%","6901/5867/3636/6305/114882/9489/1120/5289/4534/23396/57104/255043/59339/129642/8694/5338/122618/56895/10423/154141/8904/56261/84649/3631/10908/5293/9600/151056/660/54947/57153/377/58488/10162/9926/162466/8776/79143/5130",0.49849310876659
"R-HSA-112310","Neurotransmitter release cycle",35,-0.431261482448487,-1.52681781775516,0.0213468103811041,0.0654415731374388,0.0173143023689272,3537,"tags=43%, list=21%, signal=34%","6512/10550/6812/8573/6538/8825/4128/6854/7915/8500/18/64130/27163/80331/6507",0.352487857583619
"R-HSA-170834","Signaling by TGF-beta Receptor Complex",89,-0.369873760924805,-1.52645988138045,0.0037788223988042,0.0175975658923785,0.00465590239063874,2962,"tags=35%, list=17%, signal=29%","10273/5590/4054/2280/8425/6233/3696/9612/7314/7311/23370/5595/9372/5499/6667/25937/9958/8239/64750/5500/1025/6497/387/7046/4738/54778/50848/5045/7048/5594/867",0.431707695803346
"R-HSA-191859","snRNP Assembly",53,0.464577928544778,1.52520745998669,0.0201805507213758,0.0630840837510724,0.0166905660785211,4386,"tags=51%, list=26%, signal=38%","55706/6396/79023/53371/4927/23165/5903/129401/6637/6632/6635/11218/6628/79084/9631/23511/22916/23279/8086/6606/6607/79760/4686/9818/6636/23636/8480",0.352487857583619
"R-HSA-194441","Metabolism of non-coding RNA",53,0.464577928544778,1.52520745998669,0.0201805507213758,0.0630840837510724,0.0166905660785211,4386,"tags=51%, list=26%, signal=38%","55706/6396/79023/53371/4927/23165/5903/129401/6637/6632/6635/11218/6628/79084/9631/23511/22916/23279/8086/6606/6607/79760/4686/9818/6636/23636/8480",0.352487857583619
"R-HSA-6811434","COPI-dependent Golgi-to-ER retrograde traffic",87,0.434290862588502,1.52394939557411,0.00830765498432387,0.0320207672696755,0.00847194252845716,2860,"tags=34%, list=17%, signal=29%","11004/9493/3832/1062/10112/3833/8775/81930/24137/63908/378/22820/56992/662/9585/29127/5861/146909/11014/10376/4905/60561/10945/84790/10959/3799/3835/54732/9183/51014",0.380730400722792
"R-HSA-6794362","Protein-protein interactions at synapses",65,-0.380385802190063,-1.5235669957899,0.00338354808930586,0.0162328530689357,0.00429483144843787,4942,"tags=49%, list=29%, signal=35%","81858/57555/57622/8496/5802/1742/85358/320/321/79414/143425/57596/1741/9229/9379/127833/6812/8573/9378/8825/9454/10313/2035/8500/26045/10211/26037/22839/64130/28988/2319/3556",0.431707695803346
"R-HSA-8848021","Signaling by PTK6",49,-0.399978489143688,-1.52315573559264,0.0172997712832943,0.056180034351475,0.01486391685321,2494,"tags=33%, list=15%, signal=28%","10656/6233/7314/2909/5770/7311/6774/1398/3084/387/207/1027/116985/3845/5829/867",0.352487857583619
"R-HSA-9006927","Signaling by Non-Receptor Tyrosine Kinases",49,-0.399978489143688,-1.52315573559264,0.0172997712832943,0.056180034351475,0.01486391685321,2494,"tags=33%, list=15%, signal=28%","10656/6233/7314/2909/5770/7311/6774/1398/3084/387/207/1027/116985/3845/5829/867",0.352487857583619
"R-HSA-6804116","TP53 Regulates Transcription of Genes Involved in G1 Cell Cycle Arrest",14,0.615448106400501,1.52288426596868,0.0392464678178964,0.106698491891176,0.0282299135296222,1813,"tags=57%, list=11%, signal=51%","890/8900/79733/898/9134/1869/1026/144455",0.287857117255149
"R-HSA-9013106","RHOC GTPase cycle",71,-0.37530416281454,-1.52142943370117,0.00842201777490981,0.032382964228951,0.00856777133221821,1199,"tags=24%, list=7%, signal=22%","4650/6811/10211/6093/57580/9138/387/11214/6793/9341/8826/23092/9748/1729/2319/55701/392",0.380730400722792
"R-HSA-372790","Signaling by GPCR",457,-0.293804424783043,-1.52056361659555,1.92719792843562e-06,3.60045918865385e-05,9.52596890181889e-06,1973,"tags=19%, list=12%, signal=17%","2015/208/10645/26086/1240/5613/10316/2357/5141/11251/1609/29/55160/140/23370/5595/805/10235/2532/5499/5576/728/221472/3274/57406/2780/3792/5729/3709/156/64748/26230/554/89846/7409/23236/6093/5566/8527/2790/2771/57580/54361/121512/2151/57105/388/9138/6351/63940/387/10768/6464/11214/2782/207/998/53829/6195/2870/1901/259286/5330/165140/6655/9170/60675/409/157/5170/408/2783/1604/9934/5573/2885/3845/5530/6197/5140/84658/27202/2776/976/8698/55701/5724/5594",0.627256739718528
"R-HSA-195258","RHO GTPase Effectors",287,0.378443573702735,1.51865222195535,0.000606373460039333,0.00388274618767122,0.00102728339635036,2861,"tags=31%, list=17%, signal=26%","699/11004/332/11130/991/9212/79019/701/5347/57405/55143/3017/79682/1062/10403/8343/8355/8356/83540/9055/8365/8357/57082/147841/220134/55839/8344/8348/8345/81624/4085/8970/81930/9928/8358/1063/8352/8334/8347/9735/8331/378708/8364/151648/85236/8294/6396/1060/79023/8339/55055/3012/64946/11113/91687/10376/54908/5903/348235/5519/23421/100527963/995/5515/10398/8353/64105/4690/79172/151246/10971/84790/30849/8354/8341/128239/6714/29941/23380/2017/3013/126961/5501/8363/3799/9184/3985/9183/3984",0.477270815362862
"R-HSA-445989","TAK1-dependent IKK and NF-kappa-B activation",43,0.479084005445026,1.51576256312325,0.0244215868826835,0.0733109262187173,0.019396348263682,2998,"tags=44%, list=18%, signal=36%","11274/3656/7189/64127/4792/92610/4793/8767/3146/28511/9097/7186/7316/23118/7334/3654/28512/351/841",0.352487857583619
"R-HSA-8951664","Neddylation",215,0.385856959331732,1.51461478033003,0.00150343749373967,0.00840654485936124,0.0022241742151773,4404,"tags=40%, list=26%, signal=30%","332/51514/9318/222235/5701/122769/8878/5684/80344/5690/3091/51667/26270/5687/10920/26224/8883/26263/5686/140459/5685/10213/8454/5714/7353/26234/1026/9817/79594/79269/84541/899/5704/5702/672/5708/10987/7347/5931/8453/5718/5717/55832/27252/10072/7316/23412/5709/54850/5683/51138/84259/5700/11047/54876/29099/5695/8816/9306/9616/64344/5713/5694/10116/55958/54939/25879/5682/89890/150684/51122/55175/140460/5693/55294/23014/55527/4780/6502/2873/51397/93611/142685/28952/123228/5707/9861",0.45505986738723
"R-HSA-166520","Signaling by NTRKs",119,-0.345934880806327,-1.5141286310689,0.00193796187794083,0.0103618971790237,0.00274151448799311,3247,"tags=34%, list=19%, signal=27%","51231/5879/1173/10126/2534/1849/161/2549/1432/8660/2354/5605/5598/10221/8851/57498/1960/4914/6774/1213/5595/7867/1398/160/387/6464/6722/4205/2889/6195/1785/7529/1958/9252/2885/3845/6197/5045/3399/5594",0.45505986738723
"R-HSA-5689603","UCH proteinases",81,0.436485842287279,1.51291661828378,0.00549074109497259,0.0235656671859905,0.00623492174197621,3481,"tags=48%, list=21%, signal=38%","7345/8969/5701/5684/8336/92815/8334/5690/8331/8329/5687/4798/5686/5685/3012/10213/580/5714/5704/5702/5708/7347/5718/5717/8332/7316/5709/8314/5683/5700/11047/3013/5695/5713/5694/3054/5682/4092/51377",0.407017918923954
"R-HSA-9013700","NOTCH4 Activation and Transmission of Signal to the Nucleus",11,-0.597608958433055,-1.51155007547949,0.0321018466923056,0.0907077091590415,0.0239991282036258,940,"tags=27%, list=6%, signal=26%","5663/55851/83464",0.321775918075361
"R-HSA-5658442","Regulation of RAS by GAPs",54,0.464622514937081,1.50982533507128,0.0171040655764752,0.0557725998674387,0.0147561192634834,2963,"tags=43%, list=17%, signal=35%","5701/5684/4893/5690/5687/5686/5685/10213/5714/5704/5702/5708/5718/5717/7316/5709/5683/5700/11047/5695/9462/5713/5694",0.352487857583619
"R-HSA-1227986","Signaling by ERBB2",45,-0.408371860354408,-1.50942745472348,0.0160676259257948,0.0531570624378378,0.0140641095249912,3144,"tags=38%, list=19%, signal=31%","2534/10273/3320/2549/6233/7314/10193/208/7311/4145/3084/387/6464/207/2885/3845/1729",0.352487857583619
"R-HSA-9669938","Signaling by KIT in disease",20,-0.506221792687282,-1.50801018865872,0.0274993178873636,0.0804215779100062,0.021277659600201,2129,"tags=35%, list=13%, signal=31%","6776/4067/6774/2885/3845/3815/6777",0.352487857583619
"R-HSA-9670439","Signaling by phosphorylated juxtamembrane, extracellular and kinase domain KIT mutants",20,-0.506221792687282,-1.50801018865872,0.0274993178873636,0.0804215779100062,0.021277659600201,2129,"tags=35%, list=13%, signal=31%","6776/4067/6774/2885/3845/3815/6777",0.352487857583619
"R-HSA-187037","Signaling by NTRK1 (TRKA)",103,-0.349646244284534,-1.50591130864743,0.00479189359442713,0.0213152017589644,0.00563950147613828,2452,"tags=29%, list=14%, signal=25%","8660/2354/5605/5598/10221/8851/57498/1960/4914/6774/1213/5595/7867/1398/160/387/6464/6722/4205/2889/6195/1785/7529/1958/9252/2885/3845/6197/3399/5594",0.407017918923954
"R-HSA-425397","Transport of vitamins, nucleosides, and related molecules",24,0.53662897640079,1.50566044899666,0.0384615384615385,0.10512379187078,0.0278132849098267,4530,"tags=50%, list=27%, signal=37%","291/347734/7355/23568/51248/64078/9197/23443/292/51000/55343/8884",0.282013350011725
"R-HSA-190873","Gap junction degradation",11,-0.594126487924133,-1.50274175946224,0.032899397969355,0.092796170471289,0.0245516859878055,3231,"tags=55%, list=19%, signal=44%","1173/1212/1213/1785/71/60",0.321775918075361
"R-HSA-9683610","Maturation of nucleoprotein",11,0.64260724815022,1.50220174735887,0.0477483775499847,0.124302333687501,0.0328874763769608,1142,"tags=36%, list=7%, signal=34%","56965/84875/83666/54625",0.321775918075361
"R-HSA-140342","Apoptosis induced DNA fragmentation",12,0.640349562282394,1.50136634740379,0.0418604651162791,0.111909795630726,0.0296087020329699,2819,"tags=58%, list=17%, signal=49%","3009/836/3008/3007/3005/3146/3148",0.276500599254472
"R-HSA-388396","GPCR downstream signalling",410,-0.294356256588917,-1.5002563696593,8.89016292289152e-06,0.000142601805268199,3.7729086517878e-05,2600,"tags=23%, list=15%, signal=20%","8111/57449/58191/1902/4157/2843/2150/146850/5030/5598/6372/8477/50832/2838/4935/10267/208/10645/26086/5613/10316/2357/5141/11251/1609/29/55160/140/23370/5595/805/10235/5499/5576/728/221472/3274/57406/2780/5729/3709/156/26230/554/89846/7409/23236/6093/5566/8527/2790/2771/57580/121512/2151/57105/388/9138/6351/63940/387/10768/6464/11214/2782/207/998/53829/6195/2870/259286/5330/165140/6655/9170/60675/409/157/5170/408/2783/9934/5573/2885/3845/5530/6197/5140/2776/8698/55701/5724/5594",0.593325476396405
"R-HSA-983705","Signaling by the B Cell Receptor (BCR)",98,0.41669044069352,1.49971683061031,0.00773887376656546,0.0308777174404672,0.00816951840542915,3034,"tags=41%, list=18%, signal=34%","29760/4792/930/4794/5701/5684/973/4893/5690/4793/5687/974/25780/5686/5685/10213/8454/933/5714/5478/640/5704/5702/118788/5966/4690/5708/5718/5717/7316/5709/5683/5700/11047/5695/5713/5694/695/8915/3710",0.407017918923954
"R-HSA-9768727","Regulation of CDH1 posttranslational processing and trafficking to plasma membrane",31,0.508898729460773,1.49896417043312,0.0416666666666667,0.111579539066892,0.0295213239072402,3365,"tags=39%, list=20%, signal=31%","90701/3728/1650/6185/3703/9789/28972/58505/60559/1603/1499/999",0.271288554688953
"R-HSA-8852135","Protein ubiquitination",73,0.437267593427858,1.4984926041099,0.0211440702266941,0.0649635550136743,0.0171878300068508,2359,"tags=32%, list=14%, signal=27%","11065/5111/3017/8343/29089/8344/8348/8345/8970/79139/3105/8347/85236/51322/7326/7319/8339/55829/7347/7316/23168/8341/7334",0.352487857583619
"R-HSA-9013026","RHOB GTPase cycle",64,-0.376851340460956,-1.49846820121391,0.0176171894548414,0.056977794000587,0.0150749853089368,2199,"tags=31%, list=13%, signal=27%","613/9414/2909/29/55160/4650/10211/6093/57580/388/8773/9138/11214/6793/9341/23092/9748/1729/2319/392",0.352487857583619
"R-HSA-9764561","Regulation of CDH1 Function",57,0.455776909172404,1.49742467741254,0.0211499735151572,0.0649635550136743,0.0171878300068508,3365,"tags=51%, list=20%, signal=41%","3728/5701/79872/1514/5684/5690/5687/5686/5685/10213/5714/5704/5702/5708/5718/5717/7316/5709/5683/6714/59/5700/11047/5695/5713/5694/1499/5682/999",0.352487857583619
"R-HSA-446652","Interleukin-1 family signaling",122,0.401851676773061,1.49741793038888,0.00806209566960713,0.0314628066378445,0.00832431925740299,2998,"tags=39%, list=18%, signal=32%","11274/3656/3557/7189/64127/4792/5701/8878/29110/5778/5684/1511/5690/92610/4793/5687/5686/5685/10213/8454/5714/5704/5702/8767/3146/28511/9097/5708/5718/5717/7186/7316/5709/23118/7334/5683/3654/5700/1326/11047/5695/834/28512/351/5713/5694/841",0.380730400722792
"R-HSA-425410","Metal ion SLC transporters",39,-0.427121741808244,-1.49699419664532,0.0205097000706108,0.063730254297174,0.0168615276199498,2005,"tags=23%, list=12%, signal=20%","84102/6717/805/27173/1317/57419/6556/80024/6546",0.352487857583619
"R-HSA-418555","G alpha (s) signalling events",95,-0.343249401930008,-1.496767950942,0.00391688184775248,0.0180050951297868,0.00476372504988085,3297,"tags=31%, list=19%, signal=25%","2788/7433/3678/2852/111/9340/4157/2843/2838/10267/5141/5576/3274/5729/156/554/5566/2790/2771/57105/6464/2782/2870/409/157/408/2783/5573/5140",0.407017918923954
"R-HSA-381119","Unfolded Protein Response (UPR)",79,0.428753999577944,1.495344675871,0.00799816824937677,0.0314295630135211,0.00831552377563536,3168,"tags=44%, list=19%, signal=36%","7184/9451/56005/1200/6347/10488/811/1649/2673/51726/58477/6734/10130/445329/7709/7494/55033/7466/3576/6745/51360/467/9709/22872/9570/10954/1054/1965/4800/10113/10897/468/64764/153222/10525",0.380730400722792
"R-HSA-936837","Ion transport by P-type ATPases",47,-0.40392840962553,-1.49293003652868,0.0134594290988784,0.046363499802644,0.0122666925010918,4032,"tags=45%, list=24%, signal=34%","478/57205/480/818/491/481/84239/489/538/477/286410/9914/51761/53822/6717/805/490/23200/23250/493/10079",0.380730400722792
"R-HSA-9013406","RHOQ GTPase cycle",55,-0.389566620322279,-1.4914941937129,0.0105605420851736,0.0393613294787336,0.0104140827850587,1401,"tags=27%, list=8%, signal=25%","23433/10435/5062/143098/11060/26030/144402/57580/8773/998/9341/8826/23092/23048/392",0.380730400722792
"R-HSA-9662361","Sensory processing of sound by outer hair cells of the cochlea",40,-0.419339245708529,-1.49128315791656,0.0150005425495386,0.050682684188654,0.0134094471883831,941,"tags=20%, list=6%, signal=19%","2059/9750/57053/4627/71/4354/60/11344",0.380730400722792
"R-HSA-9824272","Somitogenesis",39,0.480566263907009,1.48913558363596,0.0383607398869454,0.105029060242188,0.0277882211471038,3347,"tags=56%, list=20%, signal=45%","5701/5684/5690/5687/5686/5685/10213/5714/5704/5702/5708/5718/5717/5709/5683/5700/11047/5695/5713/5694/1499/5682",0.321775918075361
"R-HSA-69231","Cyclin D associated events in G1",47,0.461575186264654,1.4882735583111,0.019940656868216,0.0628288950530296,0.0166230491459778,2414,"tags=36%, list=14%, signal=31%","1022/1163/898/1870/9134/1019/1869/8454/5519/1026/5515/1029/894/1875/5933/7316/6714",0.352487857583619
"R-HSA-69236","G1 Phase",47,0.461575186264654,1.4882735583111,0.019940656868216,0.0628288950530296,0.0166230491459778,2414,"tags=36%, list=14%, signal=31%","1022/1163/898/1870/9134/1019/1869/8454/5519/1026/5515/1029/894/1875/5933/7316/6714",0.352487857583619
"R-HSA-418346","Platelet homeostasis",74,-0.362248306181976,-1.48815408049893,0.0128407249629357,0.0451129894715528,0.0119358368545977,1844,"tags=20%, list=11%, signal=18%","80228/6717/5051/805/490/3709/2982/5526/2790/2782/5175/2783/10335/493/6546",0.380730400722792
"R-HSA-445355","Smooth Muscle Contraction",39,-0.424173459360295,-1.48666093265373,0.0221839364503569,0.0673577267364564,0.017821271581434,1935,"tags=26%, list=11%, signal=23%","7169/805/103910/5062/2982/7094/8291/4637/7171/5829",0.352487857583619
"R-HSA-8853659","RET signaling",33,-0.439209907772297,-1.48538196005031,0.0262846533161197,0.0779854924673072,0.0206331286403042,3897,"tags=42%, list=23%, signal=33%","220164/9046/5979/1796/2549/5909/8660/5598/2887/5566/6464/5293/2885/55715",0.352487857583619
"R-HSA-9675126","Diseases of mitotic cell cycle",38,0.479671692881276,1.4811690904457,0.0463096960926194,0.121956546260497,0.0322668361500048,4353,"tags=47%, list=26%, signal=35%","11065/898/1870/9134/996/1019/1869/1026/894/8697/51434/51433/1616/51343/29945/6502/27338/1021",0.252961123069611
"R-HSA-9637690","Response of Mtb to phagocytosis",22,-0.467101750184469,-1.48111539290657,0.0395003130053519,0.106698491891176,0.0282299135296222,2405,"tags=41%, list=14%, signal=35%","6233/80824/7314/7311/5595/3836/5230/5594/5987",0.321775918075361
"R-HSA-9664323","FCGR3A-mediated IL10 synthesis",38,-0.415043508475235,-1.48061794553799,0.0300318622384185,0.0862397780011004,0.0228170186160449,2082,"tags=29%, list=12%, signal=25%","4067/5613/2209/805/5576/3709/5566/10768/3055/5573/6850",0.352487857583619
"R-HSA-2672351","Stimuli-sensing channels",72,-0.363215350656462,-1.4792519228033,0.0139385971609097,0.0478066788153879,0.0126485237530188,4173,"tags=36%, list=25%, signal=27%","1182/50636/7809/6262/80036/1183/255231/6261/55283/6233/338440/53373/197259/7314/1184/94015/7311/444/6717/805/51393/1831/219931/26133/7439/65125",0.380730400722792
"R-HSA-446728","Cell junction organization",257,0.372561507145884,1.47683329155808,0.00212698075108506,0.0111842563997453,0.00295909141227557,2979,"tags=32%, list=18%, signal=26%","90701/3728/3017/4343/80149/8343/8355/8356/8365/8357/8344/8348/8345/5701/8970/79872/8358/1514/2146/1650/5684/8352/6615/8334/8347/5690/8331/329/127544/8364/6185/85236/5687/8294/3703/10009/5686/1308/3572/8339/5685/3012/10213/253559/9789/28972/5315/5714/58505/5704/8353/283/5702/60559/5708/5931/23411/5718/5717/64398/7316/6935/5709/8354/1006/8341/5683/6714/59/5700/11047/3013/126961/5695/8363/1603/3914/5713/149461/5694/25945",0.431707695803346
"R-HSA-416476","G alpha (q) signalling events",136,-0.327494811429241,-1.47586988039546,0.00527095941566409,0.0228696271914606,0.00605076591643017,3407,"tags=28%, list=20%, signal=23%","2796/139189/221955/1608/2788/353299/2358/9002/8111/1902/2150/5598/8477/4935/10316/1609/5595/10235/57406/3709/156/23236/8527/2790/2151/57105/2782/6195/5330/9170/60675/2783/2885/3845/6197/2776/5724/5594",0.407017918923954
"R-HSA-6783589","Interleukin-6 family signaling",18,-0.497464753164991,-1.47486254011561,0.0385553199554222,0.105199051699674,0.027833196891939,2236,"tags=33%, list=13%, signal=29%","3590/6774/7297/3716/867/3570",0.321775918075361
"R-HSA-446203","Asparagine N-linked glycosylation",288,0.363344138293375,1.4712617384888,0.00181804800698428,0.00992116919275272,0.00262490821997572,4513,"tags=40%, list=27%, signal=30%","6675/3998/4758/10802/8775/79139/811/91445/2673/8703/1650/440138/29925/199857/63908/79694/51128/5238/5476/378/22820/8702/9526/6185/10195/29880/3703/83548/64689/64841/6396/8813/8704/11236/5861/11014/10376/26503/11196/4905/85365/90411/375056/79053/29929/58505/55014/56052/51164/79796/5373/23256/4245/27090/10945/2530/10671/10342/22872/84516/51009/9570/6711/84790/25834/1798/7316/51693/29926/433/5700/91869/10959/55741/2762/9871/1603/54732/10113/51014/140838/55768/9382/10972/10540/23423/6480/6048/149111/10825/116150/2923/11015/5372/254263/7844/79087/10020/10402/9695/10905/55757/57511/128637/84617/8774/9117/1783/55343/1315/821/80267/4122/57171/286",0.45505986738723
"R-HSA-1912422","Pre-NOTCH Expression and Processing",95,0.404954787642032,1.46959061376052,0.0133645306662147,0.0462781941941698,0.0122441226417795,1255,"tags=25%, list=7%, signal=24%","3017/4343/8343/8355/8356/8365/8357/1991/8344/8348/8345/8970/8358/8352/8334/8347/8331/84441/8364/85236/8294/1869/8339/3012",0.380730400722792
"R-HSA-9958825","Activation of STAT3 by cadherin engagement",72,0.426961270846684,1.46604792604892,0.0242843897179683,0.0730371418032834,0.0193239113413182,3365,"tags=46%, list=20%, signal=37%","3728/5701/79872/1514/5684/5690/329/127544/5687/5686/3572/5685/10213/5714/5704/5702/5708/5718/5717/7316/5709/5683/6714/59/5700/11047/5695/5713/5694/1793/1499/5682/999",0.352487857583619
"R-HSA-201681","TCF dependent signaling in response to WNT",182,0.379787102454907,1.46407503942357,0.0058570884208233,0.0250028398179231,0.00661516384669104,2715,"tags=28%, list=16%, signal=24%","857/3017/8343/8355/8356/8365/8357/8344/8348/8345/5701/8970/8358/5684/8352/8334/8347/5690/8331/8364/85236/5687/8294/5686/80351/8339/5685/3012/10213/5519/5714/5515/5704/8353/5702/8323/5708/5718/5717/7316/5709/8354/8341/5683/5700/11047/3013/26108/126961/5695/8363",0.407017918923954
"R-HSA-180024","DARPP-32 events",25,-0.452894871707395,-1.46179209964359,0.0421932739530367,0.112609947962054,0.0297939458861924,1757,"tags=28%, list=10%, signal=25%","5141/805/5499/5576/5566/5573/5530",0.321775918075361
"R-HSA-5663202","Diseases of signal transduction by growth factor receptors and second messengers",406,-0.285939709797429,-1.46160634660947,7.98009926441625e-05,0.00086206786611517,0.000228082898696619,2452,"tags=24%, list=14%, signal=21%","8660/146850/6233/5605/5719/4000/7157/613/7249/6776/80824/4067/9612/3082/7314/83999/208/9061/391/7311/5155/6774/8805/57534/79885/161742/1213/6194/5595/805/9372/51564/7297/57690/23462/6249/2120/9759/22906/11116/5526/3164/5432/5500/7409/3084/54518/5663/9365/1937/55851/9208/9794/1387/1488/2932/1445/6464/4851/4627/7094/10046/9148/7046/2963/207/1523/5691/71/409/7529/5293/5170/7175/408/1027/6801/8844/5573/2885/8826/79718/60/3845/3092/7048/55534/3815/7171/6907/6777/83464/27161/192670/5594/3516/867",0.538434096309916
"R-HSA-1483191","Synthesis of PC",23,-0.464565505971676,-1.45988130043281,0.0336073940852558,0.0942907099070428,0.024947106000686,248,"tags=17%, list=1%, signal=17%","57153/58488/162466/5130",0.321775918075361
"R-HSA-6798695","Neutrophil degranulation",461,-0.289089206871524,-1.45793467684393,4.35517782937308e-06,7.51741564461354e-05,1.9889315195768e-05,1904,"tags=24%, list=11%, signal=22%","84443/11031/391/4125/10312/2548/2357/10159/5265/353189/57126/1915/2495/58485/101/5317/728/9535/3163/2512/10487/4318/1654/23406/55754/326624/5199/79792/6286/383/3043/10383/5611/5004/3687/8694/150372/27180/93100/6093/5663/1075/23218/124583/3101/55/138050/11010/55313/1675/2799/8773/8904/387/10097/140885/966/5175/847/114790/29108/240/410/1378/6793/51719/199675/8907/8972/5836/5873/5788/10788/6283/3482/23200/64114/226/11240/6515/80331/222487/1604/8826/64333/23250/57153/84329/9961/374403/64386/22918/2992/84658/230/53916/6556/1729/28988/84418/976/5869/25801/54918/5795/3303/960/5724/5594/9545/3614",0.610526878385931
"R-HSA-163685","Integration of energy metabolism",86,-0.344421829532061,-1.45674384449607,0.0163402513046382,0.0537553130570158,0.0142223925798789,1477,"tags=20%, list=9%, signal=18%","5576/3709/51094/23236/2181/5566/2790/2771/10768/2782/6888/5330/2783/5573/8826/2182/2776",0.352487857583619
"R-HSA-381042","PERK regulates gene expression",20,0.549853338604457,1.45671047966018,0.0496894409937888,0.128303792354694,0.0339461683056379,2886,"tags=50%, list=17%, signal=42%","9451/6347/1649/3576/467/9709/1054/1965/4800/468",0.252961123069611
"R-HSA-9855142","Cellular responses to mechanical stimuli",89,-0.352218532664977,-1.45359719015343,0.00806383016473723,0.0314628066378445,0.00832431925740299,1556,"tags=19%, list=9%, signal=17%","805/5576/3551/5566/2790/84290/7094/2782/207/5175/8517/5293/5170/2783/5573/2776/6696",0.380730400722792
"R-HSA-177243","Interactions of Rev with host cellular proteins",36,0.483891214092444,1.45243178753095,0.0480905233380481,0.124988135942423,0.0330689235371944,4386,"tags=56%, list=26%, signal=41%","55706/6396/79023/53371/1104/5901/4927/23165/5903/129401/5902/9631/23511/23279/8086/4869/7514/9818/23636/8480",0.245041785430996
"R-HSA-9687139","Aberrant regulation of mitotic cell cycle due to RB1 defects",36,0.483569466109528,1.45146603947777,0.0495049504950495,0.128035604863418,0.0338752121978781,4353,"tags=47%, list=26%, signal=35%","11065/898/1870/9134/996/1019/1869/1026/894/8697/51434/51433/51343/29945/6502/27338/1021",0.241339976815091
"R-HSA-9609507","Protein localization",158,0.383743033450082,1.45016402893432,0.00776709431163814,0.0309126460322841,0.00817875968999866,4535,"tags=41%, list=27%, signal=30%","9381/26519/291/388753/3313/6804/10440/50/439/3417/100287932/56942/6342/80273/3416/5621/51142/8540/7416/134266/7316/498/2395/54332/5827/10651/10469/54927/6449/29090/23203/1537/351/56993/8443/9512/26515/3329/10531/26061/516/91452/84896/23480/1891/10965/1431/9804/506/1384/92609/26520/9868/10478/8604/5828/10952/5192/8504/100272147/51268/29928/4714/11001/5194",0.407017918923954
"R-HSA-8940973","RUNX2 regulates osteoblast differentiation",20,-0.48671207240822,-1.44989167739802,0.0406611159603286,0.109255248976314,0.0289063713703133,2202,"tags=25%, list=13%, signal=22%","4094/5595/25937/23462/5594",0.321775918075361
"R-HSA-8955332","Carboxyterminal post-translational modifications of tubulin",32,-0.419805928780995,-1.44924831518294,0.0472975572419617,0.123941453630751,0.0327919959946607,1480,"tags=19%, list=9%, signal=17%","23170/10383/7277/23287/26140/7846",0.321775918075361
"R-HSA-1855204","Synthesis of IP3 and IP4 in the cytosol",24,-0.456289907653378,-1.44862337881255,0.0431037708602854,0.114419899584713,0.0302728165515115,1936,"tags=21%, list=11%, signal=18%","3636/805/23236/122618/5330",0.321775918075361
"R-HSA-9659379","Sensory processing of sound",57,-0.36764971520802,-1.4474253614069,0.0277668706083821,0.0809060376625887,0.0214058362658837,1648,"tags=23%, list=10%, signal=21%","53405/490/2059/9750/57053/1488/4627/71/832/4354/80331/60/11344",0.352487857583619
"R-HSA-1234174","Cellular response to hypoxia",60,0.434317639022665,1.44550115805334,0.0346666666666667,0.0965801169590643,0.0255528293053658,3347,"tags=47%, list=20%, signal=38%","5701/5684/5690/3091/5687/5686/5685/10213/5714/5704/5702/7422/5708/8453/5718/5717/7316/5709/5683/126374/5700/11047/5695/64344/5713/5694/2033/5682",0.282013350011725
"R-HSA-2995410","Nuclear Envelope (NE) Reassembly",67,0.431737209622313,1.44406993113922,0.0343915343915344,0.0959819975637199,0.0253945809692208,1695,"tags=27%, list=10%, signal=24%","983/9133/891/55706/6396/79023/53371/1104/23592/5901/10376/3842/23165/7112/7443/129401/5515/9798",0.282013350011725
"R-HSA-8878166","Transcriptional regulation by RUNX2",92,0.407517281186537,1.4434601268125,0.033210332103321,0.0934565586991586,0.0247264091937132,2963,"tags=34%, list=17%, signal=28%","983/891/5701/5684/5690/6772/5687/57154/1019/5686/5685/10213/8454/5714/1026/8493/5704/5702/5708/5718/5717/7316/5709/5683/3958/6714/5700/11047/5695/5713/5694",0.276500599254472
"R-HSA-162909","Host Interactions of HIV factors",117,0.392698612887339,1.43885740949731,0.0121786131486015,0.0435577425224758,0.0115243550603242,3567,"tags=41%, list=21%, signal=33%","291/5701/3159/5684/3105/5690/5687/55706/60489/6396/5686/79023/53371/5685/1104/51606/5901/10213/4927/10053/23165/5903/5714/5478/129401/5704/5702/5708/5718/5717/7316/5709/5683/5700/11047/5902/5695/164/1174/5713/5694/9631/567/23511/5682/23279/8086/4869",0.380730400722792
"R-HSA-9013423","RAC3 GTPase cycle",82,-0.345080589033319,-1.43754025067815,0.0109824803318092,0.0402775491152724,0.0106564929696376,2445,"tags=28%, list=14%, signal=24%","11135/23344/28964/613/55845/2909/9710/29/4689/397/5062/143098/57580/8773/998/2889/51347/64411/55843/9341/23092/392/10163",0.380730400722792
"R-HSA-450282","MAPK targets/ Nuclear events mediated by MAP kinases",31,-0.416289351355077,-1.43548220886996,0.0308524866431239,0.0879600516863209,0.0232721626065578,3247,"tags=32%, list=19%, signal=26%","51231/1849/1432/5598/5595/4205/6195/9252/6197/5594",0.352487857583619
"R-HSA-202424","Downstream TCR signaling",82,0.412323018376993,1.43535812882007,0.0148613277791021,0.0505348790432852,0.0133703414203536,2997,"tags=37%, list=18%, signal=30%","7189/4792/5701/5684/5690/5687/5686/5685/10213/8454/5714/5704/5702/8767/5708/5718/5717/7316/5709/3117/3118/23118/7334/5683/5700/11047/5695/5713/5694/8915",0.380730400722792
"R-HSA-9013409","RHOJ GTPase cycle",52,-0.377746027545562,-1.43429143936498,0.0280836029727363,0.0815542353319629,0.0215773341364928,1165,"tags=23%, list=7%, signal=22%","5062/143098/11060/144402/57580/8773/998/7454/9341/23092/23048/392",0.352487857583619
"R-HSA-450531","Regulation of mRNA stability by proteins that bind AU-rich elements",62,0.421154790781268,1.43334426906476,0.0474934036939314,0.124249629433218,0.0328735320698324,4510,"tags=52%, list=27%, signal=38%","55802/5701/5684/5690/5687/5686/1981/5685/10213/3842/5714/5704/5702/5708/5718/5717/7316/5709/5683/5700/11047/5695/5713/5694/5682/54464/677/5693/7514/5707/9861/7538",0.237793834423688
"R-HSA-983168","Antigen processing: Ubiquitination & Proteasome degradation",275,0.354868433802437,1.42396413314909,0.00324471737538242,0.015613973309416,0.00413109040780261,3518,"tags=31%, list=21%, signal=25%","11065/991/55008/51444/51191/140691/222235/5701/122769/5684/7318/51465/5690/25847/127544/996/26270/5687/7326/79876/57154/25897/26224/7319/9246/26263/5686/26046/140459/5685/6049/57674/10213/6737/8454/5714/26234/9817/84541/899/5704/5702/5930/197131/5708/91694/8453/5718/5717/7174/27252/10293/10616/7316/5709/54850/56658/7334/5683/8697/5700/11047/151636/5695/29116/22954/55905/57630/9616/7064/5713/5694/80196/51320/81559/3093/55958/51434/5682/89890/51433/64219/4012/64320",0.431707695803346
"R-HSA-3214842","HDMs demethylate histones",43,0.449449557616275,1.42200283395858,0.0476858345021038,0.124302333687501,0.0328874763769608,4235,"tags=49%, list=25%, signal=37%","8355/8356/8365/8357/8358/8352/84159/8364/8294/8353/8354/126961/8363/8351/23210/8284/333932/554313/9682/10765/221656",0.245041785430996
"R-HSA-2871837","FCERI mediated NF-kB activation",68,0.410441261881105,1.41522363258943,0.0448852943208242,0.118401739836327,0.031326317908461,2997,"tags=40%, list=18%, signal=33%","7189/4792/5701/5684/5690/5687/5686/5685/10213/8454/5714/5704/5702/5708/5718/5717/7316/5709/23118/7334/5683/5700/11047/5695/5713/5694/8915",0.321775918075361
"R-HSA-162906","HIV Infection",214,0.358521997919713,1.41373369114527,0.00696940210856251,0.0284509268596331,0.00752744664755162,4404,"tags=43%, list=26%, signal=32%","2237/291/1022/5701/3159/5684/8812/3105/5690/6880/51510/6924/5687/55706/60489/6875/2962/2959/6396/5686/79023/53371/5685/1104/51606/5901/10213/5440/4927/905/10053/23165/5903/5714/5478/2965/129401/5704/5702/51616/3978/5708/6829/7852/5718/5717/7316/5709/6884/5683/6873/5700/5433/11047/51271/5902/5695/2547/7936/1234/164/1174/5713/51534/5694/9631/567/2967/23511/22916/5682/23279/8731/8086/4869/25978/6917/6878/91782/6883/292/5693/7514/4686/2960/9818/23636/51497/2966/8480/5707/9861",0.407017918923954
"R-HSA-1222556","ROS and RNS production in phagocytes",31,-0.409704079354,-1.41277434769757,0.0359519633527646,0.0992899440072874,0.0262697858611304,2246,"tags=29%, list=13%, signal=25%","528/10312/526/4689/523/533/9114/84329/6556",0.321775918075361
"R-HSA-9705683","SARS-CoV-2-host interactions",181,0.365585449935813,1.41073377620141,0.00870594467829793,0.0332332695892719,0.00879274214830168,3241,"tags=33%, list=19%, signal=27%","64135/3656/857/9636/3838/3665/7189/64127/10802/57617/23586/29110/3105/7405/51128/23367/6772/55706/6396/80143/79023/53371/7187/7555/4927/23165/5903/129401/55823/51065/8767/9908/84282/6637/51284/6632/6773/3133/10971/6635/64398/7316/30849/23118/7334/3654/11218/3134/6628/26007/9871/65082/9631/567/7284/7531/23511/64601/7533",0.380730400722792
"R-HSA-159234","Transport of Mature mRNAs Derived from Intronless Transcripts",42,0.452684061302251,1.40840102845403,0.0486409155937053,0.12621204895883,0.0333927421592626,4386,"tags=50%, list=26%, signal=37%","1977/55706/6396/79023/53371/4927/23165/5903/129401/81608/7884/9631/51692/23511/22916/23279/8086/4686/9818/23636/8480",0.245041785430996
"R-HSA-9860931","Response of endothelial cells to shear stress",82,-0.338004616531414,-1.40806309198697,0.0152141595383915,0.0510023849996804,0.013494032509981,1556,"tags=20%, list=9%, signal=18%","805/5576/3551/5566/2790/84290/7094/2782/207/5175/8517/5293/5170/2783/5573/2776",0.380730400722792
"R-HSA-9758941","Gastrulation",73,0.410525655747796,1.40684941711083,0.047680412371134,0.124302333687501,0.0328874763769608,3365,"tags=45%, list=20%, signal=36%","5701/5684/6615/5690/84441/5687/5686/5685/10213/5714/5704/5702/4602/5708/83881/22938/7852/5718/5717/5077/5709/5460/5683/5700/11047/5695/79923/5713/5694/2033/1499/5682/999",0.234392647294686
"R-HSA-216083","Integrin cell surface interactions",64,-0.353727264990809,-1.406520294827,0.0340952680251504,0.0954654757815184,0.0252579214439617,2787,"tags=25%, list=16%, signal=21%","7057/3655/1300/3696/1292/8174/1298/3386/3687/80781/5175/50848/682/6696/960/3385",0.321775918075361
"R-HSA-204998","Cell death signalling via NRAGE, NRIF and NADE",67,-0.360361071992458,-1.40526369143015,0.0227352878845815,0.0687688326870771,0.0181946170548432,2002,"tags=28%, list=12%, signal=25%","7314/7311/29/55160/23370/221472/26230/89846/7409/5663/57580/55851/121512/9138/11214/6655/835/83464/55701",0.352487857583619
"R-HSA-9024446","NR1H2 and NR1H3-mediated signaling",37,-0.403792831822274,-1.39952652590222,0.0395080058136093,0.106698491891176,0.0282299135296222,364,"tags=19%, list=2%, signal=19%","6256/79718/23112/6257/6907/27161/192670",0.321775918075361
"R-HSA-2132295","MHC class II antigen presentation",109,0.382522235373725,1.39504195515191,0.0341463414634146,0.0954654757815184,0.0252579214439617,2849,"tags=30%, list=17%, signal=25%","1509/11004/9493/3832/1062/10112/10802/81930/1514/24137/5641/51128/5476/3112/56992/6396/29127/10376/10437/10053/3902/51164/10671/22872/84516/84790/3117/3118/9871/3799/3835/164/1174",0.271288554688953
"R-HSA-9917777","Epigenetic regulation by WDR5-containing histone modifying complexes",140,0.369852713040259,1.39454480656643,0.0202716292987902,0.0631564715810053,0.0167097181972004,2715,"tags=28%, list=16%, signal=24%","3017/8343/8355/8356/8365/8357/8344/8348/8345/6319/8970/8202/8358/892/8352/8334/8347/8331/8364/22822/85236/8294/51562/9969/54934/8339/3012/8353/123/23411/55689/8354/8341/9440/3013/9862/126961/29915/8363",0.352487857583619
"R-HSA-5654736","Signaling by FGFR1",39,-0.396413831742699,-1.38936782538028,0.0426213383990202,0.113535155452057,0.0300387340455825,2002,"tags=28%, list=12%, signal=25%","7314/7311/161742/5595/9365/6464/8569/2885/3845/5594/867",0.321775918075361
"R-HSA-196849","Metabolism of water-soluble vitamins and cofactors",114,0.374842526965479,1.3837934106822,0.0332512315270936,0.0934565586991586,0.0247264091937132,5190,"tags=43%, list=31%, signal=30%","952/54981/56965/1719/6948/6470/9962/10797/84875/25902/6472/4522/6947/83666/54625/441024/51293/60496/55312/9054/60386/2194/31/119391/51248/8876/200895/160428/4338/80308/56922/5095/5167/4524/79668/5096/8884/683/4907/81034/166785/10560/254552/53354/64087/27304/79178/25974/9446",0.276500599254472
"R-HSA-168273","Influenza Viral RNA Transcription and Replication",126,-0.313622274075565,-1.38139515275109,0.00759525658884744,0.0303810263553897,0.00803810561660575,4679,"tags=57%, list=28%, signal=42%","6217/6166/8021/6229/6205/79902/6234/6181/6169/6230/6175/6235/6141/10762/6209/5434/6143/6155/6146/6157/2197/6170/6147/6202/6201/6228/6130/4736/6210/9349/6133/6206/6224/6125/6176/6207/6159/6139/6171/6124/348995/3320/6135/5431/6173/6232/6223/6222/6142/23521/6154/6233/6122/6128/6144/6193/6189/7311/6137/6191/6188/6187/6203/6194/6129/6134/6208/4928/5611/5432/2963/7175",0.407017918923954
"R-HSA-3700989","Transcriptional Regulation by TP53",342,0.334791064556096,1.36568654543564,0.00662021964304527,0.0278784388808034,0.00737597978187565,3324,"tags=30%, list=20%, signal=25%","332/983/890/9212/891/22974/5111/9156/1111/4343/8900/79837/1022/79733/5371/5984/8812/4683/9377/5932/7159/898/9997/9134/6790/6880/55215/27244/6924/5985/54205/6875/64065/2962/843/5983/1869/6119/5876/9337/94241/5440/1763/905/5052/580/28984/5519/1026/6009/10769/2965/995/5515/1029/6446/11200/5366/144455/51422/672/84883/51616/4292/27154/6829/5931/83990/5933/7862/29117/5571/10971/116028/5884/54541/7316/900/253260/6884/6873/1349/5433/639/5562/834/7936/83667/4848/3364/80196/7296/7531/2967/2033/5608/7486/7533/1386/79370/2821/58528/7161",0.407017918923954
"R-HSA-9694516","SARS-CoV-2 Infection",267,0.339863327405824,1.36401545439736,0.0104485618632581,0.0390407440914209,0.010329263425363,3241,"tags=29%, list=19%, signal=24%","64135/3656/6382/857/9636/3838/3665/56965/7189/64127/10802/1514/57617/23586/29110/1650/3105/7405/375790/51128/84875/23367/6185/6772/55706/3703/83666/6396/54625/80143/79023/53371/7187/7555/4927/23165/5903/58505/129401/55823/51065/8767/9908/85437/84282/4245/27090/6637/51284/6632/6773/2530/3133/10971/6635/64398/25834/7316/30849/23118/7334/3654/11218/3134/6628/26007/55741/9871/1603/65082/9631/567/7284/7531/23511/64601/6480/7533",0.380730400722792
"R-HSA-983169","Class I MHC mediated antigen processing & presentation",344,0.334207934729922,1.36359644315619,0.00811682060232288,0.0314633709038213,0.00832446854892015,4404,"tags=37%, list=26%, signal=28%","11065/991/55008/51444/51191/140691/10802/222235/5701/122769/811/1514/5684/7318/3105/51465/5690/25847/51128/127544/6890/996/26270/5687/7326/79876/57154/25897/26224/7319/6396/9246/26263/5686/26046/140459/5685/6049/57674/10213/6737/8454/5714/26234/9817/84541/899/5704/5702/29927/3146/5930/197131/5708/91694/3133/22872/8453/5718/5717/7174/27252/10293/10616/7316/30849/5709/54850/56658/7334/5683/8697/5700/3134/11047/151636/5695/29116/22954/9871/55905/57630/9616/7064/64167/5713/5694/80196/929/567/695/51320/81559/3093/55958/3693/51434/948/5682/89890/51433/23480/64219/4012/64320/2923/6891/51343/642/55175/51752/140460/5693/9730/29945/6280/55294/23014/7097/10952/6502/27338/93611/142685/7332/821/5707/9861",0.380730400722792
"R-HSA-72203","Processing of Capped Intron-Containing Pre-mRNA",291,0.341378745877206,1.36012530597931,0.00686648601926358,0.0282768921816537,0.00748140116158989,4386,"tags=40%, list=26%, signal=30%","163859/8896/79753/29107/10713/11051/1977/10569/10179/7737/9877/55706/2962/10286/9129/55110/6396/26017/79023/3183/53371/55702/24144/1659/5440/4927/79622/84248/23165/6631/5903/1478/6627/10946/80145/129401/27238/10978/55696/84844/85437/6637/6632/5930/81608/25949/63932/1665/6429/22938/10772/6635/6626/51639/7316/4116/4809/56339/51362/5433/6628/64895/51428/27336/6432/7884/4236/2733/10236/23658/60625/9631/22826/51692/23350/55954/10915/23511/65109/11017/22916/79228/9410/85313/10523/10914/11052/55660/23279/27316/8086/988/5546/51645/51503/4670/55749/1660/3550/5356/10921/9343/57721/9128/22827/51729/23517/4686/6431/9818/51593/6636/10285/23636/84991/6434/8480",0.407017918923954
"R-HSA-1500931","Cell-Cell communication",286,0.338832211125322,1.35919457542476,0.0091122671089457,0.0346178951411621,0.00915908153049869,2979,"tags=29%, list=18%, signal=25%","90701/3728/3017/4343/80149/8343/8355/8356/8365/8357/8344/8348/8345/5701/8970/79872/8358/1514/2146/1650/5684/8352/6615/8334/8347/5690/8331/329/127544/8364/6185/85236/5687/8294/3703/10009/5686/1308/3572/8339/5685/3012/10213/253559/9789/28972/5315/5714/58505/23607/5704/8353/283/5702/60559/4690/5708/5931/23411/5718/5717/6711/64398/7316/6935/5709/8354/1006/8341/5683/6714/59/5700/11047/3013/126961/5695/8363/1603/3914/5713/149461/5694/25945",0.380730400722792
"R-HSA-198725","Nuclear Events (kinase and transcription factor activation)",54,-0.35755522432376,-1.35060081154979,0.028092044538151,0.0815542353319629,0.0215773341364928,2623,"tags=30%, list=15%, signal=25%","1432/2354/5598/10221/8851/1960/5595/6722/4205/6195/1785/1958/9252/6197/3399/5594",0.352487857583619
"R-HSA-9909396","Circadian clock",109,0.36997725390591,1.34929095336477,0.0487804878048781,0.126367723709864,0.0334339300400145,3347,"tags=34%, list=20%, signal=27%","5701/5684/5690/1408/5687/6604/26224/5686/8204/8553/5685/10213/79365/8454/5714/5704/5702/5708/9572/23411/5718/5717/7316/5709/4862/5683/5700/11047/5695/5501/5713/5694/2033/56938/1407/1386/5682",0.224966093540314
"R-HSA-6794361","Neurexins and neuroligins",47,-0.36488096232127,-1.34860964325814,0.0361939551605741,0.0996117864731225,0.0263549378142616,4381,"tags=45%, list=26%, signal=33%","1742/85358/320/321/143425/57596/1741/9229/9379/127833/6812/8573/9378/8825/9454/2035/26045/26037/22839/64130/28988",0.321775918075361
"R-HSA-9007101","Rab regulation of trafficking",119,-0.306373997113794,-1.34097388434422,0.021925092105024,0.0666993223424867,0.017647073251356,2377,"tags=24%, list=14%, signal=21%","126432/9230/7249/79890/25782/5867/208/11031/6305/11021/10981/58485/4943/81876/26130/22878/79735/84958/207/83874/26000/2664/9909/5873/11345/374403/51112/5869/57533",0.352487857583619
"R-HSA-72163","mRNA Splicing - Major Pathway",205,0.341239059617761,1.34055247180081,0.0354436996896612,0.0982279146722199,0.0259887978568627,4723,"tags=41%, list=28%, signal=30%","163859/8896/79753/10713/10569/10179/7737/2962/10286/9129/55110/26017/3183/55702/24144/1659/5440/6631/6627/10946/27238/55696/84844/6637/6632/25949/63932/1665/6429/22938/10772/6635/6626/51639/4116/4809/51362/5433/6628/51428/27336/6432/4236/10236/23658/60625/22826/23350/10915/65109/11017/22916/9410/85313/10523/55660/27316/988/5546/51645/51503/4670/55749/1660/3550/5356/10921/9343/9128/22827/51729/23517/4686/6431/51593/6636/10285/84991/6434/10250/53938/27258/56259/10992/84811",0.321775918075361
"R-HSA-6811558","PI5P, PP2A and IER3 Regulate PI3K/AKT Signaling",85,-0.317407972759279,-1.3399692739605,0.0394591851279881,0.106698491891176,0.0282299135296222,2038,"tags=22%, list=12%, signal=20%","3082/391/5155/5595/23396/9173/5526/7409/3084/3643/9365/207/5293/6801/51135/2885/3815/5594/3556",0.321775918075361
"R-HSA-2990846","SUMOylation",176,0.350525741654256,1.33557911809719,0.0303712035995501,0.0870568074297572,0.0230331854025976,4571,"tags=40%, list=27%, signal=30%","332/7153/9212/55143/5111/8365/4792/7158/5371/59348/5610/6790/8364/55706/8294/6396/8204/79023/3183/53371/10055/4927/23165/5903/6672/129401/1029/29843/4152/286053/672/6612/51602/59343/142/6613/51588/8363/9126/9631/23511/2033/6670/493861/115426/7486/4286/23279/1786/8086/4869/8554/1616/54780/554313/7150/25942/22955/3619/4791/23512/10054/9818/80012/165918/23636/7181/8480/1789/641/23468",0.276500599254472
"R-HSA-72172","mRNA Splicing",213,0.338501092511619,1.33114355410589,0.0315960771313696,0.0895974472939552,0.0237053790053842,4723,"tags=41%, list=28%, signal=30%","163859/8896/79753/10713/10569/10179/7737/2962/10286/9129/55110/26017/3183/55702/24144/1659/5440/79622/6631/6627/10946/27238/55696/84844/85437/6637/6632/25949/63932/1665/6429/22938/10772/6635/6626/51639/4116/4809/51362/5433/6628/51428/27336/6432/4236/10236/23658/60625/22826/23350/55954/10915/65109/11017/22916/9410/85313/10523/55660/27316/988/5546/51645/51503/4670/55749/1660/3550/5356/10921/9343/9128/22827/51729/23517/4686/6431/51593/6636/10285/84991/6434/10250/53938/27258/56259/10992/84811",0.321775918075361
"R-HSA-193704","p75 NTR receptor-mediated signalling",86,-0.313991906708634,-1.32803945075383,0.0431596472614882,0.114419899584713,0.0302728165515115,2002,"tags=26%, list=12%, signal=23%","7314/57142/7311/29/55160/23370/221472/3551/26230/89846/7409/5663/57580/55851/121512/9138/387/11214/6655/835/83464/55701",0.321775918075361
"R-HSA-1428517","Aerobic respiration and respiratory electron transport",245,0.331386882124076,1.31620754232939,0.0216621341924017,0.0660258523944989,0.0174688889297267,4563,"tags=37%, list=27%, signal=28%","291/3418/9377/4729/9997/3313/38/54205/389203/50/3419/518/2805/2271/4698/80219/8050/2806/80232/5160/119559/509/5315/7388/137682/55572/4700/6390/51103/29078/84233/10048/54902/4704/55863/1737/1738/25852/57226/9054/7416/4715/7316/498/4199/2108/79133/4190/2395/8803/10131/440567/8801/1349/51204/7385/4722/51660/55101/81689/29090/1537/4710/55744/100303755/6389/516/4289/4706/7386/1431/506/10476/539/4191/3052/4711/23530/28976/5018/8604/4697/3420/7384/4714/4728/25874/51295/522/4719/100996939",0.352487857583619
"R-HSA-391251","Protein folding",79,-0.320902622619719,-1.31552442240516,0.0320201815731061,0.0906382323317156,0.0239807462678274,1261,"tags=19%, list=7%, signal=18%","26190/10383/7277/2790/5204/22803/2782/10238/63971/6904/2783/60/11328/2776/7846",0.321775918075361
"R-HSA-3371497","HSP90 chaperone cycle for steroid hormone receptors (SHR) in the presence of ligand",47,-0.355299267198378,-1.31319544581883,0.0467116293979374,0.122811370006498,0.0324930024247567,1097,"tags=15%, list=6%, signal=14%","10383/7277/2289/832/10121/3303/7846",0.321775918075361
"R-HSA-3858494","Beta-catenin independent WNT signaling",121,-0.29547704137797,-1.31204255478271,0.028539878778665,0.0826757557251796,0.0218740620767012,3409,"tags=36%, list=20%, signal=29%","6932/5692/2788/8322/5879/1173/50855/4772/2535/5158/23002/161/1212/51701/6233/5719/1855/7314/7311/5216/1213/5145/805/57690/2780/57216/3709/64750/5148/23236/160/2790/54361/387/2782/5691/5330/409/2783/23112/3845/5530/27161/192670",0.352487857583619
"R-HSA-157118","Signaling by NOTCH",206,0.336454360659306,1.30661008242026,0.0371621621621622,0.101923166690006,0.0269664747019924,2715,"tags=29%, list=16%, signal=25%","9787/3017/4192/4343/8343/8355/8356/8365/8357/1991/8344/8348/8345/5701/8970/8358/892/5684/8352/8334/8347/5690/8331/84441/3091/8364/6772/85236/5687/8294/6868/5686/1869/8339/5685/3012/10213/8454/5714/5704/8353/5702/5708/22938/5718/5717/7316/5709/8354/8341/5683/59/5700/51548/11047/3013/126961/5695/10959/8363",0.248911114434702
"R-HSA-3108232","SUMO E3 ligases SUMOylate target proteins",170,0.341233791520526,1.30455511880321,0.0498261877172654,0.128367845819383,0.0339631153471321,4571,"tags=39%, list=27%, signal=29%","332/7153/9212/55143/5111/8365/4792/7158/5371/59348/5610/6790/8364/55706/8294/6396/8204/79023/3183/53371/4927/23165/5903/6672/129401/1029/4152/286053/672/6612/51602/142/6613/51588/8363/9126/9631/23511/2033/6670/493861/115426/7486/4286/23279/1786/8086/4869/8554/1616/54780/554313/7150/25942/22955/3619/4791/23512/9818/80012/165918/23636/7181/8480/1789/641/23468",0.216542836735348
"R-HSA-8856825","Cargo recognition for clathrin-mediated endocytosis",94,-0.307772260899507,-1.30387183317271,0.0307472406406729,0.0878926026901201,0.0232543171872209,3260,"tags=35%, list=19%, signal=29%","8322/1173/127833/9185/8301/374/22848/161/7039/1212/50813/6233/115548/7314/7311/1213/920/3267/22905/156/554/50618/160/4738/409/157/3482/408/23149/9341/2885/10618/867",0.352487857583619
"R-HSA-9711097","Cellular response to starvation",144,-0.283044124014804,-1.30332044481672,0.0395038543799617,0.106698491891176,0.0282299135296222,4816,"tags=55%, list=28%, signal=40%","6152/1968/10325/6217/6166/6229/6205/6234/23334/389541/6181/6169/8131/6230/6175/6235/6141/6209/6143/6155/6146/79726/90423/6157/2197/6170/1051/6147/6202/6201/6228/6130/4736/6210/9349/6133/6206/6224/6125/6176/6207/6159/6139/6171/6124/6135/28956/6173/6232/6223/6222/6142/23521/6154/6233/6122/528/6128/6144/6193/6189/7311/6137/6191/10312/526/6188/6187/6203/6194/6129/523/6134/533/6208/652968/9114/729438/10542",0.321775918075361
"R-HSA-71387","Metabolism of carbohydrates and carbohydrate derivatives",252,-0.262641906938959,-1.27718367445438,0.0125482555271474,0.0443800217753009,0.0117419108269805,2592,"tags=24%, list=15%, signal=21%","6482/9394/26035/6484/6233/113189/55276/216/2817/93010/5226/8705/2632/7314/7360/9061/7311/4125/2548/2131/9331/6652/51363/2539/805/64131/126792/56548/7167/3098/283209/2529/219855/4928/135152/10057/5566/3101/3099/138050/50515/2799/22856/11261/9060/6888/5836/25796/5256/7175/5210/226/8509/5230/2992/230/2137/960/3423/5208/9435",0.380730400722792
"R-HSA-9006925","Intracellular signaling by second messengers",268,-0.253229569717259,-1.2572923293794,0.0185411398096986,0.0593615524552447,0.0157056717774872,2452,"tags=23%, list=14%, signal=20%","8660/146850/6233/5719/7874/1107/1822/7157/23608/7249/3082/7314/208/391/7311/10645/5155/5613/23186/7101/5595/805/51564/5576/57690/4734/23396/9173/3709/156/57459/81847/11060/5526/3164/7409/3084/3643/9365/5566/2932/10768/207/5691/1912/5293/5170/1958/1027/6801/10542/51135/5573/2885/23112/3815/27161/192670/5594/5987/3556",0.352487857583619
"R-HSA-9679506","SARS-CoV Infections",377,0.305379363456175,1.25638610064831,0.0357142857142857,0.0988053758088601,0.0261415805032256,3241,"tags=28%, list=19%, signal=23%","64135/3656/6382/857/9636/3838/3665/56965/29760/7189/81030/64127/10802/4792/1514/57617/23586/29110/1650/973/3105/7405/375790/25855/51128/84875/23367/6185/6772/5479/55706/10800/974/3703/83666/2342/100529261/6396/54625/80143/203068/79023/53371/7187/7555/4927/23165/5903/9817/58505/5478/129401/55823/51065/8767/9908/7422/85437/84282/4245/27090/6637/51284/6632/6773/4690/2530/5931/3133/10971/6635/64398/25834/7316/30849/23118/7334/53826/3654/11218/3134/6628/3460/1312/834/26007/10280/55741/9111/9871/1603/65082/9631/567/7284/695/7531/23511/2339/2033/64601/51185/6480/7533",0.245041785430996
"R-HSA-376176","Signaling by ROBO receptors",184,-0.264544045930567,-1.23529386902332,0.0214933713903017,0.0657639186277439,0.017399587410512,4547,"tags=49%, list=27%, signal=36%","64221/6229/6205/2935/6234/5532/6181/6169/6230/6175/6235/6141/89884/6209/5058/6143/6155/6146/6157/2197/6170/6147/6202/6201/8829/6228/5692/6130/4736/6210/9349/6133/6206/6224/6125/6176/5879/6207/6159/6139/6171/9939/6124/5217/6135/51466/6173/6232/6223/6222/6142/23521/6154/6233/5719/6122/23053/2817/6128/6144/6193/7314/6189/26986/7311/6137/6191/5216/6188/6187/6203/6194/6129/7408/5576/6134/10487/6208/4650/5062/8861/6923/23332/5566/387/998/5691/8440/6655/22794",0.352487857583619
"R-HSA-1257604","PIP3 activates AKT signaling",231,-0.252215429979594,-1.19616719651099,0.0498759199436771,0.128367845819383,0.0339631153471321,2452,"tags=23%, list=14%, signal=20%","8660/146850/6233/5719/7874/1107/1822/7157/23608/7249/3082/7314/208/391/7311/5155/23186/7101/5595/51564/57690/4734/23396/9173/57459/81847/11060/5526/3164/7409/3084/3643/9365/2932/207/5691/1912/5293/5170/1958/1027/6801/10542/51135/2885/23112/3815/27161/192670/5594/5987/3556",0.321775918075361
"R-HSA-5683057","MAPK family signaling cascades",263,-0.243621718226774,-1.19328993708223,0.0286345501567058,0.0826757557251796,0.0218740620767012,1687,"tags=17%, list=10%, signal=15%","161742/284/5595/805/9693/7297/57690/3568/10435/5062/5526/5500/3560/1844/3084/54518/9365/5566/1438/5863/1445/6464/7094/998/3716/5691/3315/71/409/7529/408/3718/8844/2885/8826/60/23112/3845/115727/3815/27161/192670/5594/3570",0.352487857583619
