"Database","Comparison","Pathway","GeneRatio","BgRatio","GeneCount","PValue","AdjustedPValue","QValue"
"GO-BP","D3_vs_D0","defense response to virus","57/469","305/18842",57,1.90495823873374e-33,7.00453144382395e-30,3.38919717405105e-30
"GO-BP","D3_vs_D0","response to virus","61/469","400/18842",61,1.40282770673935e-30,2.57909873884029e-27,1.24791704161502e-27
"GO-BP","D3_vs_D0","negative regulation of viral process","24/469","74/18842",24,9.91927566652115e-21,1.21577255419328e-17,5.8826103330492e-18
"GO-BP","D3_vs_D0","negative regulation of viral genome replication","20/469","48/18842",20,4.90982502871654e-20,4.51335665764768e-17,2.18382282273448e-17
"GO-BP","D3_vs_D0","regulation of viral process","29/469","136/18842",29,3.7582882395276e-19,2.76384517134859e-16,1.33730804399609e-16
"GO-BP","D3_vs_D0","regulation of viral life cycle","25/469","110/18842",25,2.17793034186892e-17,1.33470831117534e-14,6.45809027012998e-15
"GO-BP","D3_vs_D0","regulation of innate immune response","49/469","482/18842",49,4.89934736503006e-17,2.57355718017365e-14,1.24523571523031e-14
"GO-BP","D3_vs_D0","regulation of viral genome replication","21/469","77/18842",21,1.46950995758601e-16,6.75423514255469e-14,3.26808935638465e-14
"GO-BP","D3_vs_D0","viral process","42/469","383/18842",42,6.61757900621675e-16,2.70364866731766e-13,1.30818149599133e-13
"GO-BP","D3_vs_D0","viral genome replication","23/469","110/18842",23,2.97184141787496e-15,1.09274608935262e-12,5.28733718692167e-13
"GO-BP","D3_vs_D0","viral life cycle","34/469","284/18842",34,3.29865761247881e-14,1.10265127646224e-11,5.33526420735063e-12
"GO-BP","D3_vs_D0","positive regulation of innate immune response","40/469","396/18842",40,5.29480552271868e-14,1.62241665891972e-11,7.85018955178275e-12
"GO-BP","D3_vs_D0","antiviral innate immune response","18/469","73/18842",18,1.51710835984823e-13,4.29108264550919e-11,2.0762738082363e-11
"GO-BP","D3_vs_D0","positive regulation of response to biotic stimulus","40/469","424/18842",40,4.94014385110564e-13,1.2974934957511e-10,6.27802348296487e-11
"GO-BP","D3_vs_D0","response to interferon-beta","13/469","34/18842",13,6.88283719567739e-13,1.68721282456705e-10,8.16371085333237e-11
"GO-BP","D3_vs_D0","positive regulation of cytokine production","42/469","499/18842",42,5.52348026909588e-12,1.2693648093416e-09,6.14192063975053e-10
"GO-BP","D3_vs_D0","activation of innate immune response","32/469","326/18842",32,4.10737565202452e-11,8.88401192499657e-09,4.29859846470995e-09
"GO-BP","D3_vs_D0","type I interferon-mediated signaling pathway","16/469","80/18842",16,1.05153458896314e-10,2.05426700280892e-08,9.93973112477802e-09
"GO-BP","D3_vs_D0","interferon-mediated signaling pathway","18/469","105/18842",18,1.06149233215582e-10,2.05426700280892e-08,9.93973112477802e-09
"GO-BP","D3_vs_D0","response to type I interferon","19/469","122/18842",19,1.79897581126607e-10,3.30741702901267e-08,1.6003195271572e-08
"GO-BP","D3_vs_D0","pattern recognition receptor signaling pathway","29/469","291/18842",29,2.40437166984546e-10,4.20994030001036e-08,2.0370124514609e-08
"GO-BP","D3_vs_D0","pyroptotic inflammatory response","12/469","42/18842",12,2.76263262665109e-10,4.61736371281639e-08,2.23414744762712e-08
"GO-BP","D3_vs_D0","leukocyte migration","32/469","352/18842",32,2.97000913675759e-10,4.74814069385115e-08,2.29742490995399e-08
"GO-BP","D3_vs_D0","regulation of leukocyte migration","24/469","210/18842",24,5.52300880466321e-10,8.46170973947776e-08,4.09426425831305e-08
"GO-BP","D3_vs_D0","innate immune response-activating signaling pathway","29/469","306/18842",29,7.87077889729775e-10,1.15763416021455e-07,5.60130317902066e-08
"GO-BP","D3_vs_D0","myeloid leukocyte activation","24/469","222/18842",24,1.7173545903582e-09,2.39139414289408e-07,1.15709470878101e-07
"GO-BP","D3_vs_D0","positive regulation of leukocyte migration","19/469","139/18842",19,1.75598699641393e-09,2.39139414289408e-07,1.15709470878101e-07
"GO-BP","D3_vs_D0","cellular response to type I interferon","17/469","116/18842",17,4.29672441929859e-09,5.49044214091562e-07,2.65659325502625e-07
"GO-BP","D3_vs_D0","negative regulation of response to biotic stimulus","18/469","131/18842",18,4.33023720659649e-09,5.49044214091562e-07,2.65659325502625e-07
"GO-BP","D3_vs_D0","negative regulation of response to external stimulus","33/469","416/18842",33,5.02430203348791e-09,6.15811952571168e-07,2.9796541655064e-07
"GO-BP","D3_vs_D0","myeloid leukocyte mediated immunity","16/469","104/18842",16,5.98334046217458e-09,7.09701383206966e-07,3.43394549896124e-07
"GO-BP","D3_vs_D0","cell killing","24/469","238/18842",24,6.90984196751031e-09,7.93984028579232e-07,3.84175365259455e-07
"GO-BP","D3_vs_D0","negative regulation of defense response","27/469","300/18842",27,9.30399224701745e-09,1.03669028764494e-06,5.01610681803762e-07
"GO-BP","D3_vs_D0","negative regulation of innate immune response","15/469","94/18842",15,1.07158493749895e-08,1.15888759270107e-06,5.60736800987373e-07
"GO-BP","D3_vs_D0","immune response-regulating cell surface receptor signaling pathway","31/469","392/18842",31,1.59566118745952e-08,1.67635605322533e-06,8.11117951837331e-07
"GO-BP","D3_vs_D0","positive regulation of cellular extravasation","7/469","15/18842",7,3.0656119840357e-08,3.13118201813869e-06,1.51504684252251e-06
"GO-BP","D3_vs_D0","response to molecule of bacterial origin","27/469","319/18842",27,3.39688448856099e-08,3.37576872011858e-06,1.63339202603819e-06
"GO-BP","D3_vs_D0","regulation of inflammatory response","32/469","429/18842",32,3.71319953019454e-08,3.59300912434877e-06,1.73850549008807e-06
"GO-BP","D3_vs_D0","interleukin-27-mediated signaling pathway","6/469","10/18842",6,4.44555827238777e-08,4.19136353014611e-06,2.0280239364643e-06
"GO-BP","D3_vs_D0","regulation of response to cytokine stimulus","20/469","196/18842",20,1.03530604207796e-07,9.31865031472157e-06,4.50890163973373e-06
"GO-BP","D3_vs_D0","killing of cells of another organism","15/469","111/18842",15,1.06440933700926e-07,9.31865031472157e-06,4.50890163973373e-06
"GO-BP","D3_vs_D0","disruption of cell in another organism","15/469","111/18842",15,1.06440933700926e-07,9.31865031472157e-06,4.50890163973373e-06
"GO-BP","D3_vs_D0","leukocyte mediated immunity","31/469","429/18842",31,1.2430424371524e-07,1.06294582358358e-05,5.14314627659395e-06
"GO-BP","D3_vs_D0","myeloid cell differentiation","28/469","364/18842",28,1.42656130775385e-07,1.19215134741157e-05,5.76831728159487e-06
"GO-BP","D3_vs_D0","defense response to bacterium","26/469","322/18842",26,1.55825245402677e-07,1.27326539410143e-05,6.16079392335442e-06
"GO-BP","D3_vs_D0","response to lipopolysaccharide","25/469","302/18842",25,1.68473480205276e-07,1.31254424416196e-05,6.35084770310085e-06
"GO-BP","D3_vs_D0","negative regulation of immune response","20/469","202/18842",20,1.70071086432906e-07,1.31254424416196e-05,6.35084770310085e-06
"GO-BP","D3_vs_D0","disruption of anatomical structure in another organism","15/469","115/18842",15,1.71341103398897e-07,1.31254424416196e-05,6.35084770310085e-06
"GO-BP","D3_vs_D0","positive regulation of inflammatory response","18/469","166/18842",18,1.80324596024793e-07,1.35317048894523e-05,6.54742095730925e-06
"GO-BP","D3_vs_D0","myeloid leukocyte migration","20/469","207/18842",20,2.53387251933603e-07,1.86340985071972e-05,9.01625390764236e-06
"GO-BP","D3_vs_D0","intracellular receptor signaling pathway","29/469","399/18842",29,2.82883055587638e-07,2.03953136352107e-05,9.86843158471205e-06
"GO-BP","D3_vs_D0","response to interferon-alpha","7/469","20/18842",7,3.31448302603706e-07,2.34372193975736e-05,1.13402814145276e-05
"GO-BP","D3_vs_D0","mononuclear cell migration","20/469","212/18842",20,3.72703542302992e-07,2.58571872650585e-05,1.25112017428254e-05
"GO-BP","D3_vs_D0","cellular defense response","10/469","51/18842",10,4.2483336625428e-07,2.89280053280923e-05,1.39970410148349e-05
"GO-BP","D3_vs_D0","leukocyte chemotaxis","20/469","217/18842",20,5.41551872181009e-07,3.62052042547195e-05,1.75181704772315e-05
"GO-BP","D3_vs_D0","response to tumor necrosis factor","20/469","219/18842",20,6.26792090738834e-07,4.07676219494057e-05,1.97257318654104e-05
"GO-BP","D3_vs_D0","cellular extravasation","11/469","66/18842",11,6.31970206993779e-07,4.07676219494057e-05,1.97257318654104e-05
"GO-BP","D3_vs_D0","regulation of cytokine-mediated signaling pathway","18/469","184/18842",18,8.39708334793841e-07,5.32346128799475e-05,2.5757982668991e-05
"GO-BP","D3_vs_D0","cell chemotaxis","24/469","311/18842",24,1.05889101476494e-06,6.5992241716791e-05,3.19308608904952e-05
"GO-BP","D3_vs_D0","immune response-activating cell surface receptor signaling pathway","25/469","336/18842",25,1.23446319404247e-06,7.56520194082361e-05,3.66048196722312e-05
"GO-BP","D3_vs_D0","cellular response to lipopolysaccharide","19/469","210/18842",19,1.37525838513767e-06,8.28987718385442e-05,4.01112173599029e-05
"GO-BP","D3_vs_D0","regulation of leukocyte chemotaxis","14/469","118/18842",14,1.41952152676841e-06,8.41867847407651e-05,4.07344324490717e-05
"GO-BP","D3_vs_D0","cytoplasmic pattern recognition receptor signaling pathway","18/469","191/18842",18,1.44769837777893e-06,8.44950307157639e-05,4.08835796683764e-05
"GO-BP","D3_vs_D0","response to mechanical stimulus","18/469","196/18842",18,2.1015619982437e-06,0.000118883745654493,5.75228276215501e-05
"GO-BP","D3_vs_D0","regulation of chemotaxis","18/469","196/18842",18,2.1015619982437e-06,0.000118883745654493,5.75228276215501e-05
"GO-BP","D3_vs_D0","chemotaxis","29/469","443/18842",29,2.37412771441209e-06,0.000130293546356616,6.30435486870848e-05
"GO-BP","D3_vs_D0","taxis","29/469","443/18842",29,2.37412771441209e-06,0.000130293546356616,6.30435486870848e-05
"GO-BP","D3_vs_D0","myeloid cell development","10/469","62/18842",10,2.79886760846279e-06,0.000151344649945848,7.32292893561755e-05
"GO-BP","D3_vs_D0","regulation of cellular extravasation","8/469","37/18842",8,2.84128696864407e-06,0.000151411770778322,7.32617662945069e-05
"GO-BP","D3_vs_D0","positive regulation of leukocyte chemotaxis","12/469","92/18842",12,2.93798731679995e-06,0.000154328276626763,7.46729403978589e-05
"GO-BP","D3_vs_D0","erythrocyte differentiation","13/469","109/18842",13,3.17509977869937e-06,0.000162150581753856,7.84578237471488e-05
"GO-BP","D3_vs_D0","response to type II interferon","13/469","109/18842",13,3.17509977869937e-06,0.000162150581753856,7.84578237471488e-05
"GO-BP","D3_vs_D0","cellular response to tumor necrosis factor","18/469","202/18842",18,3.23194362763946e-06,0.00016220566437773,7.84844759043521e-05
"GO-BP","D3_vs_D0","cellular response to interferon-beta","7/469","27/18842",7,3.26440553819746e-06,0.00016220566437773,7.84844759043521e-05
"GO-BP","D3_vs_D0","cellular response to molecule of bacterial origin","19/469","223/18842",19,3.36339366077091e-06,0.000164895979875395,7.97862060422088e-05
"GO-BP","D3_vs_D0","cellular response to biotic stimulus","20/469","245/18842",20,3.59242228891543e-06,0.000173807062583448,8.40979029164511e-05
"GO-BP","D3_vs_D0","MDA-5 signaling pathway","5/469","11/18842",5,3.81806088114559e-06,0.000182324803376264,8.82192782369612e-05
"GO-BP","D3_vs_D0","erythrocyte homeostasis","13/469","112/18842",13,4.3119812234061e-06,0.000200373983855772,9.69525149945777e-05
"GO-BP","D3_vs_D0","defense response to fungus","10/469","65/18842",10,4.35951011924442e-06,0.000200373983855772,9.69525149945777e-05
"GO-BP","D3_vs_D0","positive regulation of response to cytokine stimulus","10/469","65/18842",10,4.35951011924442e-06,0.000200373983855772,9.69525149945777e-05
"GO-BP","D3_vs_D0","cytokine production involved in immune response","12/469","96/18842",12,4.62361562335181e-06,0.000207329690817861,0.000100318088062313
"GO-BP","D3_vs_D0","regulation of cytokine production involved in immune response","12/469","96/18842",12,4.62361562335181e-06,0.000207329690817861,0.000100318088062313
"GO-BP","D3_vs_D0","antimicrobial humoral response","17/469","189/18842",17,5.32942858760621e-06,0.000236100107429253,0.000114238878547389
"GO-BP","D3_vs_D0","humoral immune response","22/469","296/18842",22,5.46615971214309e-06,0.000239274634066073,0.000115774898021746
"GO-BP","D3_vs_D0","granulocyte migration","14/469","133/18842",14,5.92953717062832e-06,0.000256504802075298,0.000124111849207365
"GO-BP","D3_vs_D0","positive regulation of tumor necrosis factor production","13/469","116/18842",13,6.38112839056308e-06,0.000270479375729472,0.000130873555670836
"GO-BP","D3_vs_D0","regulation of type I interferon-mediated signaling pathway","8/469","41/18842",8,6.44372669876793e-06,0.000270479375729472,0.000130873555670836
"GO-BP","D3_vs_D0","leukocyte mediated cytotoxicity","14/469","134/18842",14,6.4732621877056e-06,0.000270479375729472,0.000130873555670836
"GO-BP","D3_vs_D0","regulation of immune effector process","24/469","347/18842",24,7.07094814280483e-06,0.000292133441810038,0.000141351044444433
"GO-BP","D3_vs_D0","regulation of defense response to virus by host","8/469","42/18842",8,7.7881281685688e-06,0.00031818830306475,0.000153957892288998
"GO-BP","D3_vs_D0","regulation of type I interferon production","14/469","137/18842",14,8.37931300044239e-06,0.00033489928155029,0.000162043629573932
"GO-BP","D3_vs_D0","type I interferon production","14/469","137/18842",14,8.37931300044239e-06,0.00033489928155029,0.000162043629573932
"GO-BP","D3_vs_D0","response to fungus","10/469","70/18842",10,8.64589315579526e-06,0.000341838162729669,0.000165401061355463
"GO-BP","D3_vs_D0","positive regulation of defense response to virus by host","7/469","31/18842",7,8.86809279938927e-06,0.000346893374716536,0.000167847065105682
"GO-BP","D3_vs_D0","regulation of mononuclear cell migration","14/469","138/18842",14,9.11692752195652e-06,0.000351852870566354,0.000170246755856409
"GO-BP","D3_vs_D0","antibacterial humoral response","11/469","86/18842",11,9.20428673384051e-06,0.000351852870566354,0.000170246755856409
"GO-BP","D3_vs_D0","positive regulation of tumor necrosis factor superfamily cytokine production","13/469","120/18842",13,9.28194953628946e-06,0.000351852870566354,0.000170246755856409
"GO-BP","D3_vs_D0","regulation of neutrophil chemotaxis","7/469","32/18842",7,1.11093890977378e-05,0.000416828813391651,0.00020168587260118
"GO-BP","D3_vs_D0","leukocyte degranulation","10/469","74/18842",10,1.43277748217993e-05,0.000532153818381373,0.000257486775794101
"GO-BP","D3_vs_D0","neutrophil chemotaxis","10/469","75/18842",10,1.61695368425433e-05,0.000592536495743337,0.000286703405217222
"GO-BP","D3_vs_D0","regulation of defense response to virus","9/469","60/18842",9,1.62758188931403e-05,0.000592536495743337,0.000286703405217222
"GO-BP","D3_vs_D0","innate immune response in mucosa","7/469","34/18842",7,1.70080881320966e-05,0.000613124902565875,0.000296665266446738
"GO-BP","D3_vs_D0","myeloid cell homeostasis","13/469","128/18842",13,1.87374491668856e-05,0.000668908743559595,0.000323656713022416
"GO-BP","D3_vs_D0","neutrophil migration","11/469","93/18842",11,1.96197064274268e-05,0.000693669812823541,0.000335637549520743
"GO-BP","D3_vs_D0","positive regulation of neutrophil chemotaxis","6/469","24/18842",6,2.11755562732597e-05,0.000741547813493105,0.000358803693590463
"GO-BP","D3_vs_D0","granulocyte chemotaxis","12/469","112/18842",12,2.28342219392745e-05,0.000785216657296838,0.000379933204279459
"GO-BP","D3_vs_D0","cellular response to exogenous dsRNA","5/469","15/18842",5,2.28496552436121e-05,0.000785216657296838,0.000379933204279459
"GO-BP","D3_vs_D0","homeostasis of number of cells","17/469","214/18842",17,2.72496441389926e-05,0.000927749458324776,0.00044889881180477
"GO-BP","D3_vs_D0","regulation of pattern recognition receptor signaling pathway","16/469","195/18842",16,3.15305907433634e-05,0.00106365121250777,0.000514655935592359
"GO-BP","D3_vs_D0","positive regulation of chemotaxis","13/469","135/18842",13,3.30818315876133e-05,0.00110583540679685,0.000535067087033508
"GO-BP","D3_vs_D0","positive regulation of granulocyte chemotaxis","6/469","26/18842",6,3.47227069447781e-05,0.00115022876969323,0.000556547161936691
"GO-BP","D3_vs_D0","regulation of leukocyte mediated immunity","17/469","219/18842",17,3.657119605859e-05,0.00120064542774496,0.000580941655182154
"GO-BP","D3_vs_D0","myeloid leukocyte differentiation","16/469","201/18842",16,4.55641032061897e-05,0.00148264785388637,0.000717390728673961
"GO-BP","D3_vs_D0","biological process involved in symbiotic interaction","15/469","181/18842",15,4.94027438748304e-05,0.00159345516866449,0.000771005712220264
"GO-BP","D3_vs_D0","positive regulation of canonical NF-kappaB signal transduction","17/469","226/18842",17,5.43404928582436e-05,0.00173747819338923,0.000840692376104939
"GO-BP","D3_vs_D0","antimicrobial humoral immune response mediated by antimicrobial peptide","13/469","142/18842",13,5.62129411596464e-05,0.00178185331589672,0.000862163625253683
"GO-BP","D3_vs_D0","tumor necrosis factor-mediated signaling pathway","12/469","123/18842",12,5.81271437943911e-05,0.00182678211736732,0.00088390277628739
"GO-BP","D3_vs_D0","regulation of neutrophil migration","7/469","41/18842",7,6.11538826159247e-05,0.0018936431068253,0.000916253987548646
"GO-BP","D3_vs_D0","cellular response to dsRNA","5/469","18/18842",5,6.12846150971474e-05,0.0018936431068253,0.000916253987548646
"GO-BP","D3_vs_D0","positive regulation of interferon-beta production","7/469","42/18842",7,7.18270335053958e-05,0.00220090001832784,0.00106492264076602
"GO-BP","D3_vs_D0","regulation of canonical NF-kappaB signal transduction","21/469","326/18842",21,7.38068441043857e-05,0.00224287409728782,0.00108523212626629
"GO-BP","D3_vs_D0","regulation of production of molecular mediator of immune response","13/469","147/18842",13,8.03631470525894e-05,0.00241606619367965,0.00116903247299423
"GO-BP","D3_vs_D0","regulation of myeloid cell differentiation","15/469","189/18842",15,8.09466060812896e-05,0.00241606619367965,0.00116903247299423
"GO-BP","D3_vs_D0","negative regulation of phagocytosis","5/469","19/18842",5,8.14773478423379e-05,0.00241606619367965,0.00116903247299423
"GO-BP","D3_vs_D0","biological process involved in interaction with host","14/469","168/18842",14,8.24554791840419e-05,0.00242551037567778,0.00117360211411812
"GO-BP","D3_vs_D0","positive regulation of cytokine-mediated signaling pathway","8/469","58/18842",8,8.92863368253465e-05,0.00260560206751428,0.00126074088391842
"GO-BP","D3_vs_D0","tumor necrosis factor production","15/469","191/18842",15,9.11601849749127e-05,0.00261871875119339,0.00126708749362596
"GO-BP","D3_vs_D0","regulation of tumor necrosis factor production","15/469","191/18842",15,9.11601849749127e-05,0.00261871875119339,0.00126708749362596
"GO-BP","D3_vs_D0","positive regulation of mononuclear cell migration","10/469","92/18842",10,9.65490089237213e-05,0.00275202097529088,0.00133158681450549
"GO-BP","D3_vs_D0","positive regulation of neutrophil migration","6/469","31/18842",6,9.99286212405004e-05,0.00282644261770246,0.00136759630667102
"GO-BP","D3_vs_D0","viral gene expression","10/469","93/18842",10,0.000105817599585925,0.00297016269982783,0.00143713638941605
"GO-BP","D3_vs_D0","neutrophil-mediated killing of symbiont cell","4/469","11/18842",4,0.000108837685303963,0.00303178915805056,0.00146695483191007
"GO-BP","D3_vs_D0","tumor necrosis factor superfamily cytokine production","15/469","196/18842",15,0.000121759198059988,0.00334110874079535,0.00161662152469673
"GO-BP","D3_vs_D0","regulation of tumor necrosis factor superfamily cytokine production","15/469","196/18842",15,0.000121759198059988,0.00334110874079535,0.00161662152469673
"GO-BP","D3_vs_D0","canonical NF-kappaB signal transduction","21/469","339/18842",21,0.000127908464375339,0.00348384758154165,0.00168568682614687
"GO-BP","D3_vs_D0","response to wounding","27/469","496/18842",27,0.000131342802960422,0.003551084459452,0.00171821991396771
"GO-BP","D3_vs_D0","negative regulation of type I interferon-mediated signaling pathway","5/469","21/18842",5,0.000136839265665792,0.00367268598432931,0.00177705776026475
"GO-BP","D3_vs_D0","regulation of myeloid leukocyte mediated immunity","7/469","47/18842",7,0.000150427982048331,0.00400814268109938,0.00193937109954058
"GO-BP","D3_vs_D0","positive regulation of type I interferon production","9/469","80/18842",9,0.000164601050044367,0.00435423065477077,0.00210682846506849
"GO-BP","D3_vs_D0","erythrocyte development","6/469","34/18842",6,0.000171358095378574,0.00450059797647868,0.00217764943533385
"GO-BP","D3_vs_D0","production of molecular mediator of immune response","14/469","182/18842",14,0.000192790530172314,0.00502759418045106,0.00243264065916705
"GO-BP","D3_vs_D0","regulation of phagocytosis","10/469","100/18842",10,0.000194256334044205,0.00503014464986297,0.00243387472368552
"GO-BP","D3_vs_D0","mucosal immune response","7/469","49/18842",7,0.000196853066189357,0.00506173933131655,0.0024491620567436
"GO-BP","D3_vs_D0","regulation of lymphocyte migration","8/469","65/18842",8,0.000201990810682089,0.00510011088546588,0.00246772843251475
"GO-BP","D3_vs_D0","response to exogenous dsRNA","6/469","35/18842",6,0.000202506442555893,0.00510011088546588,0.00246772843251475
"GO-BP","D3_vs_D0","regulation of biological process involved in symbiotic interaction","6/469","35/18842",6,0.000202506442555893,0.00510011088546588,0.00246772843251475
"GO-BP","D3_vs_D0","exocytosis","21/469","351/18842",21,0.000206404569266083,0.00516292245708428,0.00249812030136909
"GO-BP","D3_vs_D0","macrophage activation","10/469","101/18842",10,0.000210899975117893,0.00523972438181415,0.00253528151170039
"GO-BP","D3_vs_D0","positive regulation of monocyte chemotaxis","5/469","23/18842",5,0.000217168708904879,0.00535925733317611,0.00259311846256727
"GO-BP","D3_vs_D0","granulocyte activation","7/469","50/18842",7,0.000224054464060965,0.00549232176234779,0.00265750272451715
"GO-BP","D3_vs_D0","neutrophil mediated cytotoxicity","4/469","13/18842",4,0.000226648828664886,0.00551912412583302,0.00267047125714643
"GO-BP","D3_vs_D0","lymphocyte migration","10/469","103/18842",10,0.000247794716425165,0.00599434981773245,0.00290041291490601
"GO-BP","D3_vs_D0","regulation of granulocyte chemotaxis","7/469","51/18842",7,0.000254205206578728,0.00610923231758158,0.00295599970853514
"GO-BP","D3_vs_D0","regulation of binding","9/469","85/18842",9,0.000261957246349609,0.00625465451186697,0.00302636337152518
"GO-BP","D3_vs_D0","T cell mediated immunity","11/469","124/18842",11,0.000273132205813788,0.00647940077920839,0.00313510860598675
"GO-BP","D3_vs_D0","positive regulation of cytokine production involved in immune response","8/469","68/18842",8,0.000277210214812825,0.00649236917112584,0.00314138346356874
"GO-BP","D3_vs_D0","T cell migration","8/469","68/18842",8,0.000277210214812825,0.00649236917112584,0.00314138346356874
"GO-BP","D3_vs_D0","positive regulation of immune effector process","16/469","235/18842",16,0.000281569164860579,0.00655272037463512,0.00317058486412275
"GO-BP","D3_vs_D0","organ or tissue specific immune response","7/469","52/18842",7,0.000287535915653419,0.00664949409973346,0.00321740958584127
"GO-BP","D3_vs_D0","cellular response to interleukin-1","9/469","88/18842",9,0.000340438181597355,0.00782369496083422,0.00378555583118648
"GO-BP","D3_vs_D0","regulation of leukocyte degranulation","6/469","39/18842",6,0.000374234716858197,0.00849420403634316,0.00410998687730508
"GO-BP","D3_vs_D0","response to dsRNA","6/469","39/18842",6,0.000374234716858197,0.00849420403634316,0.00410998687730508
"GO-BP","D3_vs_D0","regulation of myeloid leukocyte differentiation","10/469","109/18842",10,0.000392369834630077,0.00885118945972266,0.00428271705887376
"GO-BP","D3_vs_D0","myeloid cell activation involved in immune response","9/469","90/18842",9,0.000402829579398784,0.00903173392347152,0.00437007490589545
"GO-BP","D3_vs_D0","monocyte chemotaxis","7/469","55/18842",7,0.000409071344528557,0.00911609293231215,0.00441089267031858
"GO-BP","D3_vs_D0","hemostasis","15/469","222/18842",15,0.000468661880695137,0.0103811429838314,0.00502299700506644
"GO-BP","D3_vs_D0","acute inflammatory response to antigenic stimulus","5/469","27/18842",5,0.000479999255336087,0.0105056979873261,0.00508326391502947
"GO-BP","D3_vs_D0","RIG-I signaling pathway","5/469","27/18842",5,0.000479999255336087,0.0105056979873261,0.00508326391502947
"GO-BP","D3_vs_D0","positive regulation of binding","6/469","41/18842",6,0.000494557575646049,0.0107371297599546,0.00519524398337074
"GO-BP","D3_vs_D0","cellular response to mechanical stimulus","8/469","74/18842",8,0.000496413396571194,0.0107371297599546,0.00519524398337074
"GO-BP","D3_vs_D0","symbiont entry into host","11/469","134/18842",11,0.000531941220988847,0.0114382916349473,0.00553450662560971
"GO-BP","D3_vs_D0","leukocyte activation involved in immune response","17/469","274/18842",17,0.00053971512374698,0.0114918914998532,0.0055604413383204
"GO-BP","D3_vs_D0","negative regulation of viral transcription","4/469","16/18842",4,0.000543683580527203,0.0114918914998532,0.0055604413383204
"GO-BP","D3_vs_D0","cellular response to external stimulus","8/469","75/18842",8,0.000543809932274804,0.0114918914998532,0.0055604413383204
"GO-BP","D3_vs_D0","neutrophil activation","6/469","42/18842",6,0.000565012666002824,0.0117443997344306,0.00568261941717088
"GO-BP","D3_vs_D0","regulation of cytoplasmic pattern recognition receptor signaling pathway","11/469","135/18842",11,0.000566451602917403,0.0117443997344306,0.00568261941717088
"GO-BP","D3_vs_D0","interferon-beta production","7/469","58/18842",7,0.000568534988503845,0.0117443997344306,0.00568261941717088
"GO-BP","D3_vs_D0","regulation of interferon-beta production","7/469","58/18842",7,0.000568534988503845,0.0117443997344306,0.00568261941717088
"GO-BP","D3_vs_D0","positive regulation of type II interferon production","8/469","76/18842",8,0.000594801404864575,0.0122183506462963,0.00591194426266796
"GO-BP","D3_vs_D0","cell activation involved in immune response","17/469","279/18842",17,0.000661551757720849,0.0135140322952198,0.00653886993474459
"GO-BP","D3_vs_D0","positive regulation of cytosolic calcium ion concentration","12/469","160/18842",12,0.000681666994624153,0.0138480085040498,0.0067004669283829
"GO-BP","D3_vs_D0","regulation of T cell migration","6/469","44/18842",6,0.000729115510891394,0.0147305369975146,0.00712748522361915
"GO-BP","D3_vs_D0","interferon-alpha production","5/469","30/18842",5,0.000796860730182732,0.0159242223091408,0.00770505917232872
"GO-BP","D3_vs_D0","regulation of interferon-alpha production","5/469","30/18842",5,0.000796860730182732,0.0159242223091408,0.00770505917232872
"GO-BP","D3_vs_D0","positive regulation of pattern recognition receptor signaling pathway","8/469","82/18842",8,0.000987791406598398,0.0196330216327692,0.0094995906534954
"GO-BP","D3_vs_D0","mast cell activation","7/469","64/18842",7,0.00103373354032557,0.0204356893966511,0.00988796771181371
"GO-BP","D3_vs_D0","negative regulation of myeloid leukocyte differentiation","6/469","47/18842",6,0.00104158107913124,0.0204807145880512,0.0099097535018666
"GO-BP","D3_vs_D0","negative regulation of cytokine production","20/469","371/18842",20,0.00107310512127757,0.0204883096415087,0.00991342842772306
"GO-BP","D3_vs_D0","blood coagulation","14/469","216/18842",14,0.00107351458934736,0.0204883096415087,0.00991342842772306
"GO-BP","D3_vs_D0","response to chemokine","9/469","103/18842",9,0.00107819626042606,0.0204883096415087,0.00991342842772306
"GO-BP","D3_vs_D0","cellular response to chemokine","9/469","103/18842",9,0.00107819626042606,0.0204883096415087,0.00991342842772306
"GO-BP","D3_vs_D0","positive regulation of erythrocyte differentiation","5/469","32/18842",5,0.00108097146327242,0.0204883096415087,0.00991342842772306
"GO-BP","D3_vs_D0","negative regulation of exocytosis","5/469","32/18842",5,0.00108097146327242,0.0204883096415087,0.00991342842772306
"GO-BP","D3_vs_D0","regulation of monocyte chemotaxis","5/469","32/18842",5,0.00108097146327242,0.0204883096415087,0.00991342842772306
"GO-BP","D3_vs_D0","negative regulation of leukocyte mediated immunity","7/469","65/18842",7,0.0011341162835584,0.0213853619212525,0.0103474741702351
"GO-BP","D3_vs_D0","platelet activation","10/469","125/18842",10,0.00114845759556975,0.0215452988719896,0.0104248609113486
"GO-BP","D3_vs_D0","calcium-mediated signaling","14/469","219/18842",14,0.00122493992491801,0.0228634726087488,0.0110626695555616
"GO-BP","D3_vs_D0","negative regulation of cytokine-mediated signaling pathway","9/469","105/18842",9,0.00123602720616022,0.0229538991770259,0.0111064231559447
"GO-BP","D3_vs_D0","coagulation","14/469","220/18842",14,0.00127922967038891,0.0236368215980905,0.0114368604961338
"GO-BP","D3_vs_D0","mast cell degranulation","6/469","49/18842",6,0.0013009478182436,0.0239179256384085,0.0115728748786376
"GO-BP","D3_vs_D0","regulation of viral transcription","4/469","20/18842",4,0.00133754333720795,0.0243472616381864,0.0117806124509271
"GO-BP","D3_vs_D0","negative regulation of regulated secretory pathway","4/469","20/18842",4,0.00133754333720795,0.0243472616381864,0.0117806124509271
"GO-BP","D3_vs_D0","platelet aggregation","7/469","67/18842",7,0.0013577238516538,0.0245928601109902,0.0118994471876477
"GO-BP","D3_vs_D0","mast cell mediated immunity","6/469","50/18842",6,0.00144779691199578,0.0260958296343553,0.0126266707146068
"GO-BP","D3_vs_D0","symbiont entry into host cell","10/469","129/18842",10,0.00145858537638692,0.0261620411169498,0.0126587076569061
"GO-BP","D3_vs_D0","regulation of body fluid levels","18/469","327/18842",18,0.00148798768184723,0.0265598577968556,0.0128511943604265
"GO-BP","D3_vs_D0","antibody-dependent cellular cytotoxicity","3/469","10/18842",3,0.00161394140918182,0.0281254149837041,0.0136087014165424
"GO-BP","D3_vs_D0","type IIa hypersensitivity","3/469","10/18842",3,0.00161394140918182,0.0281254149837041,0.0136087014165424
"GO-BP","D3_vs_D0","type II hypersensitivity","3/469","10/18842",3,0.00161394140918182,0.0281254149837041,0.0136087014165424
"GO-BP","D3_vs_D0","interleukin-18-mediated signaling pathway","3/469","10/18842",3,0.00161394140918182,0.0281254149837041,0.0136087014165424
"GO-BP","D3_vs_D0","cellular response to interleukin-18","3/469","10/18842",3,0.00161394140918182,0.0281254149837041,0.0136087014165424
"GO-BP","D3_vs_D0","negative regulation of response to cytokine stimulus","9/469","110/18842",9,0.00171320345412288,0.0297143825509898,0.0143775357678326
"GO-BP","D3_vs_D0","mast cell activation involved in immune response","6/469","52/18842",6,0.00177903898016126,0.0307113912209059,0.0148599461893838
"GO-BP","D3_vs_D0","phagocytosis","14/469","228/18842",14,0.0017904571494428,0.0307640698060802,0.0148854351337104
"GO-BP","D3_vs_D0","cellular response to type II interferon","7/469","71/18842",7,0.0019072413082527,0.0326182618160241,0.0157826004003166
"GO-BP","D3_vs_D0","defense response to Gram-positive bacterium","9/469","112/18842",9,0.00194112072431696,0.0330439856634882,0.0159885902045345
"GO-BP","D3_vs_D0","unsaturated fatty acid biosynthetic process","6/469","53/18842",6,0.00196475191028413,0.0331394163950218,0.0160347651083415
"GO-BP","D3_vs_D0","glial cell activation","6/469","53/18842",6,0.00196475191028413,0.0331394163950218,0.0160347651083415
"GO-BP","D3_vs_D0","cell surface toll-like receptor signaling pathway","7/469","72/18842",7,0.00206830573911754,0.0347267589165991,0.0168028131685903
"GO-BP","D3_vs_D0","homotypic cell-cell adhesion","8/469","92/18842",8,0.00208029898967022,0.0347693608409882,0.0168234264419986
"GO-BP","D3_vs_D0","toll-like receptor 7 signaling pathway","3/469","11/18842",3,0.00217835530563601,0.0360467360845244,0.0174414944170397
"GO-BP","D3_vs_D0","positive regulation of RIG-I signaling pathway","3/469","11/18842",3,0.00217835530563601,0.0360467360845244,0.0174414944170397
"GO-BP","D3_vs_D0","wound healing","20/469","394/18842",20,0.00218613602035598,0.0360467360845244,0.0174414944170397
"GO-BP","D3_vs_D0","response to interleukin-1","9/469","115/18842",9,0.00232774679702257,0.0382103793421964,0.0184883900835617
"GO-BP","D3_vs_D0","cellular component disassembly","22/469","455/18842",22,0.00245970257150163,0.0401128016845575,0.0194088919727019
"GO-BP","D3_vs_D0","positive regulation of apoptotic process","23/469","484/18842",23,0.00246545911903998,0.0401128016845575,0.0194088919727019
"GO-BP","D3_vs_D0","chemokine-mediated signaling pathway","8/469","95/18842",8,0.00254713740311225,0.0412591375825715,0.0199635555383124
"GO-BP","D3_vs_D0","type II interferon production","9/469","117/18842",9,0.00261781894481517,0.0420337129261371,0.0203383398599413
"GO-BP","D3_vs_D0","regulation of type II interferon production","9/469","117/18842",9,0.00261781894481517,0.0420337129261371,0.0203383398599413
"GO-BP","D3_vs_D0","regulation of DNA binding","5/469","39/18842",5,0.00267994967822459,0.042658766090181,0.020640776708744
"GO-BP","D3_vs_D0","positive regulation of lymphocyte migration","5/469","39/18842",5,0.00267994967822459,0.042658766090181,0.020640776708744
"GO-BP","D3_vs_D0","dendritic cell chemotaxis","4/469","24/18842",4,0.00271170566649095,0.0427937413548807,0.0207060855433685
"GO-BP","D3_vs_D0","host-mediated suppression of symbiont invasion","4/469","24/18842",4,0.00271170566649095,0.0427937413548807,0.0207060855433685
"GO-BP","D3_vs_D0","regulation of norepinephrine secretion","3/469","12/18842",3,0.00285112345562625,0.043777963428787,0.0211823090707057
"GO-BP","D3_vs_D0","norepinephrine secretion","3/469","12/18842",3,0.00285112345562625,0.043777963428787,0.0211823090707057
"GO-BP","D3_vs_D0","induction of positive chemotaxis","3/469","12/18842",3,0.00285112345562625,0.043777963428787,0.0211823090707057
"GO-BP","D3_vs_D0","protein auto-ADP-ribosylation","3/469","12/18842",3,0.00285112345562625,0.043777963428787,0.0211823090707057
"GO-BP","D3_vs_D0","response to interleukin-18","3/469","12/18842",3,0.00285112345562625,0.043777963428787,0.0211823090707057
"GO-BP","D3_vs_D0","neutrophil extravasation","3/469","12/18842",3,0.00285112345562625,0.043777963428787,0.0211823090707057
"GO-BP","D3_vs_D0","positive regulation of non-canonical NF-kappaB signal transduction","6/469","57/18842",6,0.00285741398501737,0.043777963428787,0.0211823090707057
"GO-BP","D3_vs_D0","positive regulation of myeloid cell differentiation","8/469","97/18842",8,0.00290129243785267,0.0442657771534617,0.0214183415463096
"GO-BP","D3_vs_D0","T cell cytokine production","5/469","40/18842",5,0.00300120925440543,0.045413359787855,0.0219736083550416
"GO-BP","D3_vs_D0","regulation of T cell cytokine production","5/469","40/18842",5,0.00300120925440543,0.045413359787855,0.0219736083550416
"GO-BP","D3_vs_D0","regulated exocytosis","13/469","216/18842",13,0.00305956049349374,0.0461065735023626,0.0223090252178347
"GO-BP","D3_vs_D0","viral transcription","4/469","25/18842",4,0.00316553296894718,0.0467456414731677,0.0226182432402035
"GO-BP","D3_vs_D0","positive regulation of interferon-alpha production","4/469","25/18842",4,0.00316553296894718,0.0467456414731677,0.0226182432402035
"GO-BP","D3_vs_D0","hydrogen peroxide catabolic process","4/469","25/18842",4,0.00316553296894718,0.0467456414731677,0.0226182432402035
"GO-BP","D3_vs_D0","negative regulation of B cell activation","4/469","25/18842",4,0.00316553296894718,0.0467456414731677,0.0226182432402035
"GO-BP","D3_vs_D0","modulation by symbiont of entry into host","4/469","25/18842",4,0.00316553296894718,0.0467456414731677,0.0226182432402035
"GO-BP","D3_vs_D0","activated T cell proliferation","5/469","41/18842",5,0.00334935532089979,0.0492623180597941,0.0238359568365805
"KEGG","D3_vs_D0","NOD-like receptor signaling pathway","24/259","187/9424",24,2.55109964909974e-10,7.01552403502429e-08,7.01552403502429e-08
"KEGG","D3_vs_D0","Influenza A","22/259","173/9424",22,1.76061854662831e-09,2.42085050161392e-07,2.42085050161392e-07
"KEGG","D3_vs_D0","Measles","18/259","136/9424",18,2.97136718346346e-08,2.72375325150817e-06,2.72375325150817e-06
"KEGG","D3_vs_D0","Hepatitis C","19/259","156/9424",19,4.79952551666112e-08,3.29967379270452e-06,3.29967379270452e-06
"KEGG","D3_vs_D0","Herpes simplex virus 1 infection","19/259","180/9424",19,4.71864689337009e-07,2.42286781805064e-05,2.42286781805064e-05
"KEGG","D3_vs_D0","Viral protein interaction with cytokine and cytokine receptor","14/259","100/9424",14,5.28625705756502e-07,2.42286781805064e-05,2.42286781805064e-05
"KEGG","D3_vs_D0","Epstein-Barr virus infection","20/259","205/9424",20,8.33698064709659e-07,3.27524239707366e-05,3.27524239707366e-05
"KEGG","D3_vs_D0","Kaposi sarcoma-associated herpesvirus infection","19/259","196/9424",19,1.74328454660862e-06,5.99254062896713e-05,5.99254062896713e-05
"KEGG","D3_vs_D0","Neutrophil extracellular trap formation","18/259","195/9424",18,6.58115118244173e-06,0.000201090730574609,0.000201090730574609
"KEGG","D3_vs_D0","Legionellosis","9/259","56/9424",9,1.90473192335654e-05,0.000523801278923047,0.000523801278923047
"KEGG","D3_vs_D0","Human papillomavirus infection","23/259","333/9424",23,4.32638885579142e-05,0.00108159721394785,0.00108159721394785
"KEGG","D3_vs_D0","IL-17 signaling pathway","11/259","94/9424",11,5.01250911440835e-05,0.00114870000538525,0.00114870000538525
"KEGG","D3_vs_D0","Staphylococcus aureus infection","11/259","99/9424",11,8.10734401243969e-05,0.00168859202425871,0.00168859202425871
"KEGG","D3_vs_D0","Cytosolic DNA-sensing pathway","10/259","83/9424",10,8.59646848713527e-05,0.00168859202425871,0.00168859202425871
"KEGG","D3_vs_D0","Phagocytosis","19/259","260/9424",19,9.70523036124287e-05,0.00173775050407358,0.00173775050407358
"KEGG","D3_vs_D0","Coronavirus disease","18/259","239/9424",18,0.000101105483873372,0.00173775050407358,0.00173775050407358
"KEGG","D3_vs_D0","Osteoclast differentiation","13/259","142/9424",13,0.000139899559289925,0.00226308110616055,0.00226308110616055
"KEGG","D3_vs_D0","Systemic lupus erythematosus","13/259","143/9424",13,0.000150183529846152,0.00229447059487177,0.00229447059487177
"KEGG","D3_vs_D0","Lipid and atherosclerosis","16/259","216/9424",16,0.0002966560320618,0.00429370572721026,0.00429370572721026
"KEGG","D3_vs_D0","Efferocytosis","13/259","158/9424",13,0.000402670975556067,0.00553139434317153,0.00553139434317153
"KEGG","D3_vs_D0","Transcriptional misregulation in cancer","15/259","201/9424",15,0.000422397386205826,0.00553139434317153,0.00553139434317153
"KEGG","D3_vs_D0","Viral carcinogenesis","15/259","205/9424",15,0.000520293754506692,0.00650367193133366,0.00650367193133366
"KEGG","D3_vs_D0","RIG-I-like receptor signaling pathway","8/259","72/9424",8,0.000763782272689305,0.00913217934737212,0.00913217934737212
"KEGG","D3_vs_D0","Toll-like receptor signaling pathway","10/259","109/9424",10,0.000806701568997872,0.00924345547810062,0.00924345547810062
"KEGG","D3_vs_D0","Cytokine-cytokine receptor interaction","18/259","298/9424",18,0.00143645326953536,0.015800985964889,0.015800985964889
"KEGG","D3_vs_D0","Necroptosis","12/259","168/9424",12,0.00227658140776981,0.0230568045283547,0.0230568045283547
"KEGG","D3_vs_D0","Malaria","6/259","50/9424",6,0.00234389517200107,0.0230568045283547,0.0230568045283547
"KEGG","D3_vs_D0","NF-kappa B signaling pathway","9/259","105/9424",9,0.00234760191561429,0.0230568045283547,0.0230568045283547
"KEGG","D3_vs_D0","Natural killer cell mediated cytotoxicity","10/259","133/9424",10,0.00359734848173835,0.0331015562971684,0.0331015562971684
"KEGG","D3_vs_D0","Salmonella infection","15/259","249/9424",15,0.00361107886878201,0.0331015562971684,0.0331015562971684
"KEGG","D3_vs_D0","Hepatitis B","11/259","163/9424",11,0.00527141698655643,0.0456652661385841,0.0456652661385841
"KEGG","D3_vs_D0","TNF signaling pathway","9/259","119/9424",9,0.00542573871967417,0.0456652661385841,0.0456652661385841
"KEGG","D3_vs_D0","Pertussis","7/259","78/9424",7,0.0054798319366301,0.0456652661385841,0.0456652661385841
"Reactome","D3_vs_D0","Interferon Signaling","37/328","266/11287",37,1.3664163323438e-15,1.24890452776223e-12,1.00815345165237e-12
"Reactome","D3_vs_D0","Neutrophil degranulation","43/328","475/11287",43,2.45887498773558e-11,8.48039215191188e-09,6.84562865236349e-09
"Reactome","D3_vs_D0","Interferon gamma signaling","19/328","96/11287",19,2.783498518133e-11,8.48039215191188e-09,6.84562865236349e-09
"Reactome","D3_vs_D0","Interferon alpha/beta signaling","14/328","57/11287",14,5.78325962678425e-10,1.3214748247202e-07,1.06673438697551e-07
"Reactome","D3_vs_D0","Modulation of host responses by IFN-stimulated genes","8/328","17/11287",8,9.03918153383714e-09,1.65236238438543e-06,1.33383681792196e-06
"Reactome","D3_vs_D0","Antimicrobial mechanism of IFN-stimulated genes","19/328","159/11287",19,1.68896768113068e-07,2.57286076758907e-05,2.07689091184054e-05
"Reactome","D3_vs_D0","RUNX1 regulates genes involved in megakaryocyte differentiation and platelet function","13/328","95/11287",13,3.39215672439869e-06,0.000442918749442915,0.000357537390670295
"Reactome","D3_vs_D0","Immunoregulatory interactions between a Lymphoid and a non-Lymphoid cell","15/328","131/11287",15,5.84955130063534e-06,0.000668311236097587,0.000539481012737681
"Reactome","D3_vs_D0","Chemokine receptors bind chemokines","10/328","59/11287",10,6.63864485268398e-06,0.00067419126615035,0.00054422755057283
"Reactome","D3_vs_D0","Butyrophilin (BTN) family interactions","5/328","12/11287",5,1.34590968047481e-05,0.00123016144795397,0.000993023471591245
"Reactome","D3_vs_D0","Interleukin-10 signaling","8/328","45/11287",8,3.93689678348657e-05,0.00327120332736975,0.00264061411599941
"Reactome","D3_vs_D0","Bacterial Infection Pathways","12/328","106/11287",12,5.6364201963281e-05,0.00429307338286991,0.00346549848521423
"Reactome","D3_vs_D0","Non-canonical inflammasome activation","4/328","10/11287",4,0.000128008541588367,0.00899998515475137,0.00726505981593341
"Reactome","D3_vs_D0","PKR-mediated signaling","9/328","76/11287",9,0.000340105065706052,0.0222040021468094,0.017923741092453
"Reactome","D3_vs_D0","Erythrocytes take up carbon dioxide and release oxygen","4/328","13/11287",4,0.000406671455145472,0.0227830039416543,0.0183911288270717
"Reactome","D3_vs_D0","O2/CO2 exchange in erythrocytes","4/328","13/11287",4,0.000406671455145472,0.0227830039416543,0.0183911288270717
"Reactome","D3_vs_D0","Antimicrobial peptides","10/328","95/11287",10,0.000423753902634708,0.0227830039416543,0.0183911288270717
"Reactome","D3_vs_D0","Pyroptosis","5/328","25/11287",5,0.000661393423812767,0.0326642910503763,0.0263676021955169
"Reactome","D3_vs_D0","Respiratory Syncytial Virus Infection Pathway","11/328","119/11287",11,0.000679016991200382,0.0326642910503763,0.0263676021955169
"Reactome","D3_vs_D0","Signaling by Interleukins","26/328","456/11287",26,0.000804042323752159,0.0367447341954737,0.0296614591313806
"Reactome","D3_vs_D0","ISG15 antiviral mechanism","8/328","70/11287",8,0.000918657347989056,0.0380963333402972,0.0307525107792962
"Reactome","D3_vs_D0","Caspase activation via extrinsic apoptotic signalling pathway","5/328","27/11287",5,0.000958225826850544,0.0380963333402972,0.0307525107792962
"Reactome","D3_vs_D0","Infection with Enterobacteria","6/328","40/11287",6,0.000958660466987785,0.0380963333402972,0.0307525107792962
"Reactome","D3_vs_D0","Caspase activation via Death Receptors in the presence of ligand","4/328","17/11287",4,0.00123464225920212,0.0455474697757468,0.0367672931338697
"Reactome","D3_vs_D0","Regulated Necrosis","7/328","57/11287",7,0.0012458279479143,0.0455474697757468,0.0367672931338697
"GO-BP","D7_vs_D0","defense response to virus","97/1564","305/18842",97,1.41698476237018e-32,7.28613564810744e-29,7.28613564810744e-29
"GO-BP","D7_vs_D0","response to virus","105/1564","400/18842",105,2.42960790015012e-27,6.24652191128597e-24,6.24652191128597e-24
"GO-BP","D7_vs_D0","regulation of innate immune response","101/1564","482/18842",101,1.5771923764845e-18,2.70330773329444e-15,2.70330773329444e-15
"GO-BP","D7_vs_D0","negative regulation of viral process","34/1564","74/18842",34,6.51787172022896e-18,8.37872409635433e-15,8.37872409635433e-15
"GO-BP","D7_vs_D0","negative regulation of viral genome replication","27/1564","48/18842",27,2.12229646254521e-17,2.1825696820815e-14,2.1825696820815e-14
"GO-BP","D7_vs_D0","regulation of viral process","46/1564","136/18842",46,2.7784909733629e-17,2.38116676417201e-14,2.38116676417201e-14
"GO-BP","D7_vs_D0","regulation of viral life cycle","40/1564","110/18842",40,1.86557360913485e-16,1.37039707116734e-13,1.37039707116734e-13
"GO-BP","D7_vs_D0","positive regulation of innate immune response","83/1564","396/18842",83,1.92839448908861e-15,1.2394755578617e-12,1.2394755578617e-12
"GO-BP","D7_vs_D0","positive regulation of cytokine production","95/1564","499/18842",95,1.04035453388569e-14,5.9438922369336e-12,5.9438922369336e-12
"GO-BP","D7_vs_D0","positive regulation of response to biotic stimulus","85/1564","424/18842",85,1.32000946476961e-14,6.78748866784535e-12,6.78748866784535e-12
"GO-BP","D7_vs_D0","antiviral innate immune response","30/1564","73/18842",30,2.36431957071744e-14,1.10521193023901e-11,1.10521193023901e-11
"GO-BP","D7_vs_D0","pattern recognition receptor signaling pathway","66/1564","291/18842",66,3.08778385328366e-14,1.32311538113205e-11,1.32311538113205e-11
"GO-BP","D7_vs_D0","leukocyte mediated immunity","84/1564","429/18842",84,7.54712015639641e-14,2.98517629570695e-11,2.98517629570695e-11
"GO-BP","D7_vs_D0","activation of innate immune response","70/1564","326/18842",70,9.18077519102571e-14,3.37196757373244e-11,3.37196757373244e-11
"GO-BP","D7_vs_D0","innate immune response-activating signaling pathway","67/1564","306/18842",67,1.18229736797483e-13,4.05291537741773e-11,4.05291537741773e-11
"GO-BP","D7_vs_D0","regulation of viral genome replication","30/1564","77/18842",30,1.29214425031539e-13,4.1526285844511e-11,4.1526285844511e-11
"GO-BP","D7_vs_D0","response to molecule of bacterial origin","66/1564","319/18842",66,2.82147525052403e-12,8.53413278717328e-10,8.53413278717327e-10
"GO-BP","D7_vs_D0","response to lipopolysaccharide","62/1564","302/18842",62,1.82933648316664e-11,5.22580455357937e-09,5.22580455357937e-09
"GO-BP","D7_vs_D0","positive regulation of interleukin-1 beta production","24/1564","63/18842",24,6.30584601791389e-11,1.70656106442701e-08,1.70656106442701e-08
"GO-BP","D7_vs_D0","viral process","71/1564","383/18842",71,9.11701812119258e-11,2.34398535895861e-08,2.34398535895861e-08
"GO-BP","D7_vs_D0","viral genome replication","32/1564","110/18842",32,1.69207232150283e-10,4.14315994150836e-08,4.14315994150836e-08
"GO-BP","D7_vs_D0","interferon-mediated signaling pathway","31/1564","105/18842",31,2.15788705529899e-10,5.04357056288518e-08,5.04357056288518e-08
"GO-BP","D7_vs_D0","cytoplasmic pattern recognition receptor signaling pathway","44/1564","191/18842",44,3.50183734020594e-10,7.82889026232129e-08,7.82889026232129e-08
"GO-BP","D7_vs_D0","positive regulation of interleukin-1 production","25/1564","74/18842",25,5.08838129207922e-10,1.09018569182797e-07,1.09018569182797e-07
"GO-BP","D7_vs_D0","myeloid leukocyte activation","48/1564","222/18842",48,5.62468011104905e-10,1.15688420524057e-07,1.15688420524057e-07
"GO-BP","D7_vs_D0","cellular response to molecule of bacterial origin","48/1564","223/18842",48,6.60096025053039e-10,1.28823711405014e-07,1.28823711405014e-07
"GO-BP","D7_vs_D0","cellular response to biotic stimulus","51/1564","245/18842",51,6.76437224413724e-10,1.28823711405014e-07,1.28823711405014e-07
"GO-BP","D7_vs_D0","positive regulation of tumor necrosis factor production","32/1564","116/18842",32,7.55404080936827e-10,1.38724563720613e-07,1.38724563720613e-07
"GO-BP","D7_vs_D0","myeloid leukocyte mediated immunity","30/1564","104/18842",30,7.84687480631434e-10,1.39133207772649e-07,1.39133207772649e-07
"GO-BP","D7_vs_D0","cellular response to lipopolysaccharide","46/1564","210/18842",46,8.19085534096297e-10,1.40391260544105e-07,1.40391260544105e-07
"GO-BP","D7_vs_D0","homeostasis of number of cells","46/1564","214/18842",46,1.56368837473555e-09,2.593705039642e-07,2.593705039642e-07
"GO-BP","D7_vs_D0","positive regulation of tumor necrosis factor superfamily cytokine production","32/1564","120/18842",32,1.91754231197423e-09,3.08125080255359e-07,3.08125080255359e-07
"GO-BP","D7_vs_D0","defense response to bacterium","60/1564","322/18842",60,2.13180198590803e-09,3.32173509440578e-07,3.32173509440578e-07
"GO-BP","D7_vs_D0","viral life cycle","55/1564","284/18842",55,2.3802949607781e-09,3.59984608480029e-07,3.59984608480029e-07
"GO-BP","D7_vs_D0","intracellular receptor signaling pathway","69/1564","399/18842",69,3.61592344658394e-09,5.31230810352417e-07,5.31230810352417e-07
"GO-BP","D7_vs_D0","immune response-regulating cell surface receptor signaling pathway","68/1564","392/18842",68,4.11760006207324e-09,5.88130542199461e-07,5.88130542199461e-07
"GO-BP","D7_vs_D0","lymphocyte mediated immunity","61/1564","339/18842",61,6.29145475080232e-09,8.74342171043934e-07,8.74342171043934e-07
"GO-BP","D7_vs_D0","response to type II interferon","29/1564","109/18842",29,1.15065095237282e-08,1.55701242028975e-06,1.55701242028975e-06
"GO-BP","D7_vs_D0","pyroptotic inflammatory response","17/1564","42/18842",17,1.32250783954006e-08,1.74367572074743e-06,1.74367572074743e-06
"GO-BP","D7_vs_D0","type I interferon-mediated signaling pathway","24/1564","80/18842",24,1.63712178471129e-08,2.09571119038732e-06,2.09571119038732e-06
"GO-BP","D7_vs_D0","myeloid cell differentiation","63/1564","364/18842",63,1.671026036676e-08,2.09571119038732e-06,2.09571119038732e-06
"GO-BP","D7_vs_D0","regulation of response to cytokine stimulus","41/1564","196/18842",41,2.70860837675097e-08,3.16476713035751e-06,3.16476713035751e-06
"GO-BP","D7_vs_D0","adaptive immune response based on somatic recombination of immune receptors built from immunoglobulin superfamily domains","64/1564","377/18842",64,2.7549376389372e-08,3.16476713035751e-06,3.16476713035751e-06
"GO-BP","D7_vs_D0","interleukin-1 beta production","29/1564","113/18842",29,2.76963284453691e-08,3.16476713035751e-06,3.16476713035751e-06
"GO-BP","D7_vs_D0","regulation of interleukin-1 beta production","29/1564","113/18842",29,2.76963284453691e-08,3.16476713035751e-06,3.16476713035751e-06
"GO-BP","D7_vs_D0","tumor necrosis factor superfamily cytokine production","40/1564","196/18842",40,8.11819542791845e-08,8.88165125326737e-06,8.88165125326737e-06
"GO-BP","D7_vs_D0","regulation of tumor necrosis factor superfamily cytokine production","40/1564","196/18842",40,8.11819542791845e-08,8.88165125326737e-06,8.88165125326737e-06
"GO-BP","D7_vs_D0","positive regulation of interferon-beta production","16/1564","42/18842",16,9.77487291134018e-08,1.04713326062732e-05,1.04713326062732e-05
"GO-BP","D7_vs_D0","interleukin-1 production","31/1564","133/18842",31,1.03300123151482e-07,1.06233846648984e-05,1.06233846648984e-05
"GO-BP","D7_vs_D0","regulation of interleukin-1 production","31/1564","133/18842",31,1.03300123151482e-07,1.06233846648984e-05,1.06233846648984e-05
"GO-BP","D7_vs_D0","tumor necrosis factor production","39/1564","191/18842",39,1.15748841068367e-07,1.14457796302605e-05,1.14457796302605e-05
"GO-BP","D7_vs_D0","regulation of tumor necrosis factor production","39/1564","191/18842",39,1.15748841068367e-07,1.14457796302605e-05,1.14457796302605e-05
"GO-BP","D7_vs_D0","cell killing","45/1564","238/18842",45,1.38200860070194e-07,1.34080909902063e-05,1.34080909902063e-05
"GO-BP","D7_vs_D0","myeloid cell homeostasis","30/1564","128/18842",30,1.44961956208767e-07,1.38035996078792e-05,1.38035996078792e-05
"GO-BP","D7_vs_D0","response to interferon-beta","14/1564","34/18842",14,1.97634839385324e-07,1.84770608021697e-05,1.84770608021697e-05
"GO-BP","D7_vs_D0","regulation of type I interferon production","31/1564","137/18842",31,2.10625076664372e-07,1.86924061126182e-05,1.86924061126182e-05
"GO-BP","D7_vs_D0","type I interferon production","31/1564","137/18842",31,2.10625076664372e-07,1.86924061126182e-05,1.86924061126182e-05
"GO-BP","D7_vs_D0","positive regulation of interleukin-8 production","20/1564","66/18842",20,2.10843942927237e-07,1.86924061126182e-05,1.86924061126182e-05
"GO-BP","D7_vs_D0","positive regulation of canonical NF-kappaB signal transduction","43/1564","226/18842",43,2.17138110253977e-07,1.89241383546771e-05,1.89241383546771e-05
"GO-BP","D7_vs_D0","regulation of inflammatory response","67/1564","429/18842",67,3.40623603867136e-07,2.91914428514136e-05,2.91914428514136e-05
"GO-BP","D7_vs_D0","positive regulation of type I interferon production","22/1564","80/18842",22,3.51940153241113e-07,2.96668240650131e-05,2.96668240650131e-05
"GO-BP","D7_vs_D0","regulation of cytokine-mediated signaling pathway","37/1564","184/18842",37,3.6242219148028e-07,3.00576598159936e-05,3.00576598159936e-05
"GO-BP","D7_vs_D0","organ or tissue specific immune response","17/1564","52/18842",17,5.1114994734472e-07,4.17195718928024e-05,4.17195718928024e-05
"GO-BP","D7_vs_D0","acute inflammatory response to antigenic stimulus","12/1564","27/18842",12,5.48098657005114e-07,4.40363014737546e-05,4.40363014737546e-05
"GO-BP","D7_vs_D0","erythrocyte differentiation","26/1564","109/18842",26,6.72085264972982e-07,5.31671143460165e-05,5.31671143460165e-05
"GO-BP","D7_vs_D0","regulation of canonical NF-kappaB signal transduction","54/1564","326/18842",54,7.35257423850187e-07,5.72832374763282e-05,5.72832374763282e-05
"GO-BP","D7_vs_D0","leukocyte migration","57/1564","352/18842",57,7.79237804897403e-07,5.85562900504614e-05,5.85562900504614e-05
"GO-BP","D7_vs_D0","cellular response to type II interferon","20/1564","71/18842",20,7.80958025832077e-07,5.85562900504614e-05,5.85562900504614e-05
"GO-BP","D7_vs_D0","positive regulation of response to cytokine stimulus","19/1564","65/18842",19,7.85761185041197e-07,5.85562900504614e-05,5.85562900504614e-05
"GO-BP","D7_vs_D0","negative regulation of response to biotic stimulus","29/1564","131/18842",29,8.349479655204e-07,6.13328919815128e-05,6.13328919815128e-05
"GO-BP","D7_vs_D0","mucosal immune response","16/1564","49/18842",16,1.12374735967317e-06,8.1384632724499e-05,8.1384632724499e-05
"GO-BP","D7_vs_D0","erythrocyte homeostasis","26/1564","112/18842",26,1.17303279413984e-06,8.2626501746124e-05,8.2626501746124e-05
"GO-BP","D7_vs_D0","defense response to Gram-positive bacterium","26/1564","112/18842",26,1.17303279413984e-06,8.2626501746124e-05,8.2626501746124e-05
"GO-BP","D7_vs_D0","innate immune response in mucosa","13/1564","34/18842",13,1.49064994918533e-06,0.000103580027550148,0.000103580027550148
"GO-BP","D7_vs_D0","leukocyte degranulation","20/1564","74/18842",20,1.60293176543854e-06,0.000109897001838466,0.000109897001838466
"GO-BP","D7_vs_D0","response to type I interferon","27/1564","122/18842",27,1.98555663580723e-06,0.000132891047268783,0.000132891047268783
"GO-BP","D7_vs_D0","positive regulation of inflammatory response","33/1564","166/18842",33,1.99000595871183e-06,0.000132891047268783,0.000132891047268783
"GO-BP","D7_vs_D0","positive regulation of pattern recognition receptor signaling pathway","21/1564","82/18842",21,2.30300986080053e-06,0.000151821496208158,0.000151821496208158
"GO-BP","D7_vs_D0","canonical NF-kappaB signal transduction","54/1564","339/18842",54,2.51763885811278e-06,0.000163869607701467,0.000163869607701467
"GO-BP","D7_vs_D0","interleukin-27-mediated signaling pathway","7/1564","10/18842",7,2.56976437812638e-06,0.000165171605404073,0.000165171605404073
"GO-BP","D7_vs_D0","lipopolysaccharide-mediated signaling pathway","17/1564","58/18842",17,2.84740566326416e-06,0.000176401926753064,0.000176401926753064
"GO-BP","D7_vs_D0","interferon-beta production","17/1564","58/18842",17,2.84740566326416e-06,0.000176401926753064,0.000176401926753064
"GO-BP","D7_vs_D0","regulation of interferon-beta production","17/1564","58/18842",17,2.84740566326416e-06,0.000176401926753064,0.000176401926753064
"GO-BP","D7_vs_D0","neutrophil activation","14/1564","42/18842",14,3.98172819918093e-06,0.00024373864762129,0.00024373864762129
"GO-BP","D7_vs_D0","regulation of leukocyte mediated immunity","39/1564","219/18842",39,4.2743209528037e-06,0.000258571274580195,0.000258571274580195
"GO-BP","D7_vs_D0","immunoglobulin mediated immune response","33/1564","172/18842",33,4.47117529691412e-06,0.00026552087690182,0.00026552087690182
"GO-BP","D7_vs_D0","negative regulation of response to external stimulus","62/1564","416/18842",62,4.49247691374141e-06,0.00026552087690182,0.00026552087690182
"GO-BP","D7_vs_D0","antibacterial humoral response","21/1564","86/18842",21,5.23316435109985e-06,0.000305783307879039,0.000305783307879039
"GO-BP","D7_vs_D0","acute inflammatory response","23/1564","100/18842",23,5.63758149908826e-06,0.000325712854700133,0.000325712854700133
"GO-BP","D7_vs_D0","negative regulation of innate immune response","22/1564","94/18842",22,6.6246952174583e-06,0.000378490920090784,0.000378490920090784
"GO-BP","D7_vs_D0","cellular response to type I interferon","25/1564","116/18842",25,7.73678787858027e-06,0.000433306997667656,0.000433306997667656
"GO-BP","D7_vs_D0","negative regulation of megakaryocyte differentiation","9/1564","19/18842",9,7.83900507333833e-06,0.000433306997667656,0.000433306997667656
"GO-BP","D7_vs_D0","negative regulation of defense response","48/1564","300/18842",48,7.90507704077868e-06,0.000433306997667656,0.000433306997667656
"GO-BP","D7_vs_D0","granulocyte activation","15/1564","50/18842",15,7.92120921446124e-06,0.000433306997667656,0.000433306997667656
"GO-BP","D7_vs_D0","B cell mediated immunity","33/1564","177/18842",33,8.45366488819708e-06,0.000453276542108169,0.000453276542108169
"GO-BP","D7_vs_D0","leukocyte chemotaxis","38/1564","217/18842",38,8.4625725481105e-06,0.000453276542108169,0.000453276542108169
"GO-BP","D7_vs_D0","negative regulation of myeloid cell differentiation","20/1564","82/18842",20,8.8797502997377e-06,0.000468511725595175,0.000468511725595174
"GO-BP","D7_vs_D0","immune response-activating cell surface receptor signaling pathway","52/1564","336/18842",52,8.92923942207839e-06,0.000468511725595175,0.000468511725595174
"GO-BP","D7_vs_D0","regulation of leukocyte migration","37/1564","210/18842",37,9.58662057265195e-06,0.000497923262470468,0.000497923262470468
"GO-BP","D7_vs_D0","leukocyte proliferation","43/1564","261/18842",43,1.10291935429613e-05,0.000567121131979071,0.000567121131979071
"GO-BP","D7_vs_D0","myeloid cell activation involved in immune response","21/1564","90/18842",21,1.12093090354883e-05,0.000570675911489907,0.000570675911489907
"GO-BP","D7_vs_D0","leukocyte mediated cytotoxicity","27/1564","134/18842",27,1.27386852340417e-05,0.000642179602680811,0.000642179602680811
"GO-BP","D7_vs_D0","response to interferon-alpha","9/1564","20/18842",9,1.32021646522364e-05,0.000659082821765045,0.000659082821765045
"GO-BP","D7_vs_D0","regulation of myeloid cell differentiation","34/1564","189/18842",34,1.37789997124285e-05,0.000681265543474108,0.000681265543474108
"GO-BP","D7_vs_D0","hypersensitivity","8/1564","16/18842",8,1.55327419897567e-05,0.000760660564869798,0.000760660564869798
"GO-BP","D7_vs_D0","regulation of type I interferon-mediated signaling pathway","13/1564","41/18842",13,1.63126160676577e-05,0.000791315771885811,0.000791315771885811
"GO-BP","D7_vs_D0","cell surface toll-like receptor signaling pathway","18/1564","72/18842",18,1.71454441490978e-05,0.000823942745931409,0.000823942745931409
"GO-BP","D7_vs_D0","lymphocyte proliferation","38/1564","227/18842",38,2.43179838671636e-05,0.00115780623189773,0.00115780623189773
"GO-BP","D7_vs_D0","response to tumor necrosis factor","37/1564","219/18842",37,2.51525437760483e-05,0.0011865539458389,0.0011865539458389
"GO-BP","D7_vs_D0","protein autoubiquitination","18/1564","74/18842",18,2.56311902480587e-05,0.00118734756986953,0.00118734756986953
"GO-BP","D7_vs_D0","cellular response to mechanical stimulus","18/1564","74/18842",18,2.56311902480587e-05,0.00118734756986953,0.00118734756986953
"GO-BP","D7_vs_D0","T cell mediated immunity","25/1564","124/18842",25,2.60426100879085e-05,0.00119563483100023,0.00119563483100023
"GO-BP","D7_vs_D0","regulation of pattern recognition receptor signaling pathway","34/1564","195/18842",34,2.7113190448581e-05,0.00123377013527968,0.00123377013527968
"GO-BP","D7_vs_D0","type II interferon production","24/1564","117/18842",24,2.78468316008822e-05,0.00124511659210205,0.00124511659210205
"GO-BP","D7_vs_D0","regulation of type II interferon production","24/1564","117/18842",24,2.78468316008822e-05,0.00124511659210205,0.00124511659210205
"GO-BP","D7_vs_D0","exocytosis","52/1564","351/18842",52,3.04434392441488e-05,0.00134948417752942,0.00134948417752942
"GO-BP","D7_vs_D0","cellular response to external stimulus","18/1564","75/18842",18,3.11372866052882e-05,0.00136844382670421,0.00136844382670421
"GO-BP","D7_vs_D0","regulation of leukocyte chemotaxis","24/1564","118/18842",24,3.22457176555125e-05,0.00140514813715801,0.00140514813715801
"GO-BP","D7_vs_D0","myeloid cell development","16/1564","62/18842",16,3.26048613835135e-05,0.00140550913746787,0.00140550913746787
"GO-BP","D7_vs_D0","mononuclear cell proliferation","38/1564","230/18842",38,3.28006799875815e-05,0.00140550913746787,0.00140550913746787
"GO-BP","D7_vs_D0","killing of cells of another organism","23/1564","111/18842",23,3.43130283968903e-05,0.00144620977062959,0.00144620977062959
"GO-BP","D7_vs_D0","disruption of cell in another organism","23/1564","111/18842",23,3.43130283968903e-05,0.00144620977062959,0.00144620977062959
"GO-BP","D7_vs_D0","cell surface pattern recognition receptor signaling pathway","19/1564","83/18842",19,3.84827892156665e-05,0.00160876831013786,0.00160876831013786
"GO-BP","D7_vs_D0","cell chemotaxis","47/1564","311/18842",47,4.36392201514845e-05,0.00180961991950753,0.00180961991950753
"GO-BP","D7_vs_D0","positive regulation of interleukin-10 production","12/1564","39/18842",12,4.81886112245245e-05,0.00198228671133204,0.00198228671133204
"GO-BP","D7_vs_D0","antibody-dependent cellular cytotoxicity","6/1564","10/18842",6,5.07712161876901e-05,0.00203957495028986,0.00203957495028986
"GO-BP","D7_vs_D0","type IIa hypersensitivity","6/1564","10/18842",6,5.07712161876901e-05,0.00203957495028986,0.00203957495028986
"GO-BP","D7_vs_D0","type II hypersensitivity","6/1564","10/18842",6,5.07712161876901e-05,0.00203957495028986,0.00203957495028986
"GO-BP","D7_vs_D0","positive regulation of cytokine-mediated signaling pathway","15/1564","58/18842",15,5.55778552285735e-05,0.00220826589369915,0.00220826589369915
"GO-BP","D7_vs_D0","regulation of lymphocyte mediated immunity","30/1564","169/18842",30,5.5829359428411e-05,0.00220826589369915,0.00220826589369915
"GO-BP","D7_vs_D0","cellular response to tumor necrosis factor","34/1564","202/18842",34,5.6901551488361e-05,0.00223349448666528,0.00223349448666528
"GO-BP","D7_vs_D0","regulation of T cell mediated immunity","21/1564","100/18842",21,6.03038805636739e-05,0.00233392561497663,0.00233392561497663
"GO-BP","D7_vs_D0","chemotaxis","61/1564","443/18842",61,6.08218655011414e-05,0.00233392561497663,0.00233392561497663
"GO-BP","D7_vs_D0","taxis","61/1564","443/18842",61,6.08218655011414e-05,0.00233392561497663,0.00233392561497663
"GO-BP","D7_vs_D0","disruption of anatomical structure in another organism","23/1564","115/18842",23,6.15126525034754e-05,0.00234294858646571,0.00234294858646571
"GO-BP","D7_vs_D0","tumor necrosis factor-mediated signaling pathway","24/1564","123/18842",24,6.50805380459455e-05,0.00246061857817832,0.00246061857817832
"GO-BP","D7_vs_D0","positive regulation of leukocyte migration","26/1564","139/18842",26,6.95666832450065e-05,0.00261103565872864,0.00261103565872864
"GO-BP","D7_vs_D0","response to mechanical stimulus","33/1564","196/18842",33,7.22125379182326e-05,0.00269070195634458,0.00269070195634458
"GO-BP","D7_vs_D0","establishment of organelle localization","53/1564","372/18842",53,7.42592924067431e-05,0.00272883213723045,0.00272883213723045
"GO-BP","D7_vs_D0","cellular extravasation","16/1564","66/18842",16,7.4297257723116e-05,0.00272883213723045,0.00272883213723045
"GO-BP","D7_vs_D0","leukocyte activation involved in immune response","42/1564","274/18842",42,7.8509058295626e-05,0.00286307501954687,0.00286307501954687
"GO-BP","D7_vs_D0","regulation of megakaryocyte differentiation","11/1564","35/18842",11,7.9947574794324e-05,0.00289500302529869,0.00289500302529869
"GO-BP","D7_vs_D0","interleukin-10 production","15/1564","60/18842",15,8.48449293209794e-05,0.00300877673495501,0.00300877673495501
"GO-BP","D7_vs_D0","regulation of interleukin-10 production","15/1564","60/18842",15,8.48449293209794e-05,0.00300877673495501,0.00300877673495501
"GO-BP","D7_vs_D0","regulation of defense response to virus","15/1564","60/18842",15,8.48449293209794e-05,0.00300877673495501,0.00300877673495501
"GO-BP","D7_vs_D0","interferon-alpha production","10/1564","30/18842",10,9.65124463445408e-05,0.0033759659802968,0.0033759659802968
"GO-BP","D7_vs_D0","regulation of interferon-alpha production","10/1564","30/18842",10,9.65124463445408e-05,0.0033759659802968,0.0033759659802968
"GO-BP","D7_vs_D0","regulation of defense response to virus by host","12/1564","42/18842",12,0.000107848472310625,0.00374700570690023,0.00374700570690023
"GO-BP","D7_vs_D0","positive regulation of interferon-alpha production","9/1564","25/18842",9,0.000109621964980923,0.00378306136867052,0.00378306136867052
"GO-BP","D7_vs_D0","leukocyte homeostasis","17/1564","75/18842",17,0.000110395655445856,0.00378436306868396,0.00378436306868396
"GO-BP","D7_vs_D0","regulation of cytoplasmic pattern recognition receptor signaling pathway","25/1564","135/18842",25,0.000112448913841463,0.00382922062895897,0.00382922062895897
"GO-BP","D7_vs_D0","cell activation involved in immune response","42/1564","279/18842",42,0.000118702717135211,0.00401558797045562,0.00401558797045562
"GO-BP","D7_vs_D0","positive regulation of defense response to virus by host","10/1564","31/18842",10,0.000131934077194242,0.00443401977080256,0.00443401977080256
"GO-BP","D7_vs_D0","phagocytosis","36/1564","228/18842",36,0.00013536745033815,0.00451986642622576,0.00451986642622576
"GO-BP","D7_vs_D0","regulation of cellular extravasation","11/1564","37/18842",11,0.000140335523087329,0.00465551780461319,0.00465551780461319
"GO-BP","D7_vs_D0","interleukin-8 production","21/1564","106/18842",21,0.000145395650002103,0.00476193905930453,0.00476193905930453
"GO-BP","D7_vs_D0","regulation of interleukin-8 production","21/1564","106/18842",21,0.000145395650002103,0.00476193905930453,0.00476193905930453
"GO-BP","D7_vs_D0","protein polyubiquitination","41/1564","273/18842",41,0.000149799356424654,0.00487511576414917,0.00487511576414917
"GO-BP","D7_vs_D0","mononuclear cell migration","34/1564","212/18842",34,0.000151014507574383,0.00488375218834892,0.00488375218834892
"GO-BP","D7_vs_D0","toll-like receptor 4 signaling pathway","15/1564","63/18842",15,0.000153741526778235,0.00494086831683553,0.00494086831683553
"GO-BP","D7_vs_D0","detection of external biotic stimulus","9/1564","26/18842",9,0.000155366005648529,0.00496206211829028,0.00496206211829028
"GO-BP","D7_vs_D0","response to fungus","16/1564","70/18842",16,0.000156932248520628,0.00498114581415475,0.00498114581415475
"GO-BP","D7_vs_D0","regulation of immune effector process","49/1564","347/18842",49,0.000169634053605687,0.00535127793644443,0.00535127793644443
"GO-BP","D7_vs_D0","inflammatory response to antigenic stimulus","15/1564","64/18842",15,0.000185584397983801,0.00581874984410187,0.00581874984410187
"GO-BP","D7_vs_D0","regulation of neutrophil activation","6/1564","12/18842",6,0.000193049973402307,0.00601613917111916,0.00601613917111916
"GO-BP","D7_vs_D0","cellular defense response","13/1564","51/18842",13,0.000201392452727817,0.00620941887952626,0.00620941887952626
"GO-BP","D7_vs_D0","regulation of lymphocyte proliferation","32/1564","198/18842",32,0.000201667240933661,0.00620941887952626,0.00620941887952626
"GO-BP","D7_vs_D0","regulation of leukocyte proliferation","35/1564","224/18842",35,0.000205013150362471,0.00627486678073704,0.00627486678073704
"GO-BP","D7_vs_D0","positive regulation of chemokine production","15/1564","65/18842",15,0.000222981067482198,0.00678442987570095,0.00678442987570095
"GO-BP","D7_vs_D0","regulation of mononuclear cell proliferation","32/1564","200/18842",32,0.000243222148534266,0.00735675463390114,0.00735675463390114
"GO-BP","D7_vs_D0","negative regulation of cytokine production","51/1564","371/18842",51,0.000246023083657674,0.00739795728753077,0.00739795728753077
"GO-BP","D7_vs_D0","mast cell activation involved in immune response","13/1564","52/18842",13,0.000248346906548623,0.00742441740391291,0.00742441740391291
"GO-BP","D7_vs_D0","toll-like receptor signaling pathway","17/1564","80/18842",17,0.000253939695091553,0.00754773359630501,0.00754773359630501
"GO-BP","D7_vs_D0","chemokine production","19/1564","95/18842",19,0.000260160697602588,0.00764426461184289,0.00764426461184289
"GO-BP","D7_vs_D0","regulation of chemokine production","19/1564","95/18842",19,0.000260160697602588,0.00764426461184289,0.00764426461184289
"GO-BP","D7_vs_D0","microglial cell activation","12/1564","46/18842",12,0.000278045029961883,0.00807744375177403,0.00807744375177403
"GO-BP","D7_vs_D0","leukocyte activation involved in inflammatory response","12/1564","46/18842",12,0.000278045029961883,0.00807744375177403,0.00807744375177403
"GO-BP","D7_vs_D0","negative regulation of immune response","32/1564","202/18842",32,0.000292246239267075,0.00844230428264775,0.00844230428264775
"GO-BP","D7_vs_D0","cytokine production involved in immune response","19/1564","96/18842",19,0.000299524837394897,0.00854977747788559,0.00854977747788559
"GO-BP","D7_vs_D0","regulation of cytokine production involved in immune response","19/1564","96/18842",19,0.000299524837394897,0.00854977747788559,0.00854977747788559
"GO-BP","D7_vs_D0","detection of biotic stimulus","11/1564","40/18842",11,0.000300954827595739,0.00854977747788559,0.00854977747788559
"GO-BP","D7_vs_D0","glial cell activation","13/1564","53/18842",13,0.000304349151266127,0.00859869964731002,0.00859869964731002
"GO-BP","D7_vs_D0","erythrocyte development","10/1564","34/18842",10,0.000309886506978683,0.00870730283543381,0.00870730283543381
"GO-BP","D7_vs_D0","detection of molecule of bacterial origin","6/1564","13/18842",6,0.000333347228700004,0.00931560570638815,0.00931560570638815
"GO-BP","D7_vs_D0","regulation of myeloid leukocyte mediated immunity","12/1564","47/18842",12,0.000345485994873789,0.00960264316562716,0.00960264316562716
"GO-BP","D7_vs_D0","response to protozoan","7/1564","18/18842",7,0.000375662968557384,0.0102747818315004,0.0102747818315004
"GO-BP","D7_vs_D0","defense response to protozoan","7/1564","18/18842",7,0.000375662968557384,0.0102747818315004,0.0102747818315004
"GO-BP","D7_vs_D0","protein localization to CENP-A containing chromatin","7/1564","18/18842",7,0.000375662968557384,0.0102747818315004,0.0102747818315004
"GO-BP","D7_vs_D0","activated T cell proliferation","11/1564","41/18842",11,0.000380770875823044,0.0103593854152492,0.0103593854152492
"GO-BP","D7_vs_D0","regulation of biological process involved in symbiotic interaction","10/1564","35/18842",10,0.000401862079852425,0.0108756569189535,0.0108756569189535
"GO-BP","D7_vs_D0","regulation of mononuclear cell migration","24/1564","138/18842",24,0.000406707074248291,0.0109491506585587,0.0109491506585587
"GO-BP","D7_vs_D0","negative regulation of cold-induced thermogenesis","12/1564","48/18842",12,0.000426263350294665,0.0113655071483706,0.0113655071483706
"GO-BP","D7_vs_D0","positive regulation of type II interferon production","16/1564","76/18842",16,0.000426593325483379,0.0113655071483706,0.0113655071483706
"GO-BP","D7_vs_D0","regulation of cell killing","19/1564","99/18842",19,0.000450362554177905,0.0119369291421793,0.0119369291421793
"GO-BP","D7_vs_D0","biological process involved in symbiotic interaction","29/1564","181/18842",29,0.000453902165963676,0.0119690509609499,0.0119690509609499
"GO-BP","D7_vs_D0","positive regulation of leukocyte chemotaxis","18/1564","92/18842",18,0.000494394648843804,0.0129702922671165,0.0129702922671165
"GO-BP","D7_vs_D0","production of molecular mediator of immune response","29/1564","182/18842",29,0.000498024099174323,0.0129991874007836,0.0129991874007836
"GO-BP","D7_vs_D0","innate immune response activating cell surface receptor signaling pathway","19/1564","100/18842",19,0.000513498421195249,0.013268386340633,0.013268386340633
"GO-BP","D7_vs_D0","regulation of phagocytosis","19/1564","100/18842",19,0.000513498421195249,0.013268386340633,0.013268386340633
"GO-BP","D7_vs_D0","positive regulation of cell activation","47/1564","345/18842",47,0.000516803693361524,0.0132870229563248,0.0132870229563248
"GO-BP","D7_vs_D0","mast cell degranulation","12/1564","49/18842",12,0.000522401899089708,0.0133641321647725,0.0133641321647725
"GO-BP","D7_vs_D0","oxygen transport","6/1564","14/18842",6,0.000542465879791437,0.0138087106628097,0.0138087106628097
"GO-BP","D7_vs_D0","adaptive thermogenesis","27/1564","166/18842",27,0.000552006874008582,0.0139232562478598,0.0139232562478598
"GO-BP","D7_vs_D0","detection of other organism","7/1564","19/18842",7,0.000552381228036445,0.0139232562478598,0.0139232562478598
"GO-BP","D7_vs_D0","viral gene expression","18/1564","93/18842",18,0.000566308971054368,0.0142046864837149,0.0142046864837149
"GO-BP","D7_vs_D0","macrophage activation","19/1564","101/18842",19,0.000584146288193933,0.0145809719121029,0.0145809719121029
"GO-BP","D7_vs_D0","mast cell mediated immunity","12/1564","50/18842",12,0.000636132251193087,0.0157878933972473,0.0157878933972473
"GO-BP","D7_vs_D0","mast cell activation","14/1564","64/18842",14,0.000638639017235986,0.0157878933972473,0.0157878933972473
"GO-BP","D7_vs_D0","protein-DNA complex organization","34/1564","229/18842",34,0.000650729667686241,0.0160098179485294,0.0160098179485294
"GO-BP","D7_vs_D0","immune response-inhibiting cell surface receptor signaling pathway","10/1564","37/18842",10,0.000654374172733758,0.0160228190295094,0.0160228190295094
"GO-BP","D7_vs_D0","temperature homeostasis","30/1564","194/18842",30,0.000670925372829771,0.0163502287539843,0.0163502287539843
"GO-BP","D7_vs_D0","cytolysis","5/1564","10/18842",5,0.000691668107958109,0.016776214203399,0.016776214203399
"GO-BP","D7_vs_D0","regulation of cold-induced thermogenesis","25/1564","152/18842",25,0.000735431552189921,0.0177539391613173,0.0177539391613173
"GO-BP","D7_vs_D0","defense response to fungus","14/1564","65/18842",14,0.000752741199521337,0.0180868936819566,0.0180868936819566
"GO-BP","D7_vs_D0","megakaryocyte differentiation","13/1564","58/18842",13,0.000773139365094373,0.018358131993095,0.018358131993095
"GO-BP","D7_vs_D0","regulation of peptidyl-tyrosine phosphorylation","16/1564","80/18842",16,0.000774740303870403,0.018358131993095,0.018358131993095
"GO-BP","D7_vs_D0","neuroinflammatory response","16/1564","80/18842",16,0.000774740303870403,0.018358131993095,0.018358131993095
"GO-BP","D7_vs_D0","regulation of chemotaxis","30/1564","196/18842",30,0.000796501474666606,0.0187872045079619,0.0187872045079619
"GO-BP","D7_vs_D0","cold-induced thermogenesis","25/1564","153/18842",25,0.000811235673056695,0.0190421108684226,0.0190421108684226
"GO-BP","D7_vs_D0","cellular response to interleukin-1","17/1564","88/18842",17,0.00081471497297802,0.0190421108684226,0.0190421108684226
"GO-BP","D7_vs_D0","immune response-inhibiting signal transduction","10/1564","38/18842",10,0.000822788362444899,0.0191437907678356,0.0191437907678356
"GO-BP","D7_vs_D0","positive regulation of cellular extravasation","6/1564","15/18842",6,0.000840843635503302,0.0193884214069865,0.0193884214069865
"GO-BP","D7_vs_D0","cellular response to exogenous dsRNA","6/1564","15/18842",6,0.000840843635503302,0.0193884214069865,0.0193884214069865
"GO-BP","D7_vs_D0","T cell proliferation","26/1564","162/18842",26,0.000849371334351183,0.0194976223269365,0.0194976223269365
"GO-BP","D7_vs_D0","type II interferon-mediated signaling pathway","8/1564","26/18842",8,0.000888345334235073,0.0203016520383855,0.0203016520383855
"GO-BP","D7_vs_D0","regulation of inflammasome-mediated signaling pathway","12/1564","52/18842",12,0.000926363773972535,0.0210768253352512,0.0210768253352512
"GO-BP","D7_vs_D0","myeloid leukocyte migration","31/1564","207/18842",31,0.000952348108908429,0.0215725725815293,0.0215725725815293
"GO-BP","D7_vs_D0","regulation of adaptive immune response","29/1564","190/18842",29,0.00100943007656145,0.0226328121346936,0.0226328121346936
"GO-BP","D7_vs_D0","positive regulation of leukocyte mediated immunity","22/1564","130/18842",22,0.00101235838019827,0.0226328121346936,0.0226328121346936
"GO-BP","D7_vs_D0","nucleosome organization","22/1564","130/18842",22,0.00101235838019827,0.0226328121346936,0.0226328121346936
"GO-BP","D7_vs_D0","positive regulation of interleukin-6 production","17/1564","90/18842",17,0.00106027512257436,0.0236014488323694,0.0236014488323694
"GO-BP","D7_vs_D0","cellular response to interferon-beta","8/1564","27/18842",8,0.00117144646230981,0.025852995271904,0.025852995271904
"GO-BP","D7_vs_D0","toll-like receptor 7 signaling pathway","5/1564","11/18842",5,0.00118153517870429,0.025852995271904,0.025852995271904
"GO-BP","D7_vs_D0","MDA-5 signaling pathway","5/1564","11/18842",5,0.00118153517870429,0.025852995271904,0.025852995271904
"GO-BP","D7_vs_D0","neutrophil-mediated killing of symbiont cell","5/1564","11/18842",5,0.00118153517870429,0.025852995271904,0.025852995271904
"GO-BP","D7_vs_D0","establishment of vesicle localization","29/1564","192/18842",29,0.0011930785282889,0.0259949567477183,0.0259949567477183
"GO-BP","D7_vs_D0","protein-DNA complex assembly","31/1564","210/18842",31,0.00120974888922071,0.0262469569129657,0.0262469569129657
"GO-BP","D7_vs_D0","detection of bacterium","6/1564","16/18842",6,0.00125137256709529,0.0269228357322342,0.0269228357322342
"GO-BP","D7_vs_D0","negative regulation of viral transcription","6/1564","16/18842",6,0.00125137256709529,0.0269228357322342,0.0269228357322342
"GO-BP","D7_vs_D0","regulation of activated T cell proliferation","10/1564","40/18842",10,0.00126665710479638,0.0271381284702625,0.0271381284702625
"GO-BP","D7_vs_D0","positive regulation of peptidyl-tyrosine phosphorylation","12/1564","54/18842",12,0.00131917411098215,0.0281128108392881,0.0281128108392881
"GO-BP","D7_vs_D0","acute-phase response","11/1564","47/18842",11,0.00132308444634534,0.0281128108392881,0.0281128108392881
"GO-BP","D7_vs_D0","negative regulation of leukocyte activation","27/1564","176/18842",27,0.00136955486895372,0.0289804573504528,0.0289804573504528
"GO-BP","D7_vs_D0","biological process involved in interaction with host","26/1564","168/18842",26,0.00146273198987189,0.0308252782455789,0.0308252782455789
"GO-BP","D7_vs_D0","humoral immune response","40/1564","296/18842",40,0.00151052514861264,0.0315838889128183,0.0315838889128183
"GO-BP","D7_vs_D0","regulation of hemopoiesis","49/1564","382/18842",49,0.00151101452208349,0.0315838889128183,0.0315838889128183
"GO-BP","D7_vs_D0","nucleotide-binding domain, leucine rich repeat containing receptor signaling pathway","8/1564","28/18842",8,0.00152202616992323,0.0316414755026125,0.0316414755026125
"GO-BP","D7_vs_D0","regulation of binding","16/1564","85/18842",16,0.00152607660922752,0.0316414755026125,0.0316414755026125
"GO-BP","D7_vs_D0","regulation of adaptive immune response based on somatic recombination of immune receptors built from immunoglobulin superfamily domains","27/1564","178/18842",27,0.00162216188540341,0.0334986201395356,0.0334986201395356
"GO-BP","D7_vs_D0","complement receptor mediated signaling pathway","6/1564","17/18842",6,0.00179908809326164,0.0368562190261011,0.0368562190261011
"GO-BP","D7_vs_D0","suppression of viral release by host","6/1564","17/18842",6,0.00179908809326164,0.0368562190261011,0.0368562190261011
"GO-BP","D7_vs_D0","positive regulation of apoptotic process","59/1564","484/18842",59,0.00183289592259488,0.0373998048967574,0.0373998048967574
"GO-BP","D7_vs_D0","regulation of tumor necrosis factor-mediated signaling pathway","14/1564","71/18842",14,0.00186033878924087,0.0378097314398282,0.0378097314398282
"GO-BP","D7_vs_D0","cytidine to uridine editing","5/1564","12/18842",5,0.00188759603963427,0.0382126725818875,0.0382126725818875
"GO-BP","D7_vs_D0","antimicrobial humoral response","28/1564","189/18842",28,0.00192563697677098,0.0388299032727701,0.0388299032727701
"GO-BP","D7_vs_D0","positive regulation of immune effector process","33/1564","235/18842",33,0.00200476364626725,0.040267557301196,0.040267557301196
"GO-BP","D7_vs_D0","positive regulation of non-canonical NF-kappaB signal transduction","12/1564","57/18842",12,0.00215829401357118,0.043182676333786,0.043182676333786
"GO-BP","D7_vs_D0","positive regulation of leukocyte proliferation","22/1564","138/18842",22,0.00223387393535188,0.0445216270371294,0.0445216270371294
"GO-BP","D7_vs_D0","transposable element silencing","10/1564","43/18842",10,0.00228045253790489,0.0452744669880577,0.0452744669880577
"GO-BP","D7_vs_D0","regulation of production of molecular mediator of immune response","23/1564","147/18842",23,0.00230713937199562,0.045628117887698,0.045628117887698
"GO-BP","D7_vs_D0","nucleosome assembly","19/1564","113/18842",19,0.00233430880404715,0.0456897264017446,0.0456897264017446
"GO-BP","D7_vs_D0","negative regulation of leukocyte mediated immunity","13/1564","65/18842",13,0.00233691132704372,0.0456897264017446,0.0456897264017446
"GO-BP","D7_vs_D0","regulation of lymphocyte migration","13/1564","65/18842",13,0.00233691132704372,0.0456897264017446,0.0456897264017446
"GO-BP","D7_vs_D0","vesicle localization","30/1564","210/18842",30,0.00240375313690235,0.0468185554164844,0.0468185554164844
"GO-BP","D7_vs_D0","myeloid leukocyte differentiation","29/1564","201/18842",29,0.00242346284919901,0.0470243244172881,0.0470243244172881
"GO-BP","D7_vs_D0","alpha-beta T cell activation","27/1564","183/18842",27,0.002435254818016,0.0470754897527754,0.0470754897527754
"GO-BP","D7_vs_D0","immune system development","20/1564","122/18842",20,0.00247747126439846,0.0471187480699489,0.0471187480699489
"GO-BP","D7_vs_D0","protein K63-linked ubiquitination","15/1564","81/18842",15,0.00249644383984433,0.0471187480699489,0.0471187480699489
"GO-BP","D7_vs_D0","regulation of leukocyte mediated cytotoxicity","16/1564","89/18842",16,0.0025012890001951,0.0471187480699489,0.0471187480699489
"GO-BP","D7_vs_D0","base conversion or substitution editing","6/1564","18/18842",6,0.00251080065561377,0.0471187480699489,0.0471187480699489
"GO-BP","D7_vs_D0","regulation of viral entry into host cell","6/1564","18/18842",6,0.00251080065561377,0.0471187480699489,0.0471187480699489
"GO-BP","D7_vs_D0","positive regulation of type I interferon-mediated signaling pathway","6/1564","18/18842",6,0.00251080065561377,0.0471187480699489,0.0471187480699489
"GO-BP","D7_vs_D0","nucleotide-binding oligomerization domain containing 2 signaling pathway","6/1564","18/18842",6,0.00251080065561377,0.0471187480699489,0.0471187480699489
"GO-BP","D7_vs_D0","cellular response to dsRNA","6/1564","18/18842",6,0.00251080065561377,0.0471187480699489,0.0471187480699489
"GO-BP","D7_vs_D0","regulation of T cell proliferation","23/1564","148/18842",23,0.00252225281140839,0.0471615416591344,0.0471615416591344
"KEGG","D7_vs_D0","Neutrophil extracellular trap formation","44/810","195/9424",44,1.61540574764464e-09,5.50853359946823e-07,5.50853359946823e-07
"KEGG","D7_vs_D0","NOD-like receptor signaling pathway","41/810","187/9424",41,1.42154560127421e-08,2.42373525017254e-06,2.42373525017254e-06
"KEGG","D7_vs_D0","Herpes simplex virus 1 infection","39/810","180/9424",39,4.52452109281522e-08,3.9096906308733e-06,3.9096906308733e-06
"KEGG","D7_vs_D0","Influenza A","38/810","173/9424",38,4.58614736759331e-08,3.9096906308733e-06,3.9096906308733e-06
"KEGG","D7_vs_D0","Measles","32/810","136/9424",32,9.92303810628909e-08,6.76751198848916e-06,6.76751198848916e-06
"KEGG","D7_vs_D0","Systemic lupus erythematosus","29/810","143/9424",29,9.62216241197167e-06,0.000508576696066528,0.000508576696066528
"KEGG","D7_vs_D0","Viral carcinogenesis","37/810","205/9424",37,1.04399908283452e-05,0.000508576696066528,0.000508576696066528
"KEGG","D7_vs_D0","Phagocytosis","42/810","260/9424",42,4.42203865703178e-05,0.00181737126950011,0.00181737126950011
"KEGG","D7_vs_D0","Legionellosis","15/810","56/9424",15,5.15382027612173e-05,0.00181737126950011,0.00181737126950011
"KEGG","D7_vs_D0","Hepatitis C","29/810","156/9424",29,5.32953451466308e-05,0.00181737126950011,0.00181737126950011
"KEGG","D7_vs_D0","Tuberculosis","32/810","181/9424",32,6.20398595126008e-05,0.00192323564489063,0.00192323564489063
"KEGG","D7_vs_D0","Cytosolic DNA-sensing pathway","18/810","83/9424",18,0.000191654697640184,0.0054461876579419,0.0054461876579419
"KEGG","D7_vs_D0","Epstein-Barr virus infection","33/810","205/9424",33,0.000303811222767488,0.00796920207413179,0.00796920207413179
"KEGG","D7_vs_D0","Natural killer cell mediated cytotoxicity","24/810","133/9424",24,0.00036511398535703,0.00889313350048193,0.00889313350048193
"KEGG","D7_vs_D0","Antigen processing and presentation","17/810","82/9424",17,0.000501618095133144,0.0114034513626935,0.0114034513626935
"KEGG","D7_vs_D0","Viral protein interaction with cytokine and cytokine receptor","19/810","100/9424",19,0.000758289863689436,0.0161610527198811,0.0161610527198811
"KEGG","D7_vs_D0","Leishmaniasis","16/810","78/9424",16,0.000821228469329942,0.0164728769436182,0.0164728769436182
"KEGG","D7_vs_D0","Efferocytosis","26/810","158/9424",26,0.000917884080511077,0.0173888039696821,0.0173888039696821
"KEGG","D7_vs_D0","Osteoclast differentiation","24/810","142/9424",24,0.000970172357500906,0.0174120407319899,0.0174120407319899
"KEGG","D7_vs_D0","Necroptosis","27/810","168/9424",27,0.00106745446370392,0.0182000986061519,0.0182000986061519
"KEGG","D7_vs_D0","Lipid and atherosclerosis","32/810","216/9424",32,0.00158604794904842,0.0257543976488338,0.0257543976488338
"KEGG","D7_vs_D0","Staphylococcus aureus infection","18/810","99/9424",18,0.00174633527713458,0.027068196795586,0.027068196795586
"KEGG","D7_vs_D0","Toll-like receptor signaling pathway","19/810","109/9424",19,0.00219489357458452,0.0325416829971009,0.0325416829971009
"KEGG","D7_vs_D0","Coronavirus disease","34/810","239/9424",34,0.00230745224670205,0.0327850506718917,0.0327850506718917
"KEGG","D7_vs_D0","Kaposi sarcoma-associated herpesvirus infection","29/810","196/9424",29,0.00262246233490696,0.0357703862481309,0.0357703862481309
"KEGG","D7_vs_D0","Hepatitis B","25/810","163/9424",25,0.00309336807806624,0.0405707121007918,0.0405707121007918
"Reactome","D7_vs_D0","Neutrophil degranulation","99/1061","475/11287",99,9.41146791365666e-15,1.38348578330753e-11,1.38348578330753e-11
"Reactome","D7_vs_D0","Interferon gamma signaling","35/1061","96/11287",35,4.50503973071203e-13,3.31120420207334e-10,3.31120420207334e-10
"Reactome","D7_vs_D0","Interferon Signaling","57/1061","266/11287",57,1.86207289512686e-09,9.12415718612161e-07,9.12415718612161e-07
"Reactome","D7_vs_D0","Immunoregulatory interactions between a Lymphoid and a non-Lymphoid cell","35/1061","131/11287",35,7.66198701296268e-09,2.81578022726379e-06,2.81578022726379e-06
"Reactome","D7_vs_D0","RUNX1 regulates genes involved in megakaryocyte differentiation and platelet function","26/1061","95/11287",26,3.84835912770796e-07,0.000113141758354614,0.000113141758354614
"Reactome","D7_vs_D0","Modulation of host responses by IFN-stimulated genes","10/1061","17/11287",10,5.43195699222392e-07,0.000133082946309486,0.000133082946309486
"Reactome","D7_vs_D0","Assembly of the ORC complex at the origin of replication","20/1061","68/11287",20,2.47746768567397e-06,0.000520268213991534,0.000520268213991534
"Reactome","D7_vs_D0","Transcriptional regulation of granulopoiesis","23/1061","89/11287",23,5.21427326645637e-06,0.000958122712711358,0.000958122712711358
"Reactome","D7_vs_D0","Non-canonical inflammasome activation","7/1061","10/11287",7,5.92050467133261e-06,0.000967015762984327,0.000967015762984327
"Reactome","D7_vs_D0","Caspase activation via Death Receptors in the presence of ligand","9/1061","17/11287",9,6.71348607876087e-06,0.000986882453577849,0.000986882453577849
"Reactome","D7_vs_D0","FXIIa activates plasma kallikrein-kinin system","19/1061","68/11287",19,1.00893647089635e-05,0.00128454966571336,0.00128454966571336
"Reactome","D7_vs_D0","Regulated Necrosis","17/1061","57/11287",17,1.13599630301181e-05,0.00128454966571336,0.00128454966571336
"Reactome","D7_vs_D0","Interferon alpha/beta signaling","17/1061","57/11287",17,1.13599630301181e-05,0.00128454966571336,0.00128454966571336
"Reactome","D7_vs_D0","Caspase activation via extrinsic apoptotic signalling pathway","11/1061","27/11287",11,1.521355090991e-05,0.00159742284554055,0.00159742284554055
"Reactome","D7_vs_D0","Replacement of protamines by nucleosomes in the male pronucleus","14/1061","42/11287",14,1.64626817940477e-05,0.00161334281581668,0.00161334281581668
"Reactome","D7_vs_D0","Toll-like Receptor Cascades","34/1061","171/11287",34,1.92204656695537e-05,0.00176588028339025,0.00176588028339025
"Reactome","D7_vs_D0","Diseases of programmed cell death","24/1061","104/11287",24,2.6086035429105e-05,0.00225567482828144,0.00225567482828144
"Reactome","D7_vs_D0","Butyrophilin (BTN) family interactions","7/1061","12/11287",7,3.29749697409073e-05,0.0026929558621741,0.0026929558621741
"Reactome","D7_vs_D0","Bacterial Infection Pathways","24/1061","106/11287",24,3.64003668748882e-05,0.00281384685672075,0.00281384685672075
"Reactome","D7_vs_D0","RNA Polymerase I Promoter Opening","17/1061","62/11287",17,3.82836307036837e-05,0.00281384685672075,0.00281384685672075
"Reactome","D7_vs_D0","Regulation of PD-L1(CD274) transcription","23/1061","100/11287",23,4.04018119025835e-05,0.00282812683318084,0.00282812683318084
"Reactome","D7_vs_D0","ERCC6 (CSB) and EHMT2 (G9a) positively regulate rRNA expression","19/1061","75/11287",19,4.57204179128192e-05,0.00305495519690201,0.00305495519690201
"Reactome","D7_vs_D0","Regulation of endogenous retroelements by the Human Silencing Hub (HUSH) complex","18/1061","70/11287",18,5.82224417864847e-05,0.00365049835345065,0.00365049835345065
"Reactome","D7_vs_D0","DNA methylation","17/1061","64/11287",17,5.95999731175616e-05,0.00365049835345065,0.00365049835345065
"Reactome","D7_vs_D0","Programmed Cell Death","36/1061","197/11287",36,7.2869390767096e-05,0.00428472017710524,0.00428472017710524
"Reactome","D7_vs_D0","Activated PKN1 stimulates transcription of AR (androgen receptor) regulated genes KLK2 and KLK3","17/1061","66/11287",17,9.07607923631248e-05,0.00513147556822282,0.00513147556822282
"Reactome","D7_vs_D0","DNA Damage/Telomere Stress Induced Senescence","19/1061","79/11287",19,9.80218358280563e-05,0.00533674439508307,0.00533674439508307
"Reactome","D7_vs_D0","TRIF-mediated programmed cell death","6/1061","10/11287",6,0.000102498036608424,0.00538114692194228,0.00538114692194228
"Reactome","D7_vs_D0","SIRT1 negatively regulates rRNA expression","17/1061","67/11287",17,0.000111133184936612,0.00563330282264893,0.00563330282264893
"Reactome","D7_vs_D0","Enterobacterial factors antagonize host defense","7/1061","14/11287",7,0.000120644782219996,0.00591159432877981,0.00591159432877981
"Reactome","D7_vs_D0","HDACs deacetylate histones","21/1061","94/11287",21,0.000134466350325071,0.00622024074448964,0.00622024074448964
"Reactome","D7_vs_D0","Nonhomologous End-Joining (NHEJ)","17/1061","68/11287",17,0.000135406601240591,0.00622024074448964,0.00622024074448964
"Reactome","D7_vs_D0","ChAHP complex assembly","16/1061","62/11287",16,0.000141622283137909,0.0063086289761432,0.0063086289761432
"Reactome","D7_vs_D0","PRC2 methylates histones and DNA","18/1061","75/11287",18,0.000152718098030028,0.0066028118854159,0.0066028118854159
"Reactome","D7_vs_D0","Antimicrobial peptides","21/1061","95/11287",21,0.000157628115637004,0.00662038085675417,0.00662038085675417
"Reactome","D7_vs_D0","Packaging Of Telomere Ends","14/1061","51/11287",14,0.00018008422876673,0.00728334030786743,0.00728334030786743
"Reactome","D7_vs_D0","Amyloid fiber formation","23/1061","110/11287",23,0.000190149714853358,0.00728334030786743,0.00728334030786743
"Reactome","D7_vs_D0","Toll Like Receptor 4 (TLR4) Cascade","28/1061","146/11287",28,0.000194085955954745,0.00728334030786743,0.00728334030786743
"Reactome","D7_vs_D0","Nicotinate metabolism","10/1061","29/11287",10,0.000195409508331144,0.00728334030786743,0.00728334030786743
"Reactome","D7_vs_D0","Chromatin modifications during the maternal to zygotic transition (MZT)","17/1061","70/11287",17,0.000198186130826325,0.00728334030786743,0.00728334030786743
"Reactome","D7_vs_D0","Regulation of endogenous retroelements by Piwi-interacting RNAs (piRNAs)","21/1061","97/11287",21,0.000214731407199476,0.00769890655081049,0.00769890655081049
"Reactome","D7_vs_D0","Defective pyroptosis","17/1061","72/11287",17,0.000284932756887598,0.00997264649106594,0.00997264649106594
"Reactome","D7_vs_D0","Cellular Senescence","34/1061","196/11287",34,0.000319930435967013,0.0109371567644537,0.0109371567644537
"Reactome","D7_vs_D0","Regulation of endogenous retroelements by KRAB-ZFP proteins","22/1061","107/11287",22,0.000333915984851604,0.011089856094393,0.011089856094393
"Reactome","D7_vs_D0","Condensation of Prophase Chromosomes","17/1061","73/11287",17,0.000339485390644682,0.011089856094393,0.011089856094393
"Reactome","D7_vs_D0","Inhibition of DNA recombination at telomere","16/1061","67/11287",16,0.000371753023147753,0.0118799335658086,0.0118799335658086
"Reactome","D7_vs_D0","Recognition and association of DNA glycosylase with site containing an affected purine","14/1061","55/11287",14,0.000424726409662434,0.012741792289873,0.012741792289873
"Reactome","D7_vs_D0","Cleavage of the damaged purine","14/1061","55/11287",14,0.000424726409662434,0.012741792289873,0.012741792289873
"Reactome","D7_vs_D0","Depurination","14/1061","55/11287",14,0.000424726409662434,0.012741792289873,0.012741792289873
"Reactome","D7_vs_D0","Oxidative Stress Induced Senescence","24/1061","124/11287",24,0.00047090873393157,0.0138447167775882,0.0138447167775882
"Reactome","D7_vs_D0","RSV-host interactions","20/1061","96/11287",20,0.000512028588619031,0.0144746543321149,0.0144746543321149
"Reactome","D7_vs_D0","Pre-NOTCH Transcription and Translation","20/1061","96/11287",20,0.000512028588619031,0.0144746543321149,0.0144746543321149
"Reactome","D7_vs_D0","Transcriptional regulation by small RNAs","17/1061","76/11287",17,0.000560677624049366,0.015192119713999,0.015192119713999
"Reactome","D7_vs_D0","CHD6, CHD7, CHD8, CHD9 subfamily","17/1061","76/11287",17,0.000560677624049366,0.015192119713999,0.015192119713999
"Reactome","D7_vs_D0","RNA Polymerase I Transcription","22/1061","111/11287",22,0.000569549763303083,0.015192119713999,0.015192119713999
"Reactome","D7_vs_D0","RNA Polymerase I Promoter Escape","19/1061","90/11287",19,0.000589082192991797,0.015192119713999,0.015192119713999
"Reactome","D7_vs_D0","Interaction of NuRD complexes with transcription factors","19/1061","90/11287",19,0.000589082192991797,0.015192119713999,0.015192119713999
"Reactome","D7_vs_D0","Respiratory Syncytial Virus Infection Pathway","23/1061","119/11287",23,0.000625303025464283,0.0152457627378585,0.0152457627378585
"Reactome","D7_vs_D0","Pre-NOTCH Expression and Processing","22/1061","112/11287",22,0.000647282476309631,0.0152457627378585,0.0152457627378585
"Reactome","D7_vs_D0","GBP-mediated host defense","6/1061","13/11287",6,0.000653389831622507,0.0152457627378585,0.0152457627378585
"Reactome","D7_vs_D0","NF-kB activation through FADD/RIP-1 pathway mediated by caspase-8 and -10","6/1061","13/11287",6,0.000653389831622507,0.0152457627378585,0.0152457627378585
"Reactome","D7_vs_D0","Erythrocytes take up carbon dioxide and release oxygen","6/1061","13/11287",6,0.000653389831622507,0.0152457627378585,0.0152457627378585
"Reactome","D7_vs_D0","O2/CO2 exchange in erythrocytes","6/1061","13/11287",6,0.000653389831622507,0.0152457627378585,0.0152457627378585
"Reactome","D7_vs_D0","Formation of the beta-catenin:TCF transactivating complex","19/1061","92/11287",19,0.000783453407714427,0.0179949454584407,0.0179949454584407
"Reactome","D7_vs_D0","O-linked glycosylation of mucins","15/1061","65/11287",15,0.00082543117949684,0.0186674435978516,0.0186674435978516
"Reactome","D7_vs_D0","Toll Like Receptor 7/8 (TLR7/8) Cascade","21/1061","107/11287",21,0.00086061766940813,0.0188900624212181,0.0188900624212181
"Reactome","D7_vs_D0","Infection with Enterobacteria","11/1061","40/11287",11,0.000860975634164361,0.0188900624212181,0.0188900624212181
"Reactome","D7_vs_D0","Meiotic recombination","18/1061","87/11287",18,0.00104239518353925,0.02185798713925,0.02185798713925
"Reactome","D7_vs_D0","Regulation of IFNG signaling","6/1061","14/11287",6,0.00105294861867439,0.02185798713925,0.02185798713925
"Reactome","D7_vs_D0","Negative regulators of DDX58/IFIH1 signaling","10/1061","35/11287",10,0.00106310305428185,0.02185798713925,0.02185798713925
"Reactome","D7_vs_D0","Recognition and association of DNA glycosylase with site containing an affected pyrimidine","14/1061","60/11287",14,0.00108546466745936,0.02185798713925,0.02185798713925
"Reactome","D7_vs_D0","Cleavage of the damaged pyrimidine","14/1061","60/11287",14,0.00108546466745936,0.02185798713925,0.02185798713925
"Reactome","D7_vs_D0","Depyrimidination","14/1061","60/11287",14,0.00108546466745936,0.02185798713925,0.02185798713925
"Reactome","D7_vs_D0","RNA Polymerase I Promoter Clearance","21/1061","109/11287",21,0.00110427554858126,0.0219362845461413,0.0219362845461413
"Reactome","D7_vs_D0","Activation of IRF3, IRF7 mediated by TBK1, IKKε (IKBKE)","7/1061","19/11287",7,0.0011629336314151,0.0224935847128973,0.0224935847128973
"Reactome","D7_vs_D0","Defective C1GALT1C1 causes TNPS","7/1061","19/11287",7,0.0011629336314151,0.0224935847128973,0.0224935847128973
"Reactome","D7_vs_D0","MyD88-independent TLR4 cascade","21/1061","110/11287",21,0.0012468424872333,0.0232007399523159,0.0232007399523159
"Reactome","D7_vs_D0","TRIF (TICAM1)-mediated TLR4 signaling","21/1061","110/11287",21,0.0012468424872333,0.0232007399523159,0.0232007399523159
"Reactome","D7_vs_D0","Toll Like Receptor 9 (TLR9) Cascade","21/1061","110/11287",21,0.0012468424872333,0.0232007399523159,0.0232007399523159
"Reactome","D7_vs_D0","Epigenetic regulation of gene expression by MLL3 and MLL4 complexes","24/1061","133/11287",24,0.00132545035882109,0.0237567225322466,0.0237567225322466
"Reactome","D7_vs_D0","MLL4 and MLL3 complexes regulate expression of PPARG target genes in adipogenesis and hepatic steatosis","24/1061","133/11287",24,0.00132545035882109,0.0237567225322466,0.0237567225322466
"Reactome","D7_vs_D0","Epigenetic regulation of adipogenesis genes by MLL3 and MLL4 complexes","24/1061","133/11287",24,0.00132545035882109,0.0237567225322466,0.0237567225322466
"Reactome","D7_vs_D0","NuRD complex assembly","19/1061","96/11287",19,0.00134136596610644,0.0237567225322466,0.0237567225322466
"Reactome","D7_vs_D0","Senescence-Associated Secretory Phenotype (SASP)","21/1061","111/11287",21,0.00140487745615036,0.0245853554826312,0.0245853554826312
"Reactome","D7_vs_D0","Pyroptosis","8/1061","25/11287",8,0.0014969958514628,0.0258892223723567,0.0258892223723567
"Reactome","D7_vs_D0","Base-Excision Repair, AP Site Formation","14/1061","62/11287",14,0.00152417878551409,0.0260528234268107,0.0260528234268107
"Reactome","D7_vs_D0","Regulation of TBK1, IKKε (IKBKE)-mediated activation of IRF3, IRF7","6/1061","15/11287",6,0.00161631717486416,0.0269998437164809,0.0269998437164809
"Reactome","D7_vs_D0","TRAF3-dependent IRF activation pathway","6/1061","15/11287",6,0.00161631717486416,0.0269998437164809,0.0269998437164809
"Reactome","D7_vs_D0","Diseases of Immune System","10/1061","37/11287",10,0.00169647379293556,0.0280204098383738,0.0280204098383738
"Reactome","D7_vs_D0","Antimicrobial mechanism of IFN-stimulated genes","27/1061","159/11287",27,0.00175455810583597,0.0286577823953209,0.0286577823953209
"Reactome","D7_vs_D0","Fatty acid metabolism","29/1061","175/11287",29,0.00178116802224592,0.028772714205511,0.028772714205511
"Reactome","D7_vs_D0","NoRC negatively regulates rRNA expression","20/1061","106/11287",20,0.00186752024070878,0.0298397255852381,0.0298397255852381
"Reactome","D7_vs_D0","Maturation of nucleoprotein","5/1061","11/11287",5,0.00207165467053587,0.0312956481260793,0.0312956481260793
"Reactome","D7_vs_D0","Regulation by c-FLIP","5/1061","11/11287",5,0.00207165467053587,0.0312956481260793,0.0312956481260793
"Reactome","D7_vs_D0","CASP8 activity is inhibited","5/1061","11/11287",5,0.00207165467053587,0.0312956481260793,0.0312956481260793
"Reactome","D7_vs_D0","Dimerization of procaspase-8","5/1061","11/11287",5,0.00207165467053587,0.0312956481260793,0.0312956481260793
"Reactome","D7_vs_D0","RIPK1-mediated regulated necrosis","9/1061","32/11287",9,0.00212019759391131,0.0312956481260793,0.0312956481260793
"Reactome","D7_vs_D0","Regulation of necroptotic cell death","9/1061","32/11287",9,0.00212019759391131,0.0312956481260793,0.0312956481260793
"Reactome","D7_vs_D0","Diseases associated with the TLR signaling cascade","9/1061","32/11287",9,0.00212019759391131,0.0312956481260793,0.0312956481260793
"Reactome","D7_vs_D0","Meiotic synapsis","16/1061","78/11287",16,0.00212895565483533,0.0312956481260793,0.0312956481260793
"Reactome","D7_vs_D0","CHD3, CHD4, CHD5 subfamily","19/1061","100/11287",19,0.00220640803651185,0.0321130674621032,0.0321130674621032
"Reactome","D7_vs_D0","Regulation of PD-L1(CD274) expression","31/1061","194/11287",31,0.0022821586251556,0.0325570885346221,0.0325570885346221
"Reactome","D7_vs_D0","Negative Regulation of CDH1 Gene Transcription","18/1061","93/11287",18,0.00230335864462633,0.0325570885346221,0.0325570885346221
"Reactome","D7_vs_D0","RHO GTPases activate PKNs","18/1061","93/11287",18,0.00230335864462633,0.0325570885346221,0.0325570885346221
"Reactome","D7_vs_D0","Negative epigenetic regulation of rRNA expression","20/1061","109/11287",20,0.00263512400223401,0.0368917360312761,0.0368917360312761
"Reactome","D7_vs_D0","Regulation of CDH1 Gene Transcription","19/1061","103/11287",19,0.0031283469439763,0.0429782243705156,0.0429782243705156
"Reactome","D7_vs_D0","MyD88 dependent cascade initiated on endosome","19/1061","103/11287",19,0.0031283469439763,0.0429782243705156,0.0429782243705156
"Reactome","D7_vs_D0","Regulation of endogenous retroelements","24/1061","142/11287",24,0.00327250000961579,0.0441914672927538,0.0441914672927538
"Reactome","D7_vs_D0","TP53 Regulates Transcription of Caspase Activators and Caspases","5/1061","12/11287",5,0.00327846312137946,0.0441914672927538,0.0441914672927538
"Reactome","D7_vs_D0","G2/M DNA damage checkpoint","18/1061","96/11287",18,0.00330712002661084,0.0441914672927538,0.0441914672927538
"Reactome","D7_vs_D0","Dectin-2 family","8/1061","28/11287",8,0.00333690671394264,0.0441914672927538,0.0441914672927538
"Reactome","D7_vs_D0","MyD88 deficiency (TLR2/4)","6/1061","17/11287",6,0.00339211619698393,0.044521525085414,0.044521525085414
"Reactome","D7_vs_D0","Apoptosis","27/1061","167/11287",27,0.00359004776008338,0.046702391215244,0.046702391215244
"Reactome","D7_vs_D0","Processing of DNA double-strand break ends","18/1061","97/11287",18,0.00371326974650102,0.0478816362048816,0.0478816362048816
"Reactome","D7_vs_D0","Positive epigenetic regulation of rRNA expression","19/1061","105/11287",19,0.00390608498371255,0.0496410461039556,0.0496410461039556
"Reactome","D7_vs_D0","B-WICH complex positively regulates rRNA expression","17/1061","90/11287",17,0.00391725261772711,0.0496410461039556,0.0496410461039556
"GO-BP","D7_vs_D3","defense response to virus","15/33","305/18842",15,7.76636092103565e-19,2.65707306091153e-16,1.74737654809394e-16
"GO-BP","D7_vs_D3","response to virus","16/33","400/18842",16,1.06070780874712e-18,2.65707306091153e-16,1.74737654809394e-16
"GO-BP","D7_vs_D3","antiviral innate immune response","7/33","73/18842",7,3.8459360901693e-11,6.42271327058272e-09,4.22378244288768e-09
"GO-BP","D7_vs_D3","negative regulation of viral genome replication","6/33","48/18842",6,2.07850181224272e-10,2.60332351983401e-08,1.71202912429466e-08
"GO-BP","D7_vs_D3","negative regulation of viral process","6/33","74/18842",6,3.03888850422975e-09,3.04496628123821e-07,2.00246758278718e-07
"GO-BP","D7_vs_D3","regulation of viral genome replication","6/33","77/18842",6,3.87499211180737e-09,3.23561841335915e-07,2.1278465456065e-07
"GO-BP","D7_vs_D3","viral genome replication","6/33","110/18842",6,3.36115971218455e-08,2.10492626975557e-06,1.38426709199179e-06
"GO-BP","D7_vs_D3","regulation of viral life cycle","6/33","110/18842",6,3.36115971218455e-08,2.10492626975557e-06,1.38426709199179e-06
"GO-BP","D7_vs_D3","cellular response to type I interferon","6/33","116/18842",6,4.62207391718988e-08,2.57295448056903e-06,1.69205746909992e-06
"GO-BP","D7_vs_D3","response to type I interferon","6/33","122/18842",6,6.25010259957169e-08,3.13130140238542e-06,2.05924433017467e-06
"GO-BP","D7_vs_D3","regulation of viral process","6/33","136/18842",6,1.19433633829962e-07,5.439659140801e-06,3.57729448696441e-06
"GO-BP","D7_vs_D3","type I interferon-mediated signaling pathway","5/33","80/18842",5,2.62838283928437e-07,1.09734983540122e-05,7.21652481312287e-06
"GO-BP","D7_vs_D3","viral life cycle","7/33","284/18842",7,5.01363071781421e-07,1.93217614586532e-05,1.27066106451486e-05
"GO-BP","D7_vs_D3","interleukin-27-mediated signaling pathway","3/33","10/18842",3,5.82455041140969e-07,2.08435696865447e-05,1.37074005922649e-05
"GO-BP","D7_vs_D3","interferon-mediated signaling pathway","5/33","105/18842",5,1.02349471189421e-06,3.41847233772667e-05,2.24809715665185e-05
"GO-BP","D7_vs_D3","cellular response to exogenous dsRNA","3/33","15/18842",3,2.19532299601398e-06,6.87410513126878e-05,4.52063222205511e-05
"GO-BP","D7_vs_D3","negative regulation of response to biotic stimulus","5/33","131/18842",5,3.05430187403837e-06,9.0012072876072e-05,5.91948288900316e-05
"GO-BP","D7_vs_D3","viral process","7/33","383/18842",7,3.67539015727699e-06,9.35921394194294e-05,6.15491955841609e-05
"GO-BP","D7_vs_D3","regulation of type I interferon production","5/33","137/18842",5,3.80548498434357e-06,9.35921394194294e-05,6.15491955841609e-05
"GO-BP","D7_vs_D3","type I interferon production","5/33","137/18842",5,3.80548498434357e-06,9.35921394194294e-05,6.15491955841609e-05
"GO-BP","D7_vs_D3","cellular response to dsRNA","3/33","18/18842",3,3.92302380800003e-06,9.35921394194294e-05,6.15491955841609e-05
"GO-BP","D7_vs_D3","negative regulation of type I interferon-mediated signaling pathway","3/33","21/18842",3,6.37127509878968e-06,0.000145091310204256,9.54167036325918e-05
"GO-BP","D7_vs_D3","regulation of innate immune response","7/33","482/18842",7,1.64673367228376e-05,0.000358701552093114,0.00023589365648733
"GO-BP","D7_vs_D3","defense response to bacterium","6/33","322/18842",6,1.78439650858202e-05,0.000372492771166497,0.000244963204906216
"GO-BP","D7_vs_D3","negative regulation of innate immune response","4/33","94/18842",4,2.12743287948671e-05,0.000426337549049136,0.000280373259486037
"GO-BP","D7_vs_D3","negative regulation of immune response","5/33","202/18842",5,2.50562227911453e-05,0.000482814139167838,0.000317514078284554
"GO-BP","D7_vs_D3","response to exogenous dsRNA","3/33","35/18842",3,3.08336587227167e-05,0.000572135667410411,0.000376254782854204
"GO-BP","D7_vs_D3","response to dsRNA","3/33","39/18842",3,4.28490023459638e-05,0.000766691077690281,0.000504200666702506
"GO-BP","D7_vs_D3","regulation of type I interferon-mediated signaling pathway","3/33","41/18842",3,4.98611941479543e-05,0.000861395112693968,0.000566481080519408
"GO-BP","D7_vs_D3","positive regulation of interferon-beta production","3/33","42/18842",3,5.36326314013406e-05,0.000895664944402389,0.000589018022056829
"GO-BP","D7_vs_D3","intracellular receptor signaling pathway","6/33","399/18842",6,5.92576947447597e-05,0.000957680808616923,0.000629801645334798
"GO-BP","D7_vs_D3","pattern recognition receptor signaling pathway","5/33","291/18842",5,0.000141344186970095,0.00208399338540643,0.00137050095521003
"GO-BP","D7_vs_D3","interferon-beta production","3/33","58/18842",3,0.000141428692821993,0.00208399338540643,0.00137050095521003
"GO-BP","D7_vs_D3","regulation of interferon-beta production","3/33","58/18842",3,0.000141428692821993,0.00208399338540643,0.00137050095521003
"GO-BP","D7_vs_D3","MDA-5 signaling pathway","2/33","11/18842",2,0.000161997144885787,0.0023188734167937,0.00152496560448876
"GO-BP","D7_vs_D3","innate immune response-activating signaling pathway","5/33","306/18842",5,0.000178675785813019,0.00248657135256451,0.00163524915086184
"GO-BP","D7_vs_D3","positive regulation of monocyte chemotactic protein-1 production","2/33","13/18842",2,0.000229238116455856,0.00310400800930767,0.00204129531865385
"GO-BP","D7_vs_D3","activation of innate immune response","5/33","326/18842",5,0.000239680815794476,0.00316000233455349,0.00207811898458923
"GO-BP","D7_vs_D3","lymphocyte mediated immunity","5/33","339/18842",5,0.000287106886571304,0.00368821923518521,0.00242549137643234
"GO-BP","D7_vs_D3","cytoplasmic pattern recognition receptor signaling pathway","4/33","191/18842",4,0.000332637924946632,0.00416629000995657,0.00273988606600779
"GO-BP","D7_vs_D3","positive regulation of type I interferon production","3/33","80/18842",3,0.000366833537224289,0.00427477105313928,0.00281122668270321
"GO-BP","D7_vs_D3","tumor necrosis factor superfamily cytokine production","4/33","196/18842",4,0.000366896517534908,0.00427477105313928,0.00281122668270321
"GO-BP","D7_vs_D3","regulation of tumor necrosis factor superfamily cytokine production","4/33","196/18842",4,0.000366896517534908,0.00427477105313928,0.00281122668270321
"GO-BP","D7_vs_D3","chemokine (C-X-C motif) ligand 2 production","2/33","17/18842",2,0.000397948446654893,0.00443049270609114,0.00291363424100542
"GO-BP","D7_vs_D3","regulation of chemokine (C-X-C motif) ligand 2 production","2/33","17/18842",2,0.000397948446654893,0.00443049270609114,0.00291363424100542
"GO-BP","D7_vs_D3","negative regulation of cytokine production","5/33","371/18842",5,0.000434267881392068,0.00472974366472665,0.00311043127862053
"GO-BP","D7_vs_D3","adaptive immune response based on somatic recombination of immune receptors built from immunoglobulin superfamily domains","5/33","377/18842",5,0.000467244321988398,0.00498062564502526,0.00327541932323334
"GO-BP","D7_vs_D3","monocyte chemotactic protein-1 production","2/33","19/18842",2,0.000499266165041034,0.00510474180990935,0.00335704209791286
"GO-BP","D7_vs_D3","regulation of monocyte chemotactic protein-1 production","2/33","19/18842",2,0.000499266165041034,0.00510474180990935,0.00335704209791286
"GO-BP","D7_vs_D3","positive regulation of innate immune response","5/33","396/18842",5,0.00058427029096403,0.00585438831545958,0.0038500337067735
"GO-BP","D7_vs_D3","positive regulation of response to biotic stimulus","5/33","424/18842",5,0.000795390538746633,0.00781354235121693,0.00513843629778527
"GO-BP","D7_vs_D3","negative regulation of cytokine-mediated signaling pathway","3/33","105/18842",3,0.000812431993708141,0.00782746978553421,0.00514759542572162
"GO-BP","D7_vs_D3","leukocyte mediated immunity","5/33","429/18842",5,0.000838413570693342,0.00792538111164838,0.00521198505714034
"GO-BP","D7_vs_D3","negative regulation of response to cytokine stimulus","3/33","110/18842",3,0.000929791631663054,0.00862640013820723,0.00567299767466932
"GO-BP","D7_vs_D3","defense response to Gram-positive bacterium","3/33","112/18842",3,0.000979586397546906,0.00892314154856364,0.00586814435276903
"GO-BP","D7_vs_D3","RIG-I signaling pathway","2/33","27/18842",2,0.00101586850583066,0.00908839502537786,0.00597682034445482
"GO-BP","D7_vs_D3","positive regulation of tumor necrosis factor production","3/33","116/18842",3,0.00108418333053227,0.00952940085257311,0.00626683993456326
"GO-BP","D7_vs_D3","positive regulation of tumor necrosis factor superfamily cytokine production","3/33","120/18842",3,0.00119559912105791,0.0103275027525864,0.00679169736644513
"GO-BP","D7_vs_D3","negative regulation of chemokine production","2/33","31/18842",2,0.00133992854756968,0.011378037327668,0.0074825626296041
"GO-BP","D7_vs_D3","innate immune response in mucosa","2/33","34/18842",2,0.00161126055075288,0.0132334678020851,0.0087027532767153
"GO-BP","D7_vs_D3","response to interferon-beta","2/33","34/18842",2,0.00161126055075288,0.0132334678020851,0.0087027532767153
"GO-BP","D7_vs_D3","positive regulation of cytokine production","5/33","499/18842",5,0.00164174468586618,0.0132663562519187,0.00872438177718362
"GO-BP","D7_vs_D3","negative regulation of defense response","4/33","300/18842",4,0.00179115610432743,0.0142439556867943,0.00936728255061798
"GO-BP","D7_vs_D3","regulation of immune effector process","4/33","347/18842",4,0.00303447483125479,0.0237542482884164,0.0156215562859005
"GO-BP","D7_vs_D3","mucosal immune response","2/33","49/18842",2,0.00332267420177253,0.0253167281029985,0.0166490931741538
"GO-BP","D7_vs_D3","immunoglobulin mediated immune response","3/33","172/18842",3,0.00333513783392794,0.0253167281029985,0.0166490931741538
"GO-BP","D7_vs_D3","negative regulation of type I interferon production","2/33","50/18842",2,0.0034573398744568,0.0258526459269083,0.0170015299403767
"GO-BP","D7_vs_D3","B cell mediated immunity","3/33","177/18842",3,0.00361482394838165,0.026632747031459,0.017514549471261
"GO-BP","D7_vs_D3","organ or tissue specific immune response","2/33","52/18842",2,0.00373422730884779,0.0267263983104677,0.0175761375589377
"GO-BP","D7_vs_D3","estrogen receptor signaling pathway","2/33","52/18842",2,0.00373422730884779,0.0267263983104677,0.0175761375589377
"GO-BP","D7_vs_D3","endolysosomal toll-like receptor signaling pathway","2/33","53/18842",2,0.00387643169530393,0.0273534123851728,0.0179884821442569
"GO-BP","D7_vs_D3","regulation of cytokine-mediated signaling pathway","3/33","184/18842",3,0.00402991994182023,0.0280415262618324,0.0184410079209025
"GO-BP","D7_vs_D3","tumor necrosis factor production","3/33","191/18842",3,0.00447300053428183,0.0302834225361513,0.0199153508852093
"GO-BP","D7_vs_D3","regulation of tumor necrosis factor production","3/33","191/18842",3,0.00447300053428183,0.0302834225361513,0.0199153508852093
"GO-BP","D7_vs_D3","regulation of response to cytokine stimulus","3/33","196/18842",3,0.0048069278317267,0.0321102779159344,0.0211167496327082
"GO-BP","D7_vs_D3","positive regulation of chemokine production","2/33","65/18842",2,0.00577508373762682,0.0370993359515846,0.0243977143667318
"GO-BP","D7_vs_D3","defense response to fungus","2/33","65/18842",2,0.00577508373762682,0.0370993359515846,0.0243977143667318
"GO-BP","D7_vs_D3","negative regulation of response to external stimulus","4/33","416/18842",4,0.00577594451940839,0.0370993359515846,0.0243977143667318
"GO-BP","D7_vs_D3","mammary gland development","2/33","67/18842",2,0.00612542702731892,0.038846062540339,0.0255464178487784
"GO-BP","D7_vs_D3","response to fungus","2/33","70/18842",2,0.00666874543337191,0.0417630182764916,0.0274647015874396
"KEGG","D7_vs_D3","NOD-like receptor signaling pathway","6/13","187/9424",6,8.61404258405312e-08,1.55052766512956e-06,5.44044794782302e-07
"KEGG","D7_vs_D3","Hepatitis C","5/13","156/9424",5,1.34801801484906e-06,1.21321621336416e-05,4.25689899426019e-06
"KEGG","D7_vs_D3","Influenza A","4/13","173/9424",4,6.89088664540743e-05,0.000413453198724446,0.000145071297798051
"KEGG","D7_vs_D3","Measles","3/13","136/9424",3,0.000756275567572914,0.00340324005407811,0.00119411931722039
"KEGG","D7_vs_D3","Herpes simplex virus 1 infection","3/13","180/9424",3,0.0017019938178612,0.00612717774430032,0.00214988692782467
"KEGG","D7_vs_D3","Epstein-Barr virus infection","3/13","205/9424",3,0.00246942786328226,0.00740828358984678,0.00259939775082343
"KEGG","D7_vs_D3","Coronavirus disease","3/13","239/9424",3,0.0038159525066871,0.00981244930290969,0.00344296466768761
"KEGG","D7_vs_D3","PD-L1 expression and PD-1 checkpoint pathway in cancer","2/13","90/9424",2,0.00657006672012038,0.0147826501202708,0.0051868947790424
"KEGG","D7_vs_D3","Staphylococcus aureus infection","2/13","99/9424",2,0.00790242988917079,0.0158048597783416,0.00554556483450581
"KEGG","D7_vs_D3","Cell adhesion molecule (CAM) interaction","2/13","160/9424",2,0.019762527631436,0.0355725497365848,0.0124815963988017
"KEGG","D7_vs_D3","Transcriptional misregulation in cancer","2/13","201/9424",2,0.0302510074733541,0.0495016485927613,0.017368999506232
"Reactome","D7_vs_D3","Interferon alpha/beta signaling","4/16","57/11287",4,1.01670615158099e-06,3.77546294150497e-05,3.02260932307292e-05
"Reactome","D7_vs_D3","Interferon Signaling","6/16","266/11287",6,1.06351068774788e-06,3.77546294150497e-05,3.02260932307292e-05
"Reactome","D7_vs_D3","Antimicrobial mechanism of IFN-stimulated genes","4/16","159/11287",4,6.04783964177308e-05,0.00143132204855296,0.00114590645844122
"Reactome","D7_vs_D3","Alpha-defensins","2/16","10/11287",2,8.42230336462733e-05,0.00149495884722135,0.00119685363602599
"Reactome","D7_vs_D3","Modulation of host responses by IFN-stimulated genes","2/16","17/11287",2,0.000253071338859965,0.0035936130118115,0.00287702153651329
"Reactome","D7_vs_D3","Interferon gamma signaling","3/16","96/11287",3,0.000308146059367102,0.00364639503584404,0.00291927845716202
"Reactome","D7_vs_D3","Defensins","2/16","51/11287",2,0.00230680762923302,0.0233976202393634,0.0187319717261027
