"Gene","logFC","t","PValue","FDR"
"ENSG00000185745",-4.66328985839638,-20.3307314315493,1.02063392736205e-39,1.92267019236463e-35
"ENSG00000089127",-3.57478291338745,-19.7894722534366,1.12815470052824e-38,1.06260891242755e-34
"ENSG00000134321",-4.29511407432192,-18.9652407215696,4.69949279397956e-37,2.95096817509957e-33
"ENSG00000124256",-2.41174404889011,-18.9012663775009,6.29973534116487e-37,2.96686035892159e-33
"ENSG00000111335",-3.22144454702232,-18.7684293354679,1.15960025339369e-36,4.36890991468605e-33
"ENSG00000146859",-3.24166853976966,-18.6232003860695,2.2652931620484e-36,7.11226543111128e-33
"ENSG00000137628",-3.17594944494654,-18.429633321295,5.55316622704406e-36,1.3076318173132e-32
"ENSG00000133574",-2.62564444175569,-18.4306986938666,5.52575623183285e-36,1.3076318173132e-32
"ENSG00000132530",-3.53764824459119,-18.2687875854401,1.17408072545881e-35,2.29636166533099e-32
"ENSG00000138646",-2.90667979779546,-18.260739242116,1.21900502459443e-35,2.29636166533099e-32
"ENSG00000026950",-1.98953654336467,-18.1366012618079,2.17763679644838e-35,3.72930199740859e-32
"ENSG00000119917",-3.69404056605489,-18.0792237396036,2.84930697861536e-35,4.47293707192967e-32
"ENSG00000157601",-3.03639625208449,-18.0561721539554,3.17465439209117e-35,4.60031841832412e-32
"ENSG00000135114",-2.90874232124778,-17.9943628876476,4.24374542539636e-35,5.71026259454405e-32
"ENSG00000186470",-1.51476397796928,-17.9764190922335,4.61724592621454e-35,5.7986452505353e-32
"ENSG00000163565",-2.6032906147014,-17.8970188231333,6.70961513752135e-35,7.8997331225392e-32
"ENSG00000121858",-2.53647598575431,-17.7108338515236,1.61684109467878e-34,1.79165014950346e-31
"ENSG00000137959",-3.80531264104619,-17.5974452089112,2.76837017749358e-34,2.89725318909022e-31
"ENSG00000111331",-3.2718704938324,-17.4903259923258,4.60803067285315e-34,4.56874114816883e-31
"ENSG00000107201",-2.87245344556702,-17.3931917708178,7.32357015294344e-34,6.89807072705743e-31
"ENSG00000136514",-4.09806907164024,-17.3697191187428,8.19261383961529e-34,7.34916473860346e-31
"ENSG00000184979",-4.30390216217968,-17.3475135212181,9.11005639998622e-34,7.80069283922456e-31
"ENSG00000185507",-2.68180100355385,-17.2245000209194,1.64204131691585e-33,1.34490323165481e-30
"ENSG00000187608",-3.40485106635155,-17.1773521841705,2.05905864204957e-33,1.61618944578875e-30
"ENSG00000152778",-3.33571828122657,-16.9937582119307,4.98360991970405e-33,3.7552497466954e-30
"ENSG00000055332",-2.02250430768266,-16.9091774967923,7.49911504654231e-33,5.43339727872169e-30
"ENSG00000119922",-3.59494168479997,-16.8975237528753,7.93399929844322e-33,5.53558069570642e-30
"ENSG00000126709",-2.88780913989948,-16.7341000748766,1.7522125438013e-32,1.17886356786175e-29
"ENSG00000136147",-1.89363885944578,-16.6983534090544,2.08470766208717e-32,1.3339270999065e-29
"ENSG00000142687",-1.66356710446187,-16.6944834111682,2.1243132496653e-32,1.3339270999065e-29
"ENSG00000183486",-2.00635598260012,-16.6464683381997,2.68344718650359e-32,1.6306702612695e-29
"ENSG00000086065",-2.49236947530222,-16.6296807592121,2.91206478988441e-32,1.71429614099508e-29
"ENSG00000137965",-3.23380683665269,-16.5924028351896,3.49223196976301e-32,1.99353532867866e-29
"ENSG00000177409",-2.77730542171931,-16.525431625094,4.84218399265685e-32,2.68285476628441e-29
"ENSG00000205413",-2.49900999742201,-16.3916112335434,9.31921819566491e-32,5.01586949628387e-29
"ENSG00000196684",-1.62063238020239,-16.3567085851782,1.10585252297092e-31,5.78668050770171e-29
"ENSG00000132256",-2.40692111124317,-16.2627809938418,1.75395521116097e-31,8.93000223455417e-29
"ENSG00000132274",-2.26725401554558,-16.2245811868652,2.11651941023588e-31,1.04923664868483e-28
"ENSG00000138642",-2.68694875761836,-16.1743669382288,2.71025083239649e-31,1.30912064565859e-28
"ENSG00000067066",-1.77462468800154,-16.1529919517162,3.01135646114844e-31,1.41819832537786e-28
"ENSG00000130813",-1.60664381874015,-16.1012366591151,3.88725759886467e-31,1.7860526499369e-28
"ENSG00000122643",-2.27849785023268,-16.0848798935575,4.21420520863652e-31,1.89017137429273e-28
"ENSG00000164054",-2.16018568433026,-15.9871436606887,6.83245268279827e-31,2.99324985205939e-28
"ENSG00000088827",-4.18635964386631,-15.9459780735341,8.37757680428536e-31,3.58674526907108e-28
"ENSG00000108771",-3.05151541779603,-15.9216591057355,9.45076770559772e-31,3.95630137862333e-28
"ENSG00000112343",-1.51589446048028,-15.8335870447015,1.46321676106717e-30,5.99219072717029e-28
"ENSG00000181778",-3.0714455206028,-15.7638046947382,2.07020578411195e-30,8.12469511689603e-28
"ENSG00000126860",-2.0240486869165,-15.7358808027647,2.37897575177149e-30,9.14000532461884e-28
"ENSG00000111801",-1.87089308169684,-15.7319549505455,2.4259489660842e-30,9.14000532461884e-28
"ENSG00000160932",-2.43717798960984,-15.726125099543,2.4974289532109e-30,9.22481698442882e-28
"ENSG00000133106",-2.74126659789449,-15.6708381514198,3.28988452734279e-30,1.19182393704007e-27
"ENSG00000138496",-2.00869290339026,-15.6628675915982,3.42332944399447e-30,1.21676754841449e-27
"ENSG00000117226",-2.56279184279329,-15.6227889338678,4.18145967421583e-30,1.45870995079403e-27
"ENSG00000185880",-2.41651420521466,-15.5998660091125,4.68873362697406e-30,1.60593389208977e-27
"ENSG00000135899",-1.67417773123165,-15.5501766098357,6.01092902890675e-30,2.02203359011688e-27
"ENSG00000073737",-2.8115657819812,-15.4836876477429,8.38496098732924e-30,2.77115605402295e-27
"ENSG00000173193",-1.88666499410432,-15.4681453962286,9.06411503747197e-30,2.94396205303271e-27
"ENSG00000121486",-2.31131475043346,-15.3638754236721,1.52955354411812e-29,4.88368299391478e-27
"ENSG00000132109",-2.05899454408293,-15.3353310251843,1.76550412407495e-29,5.54309444822065e-27
"ENSG00000188313",-2.7589763075422,-15.3182713304559,1.92364410739346e-29,5.94059142542261e-27
"ENSG00000236345",-2.78066492264897,-15.1762745649903,3.93363957800425e-29,1.19519197371684e-26
"ENSG00000196116",-2.35428733433863,-15.1536098345265,4.4103748974855e-29,1.31877210029892e-26
"ENSG00000079263",-1.78247046299911,-15.1462483177228,4.5773847887424e-29,1.3473246039114e-26
"ENSG00000130303",-1.55839561790885,-15.0805014265962,6.38121141351816e-29,1.84937324012085e-26
"ENSG00000117228",-2.45384797199659,-15.0039465000002,9.40108357678409e-29,2.68329715787059e-26
"ENSG00000154305",-1.28276453921623,-14.9370859983516,1.31941031109848e-28,3.70970917021986e-26
"ENSG00000010030",-2.82638203525698,-14.8816216334501,1.74846969396283e-28,4.84377530806937e-26
"ENSG00000121067",-1.19378848246388,-14.8778643360429,1.7821611955973e-28,4.86555834821188e-26
"ENSG00000123609",-2.01830785557339,-14.8559716955302,1.99185370795764e-28,5.36036287864371e-26
"ENSG00000123610",-2.79822287009702,-14.8298495626016,2.27473924158394e-28,6.03542786379694e-26
"ENSG00000142961",-1.46867298957052,-14.8081708125556,2.53992305265435e-28,6.64542645359758e-26
"ENSG00000173821",-1.43565419571256,-14.7474103159723,3.46069483884491e-28,8.93048895536444e-26
"ENSG00000106392",-1.63465998132154,-14.7347992017157,3.69036279525774e-28,9.39446680230613e-26
"ENSG00000181381",-1.92477422444643,-14.7286440046447,3.80795673757627e-28,9.56457186966157e-26
"ENSG00000173198",-2.25490244862835,-14.7063787849076,4.26565310021896e-28,1.05732069870954e-25
"ENSG00000255760",-2.39699463401343,-14.6017371361248,7.27732764428347e-28,1.78039348263652e-25
"ENSG00000173801",-2.46246965895852,-14.5885422562819,7.78505107302597e-28,1.88018964248286e-25
"ENSG00000259268",-2.66033459199404,-14.5737434622879,8.39694159743164e-28,2.00229855458756e-25
"ENSG00000163840",-1.95600134576042,-14.5710397709789,8.51384239264037e-28,2.00479703740699e-25
"ENSG00000198818",-1.64691891788212,-14.5289501800263,1.05595279443061e-27,2.45580725203503e-25
"ENSG00000108424",-1.35054659146721,-14.4433799077839,1.63692934762665e-27,3.76054573787692e-25
"ENSG00000145016",-1.61366267506823,-14.4167602946193,1.87640139930546e-27,4.25875295905015e-25
"ENSG00000115267",-2.54985586594503,-14.4094858852334,1.9477598161515e-27,4.31669404901904e-25
"ENSG00000105483",-1.27734927328101,-14.4097446564795,1.94517525644359e-27,4.31669404901904e-25
"ENSG00000168394",-1.82681536332833,-14.3628508158309,2.47463521902757e-27,5.4206021227955e-25
"ENSG00000151702",-1.2121787178945,-14.3353710202987,2.84987743700322e-27,6.17080358140995e-25
"ENSG00000196141",-2.82822499613827,-14.3212604841247,3.06424999603311e-27,6.5595842528718e-25
"ENSG00000143891",-2.32192289867245,-14.2918027847223,3.56541538831944e-27,7.54666236911928e-25
"ENSG00000185909",-2.25679017247072,-14.2669486088444,4.05178362938088e-27,8.48083333447523e-25
"ENSG00000134326",-3.09983382490659,-14.2510293150684,4.39776866680711e-27,9.10386441157278e-25
"ENSG00000135211",-2.31067550661772,-14.2176476294804,5.22265780502633e-27,1.06939595359876e-24
"ENSG00000106733",-1.38316636664067,-14.1874628951106,6.10160669209553e-27,1.23593620285694e-24
"ENSG00000128383",-1.79587401141378,-14.1578033751591,7.1098679810644e-27,1.42484779816267e-24
"ENSG00000120690",-1.61142297327092,-14.1062084924724,9.27883692326369e-27,1.83994452589938e-24
"ENSG00000233975",-2.5090198929053,-14.00366918737,1.57634812735093e-26,3.06136556938524e-24
"ENSG00000059378",-1.65725945029213,-13.9958358104211,1.64154947344318e-26,3.15546010007373e-24
"ENSG00000137752",-1.93051524906844,-13.9746000435087,1.83225103128711e-26,3.48645908357441e-24
"ENSG00000265972",-1.36212017203268,-13.9572140296747,2.00483080866298e-26,3.77670027735933e-24
"ENSG00000155363",-2.00340807188197,-13.9069078049944,2.60175567576613e-26,4.85266073466162e-24
"ENSG00000221963",-1.59027993281856,-13.8820391969911,2.95979344753586e-26,5.46633225143927e-24
"ENSG00000068079",-1.99475822130183,-13.8790685296054,3.00574433607834e-26,5.49730211680036e-24
"ENSG00000182179",-1.11645766736081,-13.8550352169074,3.40482388385451e-26,6.1673146465434e-24
"ENSG00000156587",-2.02544315604392,-13.8530514681681,3.44005023772386e-26,6.17177775030877e-24
"ENSG00000135828",-2.25936258229622,-13.8493580150128,3.50661410813233e-26,6.23184873292422e-24
"ENSG00000206337",-1.54511389254173,-13.7828910261399,4.95189263854135e-26,8.55814252521486e-24
"ENSG00000233030",-2.53071872060025,-13.7720341479076,5.2392778738334e-26,8.97250150793397e-24
"ENSG00000118260",-1.24170740511086,-13.751791097693,5.82058118731621e-26,9.87820796456421e-24
"ENSG00000136816",-2.12661194741077,-13.6802033087504,8.44697595750499e-26,1.40817816891574e-23
"ENSG00000121236",-2.71995146798969,-13.6622366482196,9.27526322568245e-26,1.53269656706497e-23
"ENSG00000168062",-2.62040820862316,-13.633016502551,1.08000451419762e-25,1.76914130769172e-23
"ENSG00000213928",-1.72562269676309,-13.6242795761606,1.1303069280658e-25,1.83557947507789e-23
"ENSG00000135148",-2.00300107235526,-13.6178636996578,1.16873731656424e-25,1.88176697174676e-23
"ENSG00000116663",-2.00849605347266,-13.6134270611079,1.19607657017115e-25,1.9094652905834e-23
"ENSG00000102524",-2.06955860665964,-13.6028240923421,1.26404192509604e-25,1.98724957345095e-23
"ENSG00000173110",-2.04673869995659,-13.601671032657,1.27166289660231e-25,1.98724957345095e-23
"ENSG00000164674",-1.5051005241078,-13.6009506413552,1.27644759734348e-25,1.98724957345095e-23
"ENSG00000180871",-2.15209602295012,-13.5853419706848,1.38467164094025e-25,2.12068653431158e-23
"ENSG00000159882",-1.84554231959588,-13.5856325608832,1.38257500837263e-25,2.12068653431158e-23
"ENSG00000141664",-1.61377075118704,-13.5527181974851,1.64153980899384e-25,2.49381668724403e-23
"ENSG00000151743",-2.43783404832029,-13.5352916075152,1.79782237190585e-25,2.70939022735699e-23
"ENSG00000225470",-1.66950258322574,-13.5298680253018,1.84944419839458e-25,2.76506585788548e-23
"ENSG00000111913",-1.36105071192887,-13.4733142868311,2.48491321146706e-25,3.68588937619028e-23
"ENSG00000115415",-1.52570914178732,-13.4614999228923,2.64316203545404e-25,3.83197366937491e-23
"ENSG00000009790",-1.1818064596982,-13.4614085955453,2.64442391452775e-25,3.83197366937491e-23
"ENSG00000167208",-1.58260101313672,-13.437657102142,2.99400041671084e-25,4.30541830916021e-23
"ENSG00000277511",-2.67656966650692,-13.4116448171059,3.43029106325036e-25,4.89544114011442e-23
"ENSG00000163568",-2.76188415543491,-13.3918360834893,3.8048595908843e-25,5.3891687949683e-23
"ENSG00000232815",-1.84529914580539,-13.3481472188724,4.78254961592754e-25,6.67360516035874e-23
"ENSG00000281100",-2.287637392321,-13.3408552675967,4.96871497537153e-25,6.88240093426829e-23
"ENSG00000101574",-1.47233025604391,-13.3389969848967,5.01730892000771e-25,6.89898287847483e-23
"ENSG00000125826",-1.25893784332504,-13.3223960064405,5.47314047737559e-25,7.4712333560001e-23
"ENSG00000146425",-1.36639577982965,-13.3103939098623,5.82836851441065e-25,7.85841095196649e-23
"ENSG00000235750",-1.8002424658712,-13.3029890755863,6.05897665080072e-25,8.0949646913322e-23
"ENSG00000070190",-2.0400819445769,-13.2974145850052,6.23860339678751e-25,8.23207090767456e-23
"ENSG00000172349",-1.1002854309936,-13.2819878775539,6.76404351575028e-25,8.84868414928498e-23
"ENSG00000106560",-1.74009662813272,-13.2753418719443,7.00388352289561e-25,9.09925226236604e-23
"ENSG00000179933",-1.75753024526064,-13.2335106235292,8.72217957897231e-25,1.12540012951151e-22
"ENSG00000196954",-1.990142267572,-13.2269328116145,9.02847771045799e-25,1.15699634768441e-22
"ENSG00000172086",-1.88317477244404,-13.225198415106,9.1110230540977e-25,1.15968548846684e-22
"ENSG00000079950",-1.094666556847,-13.2156596189302,9.57872504024017e-25,1.2110337067654e-22
"ENSG00000165949",-2.81760796449753,-13.2135098985275,9.68741198439753e-25,1.2166097797472e-22
"ENSG00000104133",-1.16044683666978,-13.2059229426416,1.00809822314794e-24,1.25765260448085e-22
"ENSG00000149131",-2.696845592472,-13.180327024985,1.15309993747949e-24,1.42432066114614e-22
"ENSG00000188554",-1.09577521121432,-13.1797142924662,1.15681633483045e-24,1.42432066114614e-22
"ENSG00000133943",-1.19965715081951,-13.163997398653,1.25636231926988e-24,1.53684112794845e-22
"ENSG00000231607",-1.36647551340507,-13.1506642027027,1.34752067579509e-24,1.63771577358889e-22
"ENSG00000163464",-1.964462409715,-13.1250055965196,1.54204110673276e-24,1.85025288972176e-22
"ENSG00000167851",-1.70952540239062,-13.1013478207464,1.74627147473355e-24,2.08204190133105e-22
"ENSG00000178685",-1.94322672991209,-13.095192376929,1.80372106611933e-24,2.13701241783371e-22
"ENSG00000163823",-2.22470262521613,-13.0607524746486,2.16196192229821e-24,2.54543991826586e-22
"ENSG00000160710",-1.14658822911699,-13.0487472817413,2.30294949857208e-24,2.69459395367086e-22
"ENSG00000177294",-2.59162714067135,-12.9876688452593,3.176530380819e-24,3.67113370023733e-22
"ENSG00000080802",-1.11920639586421,-12.9801570762854,3.30475734864894e-24,3.79603773986882e-22
"ENSG00000240065",-1.25091897800577,-12.9429861821479,4.01989399142765e-24,4.56185319340446e-22
"ENSG00000178966",-1.84130347373627,-12.9413741260389,4.05420138591582e-24,4.57323626993307e-22
"ENSG00000185722",-1.15002077166443,-12.9341097440337,4.21248031913317e-24,4.7234943007042e-22
"ENSG00000162747",-2.15884859298596,-12.9310005518404,4.28210469431835e-24,4.77315314979698e-22
"ENSG00000169220",-1.53361591177286,-12.9185864033856,4.57179230107352e-24,5.03645750687854e-22
"ENSG00000165029",-2.02437331055442,-12.9157061486179,4.64176601102037e-24,5.08381326253499e-22
"ENSG00000116863",-1.66482669005263,-12.8990289132854,5.06857043008025e-24,5.51917513074288e-22
"ENSG00000133101",-3.45481656472881,-12.8943259994567,5.19589227073642e-24,5.59315534835044e-22
"ENSG00000048342",-1.90115189689251,-12.8948787411696,5.18076310046002e-24,5.59315534835044e-22
"ENSG00000035681",-1.68779424387719,-12.8913172666869,5.27902513835615e-24,5.65035656570188e-22
"ENSG00000129465",-1.46837179371747,-12.8691352587578,5.93453680783232e-24,6.28060698797446e-22
"ENSG00000109046",-1.47267844565998,-12.8652536060879,6.05736765989083e-24,6.37478726128622e-22
"ENSG00000171049",-2.24216296187971,-12.8501689044168,6.55940507245993e-24,6.83091595127006e-22
"ENSG00000170581",-1.76978489517794,-12.8500562537782,6.56330707707761e-24,6.83091595127006e-22
"ENSG00000117010",-2.5287373709544,-12.8313088431297,7.24620818061218e-24,7.50022361024023e-22
"ENSG00000108984",-2.04378146010222,-12.8223296933218,7.59808998620773e-24,7.82146552787876e-22
"ENSG00000257878",-2.56072236635612,-12.8204551239229,7.67368728745882e-24,7.85635440875811e-22
"ENSG00000185885",-1.69027618172897,-12.814632646411,7.91333908584655e-24,8.05791792968526e-22
"ENSG00000172123",-1.9125265636283,-12.7867194195615,9.17072508190894e-24,9.28807091897853e-22
"ENSG00000174007",-2.16870943786107,-12.7608493993861,1.05143732564098e-23,1.05919659574464e-21
"ENSG00000158406",-1.57098144601089,-12.7369647033056,1.19296111538574e-23,1.18904769797019e-21
"ENSG00000149798",-2.08017519267611,-12.724652023335,1.27322621728806e-23,1.26237028848802e-21
"ENSG00000173221",-1.51638162417282,-12.7186463380608,1.31431976762978e-23,1.29629087867067e-21
"ENSG00000115145",-1.81660068561638,-12.7037869148034,1.42180265224491e-23,1.39499574807237e-21
"ENSG00000158373",-2.16624686202347,-12.6901759060813,1.5279738363427e-23,1.49139746782507e-21
"ENSG00000152213",-1.84317217238742,-12.6851864779292,1.56885429863482e-23,1.52340604524137e-21
"ENSG00000168310",-1.81137444144698,-12.6814287022069,1.60036582433561e-23,1.54603545635047e-21
"ENSG00000120280",-1.78523990526224,-12.6636817433819,1.75798091218927e-23,1.68105809257977e-21
"ENSG00000270972",-2.7673364513927,-12.6585424358836,1.80646604036123e-23,1.71869733678408e-21
"ENSG00000182919",-1.20258278627893,-12.6435037072549,1.95618496129789e-23,1.85178956286079e-21
"ENSG00000225964",-2.79985391470952,-12.6361963530524,2.03336405579952e-23,1.91522560415757e-21
"ENSG00000234515",-2.00756136419217,-12.6303086594974,2.09776454822298e-23,1.9660541571853e-21
"ENSG00000150681",-2.18829228343651,-12.6196562676811,2.21952443346085e-23,2.06987135037304e-21
"ENSG00000114439",-1.08502254892051,-12.6118877299196,2.31276679931962e-23,2.14620201800902e-21
"ENSG00000204131",-1.26426918002296,-12.6026803014907,2.42837929997458e-23,2.24244163004515e-21
"ENSG00000186812",-1.26603361719355,-12.5606020024968,3.03505046611312e-23,2.78898930149458e-21
"ENSG00000204261",-1.0973217452146,-12.5522264072541,3.17285563982591e-23,2.90146866713789e-21
"ENSG00000152558",-1.84583848018996,-12.5410397085331,3.36674789866668e-23,3.0639032326127e-21
"ENSG00000273272",-2.13322520479579,-12.5371680459338,3.43658450878861e-23,3.10997304658785e-21
"ENSG00000203747",-1.78585807498568,-12.5364120593158,3.45038946139113e-23,3.10997304658785e-21
"ENSG00000260943",-2.33777080851402,-12.533087711097,3.51175767968926e-23,3.15021386523744e-21
"ENSG00000163666",-2.31913821943225,-12.5102208742208,3.96459967720211e-23,3.5395795601485e-21
"ENSG00000068784",-1.72577020319721,-12.4956858190129,4.28242718704308e-23,3.80530015799611e-21
"ENSG00000229474",-1.33312292638819,-12.4913596612783,4.38186790594068e-23,3.87538157803335e-21
"ENSG00000112763",-1.41695733093439,-12.4864328808108,4.49793701289905e-23,3.95944567518656e-21
"ENSG00000010704",-1.83995753681797,-12.4805974060885,4.6394080718047e-23,4.04616524336375e-21
"ENSG00000163154",-2.03935579508417,-12.4352054484143,5.90356788290651e-23,5.10144090725655e-21
"ENSG00000111224",-1.81892926605502,-12.4061911956498,6.88716150296114e-23,5.92421682158822e-21
"ENSG00000119979",-1.07369778943041,-12.4007469689843,7.08926175672746e-23,6.07034149878326e-21
"ENSG00000183621",-1.64137332928134,-12.3876837958538,7.59877459055321e-23,6.47718170754938e-21
"ENSG00000124357",-1.0373404871374,-12.3603251339771,8.78797081272626e-23,7.39052652545256e-21
"ENSG00000164967",-1.44035701473294,-12.3398275455877,9.79969251129533e-23,8.20473811234584e-21
"ENSG00000163219",-1.28125112246696,-12.335401360232,1.0033051193327e-22,8.36294771592449e-21
"ENSG00000288587",-2.25403463949955,-12.3042361288846,1.18416799313227e-22,9.8270293632712e-21
"ENSG00000008130",-1.32874567574145,-12.2962838816434,1.23533457967793e-22,1.02066810578828e-20
"ENSG00000163563",-1.80147975881576,-12.2912897540782,1.26859489644093e-22,1.04357164450455e-20
"ENSG00000169245",-2.54547794929711,-12.2814276935957,1.33693478412792e-22,1.09500771580007e-20
"ENSG00000255328",-2.43322698287243,-12.2623691892158,1.47963512543035e-22,1.201438210899e-20
"ENSG00000282851",-1.862891121382,-12.2332923794731,1.72731379732339e-22,1.39652949845399e-20
"ENSG00000133104",-1.36243807670475,-12.2057105259533,2.00057035612396e-22,1.61054463113945e-20
"ENSG00000170956",-1.63034170329688,-12.1952878122404,2.11476284060499e-22,1.6952298889922e-20
"ENSG00000101347",-1.06928346634747,-12.179315611669,2.30256194425358e-22,1.83795177567156e-20
"ENSG00000270820",-1.64412149646452,-12.1760841828819,2.34254353222716e-22,1.86197616287322e-20
"ENSG00000170876",-1.29331095110659,-12.1622319568449,2.52196984789554e-22,1.99617092414522e-20
"ENSG00000115421",-1.52133449027046,-12.1419635420365,2.8096206114011e-22,2.2145453170533e-20
"ENSG00000117475",-1.80482417770781,-12.1396768272502,2.84407199353123e-22,2.23235950892256e-20
"ENSG00000102699",-1.29835692410187,-12.109681278077,3.33719970817098e-22,2.60855469305083e-20
"ENSG00000100342",-1.25644187905594,-12.0767853284912,3.97709300979456e-22,3.0831472476753e-20
"ENSG00000274750",-2.01494614881789,-12.0720321760609,4.0792083285439e-22,3.14934944643893e-20
"ENSG00000165118",-1.8227834456689,-12.0675291337735,4.17837306010612e-22,3.21274251862364e-20
"ENSG00000267745",-2.0709764575399,-12.0499192645273,4.58992533834282e-22,3.51483794811797e-20
"ENSG00000115155",-3.18151312954708,-12.0405753981695,4.82454825743188e-22,3.67954818111344e-20
"ENSG00000152684",-1.34779562002024,-12.0396163952057,4.84929856589325e-22,3.68351154775391e-20
"ENSG00000168961",-1.0600491978104,-12.0350301460184,4.9694328662318e-22,3.75960547526404e-20
"ENSG00000214872",-2.27405653421154,-12.0283841614624,5.14883283407643e-22,3.86657998793248e-20
"ENSG00000174718",-1.61111195873594,-12.0282732108327,5.15188224318427e-22,3.86657998793248e-20
"ENSG00000255221",-2.27743849791591,-12.0230368283173,5.2978781581704e-22,3.96037415649262e-20
"ENSG00000233785",-2.28255530337608,-12.0203239052019,5.37514039827173e-22,4.00224880721909e-20
"ENSG00000140464",-1.35901986103599,-12.0003990720822,5.97827723028513e-22,4.43381049071305e-20
"ENSG00000035720",-2.25685432743926,-11.9535644518512,7.6767739014999e-22,5.67117908848843e-20
"ENSG00000140259",-1.39374420687098,-11.9187068124771,9.24790555237887e-22,6.75240483704314e-20
"ENSG00000062194",-1.07233853461288,-11.883923356158,1.11369153656939e-21,8.10027844243016e-20
"ENSG00000204397",-1.53252780028512,-11.8799753808578,1.13744063966753e-21,8.24119491156037e-20
"ENSG00000114127",-1.23481961137957,-11.8777449415724,1.15108150184944e-21,8.30807407350181e-20
"ENSG00000148572",-2.10321756995181,-11.8692658646209,1.20445037963255e-21,8.62716207282051e-20
"ENSG00000125449",-1.33170609745258,-11.8683979475418,1.21005118079778e-21,8.63444853934418e-20
"ENSG00000127084",-1.08591031709498,-11.8512973295273,1.32588405367697e-21,9.3898510538221e-20
"ENSG00000102710",-1.53626068925941,-11.8468826837094,1.35755035172792e-21,9.57810244413878e-20
"ENSG00000166523",-1.69062096092024,-11.8458457919896,1.36509720730669e-21,9.59541089225498e-20
"ENSG00000003400",-1.16144420563218,-11.8335939372206,1.45751785077856e-21,1.02069595810284e-19
"ENSG00000142089",-1.78194656915281,-11.8180782166545,1.58360981576116e-21,1.1048904336781e-19
"ENSG00000246082",-2.00847929720978,-11.8158802363221,1.60233492544539e-21,1.11382971680961e-19
"ENSG00000109220",-1.85761126577134,-11.8053428933745,1.69523241254938e-21,1.17407309513254e-19
"ENSG00000123405",-1.74347406144024,-11.7891225580143,1.84888712813379e-21,1.27579984321554e-19
"ENSG00000108679",-1.86095298119017,-11.781643071309,1.92436663805322e-21,1.31344995390024e-19
"ENSG00000118564",-1.47222451856403,-11.7823061189079,1.91755258117802e-21,1.31344995390024e-19
"ENSG00000164117",-1.85131419632314,-11.7699975268399,2.04807981749052e-21,1.39284215169265e-19
"ENSG00000128335",-1.64418228875126,-11.7664006124953,2.08787794123712e-21,1.41480016751888e-19
"ENSG00000239713",-1.31921507475282,-11.7618070766764,2.13983169329481e-21,1.44480822359454e-19
"ENSG00000163644",-1.22610477223734,-11.7578102421874,2.18608919613647e-21,1.47076958131496e-19
"ENSG00000272419",-1.17544304065702,-11.7473495829254,2.3119534871425e-21,1.54441772307767e-19
"ENSG00000013374",-1.51436802069332,-11.7393772011386,2.41273143723624e-21,1.60038854981184e-19
"ENSG00000002549",-1.66504030746813,-11.7337732399267,2.48619314162712e-21,1.64333004919199e-19
"ENSG00000124508",-1.52716426995552,-11.7310593596534,2.52257022398958e-21,1.66154468110195e-19
"ENSG00000241878",-1.10610481511287,-11.7259067193837,2.59311026014079e-21,1.70205613521018e-19
"ENSG00000124226",-1.01411101980914,-11.7229319177465,2.63473172951568e-21,1.72337070557696e-19
"ENSG00000106785",-1.54686116585989,-11.7157097245895,2.73858587449791e-21,1.7851031385395e-19
"ENSG00000263069",-1.51950696441929,-11.7029618822845,2.93200625275743e-21,1.90459082032567e-19
"ENSG00000167562",-1.48281004628362,-11.7006496721031,2.96852772169668e-21,1.92168815193547e-19
"ENSG00000143363",-1.06646103422497,-11.6967305942714,3.03147350026823e-21,1.95571567801551e-19
"ENSG00000225101",-1.66497214748533,-11.6672289147497,3.55027097750688e-21,2.25945961737414e-19
"ENSG00000111859",-1.32696270501646,-11.6674346705889,3.54636101474697e-21,2.25945961737414e-19
"ENSG00000179044",-2.61593068824204,-11.6633701332701,3.62440420782016e-21,2.29887294501401e-19
"ENSG00000171428",-1.63644906744891,-11.6565202971149,3.75984011627387e-21,2.37677409766333e-19
"ENSG00000184432",-1.2356410922812,-11.6216725980014,4.53147835552992e-21,2.8549829184439e-19
"ENSG00000164002",-1.60217633829217,-11.6200577356748,4.57085401583561e-21,2.8701915983437e-19
"ENSG00000105939",-1.29055517684114,-11.6033119379443,4.9999340962164e-21,3.11883306306373e-19
"ENSG00000124786",-1.94945060429262,-11.5946886819447,5.23639563246332e-21,3.24484279356395e-19
"ENSG00000272666",-1.69156858246311,-11.5839059466517,5.54789483220953e-21,3.41540009310991e-19
"ENSG00000110852",-1.47461149357531,-11.5744641098543,5.83586194195239e-21,3.58097613232896e-19
"ENSG00000182952",-1.57294218010636,-11.5690785632465,6.00677205618811e-21,3.67388220761271e-19
"ENSG00000009844",-1.62718703504144,-11.5624188843319,6.22506514867907e-21,3.78283152486504e-19
"ENSG00000160179",-1.58108029397751,-11.5611579880462,6.26728112189624e-21,3.79623928534667e-19
"ENSG00000169228",-1.24147398565573,-11.5530209443052,6.54669849154872e-21,3.9527790443524e-19
"ENSG00000281162",-1.93427846951671,-11.5501806494533,6.64714087132951e-21,4.00060190843787e-19
"ENSG00000221909",-1.64937462446201,-11.5358856215173,7.1765824984928e-21,4.30549239193017e-19
"ENSG00000171860",-2.20505612485729,-11.5260941468409,7.5634011704619e-21,4.50884022940384e-19
"ENSG00000147168",-1.00729005557989,-11.519447091592,7.83782946819923e-21,4.64305130572129e-19
"ENSG00000272189",-1.98774326574727,-11.4883696548923,9.25923114188356e-21,5.46788076021324e-19
"ENSG00000249662",-2.0626867022587,-11.4847347550608,9.44151544298467e-21,5.55810212234204e-19
"ENSG00000172183",-1.16322128751282,-11.4827756951164,9.54124501414687e-21,5.59931381858251e-19
"ENSG00000253214",-1.81785333237931,-11.4817024400972,9.59632761349946e-21,5.61414967649388e-19
"ENSG00000180573",-1.59101992932537,-11.4790777584762,9.73237937904479e-21,5.67611649357417e-19
"ENSG00000103194",-1.21772821903686,-11.4766213156202,9.86145974153625e-21,5.73364748799568e-19
"ENSG00000187257",-1.00809442409996,-11.4733181078435,1.00377425156551e-20,5.81818441568956e-19
"ENSG00000213689",-1.65670448853296,-11.471797685437,1.01199402817322e-20,5.84783543028441e-19
"ENSG00000223935",-1.76706744374407,-11.4565397314514,1.09830846442042e-20,6.3271972026764e-19
"ENSG00000010539",-1.33395236514377,-11.4427110489063,1.1828901475067e-20,6.79368432888148e-19
"ENSG00000279320",-2.09504441180636,-11.4215503794237,1.32511607458713e-20,7.54155184684965e-19
"ENSG00000172936",-1.20668251256924,-11.4174360994431,1.35469668609753e-20,7.66359644825984e-19
"ENSG00000164144",-1.77404377198951,-11.4151137570573,1.37168474346194e-20,7.73646622674734e-19
"ENSG00000168016",-1.47575380536288,-11.4085537556066,1.4208326666146e-20,7.9897450070704e-19
"ENSG00000152904",-1.38283494657337,-11.4078144710031,1.42648083728398e-20,7.99763274189155e-19
"ENSG00000087502",-1.53810795948024,-11.4007891780503,1.48128914319281e-20,8.28027444494543e-19
"ENSG00000107796",-1.91375518101729,-11.3992102532195,1.49389461566726e-20,8.32603158873958e-19
"ENSG00000115604",-2.37420555462021,-11.3721639721846,1.72728935400665e-20,9.570199073758e-19
"ENSG00000138035",-1.93124975567853,-11.3581370970466,1.86237219305954e-20,1.02883775286967e-18
"ENSG00000166750",-1.77671956018657,-11.3510941730323,1.93413631726095e-20,1.06535847791116e-18
"ENSG00000082898",-1.08678373634422,-11.3491057803551,1.95489377704461e-20,1.07365273970748e-18
"ENSG00000033800",-1.13250051552223,-11.3470572239742,1.97651260763468e-20,1.08237047972739e-18
"ENSG00000163512",-1.40324380554093,-11.3252213416358,2.22236948380014e-20,1.21347815466165e-18
"ENSG00000175538",-1.5342997200024,-11.3228530638703,2.25081099126985e-20,1.22545599576709e-18
"ENSG00000178927",-1.20675365563319,-11.3189411793608,2.29859059871632e-20,1.24786310370657e-18
"ENSG00000100815",-1.12572648538089,-11.313318442711,2.36905079431832e-20,1.28241893285542e-18
"ENSG00000121931",-1.26359606706568,-11.3005745253086,2.53685779989724e-20,1.36540934955612e-18
"ENSG00000162777",-1.22439191435099,-11.2848731607697,2.76006059870842e-20,1.47710288518378e-18
"ENSG00000273247",-1.05006902701665,-11.2828953204543,2.78953661644838e-20,1.48864846404121e-18
"ENSG00000213172",-1.82848964584351,-11.2745850044331,2.91686997383699e-20,1.5434830496388e-18
"ENSG00000175471",-1.264826168122,-11.2750549523412,2.90951648709702e-20,1.5434830496388e-18
"ENSG00000214975",-2.14184383060865,-11.2600288012442,3.15408854487567e-20,1.66433389379182e-18
"ENSG00000175518",-2.01419439005892,-11.2568199094339,3.20892827331474e-20,1.68854164281293e-18
"ENSG00000053770",-1.3291325135098,-11.2502417343569,3.324351220054e-20,1.74440468755925e-18
"ENSG00000145723",-1.78875136097448,-11.2395766671112,3.5203820412399e-20,1.84213769146881e-18
"ENSG00000249437",-1.55357607053232,-11.226322334037,3.78021014340479e-20,1.97262046209029e-18
"ENSG00000075292",-1.19454104643647,-11.2209311457942,3.89130980657851e-20,2.02498602586536e-18
"ENSG00000137767",-1.47047356902276,-11.2126443236629,4.06848897413082e-20,2.11135524227759e-18
"ENSG00000238160",-1.87315612365077,-11.1999730941628,4.355151589334e-20,2.25391059450203e-18
"ENSG00000279296",-2.68038707865322,-11.1971456544274,4.42182754525019e-20,2.28214759718968e-18
"ENSG00000067182",-1.45989808907778,-11.184227502072,4.73969943694645e-20,2.41968720848773e-18
"ENSG00000119820",-1.15092319654849,-11.1771626575169,4.92311502164314e-20,2.50653083183009e-18
"ENSG00000171497",-1.60028495487296,-11.1716261620255,5.07180416750803e-20,2.5752735015503e-18
"ENSG00000273133",-1.98865097329663,-11.1465507725439,5.80356237214785e-20,2.93103238516143e-18
"ENSG00000159479",-1.07825104105604,-11.1228391855272,6.5925046173218e-20,3.31172271949621e-18
"ENSG00000123130",-1.09957147145753,-11.1140923417484,6.90990435961769e-20,3.46193559378931e-18
"ENSG00000096060",-1.85790160506169,-11.1083346603952,7.12713859126881e-20,3.56130071040642e-18
"ENSG00000223804",-1.57332562034622,-11.0990024160512,7.49385275223538e-20,3.73463487160344e-18
"ENSG00000280248",-1.79158094130391,-11.0886739289417,7.92177310072807e-20,3.93747656125371e-18
"ENSG00000188404",-1.72585749791683,-11.0867216703577,8.00536430494575e-20,3.968554020436e-18
"ENSG00000178988",-1.08201558976293,-11.0664809807712,8.92580587217898e-20,4.41323703464849e-18
"ENSG00000101608",-1.59915799497382,-11.0623876095705,9.12445381438112e-20,4.49964557474638e-18
"ENSG00000168040",-2.1947686865592,-11.0525770931339,9.61874835922881e-20,4.73101779611364e-18
"ENSG00000162654",-1.41159930215124,-11.0493335412567,9.78799743444003e-20,4.80172644973909e-18
"ENSG00000226067",-1.25186067668527,-11.0444388990507,1.00490601374191e-19,4.91699207451173e-18
"ENSG00000154928",-1.63827046698481,-11.0434636762501,1.01019017470072e-19,4.93004210129849e-18
"ENSG00000183474",-1.60139400971116,-11.038424470108,1.03794104054711e-19,5.05238587127299e-18
"ENSG00000186814",-1.00340675419251,-11.0286758680436,1.09381081263126e-19,5.31062064132674e-18
"ENSG00000084733",-1.25739027911332,-11.0115718578064,1.19920622901693e-19,5.80736425249893e-18
"ENSG00000102738",-1.83532611455053,-11.0058128130767,1.2369340491009e-19,5.97470861973403e-18
"ENSG00000151466",-1.2704589838218,-11.001253967433,1.26763982122122e-19,6.10736546091184e-18
"ENSG00000239653",-1.79782997003919,-10.9995447660786,1.27934763125985e-19,6.14717700199448e-18
"ENSG00000068394",-1.17667767054115,-10.9990974622246,1.28242943082271e-19,6.14717700199448e-18
"ENSG00000072952",-1.42903190043492,-10.9865469004297,1.37199493951475e-19,6.55980727679666e-18
"ENSG00000120217",-2.15635329359592,-10.9561053264597,1.61611531214743e-19,7.66860963481947e-18
"ENSG00000139679",-1.65440091976819,-10.9561285790362,1.61591315869752e-19,7.66860963481947e-18
"ENSG00000204267",-1.01798787408326,-10.9517379435248,1.65453679724893e-19,7.83119703180285e-18
"ENSG00000187554",-2.02199390644781,-10.9386685814595,1.77506016140139e-19,8.33879883303725e-18
"ENSG00000158793",-1.19116864018566,-10.9297943564541,1.86186674030285e-19,8.70318750715264e-18
"ENSG00000245958",-1.43244821452877,-10.9251012483011,1.90947853019815e-19,8.9036526118497e-18
"ENSG00000115339",-1.66770789183897,-10.9212299649699,1.94966852206334e-19,9.06860632558747e-18
"ENSG00000086061",-1.27419827260614,-10.9064836680576,2.11066577414037e-19,9.7932812446444e-18
"ENSG00000108651",-1.10636142643969,-10.9005196872419,2.17949766209942e-19,1.00878076065427e-17
"ENSG00000138459",-1.7174396789892,-10.8877479570714,2.3345489427269e-19,1.07789786723258e-17
"ENSG00000171115",-1.68058898941543,-10.8809504727599,2.42152358426889e-19,1.11532179169822e-17
"ENSG00000028839",-1.5193123888565,-10.8704381409076,2.56245767624917e-19,1.17735555378492e-17
"ENSG00000120594",-1.40039450682517,-10.8670632215487,2.60942174554238e-19,1.19601671149702e-17
"ENSG00000112304",-1.14851672686877,-10.8606902480005,2.70046701267863e-19,1.23307534979498e-17
"ENSG00000124688",-1.2267979075906,-10.8567536055869,2.75828760409956e-19,1.25508748516975e-17
"ENSG00000274265",-1.00051576279707,-10.8548478180016,2.7867227927881e-19,1.26497069808536e-17
"ENSG00000095383",-1.18237361224046,-10.8518569918004,2.83193971475442e-19,1.2793304639459e-17
"ENSG00000136869",-1.50539915796719,-10.8450955781663,2.9368866060901e-19,1.32356626520396e-17
"ENSG00000162869",-1.06598492053619,-10.8274299753562,3.22981558246307e-19,1.45210658573841e-17
"ENSG00000198604",-1.12135823486401,-10.826664868823,3.24314291674512e-19,1.45462681584868e-17
"ENSG00000188997",-1.45991491361956,-10.8166226830525,3.4232535304505e-19,1.53176365811464e-17
"ENSG00000117091",-1.37638943515562,-10.814332832274,3.46570454919384e-19,1.54708394070411e-17
"ENSG00000167536",-2.1099002321478,-10.8075021688534,3.59549131006253e-19,1.60120251132582e-17
"ENSG00000143303",-1.09945750705492,-10.8070662024761,3.60393812932449e-19,1.60120251132582e-17
"ENSG00000072694",-1.35521942250132,-10.8039136073051,3.66561321357123e-19,1.62477227570011e-17
"ENSG00000117222",-1.21086247683542,-10.7892033019923,3.96764968415662e-19,1.74225139277721e-17
"ENSG00000112576",-1.03214451957798,-10.788499101524,3.98271733872707e-19,1.74480067969629e-17
"ENSG00000136874",-1.21192678277866,-10.7809960377706,4.14685736125974e-19,1.81249417567079e-17
"ENSG00000168610",-1.00396165945459,-10.7797258679186,4.17530642859627e-19,1.81673714982551e-17
"ENSG00000178913",-1.27401042851384,-10.7686458474619,4.43190384783125e-19,1.9236913521992e-17
"ENSG00000203666",-1.60835972215801,-10.7654396899271,4.50905517808766e-19,1.95268003321415e-17
"ENSG00000166527",-1.83847753620958,-10.7623620608226,4.58437729898106e-19,1.97625399940894e-17
"ENSG00000107371",-1.43472711148763,-10.758114133635,4.6904135075687e-19,2.01730615652007e-17
"ENSG00000170633",-1.2308300882634,-10.7574500693534,4.70721013199257e-19,2.01991855276711e-17
"ENSG00000153767",-1.14219774339701,-10.7529212260025,4.82337698786756e-19,2.0603804013027e-17
"ENSG00000129691",-1.49214228133625,-10.7511444608046,4.86973123911395e-19,2.06612606041506e-17
"ENSG00000115325",-1.32447743363142,-10.7501972920462,4.89462388441022e-19,2.072020780551e-17
"ENSG00000082074",-1.14855835641875,-10.7450406913768,5.03239506099584e-19,2.12556632643587e-17
"ENSG00000137806",-1.38138222932346,-10.7373036279938,5.24642092893656e-19,2.20607315757381e-17
"ENSG00000116741",-1.37967107788257,-10.737375883991,5.24438062058365e-19,2.20607315757381e-17
"ENSG00000229124",-1.13581028429771,-10.7336496823392,5.35064029258012e-19,2.24488556417871e-17
"ENSG00000137757",-2.48352589962582,-10.7260569724286,5.57387321900381e-19,2.33334719332431e-17
"ENSG00000196812",-1.82656758984718,-10.7184352501241,5.80733007934356e-19,2.42568700742071e-17
"ENSG00000172493",-1.08253160092583,-10.7059218066297,6.21202551275156e-19,2.5889853232127e-17
"ENSG00000077420",-1.25649918191221,-10.6956815695476,6.56410667750352e-19,2.72968303732475e-17
"ENSG00000111261",-1.74815564340139,-10.6697521350636,7.5474858455972e-19,3.12482501888703e-17
"ENSG00000260378",-1.81140018302164,-10.6511969821125,8.34042785555477e-19,3.42302788546712e-17
"ENSG00000282988",-1.84276510395921,-10.6415045916757,8.78722410315712e-19,3.59855929685378e-17
"ENSG00000270562",-1.67547374305505,-10.6364147046955,9.03136336207544e-19,3.69051676821642e-17
"ENSG00000157551",-1.74876817214977,-10.6163635541735,1.00609579811887e-18,4.10234472834703e-17
"ENSG00000128872",-1.2175294842809,-10.6100548908427,1.04085737229453e-18,4.23491818127093e-17
"ENSG00000267680",-1.33067876050002,-10.6068514097813,1.05896627777486e-18,4.29931179756957e-17
"ENSG00000070269",-1.50278829406125,-10.6021529279924,1.08609780751612e-18,4.39998075225565e-17
"ENSG00000095370",-1.47383290740866,-10.5931154708911,1.14025509401772e-18,4.6094689830699e-17
"ENSG00000165071",-1.19654271435657,-10.5903900308267,1.15711144846826e-18,4.66759431825376e-17
"ENSG00000204592",-1.05324726568455,-10.57077350947,1.28601744905662e-18,5.14352371663026e-17
"ENSG00000179562",-1.24147148589936,-10.568036756132,1.30510841718492e-18,5.20882041587491e-17
"ENSG00000002919",-1.22918934417075,-10.5567809784615,1.38665252014463e-18,5.52257086141324e-17
"ENSG00000158201",-1.33101403365393,-10.5524004212671,1.41974842638411e-18,5.63057281183661e-17
"ENSG00000274020",-1.2288235509596,-10.5470246725195,1.46144471372957e-18,5.77163428034334e-17
"ENSG00000173614",-1.34921015160385,-10.5370100968172,1.54241483219813e-18,6.07866330731138e-17
"ENSG00000138411",-1.45883137103782,-10.5345139689466,1.56328561340366e-18,6.13524466360378e-17
"ENSG00000058799",-1.26548187001756,-10.5270369942919,1.62750786010508e-18,6.37401103298533e-17
"ENSG00000254838",-1.07399777412891,-10.5196591715983,1.69346423120819e-18,6.60486111542442e-17
"ENSG00000084110",-1.5911615989591,-10.5126699430669,1.7584104821552e-18,6.84399517827265e-17
"ENSG00000090989",-1.29162659188536,-10.511730514736,1.76732779812261e-18,6.86451980639869e-17
"ENSG00000205302",-1.32525561782663,-10.4973673291385,1.90943690045247e-18,7.39907811145575e-17
"ENSG00000159256",-1.03198975810235,-10.4970395669991,1.91280976763932e-18,7.39907811145575e-17
"ENSG00000163166",-1.12616801793203,-10.4828583959483,2.06459251921845e-18,7.95353658017121e-17
"ENSG00000115109",-1.57137521996509,-10.4750697829898,2.1530194175785e-18,8.27726118129464e-17
"ENSG00000254017",-1.80695096186769,-10.4725501520502,2.18242875172699e-18,8.35621805386851e-17
"ENSG00000142405",-1.1500284005905,-10.4720726415301,2.18804740525294e-18,8.36073773228293e-17
"ENSG00000185862",-1.46120757578302,-10.4709333160551,2.20151183852864e-18,8.39515789761183e-17
"ENSG00000104375",-1.39975917728017,-10.4568843194011,2.37451196142865e-18,9.01835813092599e-17
"ENSG00000260228",-1.86285957642388,-10.4316325533585,2.72034974104189e-18,1.02903510887042e-16
"ENSG00000205890",-1.6137690401654,-10.4270692028869,2.78802009004351e-18,1.05251948810099e-16
"ENSG00000083223",-1.143522245767,-10.4042462373372,3.15257715260718e-18,1.18776496801628e-16
"ENSG00000135535",-1.1505349315189,-10.402595048209,3.18073049395042e-18,1.1959800607792e-16
"ENSG00000102897",-1.36517175634124,-10.4013259755485,3.20253934960558e-18,1.20178159896155e-16
"ENSG00000204516",-1.43419370075984,-10.3973818861059,3.27127700642345e-18,1.22513551186888e-16
"ENSG00000130150",-1.72683000855644,-10.3792321094842,3.60710073230563e-18,1.34289651373861e-16
"ENSG00000154642",-1.06803192096643,-10.3683278033087,3.82521834095754e-18,1.41849336824721e-16
"ENSG00000168404",-1.23203265217774,-10.3521728190376,4.17283737949332e-18,1.53231794453987e-16
"ENSG00000110876",-1.2201709467109,-10.3502402958835,4.2164818167711e-18,1.54533238257459e-16
"ENSG00000204439",-1.42665421417257,-10.3465486077483,4.3011281695046e-18,1.5732942224685e-16
"ENSG00000154589",-1.47683446639019,-10.3315527727688,4.66279369235041e-18,1.69898854113147e-16
"ENSG00000285006",-2.10314107565605,-10.3310188928105,4.67621557741601e-18,1.70058974994909e-16
"ENSG00000256683",-1.27525032087732,-10.3297235020265,4.70894282263149e-18,1.70919200178675e-16
"ENSG00000003402",-1.04388707183341,-10.3234866172362,4.86974776656071e-18,1.76077367421249e-16
"ENSG00000134882",-1.06668119962153,-10.317269115411,5.03551687292363e-18,1.81374888818614e-16
"ENSG00000198736",-1.54472704175979,-10.3127339545647,5.15997918977131e-18,1.85503221329985e-16
"ENSG00000107099",-1.07873131207655,-10.3111372604677,5.20452674406651e-18,1.86748332961381e-16
"ENSG00000231551",-1.48230980031204,-10.2942211768978,5.70076043195872e-18,2.03309861693191e-16
"ENSG00000132196",-1.16589955457972,-10.2939446520522,5.70925346829272e-18,2.03309861693191e-16
"ENSG00000117834",-1.86311537454485,-10.2927889269135,5.74488691422718e-18,2.04192791868324e-16
"ENSG00000076685",-1.1599844453216,-10.2881220242257,5.89105319881499e-18,2.08993710281124e-16
"ENSG00000132357",-1.53937903070745,-10.2861853507118,5.95279545249067e-18,2.10787144236878e-16
"ENSG00000279727",-1.90028257951885,-10.2833243775883,6.04519050444181e-18,2.13657220868058e-16
"ENSG00000277224",-1.83829080210573,-10.2754618730904,6.30656021173351e-18,2.2212644809758e-16
"ENSG00000162222",-1.42763490203766,-10.27540767467,6.3084005590936e-18,2.2212644809758e-16
"ENSG00000143753",-1.51919171227075,-10.2649961929419,6.67207444507121e-18,2.34056868521883e-16
"ENSG00000162600",-1.37775538194805,-10.2599464484813,6.85593657982829e-18,2.39170617205195e-16
"ENSG00000233646",-1.84187564989947,-10.2403051489582,7.62053349900955e-18,2.64723412818791e-16
"ENSG00000247400",-1.27053902244787,-10.2400604693002,7.63057719294e-18,2.64723412818791e-16
"ENSG00000112053",-1.74238680401116,-10.2342245389159,7.87409349118365e-18,2.72669436005363e-16
"ENSG00000246263",-1.29167187695076,-10.2313636244011,7.99629327178389e-18,2.7614390063606e-16
"ENSG00000169891",-1.24192494615187,-10.2311905562048,8.00374613798115e-18,2.7614390063606e-16
"ENSG00000137500",-1.32998382119218,-10.2286882666615,8.11228184477412e-18,2.79376901996078e-16
"ENSG00000287131",-1.79052045684738,-10.2154122293299,8.71321586737081e-18,2.98979163041041e-16
"ENSG00000143119",-1.13261589905467,-10.2150141069331,8.73190797155505e-18,2.99075786123917e-16
"ENSG00000073331",-1.21924626560502,-10.2093352011469,9.00294126193277e-18,3.07799287644809e-16
"ENSG00000100596",-1.46001155926467,-10.2066207236481,9.13544763357631e-18,3.11763700219765e-16
"ENSG00000269001",-1.43355222851241,-10.2010171640344,9.41518111510031e-18,3.2072908109631e-16
"ENSG00000136250",-1.07393750696785,-10.1983517525,9.55122902596122e-18,3.24776267853894e-16
"ENSG00000143409",-1.54353652662919,-10.1931202121123,9.82399669490915e-18,3.33449458988646e-16
"ENSG00000133561",-1.65314946019425,-10.1846827398675,1.02804182449605e-17,3.48313882911089e-16
"ENSG00000111837",-1.86662786936667,-10.1749071894277,1.08357885236603e-17,3.65814667040704e-16
"ENSG00000263766",-1.92090907376494,-10.173849338457,1.08976571838738e-17,3.67245198622208e-16
"ENSG00000060642",-1.1074795552183,-10.1551385450208,1.20522034866814e-17,4.05427516575186e-16
"ENSG00000113368",-1.56468825007198,-10.1356979356897,1.33814405744447e-17,4.46949605569841e-16
"ENSG00000122729",-1.65871581838252,-10.1317625979517,1.36678484008144e-17,4.55707837477066e-16
"ENSG00000253210",-1.21238161695197,-10.1292207583035,1.38560877641436e-17,4.61167811485754e-16
"ENSG00000165046",-1.67451397525638,-10.128066173416,1.39424456826413e-17,4.62763891989506e-16
"ENSG00000113369",-1.77930774946869,-10.1217085911721,1.44276909364054e-17,4.76822529578957e-16
"ENSG00000081087",-1.12296821701486,-10.1177826283284,1.47357337515664e-17,4.86150179355529e-16
"ENSG00000108244",-1.91124664064697,-10.1129333583382,1.51253100835526e-17,4.98130404464972e-16
"ENSG00000188921",-1.19426424329142,-10.1090094874552,1.54480636471713e-17,5.07871942382921e-16
"ENSG00000136827",-1.27489858533502,-10.1070743987259,1.5609757121824e-17,5.12293736343066e-16
"ENSG00000149346",-1.21592566088735,-10.1035368441858,1.59097351953726e-17,5.21230594105095e-16
"ENSG00000244617",-1.52087729666247,-10.0771636518457,1.83353943300536e-17,5.96549496355007e-16
"ENSG00000280734",-1.39733804086802,-10.0714191003306,1.89109329414475e-17,6.14214059915496e-16
"ENSG00000261158",-1.83787717333237,-10.0676912017178,1.9294049454088e-17,6.25578835828071e-16
"ENSG00000172007",-1.44345792468228,-10.0673227758099,1.93323312082272e-17,6.25743050344647e-16
"ENSG00000140987",-1.20640332408889,-10.0641849922172,1.96614577118688e-17,6.35304528947142e-16
"ENSG00000196139",-1.61518879425,-10.061038949885,1.99970717004136e-17,6.44188784905829e-16
"ENSG00000026103",-1.42502851716863,-10.0609671196597,2.00048008902171e-17,6.44188784905829e-16
"ENSG00000166801",-1.04057465822109,-10.0583911355307,2.02839680442247e-17,6.52063805489941e-16
"ENSG00000187626",-1.38046978837547,-10.0562673393984,2.0517055598712e-17,6.57313424096152e-16
"ENSG00000113749",-1.30552915789512,-10.0557238180244,2.05771362059435e-17,6.58119001438987e-16
"ENSG00000227268",-1.53595108598381,-10.0485169569249,2.13905993698417e-17,6.8182083067526e-16
"ENSG00000138449",-1.91945097835203,-10.0330780871244,2.32430127592834e-17,7.33865336387011e-16
"ENSG00000155876",-1.39185552225,-10.0329653002478,2.32571188991955e-17,7.33865336387011e-16
"ENSG00000078098",-1.90073985789603,-10.0299540703387,2.36369097207677e-17,7.44602182809066e-16
"ENSG00000185033",-1.21492239640429,-10.0277763079203,2.39154352813819e-17,7.52118480518651e-16
"ENSG00000104320",-1.57974222572891,-10.0209465831643,2.48103721078251e-17,7.78962982945348e-16
"ENSG00000096968",-1.11207548534774,-10.0137550193682,2.57889129938144e-17,8.08338673839394e-16
"ENSG00000247317",-1.77804190302086,-10.0113040870066,2.61311414663382e-17,8.17705054722391e-16
"ENSG00000229515",-2.09960389585561,-10.0078112442236,2.66267096849755e-17,8.31830774536596e-16
"ENSG00000174796",-1.15131275806937,-10.0074673526573,2.66760062900484e-17,8.31991070350882e-16
"ENSG00000254685",-1.55723080764914,-9.99932118189916,2.78707949404139e-17,8.63536241920258e-16
"ENSG00000108423",-1.18066371936534,-9.99067490737563,2.91974749721021e-17,9.03156048480229e-16
"ENSG00000119321",-1.10265616015099,-9.98459830203845,3.01674438267392e-17,9.30105248458452e-16
"ENSG00000145868",-1.02348521578745,-9.98102105568504,3.07534431539711e-17,9.45078894183535e-16
"ENSG00000102796",-1.23023753765571,-9.97737614231418,3.13622258505438e-17,9.62217606795676e-16
"ENSG00000244482",-1.43042109071514,-9.97628332404115,3.15470864847942e-17,9.66315471870817e-16
"ENSG00000250687",-2.44207843630514,-9.97434170316716,3.18782196094967e-17,9.74873215915096e-16
"ENSG00000134255",-1.28620543018467,-9.96732181275145,3.31046635115371e-17,1.00910299551834e-15
"ENSG00000287263",-1.11902613397075,-9.96646775529018,3.32570566489496e-17,1.01211055436658e-15
"ENSG00000272501",-1.15319268950279,-9.96558992698184,3.34144217505914e-17,1.01525947893168e-15
"ENSG00000136560",-1.25579679872222,-9.96302538704098,3.38784317534517e-17,1.02770031782854e-15
"ENSG00000136161",-1.39630269357862,-9.96116472453887,3.42191115671484e-17,1.03636595450473e-15
"ENSG00000068366",-1.42373543263585,-9.96036638456806,3.43663317024482e-17,1.0391540234522e-15
"ENSG00000161277",-1.4927911815567,-9.95759022399969,3.48832210800147e-17,1.05309313895083e-15
"ENSG00000172159",-1.33394895403026,-9.95568825191206,3.52418228642879e-17,1.06221673458793e-15
"ENSG00000038274",-1.28229116401505,-9.95400408272487,3.55624328729244e-17,1.07016790808331e-15
"ENSG00000257433",-1.39326604109294,-9.95052831052934,3.62333467694461e-17,1.08688501025928e-15
"ENSG00000069509",-1.38114830256953,-9.94537582106874,3.72512468485928e-17,1.11564227048298e-15
"ENSG00000155313",-1.14637337657847,-9.94347528771094,3.76338766652288e-17,1.12531264860251e-15
"ENSG00000182923",-1.23354705708052,-9.93387070880167,3.96284405099298e-17,1.1793373812418e-15
"ENSG00000115446",-1.10900053977543,-9.93391735243949,3.96185033491575e-17,1.1793373812418e-15
"ENSG00000111911",-1.34436902048554,-9.93219029654317,3.99881083548962e-17,1.18816401449453e-15
"ENSG00000125148",-1.5982974112043,-9.91675089271714,4.34491479241417e-17,1.28896858046454e-15
"ENSG00000064225",-1.26650104434256,-9.90522952283601,4.62254574386362e-17,1.36917479124061e-15
"ENSG00000260078",-1.22822030111665,-9.90218869106529,4.69873145668659e-17,1.38955577992248e-15
"ENSG00000181315",-1.1665914147112,-9.89505762058584,4.88235103188047e-17,1.4393384779118e-15
"ENSG00000010671",-1.15535550124311,-9.88840832214119,5.06001736206667e-17,1.48474465835844e-15
"ENSG00000162946",-1.36592326117095,-9.88690498296167,5.10107276868382e-17,1.4921429940445e-15
"ENSG00000182957",-1.03946907146913,-9.88719146536992,5.09322350300846e-17,1.4921429940445e-15
"ENSG00000170006",-1.4227392752544,-9.88388124605861,5.18465989327721e-17,1.51424221813265e-15
"ENSG00000159885",-1.6963648324518,-9.88085523561144,5.26967957438368e-17,1.5366907712421e-15
"ENSG00000270030",-1.73944068386015,-9.87831439120585,5.34214255545518e-17,1.5530136027726e-15
"ENSG00000286076",-1.90159126048328,-9.870432537549,5.57332087051673e-17,1.61772293619097e-15
"ENSG00000135900",-1.52028957201379,-9.86906345248192,5.61448347429818e-17,1.62716368752045e-15
"ENSG00000257285",-1.55527923869883,-9.86654034393496,5.69113983768095e-17,1.64180233173405e-15
"ENSG00000104325",-1.27329713751119,-9.86452540419406,5.75310727311747e-17,1.65714120506096e-15
"ENSG00000180644",-1.39687190704655,-9.86169406322543,5.84132285518839e-17,1.6799822892525e-15
"ENSG00000121933",-1.96623955391399,-9.85761457204526,5.97080796124789e-17,1.71460488374981e-15
"ENSG00000072401",-1.39902351645751,-9.84689043036682,6.32503680526228e-17,1.81080612974971e-15
"ENSG00000285693",-1.44341924075765,-9.84505661450604,6.38767752902689e-17,1.82596463265263e-15
"ENSG00000155926",-1.41835259891065,-9.83598625339707,6.70674034406357e-17,1.91137026628547e-15
"ENSG00000254415",-1.3585778473516,-9.83610316730826,6.70252813070312e-17,1.91137026628547e-15
"ENSG00000197208",-1.76334891783321,-9.83368197948222,6.79030120287905e-17,1.93226123957456e-15
"ENSG00000167065",-1.29653516302079,-9.83241687031765,6.83661974489957e-17,1.94250743219334e-15
"ENSG00000230825",-1.88312663394539,-9.83073430104797,6.89871177556695e-17,1.95719777753208e-15
"ENSG00000189050",-1.63528968800499,-9.82586483203457,7.08160236020783e-17,2.00606353776835e-15
"ENSG00000162704",-1.21778682403926,-9.82258413134277,7.20754355226235e-17,2.03867425581859e-15
"ENSG00000175857",-1.43261805513653,-9.8190463871014,7.34586020824527e-17,2.07157656591204e-15
"ENSG00000171928",-1.4120208080931,-9.81909402921422,7.34398002712014e-17,2.07157656591204e-15
"ENSG00000114209",-1.39322182234906,-9.81834582228437,7.37356335842003e-17,2.07628081533507e-15
"ENSG00000227032",-1.78043870664636,-9.81321397869365,7.57970429509998e-17,2.13114133598647e-15
"ENSG00000127952",-1.26171014994601,-9.80980268435991,7.71990734511909e-17,2.16732659563865e-15
"ENSG00000024862",-1.35300327171969,-9.80446051666247,7.94469081245794e-17,2.22711436793278e-15
"ENSG00000165181",-1.8932390354133,-9.80370755242247,7.97689472559808e-17,2.22973502697018e-15
"ENSG00000100802",-1.47711764255219,-9.80332642366462,7.99324508150868e-17,2.23076667919201e-15
"ENSG00000103313",-1.02330174219837,-9.80133655594927,8.07915519293169e-17,2.25140718231431e-15
"ENSG00000137656",-1.16193576789786,-9.78976903272834,8.59714835778628e-17,2.38166295241144e-15
"ENSG00000135315",-1.36168371370553,-9.78656024406095,8.74662581349509e-17,2.41951449448782e-15
"ENSG00000225492",-2.48064725885837,-9.7831333691732,8.90912983319297e-17,2.45725018737466e-15
"ENSG00000138835",-1.0953075326934,-9.78329935325487,8.90118975004754e-17,2.45725018737466e-15
"ENSG00000118197",-1.2579182976505,-9.78051930329042,9.03511438972936e-17,2.48472240691565e-15
"ENSG00000075420",-1.07631582228069,-9.77473518618439,9.32023916983279e-17,2.55567198662751e-15
"ENSG00000183625",-1.49621633845606,-9.77204592992748,9.45584767241314e-17,2.5890880589087e-15
"ENSG00000125735",-1.24954385285375,-9.77034192124952,9.54279210380296e-17,2.60910185270595e-15
"ENSG00000121060",-1.21738151329746,-9.75803859738622,1.01946986256293e-16,2.77927254283075e-15
"ENSG00000270757",-2.80659685093498,-9.7576750215057,1.02146252086052e-16,2.78068077571829e-15
"ENSG00000116815",-1.70212656348836,-9.75207165436119,1.05266956725535e-16,2.86149917863726e-15
"ENSG00000151364",-2.2318163141452,-9.74356684223646,1.10186449344599e-16,2.98660767302671e-15
"ENSG00000145817",-1.27123343056665,-9.73857535384828,1.13179941556425e-16,3.05456123071623e-15
"ENSG00000132669",-1.81602846860485,-9.73081211061623,1.17997890900091e-16,3.17096186701271e-15
"ENSG00000249396",-1.67064354018218,-9.73102018197721,1.17866126687174e-16,3.17096186701271e-15
"ENSG00000266947",-1.29941052611036,-9.72584510234118,1.21187361730201e-16,3.25203350466314e-15
"ENSG00000265118",-2.44162664485274,-9.71607425689197,1.27714944789732e-16,3.41746325276841e-15
"ENSG00000248477",-2.27235716221087,-9.71483956577286,1.28564405127472e-16,3.43135740439068e-15
"ENSG00000178977",-1.27129408678315,-9.70950446402115,1.32300260836898e-16,3.5201586350925e-15
"ENSG00000092020",-1.23409706225424,-9.70508918721591,1.35473857309029e-16,3.59444580843308e-15
"ENSG00000146476",-1.84534128384004,-9.70077644197534,1.38647130754102e-16,3.66830709149686e-15
"ENSG00000204977",-1.18021825123216,-9.70035543524146,1.38960851764152e-16,3.67145094745173e-15
"ENSG00000126858",-1.24277423599162,-9.69765067689789,1.40993327101475e-16,3.71993318758765e-15
"ENSG00000136536",-1.20228842641461,-9.69596047891248,1.42278459687846e-16,3.74858968335614e-15
"ENSG00000176390",-1.41439918790811,-9.69370609726628,1.44010789025003e-16,3.78893190454329e-15
"ENSG00000100767",-1.02615397744504,-9.6884361734955,1.48142949748321e-16,3.89221323202074e-15
"ENSG00000113303",-1.48683629979546,-9.68733027757331,1.49025002109637e-16,3.90993452610214e-15
"ENSG00000105501",-2.18530121545124,-9.67832745588892,1.56403458985825e-16,4.09212272274302e-15
"ENSG00000155097",-1.42579489658757,-9.67621269705226,1.5818890566588e-16,4.13309653943668e-15
"ENSG00000171155",-1.5893304626649,-9.67424829996845,1.59865632150748e-16,4.17112019176704e-15
"ENSG00000118898",-1.42898634314656,-9.66745470898781,1.65802348298047e-16,4.30811674101878e-15
"ENSG00000150527",-1.05040591738971,-9.66056706138879,1.72046003927701e-16,4.4641909393802e-15
"ENSG00000143376",-1.33238067334827,-9.65485860688272,1.77398244174553e-16,4.59673744671282e-15
"ENSG00000196369",-1.19405853122541,-9.65242907763646,1.79726304038232e-16,4.63581825925937e-15
"ENSG00000131931",-1.34291650777112,-9.65119475983973,1.80920731005929e-16,4.6559900692482e-15
"ENSG00000174125",-1.45885980217301,-9.64047191048819,1.91636248939743e-16,4.91162402384609e-15
"ENSG00000158411",-1.14937194043361,-9.63461118686452,1.97758414567452e-16,5.06164811633377e-15
"ENSG00000169252",-1.33181511008469,-9.63429491862676,1.98094289271106e-16,5.06336529347232e-15
"ENSG00000226822",-1.48948101774762,-9.62988988857793,2.02832045153646e-16,5.17254154125081e-15
"ENSG00000137200",-1.3040977741651,-9.62981390086686,2.0291475735133e-16,5.17254154125081e-15
"ENSG00000101363",-1.17521461491435,-9.62614347299921,2.06950353604257e-16,5.26828481242837e-15
"ENSG00000232912",-1.3577827787607,-9.61727944943893,2.1702976374563e-16,5.50256620382257e-15
"ENSG00000163312",-1.05809509602834,-9.61702469971972,2.17326576907413e-16,5.50268555884658e-15
"ENSG00000164512",-1.55818626860263,-9.61140366469684,2.23979857218204e-16,5.66353362453226e-15
"ENSG00000203705",-1.32207558649073,-9.60916176652922,2.26689837857052e-16,5.71671106499484e-15
"ENSG00000129515",-1.26594779021842,-9.60650712453862,2.2994109828968e-16,5.79094974542914e-15
"ENSG00000182400",-1.18077688634478,-9.59603542871489,2.4322667816158e-16,6.09544237808572e-15
"ENSG00000172578",-1.03598316436987,-9.58895712654729,2.52638394705926e-16,6.3035789132056e-15
"ENSG00000147416",-1.27411918920721,-9.58631133278366,2.56248997452741e-16,6.38520980689779e-15
"ENSG00000118518",-1.39596235956535,-9.58512811015972,2.57880317411409e-16,6.41737043513359e-15
"ENSG00000108387",-1.86497217785913,-9.5846970567186,2.58477187762774e-16,6.4237378140833e-15
"ENSG00000164168",-1.33740060212023,-9.58200977131586,2.62229438103931e-16,6.50840336627386e-15
"ENSG00000204427",-1.08364617304989,-9.57058904552862,2.78792366078064e-16,6.88321178529302e-15
"ENSG00000109458",-1.00055844113121,-9.5621562214499,2.91688655614102e-16,7.16405592497843e-15
"ENSG00000101236",-1.17471670872981,-9.5548359128414,3.03365423207203e-16,7.43146663508101e-15
"ENSG00000062725",-1.02952711992599,-9.54508424647536,3.19648452311794e-16,7.81003572587495e-15
"ENSG00000135365",-1.08975883381184,-9.54099309625795,3.26736855823399e-16,7.96257294954875e-15
"ENSG00000092036",-1.20186028187135,-9.53567223274997,3.36191133591517e-16,8.18238833927259e-15
"ENSG00000155629",-1.2058237588655,-9.5345667833821,3.38189331272309e-16,8.2121947251411e-15
"ENSG00000138413",-1.41774631260585,-9.51758745580793,3.70413476529437e-16,8.93450585257559e-15
"ENSG00000148925",-1.47239270026662,-9.51615611009519,3.7326611541604e-16,8.99179933786108e-15
"ENSG00000144744",-1.22202165003476,-9.51111456064459,3.83489576025967e-16,9.21451101170558e-15
"ENSG00000198964",-1.07221235121379,-9.50705641828558,3.91921509447944e-16,9.40511770061194e-15
"ENSG00000180138",-1.84510629687303,-9.50477283040314,3.96747409307636e-16,9.50881386327895e-15
"ENSG00000257715",-1.43873081409681,-9.50130540646782,4.04188748756254e-16,9.66257315871866e-15
"ENSG00000163683",-1.31802662135404,-9.50136333470944,4.04063293605976e-16,9.66257315871866e-15
"ENSG00000166387",-1.08247432141107,-9.48578398265246,4.39243648967866e-16,1.04740150117173e-14
"ENSG00000023318",-1.30026735914493,-9.47643421802426,4.61807934243308e-16,1.09704134492755e-14
"ENSG00000155868",-1.15014469350653,-9.47543860275337,4.64277841511458e-16,1.10035513063719e-14
"ENSG00000136051",-1.07873150423036,-9.47540110325514,4.64371126901246e-16,1.10035513063719e-14
"ENSG00000086730",-1.32238729090106,-9.47472279103409,4.66061759357591e-16,1.10297379683144e-14
"ENSG00000225973",-1.12527333761039,-9.47060767577974,4.76450807478494e-16,1.12332669728159e-14
"ENSG00000243646",-1.36957849006417,-9.46824505975893,4.82519597680895e-16,1.13337957370483e-14
"ENSG00000177683",-1.2932610698063,-9.45822425106766,5.091291656597e-16,1.19142549350279e-14
"ENSG00000224152",-1.65739145065509,-9.45776773395312,5.10375698392142e-16,1.192860720386e-14
"ENSG00000134996",-1.39250886480427,-9.45099897443524,5.29219420487692e-16,1.23502375488352e-14
"ENSG00000215114",-1.31286799573664,-9.45082009306145,5.29726719368239e-16,1.23502375488352e-14
"ENSG00000135407",-1.4091777520095,-9.44677985740347,5.41314792908455e-16,1.26048060183059e-14
"ENSG00000115459",-1.11537261278699,-9.44345259641518,5.51047647619129e-16,1.28155994887026e-14
"ENSG00000217275",-1.89003828122104,-9.44296679001938,5.52483258441072e-16,1.28241361563969e-14
"ENSG00000171681",-1.04911949563616,-9.44159398438534,5.56560257330011e-16,1.28801991739346e-14
"ENSG00000196358",-1.2533376924933,-9.43907067459325,5.64132532017737e-16,1.30234419585173e-14
"ENSG00000250303",-1.45359741104124,-9.42853914274122,5.96862998461163e-16,1.37453608374222e-14
"ENSG00000225342",-1.64220813826979,-9.42410720640165,6.1119713566849e-16,1.40582803928242e-14
"ENSG00000287216",-1.53775344752295,-9.42323929045183,6.14044190395806e-16,1.41065420227758e-14
"ENSG00000258659",-1.42535895650299,-9.41622693649503,6.37537847963587e-16,1.46284262849428e-14
"ENSG00000197062",-1.23379806370591,-9.41455904336155,6.4325661633057e-16,1.47416887328896e-14
"ENSG00000097033",-1.380024461442,-9.41337164989289,6.47359044611143e-16,1.48176788364334e-14
"ENSG00000143367",-1.35548700417814,-9.40265066143802,6.85602342235968e-16,1.56171425913436e-14
"ENSG00000115947",-1.20707203773355,-9.40085601375923,6.92220866299168e-16,1.57488607238451e-14
"ENSG00000135336",-1.0792021705533,-9.39913966248146,6.98610276467683e-16,1.587505475042e-14
"ENSG00000181481",-1.35294318524134,-9.39679479160485,7.07434688183197e-16,1.60562104289097e-14
"ENSG00000100368",-1.31486407207088,-9.38730324005654,7.44305002533902e-16,1.68321940428975e-14
"ENSG00000133961",-1.23064094686699,-9.38627662927814,7.48406088237973e-16,1.69046449523105e-14
"ENSG00000101916",-1.52277897520162,-9.38224779544847,7.64719444586333e-16,1.72112125413588e-14
"ENSG00000079257",-1.78328864901022,-9.38107508441733,7.6953426050975e-16,1.7257721904146e-14
"ENSG00000241764",-1.47383614597978,-9.37835422842985,7.80822147694364e-16,1.74900447304e-14
"ENSG00000140280",-1.81580930338034,-9.37596098739904,7.9088736734596e-16,1.76944610760846e-14
"ENSG00000111790",-1.26748881565225,-9.35965467506744,8.62999716732106e-16,1.92620718765396e-14
"ENSG00000285909",-1.12469510359876,-9.3592035631717,8.65085313063689e-16,1.92857717485133e-14
"ENSG00000162645",-1.20703760589512,-9.35891247179353,8.66433765786684e-16,1.92930015128718e-14
"ENSG00000223552",-1.76735044535387,-9.35605081962969,8.79802258962093e-16,1.95214545987372e-14
"ENSG00000261172",-1.54550057480612,-9.35389667919846,8.90001141335194e-16,1.97013413636573e-14
"ENSG00000205423",-1.59812661575449,-9.35266668004111,8.95877453726816e-16,1.97849231808977e-14
"ENSG00000196209",-1.22651762978297,-9.352719334062,8.95625108174853e-16,1.97849231808977e-14
"ENSG00000010165",-1.24176851908422,-9.35194048349988,8.99365011642412e-16,1.98386862872597e-14
"ENSG00000121481",-1.30250199033733,-9.35075662720333,9.05079546251859e-16,1.99413900494649e-14
"ENSG00000225963",-1.54646429092936,-9.34703058251305,9.23302882590396e-16,2.02717712147295e-14
"ENSG00000226334",-1.5887326437182,-9.34652759964629,9.25790755108381e-16,2.03027313675572e-14
"ENSG00000172432",-1.26981650446435,-9.34467726211648,9.35000663806863e-16,2.04808633776671e-14
"ENSG00000269243",-1.73605490955725,-9.34316116930021,9.42614992706253e-16,2.06236715825789e-14
"ENSG00000140830",-1.05094834488076,-9.34267732018938,9.45058045380788e-16,2.06531362632057e-14
"ENSG00000123505",-1.02535150648649,-9.34189661305558,9.49013322671382e-16,2.07155422624374e-14
"ENSG00000127954",-1.23134186094899,-9.33941217030335,9.61710439746122e-16,2.09684042406683e-14
"ENSG00000143612",-1.03257397591103,-9.33831086766155,9.67392897671897e-16,2.10435882290337e-14
"ENSG00000151726",-1.70020370501902,-9.33772621595143,9.70423160863138e-16,2.10851574444519e-14
"ENSG00000111802",-1.19022933773473,-9.33544611629489,9.82331731959945e-16,2.13032293492383e-14
"ENSG00000109854",-1.16202113677821,-9.33473992078955,9.8604956047494e-16,2.13508064600309e-14
"ENSG00000286940",-1.53385001291471,-9.33279815485836,9.96344689249974e-16,2.15489566660058e-14
"ENSG00000059728",-1.18970588452888,-9.32508221274827,1.03832490888026e-15,2.2431152102622e-14
"ENSG00000136371",-1.5175075706792,-9.32227414044069,1.05403695437626e-15,2.27250014449192e-14
"ENSG00000198130",-1.07923512350683,-9.32222044455809,1.05433969969526e-15,2.27250014449192e-14
"ENSG00000237217",-1.6001417943664,-9.31514939920136,1.09497478973878e-15,2.34933201470378e-14
"ENSG00000280739",-1.0772980064873,-9.31435661392465,1.09962699818504e-15,2.35662950987598e-14
"ENSG00000115998",-1.02282240893386,-9.30928668773465,1.12984811735479e-15,2.41589998124058e-14
"ENSG00000165185",-1.35442358275252,-9.30645828369931,1.14706647278527e-15,2.44439346315939e-14
"ENSG00000100938",-1.18727636664838,-9.30498168911719,1.15615923272072e-15,2.46098617242857e-14
"ENSG00000000457",-1.34551291452985,-9.3038501561388,1.16317576578613e-15,2.47312698373353e-14
"ENSG00000078081",-2.0820675293727,-9.30067939784415,1.18306448593523e-15,2.50974873716755e-14
"ENSG00000161533",-1.04703428699461,-9.29020935193157,1.25117968917031e-15,2.64828348141465e-14
"ENSG00000173597",-1.18952214749639,-9.28624297854844,1.2779936742322e-15,2.70200278733852e-14
"ENSG00000245060",-1.17893914376549,-9.28041303585197,1.31845002038605e-15,2.78441272242516e-14
"ENSG00000110934",-1.23768991406377,-9.27359600545179,1.36737936378011e-15,2.88128550949549e-14
"ENSG00000100883",-1.00280113012623,-9.26210009516063,1.45402878279939e-15,3.05362254296264e-14
"ENSG00000168300",-1.15958529492734,-9.25592912887802,1.50277944647613e-15,3.14830464779466e-14
"ENSG00000127951",-1.25822923749573,-9.25246548302628,1.53085320123385e-15,3.19360050994943e-14
"ENSG00000250138",-1.40573750139114,-9.25122313710203,1.54104971157308e-15,3.21131575958115e-14
"ENSG00000073969",-1.27621383575638,-9.24796712480902,1.56809592923736e-15,3.26406531657164e-14
"ENSG00000069943",-1.19061182281326,-9.24594459427968,1.58513405880285e-15,3.28862944930927e-14
"ENSG00000262370",-1.13380368891922,-9.245980763936,1.58482774386822e-15,3.28862944930927e-14
"ENSG00000123700",-2.02236998342164,-9.2399083291767,1.6370904420385e-15,3.38895711506827e-14
"ENSG00000163235",-1.51038019771537,-9.23851249767042,1.649344707115e-15,3.40683723603424e-14
"ENSG00000162069",-1.75809881792509,-9.23354718532408,1.69368249199027e-15,3.48198910518554e-14
"ENSG00000205808",-1.37467338911129,-9.23370274575852,1.69227553816179e-15,3.48198910518554e-14
"ENSG00000109971",-1.09562544948573,-9.22366654343325,1.78547964123374e-15,3.64803313249037e-14
"ENSG00000238113",-1.08677538257847,-9.22384723876076,1.78375712099989e-15,3.64803313249037e-14
"ENSG00000120656",-1.41736612348774,-9.21898177100669,1.83072212332657e-15,3.73641856546326e-14
"ENSG00000111321",-1.1099144948285,-9.21015476166554,1.91909764879666e-15,3.90832016303044e-14
"ENSG00000172456",-1.04006264153549,-9.20143030630862,2.01062664100546e-15,4.08148541629967e-14
"ENSG00000110768",-1.16164048625371,-9.20071087465237,2.01836581040383e-15,4.09278526764127e-14
"ENSG00000204569",-1.13944257977478,-9.19124218936189,2.12303602924638e-15,4.29117518443598e-14
"ENSG00000155099",-1.6424683453028,-9.19065798575404,2.12966853541297e-15,4.2953635835235e-14
"ENSG00000109743",-1.17577278267618,-9.19073793013151,2.12875970195262e-15,4.2953635835235e-14
"ENSG00000113312",-1.05072554471085,-9.19039619493138,2.13264736744127e-15,4.2967712414822e-14
"ENSG00000066136",-1.16179286981893,-9.18916511819507,2.14671120361266e-15,4.32048564675805e-14
"ENSG00000082996",-1.38606933145608,-9.17916324478488,2.26445537608537e-15,4.54774097811259e-14
"ENSG00000116266",-1.40358643058805,-9.17291491103822,2.34125862379967e-15,4.67705513840277e-14
"ENSG00000101596",-1.0270634904334,-9.1615182952046,2.48809578457096e-15,4.95462456551245e-14
"ENSG00000254449",-1.84666447524484,-9.16130100173929,2.49098290494706e-15,4.95513579338888e-14
"ENSG00000267102",-1.47378953757351,-9.15460022269388,2.58167353872451e-15,5.12079387566168e-14
"ENSG00000166128",-1.05271945474327,-9.15454638110864,2.5824154272633e-15,5.12079387566168e-14
"ENSG00000113552",-1.06603967469475,-9.15157040882402,2.62375402907142e-15,5.19183596634951e-14
"ENSG00000180316",-1.54156324088143,-9.14706051727928,2.68766124413974e-15,5.30714491793546e-14
"ENSG00000261716",-1.21779829501629,-9.14513282224663,2.71544895582056e-15,5.35079784829997e-14
"ENSG00000147592",-1.51902289432011,-9.14309994118496,2.74506337409424e-15,5.40350092384402e-14
"ENSG00000232586",-1.7225710982219,-9.13475061897853,2.87011005764174e-15,5.61444789884269e-14
"ENSG00000128394",-1.05913830221335,-9.13390925486122,2.88302190273926e-15,5.63385545682596e-14
"ENSG00000177191",-1.27795108836496,-9.12421039908177,3.03611276579974e-15,5.92073419069726e-14
"ENSG00000225889",-1.08066999857812,-9.12152767608216,3.07987131489725e-15,5.9998568593624e-14
"ENSG00000185973",-1.14879603029889,-9.11748598157366,3.14698674035791e-15,6.1242702701304e-14
"ENSG00000187037",-1.26656502194032,-9.11441312004625,3.19898820801876e-15,6.21904436147135e-14
"ENSG00000173535",-1.27197273385456,-9.0987871476265,3.47698130848204e-15,6.73861871287908e-14
"ENSG00000091106",-1.47579511488229,-9.0957099397014,3.53450148980001e-15,6.8430564300979e-14
"ENSG00000163297",-1.04669795743448,-9.09546487058698,3.53912299004354e-15,6.84496908485012e-14
"ENSG00000219545",-1.12746904249796,-9.0938389065069,3.56993832182663e-15,6.89748698528923e-14
"ENSG00000106952",-1.03617292553144,-9.08822062715722,3.67849021867564e-15,7.08541909400938e-14
"ENSG00000111679",-1.00218182472584,-9.08233885821878,3.79566097826349e-15,7.30364264642774e-14
"ENSG00000067606",-1.20705770009634,-9.07825825492751,3.87913012836271e-15,7.44903703956133e-14
"ENSG00000168769",-1.03504313369825,-9.07554714888969,3.93559552833543e-15,7.54209039295857e-14
"ENSG00000149792",-1.16668721026054,-9.07348793333396,3.9790307237745e-15,7.6021278675927e-14
"ENSG00000250317",-1.23082645732734,-9.05493071675124,4.39266612405092e-15,8.37540935676835e-14
"ENSG00000197646",-1.71581299757601,-9.0413814776934,4.72150294851008e-15,8.94805558793088e-14
"ENSG00000177917",-1.45750225378846,-9.03421146689414,4.90533323132941e-15,9.26847215765129e-14
"ENSG00000132475",-1.08082910854882,-9.03358257707962,4.9217936342752e-15,9.29025535896556e-14
"ENSG00000151883",-1.17782158396366,-9.03324507457808,4.9306500351618e-15,9.29765619243024e-14
"ENSG00000280832",-1.94141615609042,-9.03052956350218,5.00248839850124e-15,9.41427337172491e-14
"ENSG00000144843",-1.32646971080072,-9.02957558360687,5.02797268595243e-15,9.45278936706307e-14
"ENSG00000171051",-1.15400211938977,-9.0260639567932,5.12290127955933e-15,9.62165646105072e-14
"ENSG00000120868",-1.10766697779756,-9.02433343435697,5.17033705470596e-15,9.70107663710667e-14
"ENSG00000111653",-1.10846027810942,-9.02087266526766,5.26651862200325e-15,9.87170923395991e-14
"ENSG00000116701",-1.1067044286713,-9.0183001524116,5.33916775835369e-15,9.99793660356529e-14
"ENSG00000181789",-1.00370890408091,-9.00430059970472,5.75239501116064e-15,1.07397043825812e-13
"ENSG00000165115",-1.44832069961627,-9.00198642776463,5.82370961663786e-15,1.08620833423984e-13
"ENSG00000265531",-2.04734584201002,-8.99860890531445,5.92937782839101e-15,1.10373141829279e-13
"ENSG00000143570",-1.36935586104333,-8.9908069413926,6.18083237318432e-15,1.14826943043438e-13
"ENSG00000206344",-1.06554358256395,-8.97907823228526,6.57898579684208e-15,1.21863259037277e-13
"ENSG00000182022",-1.23828838080166,-8.97824892558316,6.60808725128002e-15,1.22162068341132e-13
"ENSG00000066455",-1.42644762837317,-8.97590992897744,6.69085890596144e-15,1.23449951097455e-13
"ENSG00000144048",-1.20677008307544,-8.97293921215234,6.7974772425321e-15,1.25171922086823e-13
"ENSG00000107736",-1.07116749718303,-8.96124758167774,7.23379239793672e-15,1.32816940733267e-13
"ENSG00000129007",-1.68789966600435,-8.95703726641699,7.39766049045431e-15,1.35429667948667e-13
"ENSG00000226891",-1.30162298022284,-8.95705366900509,7.39701496555042e-15,1.35429667948667e-13
"ENSG00000286071",-1.24338622766886,-8.95043292881116,7.66219128476171e-15,1.40000348615268e-13
"ENSG00000287713",-1.74843584924866,-8.94714019518806,7.79758022418457e-15,1.42198273246069e-13
"ENSG00000152422",-1.18825093724123,-8.9289444922731,8.58989413820667e-15,1.55443252426069e-13
"ENSG00000231799",-1.52364883731307,-8.92790188108735,8.63765017173994e-15,1.56157441396581e-13
"ENSG00000081320",-1.0244828901985,-8.92727026139911,8.66670967148268e-15,1.56532576022426e-13
"ENSG00000186496",-1.41779477536327,-8.92454095296299,8.79340389777062e-15,1.58668718990616e-13
"ENSG00000237927",-1.76859147173531,-8.92056621126683,8.9812199842416e-15,1.61593335303862e-13
"ENSG00000140563",-1.23874616729221,-8.91841091466471,9.08472935206906e-15,1.63144072005984e-13
"ENSG00000115607",-1.35711200518402,-8.90782075540831,9.61086226295523e-15,1.72428022199572e-13
"ENSG00000001167",-1.29058588869206,-8.90651378356635,9.67786482708021e-15,1.73393580333497e-13
"ENSG00000117305",-1.00848154087183,-8.90495164641557,9.75855961788835e-15,1.74579056108054e-13
"ENSG00000197054",-1.28344515137606,-8.89734547433874,1.0161153890155e-14,1.81608934518728e-13
"ENSG00000173281",-1.21261600787327,-8.89487055606332,1.02956879145953e-14,1.83664932703737e-13
"ENSG00000270276",-2.08421062887666,-8.89362624817103,1.03639963965629e-14,1.84708575324931e-13
"ENSG00000137462",-1.2795254189234,-8.88960690865168,1.05877462623329e-14,1.88517924470536e-13
"ENSG00000249709",-1.12677357742301,-8.88687150926972,1.07427680931521e-14,1.91097512123513e-13
"ENSG00000163472",-1.05311147756498,-8.88223954096096,1.10104488349296e-14,1.95305871141624e-13
"ENSG00000197013",-1.40981625265069,-8.87421584304523,1.14899615763078e-14,2.03428473848201e-13
"ENSG00000279811",-1.21670490226952,-8.87286752912312,1.157255782832e-14,2.04698445417739e-13
"ENSG00000259943",-1.29924870655887,-8.86940054426625,1.17876686936921e-14,2.0830778879153e-13
"ENSG00000104412",-1.18472474497702,-8.86469765740287,1.20858441739429e-14,2.13376881488974e-13
"ENSG00000155957",-1.01675608526597,-8.86294188170453,1.21990818586183e-14,2.15174441996865e-13
"ENSG00000251215",-1.28854715768754,-8.86258847013453,1.22220024383459e-14,2.15377064484153e-13
"ENSG00000196778",-1.35524089730643,-8.86114747255489,1.23159037357631e-14,2.16828966891874e-13
"ENSG00000141219",-1.33740442647223,-8.85814527685064,1.25138547594834e-14,2.20108306217692e-13
"ENSG00000213073",-1.02079745338203,-8.85572226951351,1.26759264581161e-14,2.22751028561559e-13
"ENSG00000112110",-1.19750642310594,-8.85010470540364,1.30597697810109e-14,2.28799520237118e-13
"ENSG00000108590",-1.08464848829094,-8.85020578341165,1.30527619114472e-14,2.28799520237118e-13
"ENSG00000243179",-1.56894168468564,-8.84704193109013,1.32739033018501e-14,2.31745866914043e-13
"ENSG00000163481",-1.21348441437857,-8.84704808241867,1.3273469744937e-14,2.31745866914043e-13
"ENSG00000283064",-1.46427880938775,-8.84044556277783,1.37470440993686e-14,2.3875772865795e-13
"ENSG00000162819",-1.27028836143406,-8.84059767349864,1.37359465424633e-14,2.3875772865795e-13
"ENSG00000130066",-1.09248916578989,-8.82846760096993,1.4649566662036e-14,2.5364755218698e-13
"ENSG00000278970",-1.05074192773464,-8.82622461384844,1.48250222026294e-14,2.56449741279278e-13
"ENSG00000121807",-1.33714571431096,-8.82458816541005,1.49543515713277e-14,2.58212717599148e-13
"ENSG00000204209",-1.04999198054418,-8.82032435381094,1.52966280230368e-14,2.63880841298505e-13
"ENSG00000251441",-1.46412159534232,-8.81373239424248,1.58412220493418e-14,2.72526886726484e-13
"ENSG00000254288",-1.49065026627404,-8.81187487260611,1.59981406037219e-14,2.74975340048278e-13
"ENSG00000158517",-1.00189903969503,-8.80845225770166,1.62913414130495e-14,2.79504817430808e-13
"ENSG00000154957",-1.10665253647742,-8.80586953327745,1.65161316505395e-14,2.83103628783316e-13
"ENSG00000180423",-1.28453731206833,-8.80540965340944,1.65564807266512e-14,2.83537258116959e-13
"ENSG00000287680",-1.29508853263401,-8.79678087541735,1.73320301305205e-14,2.96280202902672e-13
"ENSG00000112851",-1.00326353828135,-8.79251613122757,1.7728604410173e-14,3.02510371267064e-13
"ENSG00000182473",-1.0391440101555,-8.78021284857616,1.89240615319119e-14,3.22325019112257e-13
"ENSG00000239775",-1.55369108486327,-8.77313055178921,1.96482970252074e-14,3.34056515668643e-13
"ENSG00000162736",-1.09817744432181,-8.76392416669539,2.06311729167465e-14,3.50135167032135e-13
"ENSG00000243155",-1.5510477203016,-8.75867828738846,2.1212975914723e-14,3.59038670513523e-13
"ENSG00000113638",-1.14753918606467,-8.7587845111407,2.12010343821386e-14,3.59038670513523e-13
"ENSG00000224950",-1.3751560308055,-8.73295048398852,2.43118013432763e-14,4.08186910610195e-13
"ENSG00000145332",-1.19259163443394,-8.72700002469723,2.50904535364798e-14,4.20428309006581e-13
"ENSG00000143226",-1.40501951718169,-8.72254790795503,2.56892421423623e-14,4.29019453437785e-13
"ENSG00000177613",-1.14860456937541,-8.72181614993193,2.57890133451758e-14,4.30304192556618e-13
"ENSG00000246430",-1.55428361656771,-8.7210066562079,2.58998331485535e-14,4.31770846772081e-13
"ENSG00000283743",-2.1884171940044,-8.71990350396528,2.60516189936346e-14,4.33917240143314e-13
"ENSG00000140463",-1.25471470185022,-8.71692513825053,2.64658612755263e-14,4.39650700801026e-13
"ENSG00000262587",-1.35365430728599,-8.71274963876078,2.70576759694445e-14,4.48690580908798e-13
"ENSG00000179941",-1.66200894647554,-8.71239240034656,2.71089172367828e-14,4.49144927798166e-13
"ENSG00000106617",-1.00703666382867,-8.70522315730799,2.81579355838862e-14,4.65297535551972e-13
"ENSG00000287644",-1.58808838004931,-8.70421133051927,2.83092088241578e-14,4.67387270665631e-13
"ENSG00000237135",-1.32813439337035,-8.6935920048093,2.99465185194567e-14,4.92262230252641e-13
"ENSG00000133800",-1.4542855208917,-8.69258267529045,3.01069642472753e-14,4.9403744990433e-13
"ENSG00000167461",-1.27290102061298,-8.69225543385702,3.01591670182265e-14,4.94463349250958e-13
"ENSG00000188021",-1.11952932858302,-8.6899571708699,3.05283435217876e-14,5.00080813272552e-13
"ENSG00000237513",-1.42320894451606,-8.68911001177842,3.06655576158378e-14,5.01892071561383e-13
"ENSG00000079385",-1.36189819941269,-8.68277180344259,3.17118359034687e-14,5.17218670778825e-13
"ENSG00000165806",-1.10627975361024,-8.68160854380309,3.19076871363825e-14,5.19962811656724e-13
"ENSG00000198019",-1.39624767808805,-8.6809891985461,3.20124537155826e-14,5.20769087300643e-13
"ENSG00000161040",-2.22766867303144,-8.67047390758087,3.38443999349123e-14,5.4867539240437e-13
"ENSG00000125510",-1.9886471441035,-8.66768662999521,3.43472587214255e-14,5.56348804638188e-13
"ENSG00000100101",-2.22228232115755,-8.64887029612356,3.79422343962164e-14,6.10380710124616e-13
"ENSG00000155093",-1.26641271246131,-8.64495826448413,3.87354588020285e-14,6.22535164888812e-13
"ENSG00000197044",-1.40617451444057,-8.64346716051669,3.9042131745355e-14,6.25794598986941e-13
"ENSG00000284930",-1.34609729202573,-8.64334924961664,3.9066485211203e-14,6.25794598986941e-13
"ENSG00000132010",-1.3584412031835,-8.64002436905024,3.97594738779744e-14,6.3581406529141e-13
"ENSG00000105352",-1.28149053812954,-8.63864663584467,4.00502033449252e-14,6.39920042927652e-13
"ENSG00000204713",-1.1297513898762,-8.63299793195478,4.12644959607698e-14,6.5709262460607e-13
"ENSG00000065621",-1.07538500099986,-8.63314579300793,4.12322479560033e-14,6.5709262460607e-13
"ENSG00000171700",-1.13027079370586,-8.628793041474,4.2192158062584e-14,6.70730695006715e-13
"ENSG00000105053",-1.06932787455308,-8.6255207025744,4.29284317996096e-14,6.8185986360965e-13
"ENSG00000259529",-1.60237741679097,-8.62455817490762,4.31474252530505e-14,6.84760907259448e-13
"ENSG00000144118",-1.49085402265437,-8.62029337948875,4.41312116918051e-14,6.99195766064108e-13
"ENSG00000126262",-1.22039302814565,-8.61968603313681,4.42731173977237e-14,7.00854609696067e-13
"ENSG00000135766",-1.00553313230475,-8.61832424549797,4.4592951321548e-14,7.0473323573433e-13
"ENSG00000249173",-1.91136168745234,-8.6180222257997,4.46641958349715e-14,7.05267494668226e-13
"ENSG00000205837",-1.5897037430024,-8.60680820365719,4.73913091289748e-14,7.44381889978127e-13
"ENSG00000120051",-1.46024775027377,-8.60567636718658,4.76756063949678e-14,7.47804390731393e-13
"ENSG00000113532",-1.32041233661574,-8.60506464742408,4.78299659400891e-14,7.49601412961231e-13
"ENSG00000169714",-1.00508309852662,-8.60206837453919,4.85932558052006e-14,7.60930800381022e-13
"ENSG00000144306",-1.1539150125369,-8.59756064906565,4.97644947214101e-14,7.77978051088734e-13
"ENSG00000115828",-1.55485557048275,-8.56824259441497,5.8099030410025e-14,9.00057183276358e-13
"ENSG00000197798",-1.2600743909344,-8.55961762876454,6.08057080126264e-14,9.3813098078776e-13
"ENSG00000162928",-1.01962116114679,-8.55836947178316,6.120766725333e-14,9.42788254879992e-13
"ENSG00000093134",-1.16371607254521,-8.5574933960739,6.14913798516622e-14,9.46384488272559e-13
"ENSG00000145736",-1.3555171929427,-8.55444171095986,6.24899161792821e-14,9.60967380396177e-13
"ENSG00000104343",-1.37272530130793,-8.54832049710434,6.45417597274732e-14,9.90902746329372e-13
"ENSG00000177311",-1.0333778488836,-8.54399610366738,6.60316081006961e-14,1.01048207424932e-12
"ENSG00000274922",-1.0717569739537,-8.54186314021663,6.67790216446457e-14,1.02109026764759e-12
"ENSG00000246560",-1.55670972386946,-8.53231309633688,7.02300974722638e-14,1.07038396131271e-12
"ENSG00000085514",-1.127574709318,-8.52984345632093,7.11510792150159e-14,1.08266884511508e-12
"ENSG00000149313",-1.02343749656995,-8.52566363086335,7.27373053856449e-14,1.10591231545987e-12
"ENSG00000162714",-1.32413230084151,-8.52396219116853,7.33930330847855e-14,1.11498222358967e-12
"ENSG00000124659",-1.05372626272787,-8.52350376828387,7.35707116324309e-14,1.11678087488456e-12
"ENSG00000085365",-1.1723736765348,-8.51964940914297,7.50816479954101e-14,1.13879878014294e-12
"ENSG00000145685",-1.23586496948547,-8.51583368871908,7.66078645876747e-14,1.16007954429471e-12
"ENSG00000253981",-1.42097106696414,-8.50110939422279,8.27924561103925e-14,1.2497149745253e-12
"ENSG00000167333",-1.08907714964982,-8.49873041122408,8.38373138301284e-14,1.26447343309204e-12
"ENSG00000228318",-1.5979551308508,-8.49839433201803,8.39859754605113e-14,1.26570224458009e-12
"ENSG00000126062",-1.0431143383312,-8.4904303171443,8.75866104459819e-14,1.31680492225172e-12
"ENSG00000103196",-1.11519235947663,-8.48966784456689,8.79392924349463e-14,1.32105294329308e-12
"ENSG00000259182",-1.51111539788278,-8.48376705118841,9.07169451242434e-14,1.35736760305838e-12
"ENSG00000186026",-1.3028330245928,-8.47971947866643,9.26725721867008e-14,1.38442975008174e-12
"ENSG00000057704",-1.03785200196761,-8.47803299991238,9.34997464523088e-14,1.39568005045055e-12
"ENSG00000116489",-1.12709591586797,-8.47119734033111,9.69284080982816e-14,1.44457068967993e-12
"ENSG00000163162",-1.02079130661822,-8.46945050260552,9.78244928651911e-14,1.45586296439872e-12
"ENSG00000243364",-1.23484064321215,-8.46563466814455,9.98107069662558e-14,1.4828344620113e-12
"ENSG00000171862",-1.34567484578276,-8.46064394019599,1.02469183051167e-13,1.51993265379361e-12
"ENSG00000254285",-1.46430907806157,-8.45211598406318,1.07176003275669e-13,1.58600278845802e-12
"ENSG00000112419",-1.02787567803534,-8.4337421914688,1.18061038785618e-13,1.74024557796828e-12
"ENSG00000132694",-1.06228086615167,-8.43315062309595,1.18429207981807e-13,1.74430759965699e-12
"ENSG00000251661",-1.19531523289308,-8.43084295336028,1.19876368738696e-13,1.76286575667412e-12
"ENSG00000110492",-1.64792851465994,-8.42257679054505,1.2520610636672e-13,1.83694130197529e-12
"ENSG00000120949",-1.14292161315898,-8.41909144355344,1.27523422725031e-13,1.86948345314718e-12
"ENSG00000231856",-1.12896874059497,-8.41861941889886,1.27840524296497e-13,1.87267480303065e-12
"ENSG00000030110",-1.11262451608349,-8.41712273149096,1.28851183008713e-13,1.88454859124079e-12
"ENSG00000155744",-1.03410021933969,-8.41474949971245,1.30470067013842e-13,1.9037917292074e-12
"ENSG00000141179",-1.04164422162329,-8.40947612992106,1.34140091812841e-13,1.95280606612852e-12
"ENSG00000164440",-1.31876405197207,-8.40807686636679,1.35131046111085e-13,1.96571324064913e-12
"ENSG00000149573",-1.27533641203069,-8.40776448794053,1.35353264534775e-13,1.96742654113124e-12
"ENSG00000255397",-1.16662313701289,-8.40581855264839,1.36745768659243e-13,1.98315897829731e-12
"ENSG00000171204",-1.13971152667818,-8.40581067611371,1.36751433953085e-13,1.98315897829731e-12
"ENSG00000156171",-1.18044813420746,-8.40519077292955,1.37198040342973e-13,1.98810514152379e-12
"ENSG00000151665",-1.14207220681976,-8.40206103628714,1.39475107035721e-13,2.01780227376136e-12
"ENSG00000155827",-1.01125693016532,-8.40025166607504,1.40808647389732e-13,2.03105153103199e-12
"ENSG00000260361",-1.32872848761763,-8.39875962886406,1.41917848151534e-13,2.04548463923381e-12
"ENSG00000245556",-1.023000601694,-8.39820008050578,1.42336062452502e-13,2.04994399425094e-12
"ENSG00000139132",-1.0025467167813,-8.39624015744619,1.43810632416722e-13,2.06959869630727e-12
"ENSG00000166710",-1.00424969891531,-8.38976510640862,1.48791143367115e-13,2.13800729118971e-12
"ENSG00000109586",-1.11329922326433,-8.38229649824864,1.54749416186309e-13,2.21685893697163e-12
"ENSG00000088298",-1.06020925633203,-8.38200878507286,1.54983636537652e-13,2.21852716192727e-12
"ENSG00000173409",-1.44401233864345,-8.3804104187055,1.56291266825453e-13,2.23554660930743e-12
"ENSG00000163933",-1.01239000121248,-8.37680341762214,1.59282656175665e-13,2.2714357888245e-12
"ENSG00000103569",-1.20310536898142,-8.37022752969274,1.64883605487173e-13,2.34952901676805e-12
"ENSG00000129354",-1.46741987964223,-8.367189705356,1.67536810632731e-13,2.38553169969719e-12
"ENSG00000164414",-1.27990380513794,-8.36351660511259,1.70801661391544e-13,2.43018255082622e-12
"ENSG00000225234",-1.33934950107078,-8.35990845956561,1.74070409265316e-13,2.47109146174832e-12
"ENSG00000111912",-1.03884998153845,-8.35591227433907,1.77763393036094e-13,2.51971918586452e-12
"ENSG00000248455",-1.50180796103807,-8.35535575233682,1.78283837656621e-13,2.5251961908086e-12
"ENSG00000185905",-1.24821343695738,-8.35367174160596,1.79867933825412e-13,2.54380791096329e-12
"ENSG00000173926",-1.13797074789221,-8.35275524567465,1.80735930416586e-13,2.55416613442435e-12
"ENSG00000264558",-1.49997920472061,-8.35111452512343,1.82300250180016e-13,2.56856552946233e-12
"ENSG00000138678",-1.05071318958763,-8.34861377841895,1.84710504364742e-13,2.59863814878491e-12
"ENSG00000152242",-1.25169287399588,-8.34405156082826,1.89189616687652e-13,2.65768381742131e-12
"ENSG00000274641",-1.50340081153717,-8.34324406443957,1.89993587174294e-13,2.66698896809936e-12
"ENSG00000100462",-1.09791017776709,-8.34070873099926,1.92540010432754e-13,2.70072130791677e-12
"ENSG00000109133",-1.21558119592622,-8.33964325932524,1.93620251017424e-13,2.70982042248605e-12
"ENSG00000235192",-1.51941383141765,-8.33724208644538,1.96076868465744e-13,2.73680315554505e-12
"ENSG00000244045",-1.02444064280151,-8.33696761078848,1.96359649832564e-13,2.73798895895324e-12
"ENSG00000268500",-2.64157141249709,-8.33622977764437,1.97121823302964e-13,2.74658351137665e-12
"ENSG00000287678",-1.36373144952457,-8.33173480883297,2.01829086009995e-13,2.80801796326165e-12
"ENSG00000171806",-1.44880293254229,-8.32816631343122,2.05645628103066e-13,2.85900541860189e-12
"ENSG00000260452",-1.13967274639539,-8.32741593410144,2.06457258860091e-13,2.86605883744023e-12
"ENSG00000274536",-1.3216707032784,-8.31929779168074,2.15444461673104e-13,2.98641852023395e-12
"ENSG00000235863",-1.00706436465536,-8.31872553692149,2.16092469113021e-13,2.99319848025816e-12
"ENSG00000198898",-1.25411625099186,-8.31783633493416,2.17103229924109e-13,3.00498945283642e-12
"ENSG00000152926",-1.16786783827463,-8.31327366556599,2.22364110292124e-13,3.07103747044211e-12
"ENSG00000198814",-1.57003062737482,-8.3111901821061,2.2480842152716e-13,3.10192908990856e-12
"ENSG00000124549",-1.16139602657296,-8.31108696950644,2.2493020155086e-13,3.10192908990856e-12
"ENSG00000145428",-1.30158688852839,-8.30737121762979,2.29358390062529e-13,3.15606526807737e-12
"ENSG00000174132",-1.24220824086588,-8.30575397754462,2.31312700876467e-13,3.18063405774518e-12
"ENSG00000068976",-1.02512612490824,-8.30085164985013,2.37338596480897e-13,3.26111194785349e-12
"ENSG00000173212",-1.5004963272791,-8.29901532502286,2.39635780807773e-13,3.28879745378888e-12
"ENSG00000205707",-1.38105806516745,-8.2968387991607,2.42387210439646e-13,3.31837955687649e-12
"ENSG00000189266",-1.04038123198348,-8.29216890710795,2.48397119106861e-13,3.39818803902328e-12
"ENSG00000101336",-1.17707663003457,-8.28932795088957,2.52125574277462e-13,3.4466919943678e-12
"ENSG00000120837",-1.12411622494456,-8.28895637048437,2.52617333984735e-13,3.45091032458626e-12
"ENSG00000012211",-1.08982812486933,-8.28437424177866,2.58760462330851e-13,3.51951594901702e-12
"ENSG00000168026",-1.02098613782868,-8.27063918639769,2.78079357944716e-13,3.77138872927471e-12
"ENSG00000132950",-1.23448566053135,-8.26874164275277,2.80858785335018e-13,3.80634373966984e-12
"ENSG00000233621",-1.33694580411754,-8.26572799512253,2.85329935370435e-13,3.8641591103582e-12
"ENSG00000101407",-1.00268822470605,-8.26097508980479,2.9252583529556e-13,3.9559236793236e-12
"ENSG00000113758",-1.12234000432079,-8.26038032361409,2.93438928041018e-13,3.96542505483264e-12
"ENSG00000115271",-1.19425489687009,-8.25897946417234,2.95600764714295e-13,3.98891633645264e-12
"ENSG00000163145",-1.21683713070924,-8.25342354082428,3.04331941065178e-13,4.08916198700843e-12
"ENSG00000213722",-1.00773479311051,-8.24534903222478,3.17480393257927e-13,4.26279091104265e-12
"ENSG00000285534",-1.87325230075932,-8.23735609601034,3.31052374646753e-13,4.43238424562582e-12
"ENSG00000089505",-1.53500289615025,-8.23152231702978,3.4132100525919e-13,4.55629543928178e-12
"ENSG00000120696",-1.25373035504779,-8.23141291518285,3.41516570775341e-13,4.55629543928178e-12
"ENSG00000123444",-1.55023054693478,-8.22959215420221,3.44787755222744e-13,4.5966820473362e-12
"ENSG00000272914",-1.41155796932301,-8.22738214049687,3.48800172560853e-13,4.64688659879869e-12
"ENSG00000266962",-1.18937587532903,-8.2261378011067,3.51079751006167e-13,4.67064996430379e-12
"ENSG00000122481",-1.05800637403291,-8.22314401409815,3.56625144944249e-13,4.73773235575442e-12
"ENSG00000180509",-1.17345241867972,-8.22197138880634,3.58820869499844e-13,4.76354301595353e-12
"ENSG00000198178",-1.44451337125373,-8.22039972303208,3.6178489562254e-13,4.7930049610959e-12
"ENSG00000258819",-1.36692822186379,-8.22038993445383,3.6180343214133e-13,4.7930049610959e-12
"ENSG00000120860",-1.10681154344392,-8.22011969148136,3.62315561404343e-13,4.79641640599791e-12
"ENSG00000137947",-1.09167905959461,-8.21923806155503,3.63991330126756e-13,4.8152167675055e-12
"ENSG00000133731",-1.02711739920762,-8.21542051724165,3.71336991411885e-13,4.90550227504705e-12
"ENSG00000004468",-1.07900415247868,-8.21519054892493,3.71784172127263e-13,4.90796792889515e-12
"ENSG00000150045",-1.38462055650182,-8.21378515564437,3.74528666900017e-13,4.9407360133491e-12
"ENSG00000198189",-1.14992692598461,-8.21032996758546,3.8136203760644e-13,5.02384480030078e-12
"ENSG00000150347",-1.12888833706356,-8.2049262653303,3.92298458484057e-13,5.16069717941527e-12
"ENSG00000204389",-1.29311026166249,-8.202386020325,3.97546837673894e-13,5.21880650041869e-12
"ENSG00000161912",-1.00827176052016,-8.1965555660641,4.09858687438253e-13,5.37668381195112e-12
"ENSG00000239998",-1.03644942525493,-8.19138960764735,4.21083808134226e-13,5.50859498446704e-12
"ENSG00000204020",-1.1249258476406,-8.18841611776872,4.27683014685736e-13,5.57942702953593e-12
"ENSG00000132801",-1.50368226209786,-8.1853019732858,4.3470467607763e-13,5.66710497436013e-12
"ENSG00000163393",-1.03980005284029,-8.18089052846223,4.44848116957965e-13,5.78732653815894e-12
"ENSG00000160588",-1.05464979941478,-8.17941998720394,4.48281442757411e-13,5.82796812882271e-12
"ENSG00000280129",-1.28467249433746,-8.17770220816696,4.52325389084752e-13,5.87255042298634e-12
"ENSG00000197872",-1.04592756168079,-8.17769850454019,4.52334147136277e-13,5.87255042298634e-12
"ENSG00000183784",-1.51608434082051,-8.17519630566584,4.58289867946917e-13,5.93759596450071e-12
"ENSG00000138303",-1.03225356607416,-8.17521482565562,4.5824550154746e-13,5.93759596450071e-12
"ENSG00000108788",-1.02175350849122,-8.17418801392651,4.60711785443552e-13,5.96487189978394e-12
"ENSG00000186265",-1.21943540993519,-8.17203015942945,4.65937808256772e-13,6.02812958903371e-12
"ENSG00000159314",-1.10090302489397,-8.16928386838157,4.72674287950544e-13,6.10297343139983e-12
"ENSG00000102886",-1.13494453180321,-8.16792602530093,4.76040688221335e-13,6.14222909911885e-12
"ENSG00000232334",-1.43704421169026,-8.16682299002638,4.78792906080762e-13,6.16510804049625e-12
"ENSG00000112308",-1.21623401471555,-8.16434057599588,4.85044872748857e-13,6.24130827379984e-12
"ENSG00000271605",-1.28763550263308,-8.15830584116064,5.0058401537802e-13,6.4280856725911e-12
"ENSG00000103671",-1.29214303038806,-8.15683850504352,5.04436553439944e-13,6.47314427363873e-12
"ENSG00000115159",-1.00885555452321,-8.15343775040686,5.13479077189575e-13,6.57574361393421e-12
"ENSG00000182347",-1.67183787924676,-8.15253895020098,5.1589577832679e-13,6.60220426095113e-12
"ENSG00000117151",-1.06448654723671,-8.140898456015,5.48235861262933e-13,6.97815348275077e-12
"ENSG00000197249",-1.02438255336743,-8.12762568514282,5.87576834510094e-13,7.44870283210037e-12
"ENSG00000164305",-1.31363512881521,-8.12724716655297,5.88739018289015e-13,7.45841669571517e-12
"ENSG00000025708",-1.09132892546001,-8.12649684490655,5.91049527420882e-13,7.48265524029205e-12
"ENSG00000180549",-1.25808291484471,-8.12569378219501,5.93532435435318e-13,7.50904232285462e-12
"ENSG00000249502",-1.25258372353859,-8.11838205903485,6.1662129303516e-13,7.77504144457587e-12
"ENSG00000177576",-1.18626191165344,-8.11623901310921,6.23556272673343e-13,7.85197397367676e-12
"ENSG00000163755",-1.04628892235989,-8.1121670148675,6.36947796245273e-13,8.00455142472879e-12
"ENSG00000138738",-1.1905452413553,-8.11010885805414,6.43824834380477e-13,8.08558148670629e-12
"ENSG00000164252",-1.01138528913719,-8.1043950782311,6.63306023636524e-13,8.31914705277286e-12
"ENSG00000170836",-1.0158507909975,-8.10095018019352,6.75333493382832e-13,8.44749823927344e-12
"ENSG00000019991",-1.21948928750942,-8.09912655359328,6.81788002912973e-13,8.52257624344697e-12
"ENSG00000136867",-1.17248975570932,-8.09896655569178,6.82357214716085e-13,8.52403528569072e-12
"ENSG00000180596",-1.4443891585944,-8.08708887442095,7.25959999127837e-13,9.04473178807553e-12
"ENSG00000171132",-1.02723775492561,-8.08530529643807,7.32742465858027e-13,9.11717475022028e-12
"ENSG00000186666",-1.02500261753074,-8.08310504418309,7.41196288400143e-13,9.21627437681973e-12
"ENSG00000272821",-1.57879067413541,-8.07729797450249,7.6397682425299e-13,9.48076114313427e-12
"ENSG00000169612",-1.1211112092846,-8.07499640458302,7.73197068812186e-13,9.58886529445948e-12
"ENSG00000112245",-1.1153451600302,-8.07223171910076,7.84418954339086e-13,9.71524277570001e-12
"ENSG00000225217",-1.06742362546452,-8.06587630745695,8.10833343164751e-13,1.00094878889499e-11
"ENSG00000162614",-1.28287114517341,-8.06077725218246,8.32663898107719e-13,1.02655252045505e-11
"ENSG00000100453",-1.13474019260978,-8.06053910541102,8.33697635442657e-13,1.0271547453544e-11
"ENSG00000214846",-1.42601808596587,-8.06002145366178,8.35949038874322e-13,1.02842996275912e-11
"ENSG00000287299",-1.54110186632628,-8.05714207987633,8.48582954970205e-13,1.04276619084988e-11
"ENSG00000152193",-1.11333361938824,-8.04689857696379,8.95087078613478e-13,1.09491236278706e-11
"ENSG00000229677",-1.42613200577956,-8.04545374030302,9.01847172357049e-13,1.10175078034125e-11
"ENSG00000010270",-1.07924007470353,-8.04423896799257,9.07570099809308e-13,1.10730605830361e-11
"ENSG00000138375",-1.10584547236952,-8.03709955154273,9.41941721527131e-13,1.14701345508262e-11
"ENSG00000130772",-1.22399187513647,-8.03512562191507,9.51671169013131e-13,1.1566181601206e-11
"ENSG00000130518",-1.00801603752128,-8.03088118303288,9.7293155152672e-13,1.18169468521343e-11
"ENSG00000136156",-1.02941099556579,-8.02970060604675,9.78928530074116e-13,1.18821234855259e-11
"ENSG00000112855",-1.02144343502399,-8.02649003632732,9.95423742948284e-13,1.20512805074934e-11
"ENSG00000050130",-1.17465347928622,-8.02374928196414,1.00972354941873e-12,1.22165524880861e-11
"ENSG00000198538",-1.04891134181965,-8.01663301474992,1.04781299498184e-12,1.26530135894025e-11
"ENSG00000129450",-1.35799677937632,-8.01183988182707,1.07426952837605e-12,1.29558830829373e-11
"ENSG00000143933",-1.15069664023863,-8.01097668615295,1.0791041576287e-12,1.30058631614903e-11
"ENSG00000287104",-1.06308201308454,-8.00520752104365,1.1119763588239e-12,1.33934850687498e-11
"ENSG00000005893",-1.23206333431174,-8.00419074972642,1.11787214068603e-12,1.3447302290066e-11
"ENSG00000240729",-1.33102073256793,-8.00331139260892,1.12299617091421e-12,1.35003202729304e-11
"ENSG00000163694",-1.10744707788068,-8.00208235300631,1.13019694563804e-12,1.35637860427457e-11
"ENSG00000237765",-1.09310349906567,-8.00204176824232,1.13043550733149e-12,1.35637860427457e-11
"ENSG00000258056",-1.33248775061046,-8.00004829078263,1.14221519953432e-12,1.36876907944195e-11
"ENSG00000261804",-1.07531422592746,-7.99814573877391,1.15357136306918e-12,1.38149887714541e-11
"ENSG00000135953",-1.0389176459557,-7.99732697089606,1.15849298830293e-12,1.3865114938787e-11
"ENSG00000112624",-1.02208119344976,-7.99375481484756,1.18021057035784e-12,1.40981653293601e-11
"ENSG00000133328",-1.54878318952256,-7.9822747205004,1.25278311718785e-12,1.49083565139512e-11
"ENSG00000189195",-1.26626524966546,-7.9808689847418,1.26196903982057e-12,1.49964097097364e-11
"ENSG00000286760",-1.18571523354712,-7.98077727541958,1.26257064442308e-12,1.49964097097364e-11
"ENSG00000125703",-1.29532210942441,-7.96768513682148,1.35144476761045e-12,1.59714658295143e-11
"ENSG00000125863",-1.08280629906637,-7.96429429962723,1.37545934179636e-12,1.62450803014168e-11
"ENSG00000130300",-1.58216414066704,-7.9632722129406,1.38278079501944e-12,1.63213186820653e-11
"ENSG00000283020",-1.32742965892097,-7.95546882463226,1.43996986903279e-12,1.69856934206886e-11
"ENSG00000153310",-1.04846943776189,-7.94643156519226,1.50914456453093e-12,1.77019086591742e-11
"ENSG00000088035",-1.05005921909215,-7.94579316746006,1.51415415714915e-12,1.77496179292941e-11
"ENSG00000112195",-1.45176425865847,-7.93220860507868,1.62475921182503e-12,1.89914898565872e-11
"ENSG00000164251",-1.1544804217446,-7.92412621444079,1.69433723158923e-12,1.97511910697265e-11
"ENSG00000159228",-1.04908536236228,-7.92015352333412,1.72961385167782e-12,2.01374942755914e-11
"ENSG00000196247",-1.01617544917263,-7.89827056661834,1.93742070975956e-12,2.23908781168408e-11
"ENSG00000273055",-1.59765137955044,-7.89395463073467,1.98124454423739e-12,2.28552876450361e-11
"ENSG00000143013",-1.05624142383737,-7.88679332480031,2.05614334747375e-12,2.36758119680382e-11
"ENSG00000231123",-1.55048155459248,-7.8793997617826,2.13642321187176e-12,2.44953989441511e-11
"ENSG00000102401",-1.05841798017805,-7.87478459752928,2.18810570763847e-12,2.50422450306765e-11
"ENSG00000138785",-1.04869181501332,-7.8679620041048,2.26679149687946e-12,2.58485582434717e-11
"ENSG00000214761",-1.36352690270371,-7.86140914709274,2.34501110335937e-12,2.67081736185513e-11
"ENSG00000213462",-1.03666268906811,-7.85872979742314,2.37776079002527e-12,2.70648083157076e-11
"ENSG00000137575",-1.15630014141457,-7.85009843744831,2.48638269479153e-12,2.81989627961967e-11
"ENSG00000107317",-1.34940777321842,-7.84348612039803,2.5729178539455e-12,2.90753608474057e-11
"ENSG00000231233",-1.45125425836633,-7.84128160841974,2.60242806126447e-12,2.93384439366248e-11
"ENSG00000287458",-1.8655801833585,-7.83503164140793,2.68793219740586e-12,3.02842504394328e-11
"ENSG00000110435",-1.05509389927145,-7.83462548264596,2.69358433230661e-12,3.0329791782422e-11
"ENSG00000042445",-1.00755171600732,-7.83221744169962,2.72733812160001e-12,3.06731913640005e-11
"ENSG00000154153",-1.11058818332402,-7.83191205627055,2.73164865490652e-12,3.07033397142775e-11
"ENSG00000125355",-1.62024551485951,-7.82725737828231,2.79819357732628e-12,3.13950986358979e-11
"ENSG00000117153",-1.04835497340589,-7.8248609195233,2.8330796033888e-12,3.17675914099037e-11
"ENSG00000228382",-1.33295965322201,-7.8214077137243,2.88411012173541e-12,3.230134748707e-11
"ENSG00000271843",-1.37022983916071,-7.81881219561352,2.92306603367997e-12,3.26793578293551e-11
"ENSG00000249274",-1.40607325642967,-7.81473369113284,2.9853384156015e-12,3.32916396776398e-11
"ENSG00000184678",-1.01083546024135,-7.81448030062106,2.9892504795218e-12,3.32916396776398e-11
"ENSG00000023041",-1.05194388461032,-7.8083972322273,3.08470983436309e-12,3.42830465249156e-11
"ENSG00000276698",-1.09110272489136,-7.80808328261015,3.08971787263066e-12,3.43184583046087e-11
"ENSG00000233791",-1.0457094912869,-7.80719204700595,3.10397866291237e-12,3.44362485582704e-11
"ENSG00000164104",-1.20581002039301,-7.80261415151728,3.17826703877389e-12,3.5177552571341e-11
"ENSG00000279706",-1.06820697175523,-7.80267277952671,3.17730457215622e-12,3.5177552571341e-11
"ENSG00000164332",-1.01091603323446,-7.79963641507479,3.22753378632392e-12,3.56599891300704e-11
"ENSG00000234389",-1.4357935566051,-7.78251162982369,3.52594762160935e-12,3.87073434125157e-11
"ENSG00000185482",-1.21095786463004,-7.77763224273113,3.61588325723492e-12,3.96253687026128e-11
"ENSG00000132581",-1.00452666669999,-7.77094164569075,3.74291707162099e-12,4.09460347242719e-11
"ENSG00000168329",-1.30219603140918,-7.77058424162875,3.74982640709551e-12,4.09978118728179e-11
"ENSG00000189430",-1.13606247750836,-7.76879756213649,3.78455688223282e-12,4.13056098189467e-11
"ENSG00000165555",-1.44975261717168,-7.76784070878083,3.80328788831749e-12,4.14620007176649e-11
"ENSG00000116991",-1.012845859741,-7.76445628425553,3.87028185782299e-12,4.21010582825232e-11
"ENSG00000257594",-1.23366376148684,-7.7620296072778,3.9190375264488e-12,4.2576025907291e-11
"ENSG00000138768",-1.16375498196339,-7.74849120330686,4.20245170806411e-12,4.53625908643071e-11
"ENSG00000119862",-1.08220068439297,-7.74828879937918,4.20683969847885e-12,4.53625908643071e-11
"ENSG00000274290",-1.30709650179854,-7.74405835362928,4.29960155294664e-12,4.62569354965213e-11
"ENSG00000138942",-1.10134418646451,-7.74191252653896,4.34742707517571e-12,4.67447666907306e-11
"ENSG00000101605",-1.14929130500612,-7.73791432200105,4.43795119206958e-12,4.76279438243315e-11
"ENSG00000159128",-1.13400483317493,-7.72822152463605,4.66525109015034e-12,4.98491208373524e-11
"ENSG00000284882",-1.33676829112349,-7.72646176836466,4.70774076351167e-12,5.02746147976377e-11
"ENSG00000103381",-1.01556033318684,-7.71900093568294,4.89219325861444e-12,5.20673088168242e-11
"ENSG00000230257",-1.39146647404816,-7.71683938800929,4.94696089853967e-12,5.26204683267591e-11
"ENSG00000188282",-1.36036180140506,-7.70992422424782,5.12629378957122e-12,5.44051393847564e-11
"ENSG00000177352",-1.03514317225186,-7.70819466192145,5.17214695433326e-12,5.48608695527758e-11
"ENSG00000087206",-1.07090470748542,-7.70750779919357,5.19046942683166e-12,5.50242335749323e-11
"ENSG00000154451",-1.36188541710288,-7.70489048793177,5.26088032493256e-12,5.57392933414395e-11
"ENSG00000177989",-1.05114525347683,-7.69994200482416,5.39660581320056e-12,5.70169715698666e-11
"ENSG00000198060",-1.09348272298986,-7.6983697848398,5.44045160987724e-12,5.74158136845196e-11
"ENSG00000204396",-1.39299358541872,-7.69687672372523,5.48241718298448e-12,5.77836349332249e-11
"ENSG00000101138",-1.02638328531475,-7.69680267539409,5.48450680861058e-12,5.77836349332249e-11
"ENSG00000237272",-1.21816423944441,-7.69282547850488,5.59791181615623e-12,5.88139781331573e-11
"ENSG00000127870",-1.0749734050941,-7.69257270539273,5.60519751203064e-12,5.88576982896506e-11
"ENSG00000197579",-1.20484888350631,-7.68761616181348,5.74997759490658e-12,6.03107338156181e-11
"ENSG00000286656",-1.25881112862907,-7.68740689886681,5.75617115168241e-12,6.03420991404526e-11
"ENSG00000167207",-1.06292784003,-7.68249802079519,5.90337433521674e-12,6.17519755849572e-11
"ENSG00000105948",-1.42184149782225,-7.67873073374102,6.01887363376439e-12,6.28860463188317e-11
"ENSG00000143452",-1.27027052375846,-7.6676972910848,6.37020694731358e-12,6.63360743358171e-11
"ENSG00000221994",-1.14624481966356,-7.66026094789975,6.61840836555698e-12,6.87686579097421e-11
"ENSG00000257743",-1.52179062944231,-7.65439261344818,6.82103142660004e-12,7.07179912021417e-11
"ENSG00000183735",-1.23223411163264,-7.65289015398695,6.8738912073243e-12,7.12268220921756e-11
"ENSG00000116668",-1.25621234866424,-7.6522484377601,6.89659191119872e-12,7.14227588912377e-11
"ENSG00000270106",-1.56956835971456,-7.65012472711146,6.97225010626117e-12,7.2105118637576e-11
"ENSG00000268170",-1.43951961541236,-7.6343261382476,7.56154942926154e-12,7.79236696654425e-11
"ENSG00000130589",-1.15881838173768,-7.63397824791899,7.57506747358569e-12,7.80202958269039e-11
"ENSG00000105707",-1.45300692604535,-7.63379794695383,7.58208289875035e-12,7.80461949887856e-11
"ENSG00000157107",-1.02834056498422,-7.62969154848322,7.74361845206256e-12,7.94955228337627e-11
"ENSG00000120509",-1.0526125901615,-7.62685380497722,7.85723952068061e-12,8.06180163892055e-11
"ENSG00000251230",-1.50836826107694,-7.62476734255331,7.94183397454141e-12,8.12646759437323e-11
"ENSG00000152229",-1.07653434074295,-7.62479310981915,7.94078376230842e-12,8.12646759437323e-11
"ENSG00000143341",-1.39257852224029,-7.62417065109014,7.96619228928071e-12,8.14696690257709e-11
"ENSG00000089169",-1.26394689868936,-7.62206249991486,8.05284713197411e-12,8.22665587159047e-11
"ENSG00000213492",-1.16520089014253,-7.61638480648816,8.29090731277193e-12,8.44695034926974e-11
"ENSG00000172345",-1.17258362661795,-7.60952899617664,8.58769027684384e-12,8.72841067571715e-11
"ENSG00000221937",-1.72745690375471,-7.60843385212345,8.63606513349156e-12,8.77014528219482e-11
"ENSG00000237803",-1.1276913672933,-7.59999605735472,9.01796223962133e-12,9.13826641581424e-11
"ENSG00000254703",-1.10764455140684,-7.58198205755029,9.89027064339456e-12,9.93139223775409e-11
"ENSG00000167447",-1.33004637303598,-7.58027118968475,9.97734875841399e-12,1.00134947208845e-10
"ENSG00000134571",-1.30135881886208,-7.57996697075723,9.99291207583862e-12,1.00237741046138e-10
"ENSG00000236525",-1.51559644615335,-7.57860463900886,1.00629026380195e-11,1.0083242547607e-10
"ENSG00000112299",-1.44480382406737,-7.5782179801361,1.00828559308394e-11,1.00924994699868e-10
"ENSG00000115919",-1.13747911197604,-7.57495974514159,1.025256199575e-11,1.02460351658323e-10
"ENSG00000107566",-1.06105843482858,-7.56625073004289,1.07202135028206e-11,1.06850466648748e-10
"ENSG00000267365",-1.54013426801817,-7.55784738654064,1.1191498560946e-11,1.11312275549684e-10
"ENSG00000286488",-1.02842225963702,-7.55708594302261,1.12352050343274e-11,1.11688017116971e-10
"ENSG00000084073",-1.04508688185199,-7.55431716657586,1.13955637616615e-11,1.13103071729283e-10
"ENSG00000281106",-1.11715373483197,-7.54787487004664,1.17775240568218e-11,1.16709625556238e-10
"ENSG00000168802",-1.14051310681671,-7.54737719270836,1.18075542217806e-11,1.16945692129287e-10
"ENSG00000169299",-1.33118487405999,-7.54695671726784,1.18329851752225e-11,1.17098803563601e-10
"ENSG00000287613",-1.11998046688213,-7.54313351834092,1.20667254871361e-11,1.19199252609685e-10
"ENSG00000196352",-1.09078159674197,-7.54283988464161,1.20848657551597e-11,1.1931588107741e-10
"ENSG00000074319",-1.03300667067337,-7.53793418778673,1.23919658725488e-11,1.2215586243175e-10
"ENSG00000168517",-1.34976219123387,-7.5320931149274,1.27677330902947e-11,1.25662777405941e-10
"ENSG00000159596",-1.01050007281142,-7.52878379400232,1.29856221656228e-11,1.27673878056369e-10
"ENSG00000268433",-1.40279141506805,-7.524738092343,1.32570125606921e-11,1.30138406783907e-10
"ENSG00000189298",-1.08509733740374,-7.52278562585351,1.33899919723608e-11,1.31375348320485e-10
"ENSG00000272625",-1.28528847642036,-7.5215107607238,1.34775342938017e-11,1.32068456827721e-10
"ENSG00000223914",-1.14418393746203,-7.52068793296778,1.35343374149332e-11,1.32515513629164e-10
"ENSG00000145365",-1.40917379373873,-7.51957273932707,1.3611702993756e-11,1.33203771946169e-10
"ENSG00000223549",-1.30586404388068,-7.51889921900079,1.36586402089688e-11,1.33593698990942e-10
"ENSG00000270149",-2.61152704739614,-7.50934895450626,1.43417324095995e-11,1.39839314250536e-10
"ENSG00000258730",-1.16770071974971,-7.50389712578013,1.47467641779531e-11,1.43195641022825e-10
"ENSG00000100604",-1.24487641647032,-7.5037357608664,1.47589237632733e-11,1.43239879367616e-10
"ENSG00000285816",-1.70014491546395,-7.50233636727106,1.48647924824541e-11,1.44044812030769e-10
"ENSG00000242197",-1.43408906105151,-7.49061015356912,1.57820411130465e-11,1.52417005482272e-10
"ENSG00000101493",-1.05192733142196,-7.49056832785304,1.57854112801737e-11,1.52417005482272e-10
"ENSG00000162972",-1.09948734195555,-7.48978808168559,1.58484117707486e-11,1.52868602630497e-10
"ENSG00000080986",-1.13076018359535,-7.48681977977902,1.60903730321133e-11,1.55002674751792e-10
"ENSG00000161653",-1.27357678903169,-7.48655247252349,1.61123416090118e-11,1.55096725207237e-10
"ENSG00000044115",-1.02879373439853,-7.4864196641165,1.61232674937316e-11,1.5512263179107e-10
"ENSG00000167210",-1.1873882672305,-7.48625066434304,1.61371813971345e-11,1.55177245104247e-10
"ENSG00000150048",-1.32072391811445,-7.48439208982803,1.62909874702364e-11,1.56576337736895e-10
"ENSG00000136144",-1.17431182478197,-7.4787586034245,1.67661251401292e-11,1.60896722052855e-10
"ENSG00000129538",-1.85815986254666,-7.47764007064191,1.686208684006e-11,1.61652922082977e-10
"ENSG00000164690",-1.09482932089286,-7.47674103815834,1.69396118159039e-11,1.62231015448906e-10
"ENSG00000102531",-1.03182855668197,-7.47381551226062,1.7194339739621e-11,1.64503286955297e-10
"ENSG00000135378",-1.08945780801981,-7.46797110354941,1.77146480922345e-11,1.69137628363666e-10
"ENSG00000237781",-1.41055966394459,-7.46633616996066,1.7862975767858e-11,1.70467445549599e-10
"ENSG00000238025",-1.15441694804909,-7.46409991743736,1.80678541139103e-11,1.72248095039394e-10
"ENSG00000108599",-1.02108988419746,-7.45750414608837,1.86858108269641e-11,1.77689704370696e-10
"ENSG00000147454",-1.11306955131105,-7.43992158343284,2.04374293507844e-11,1.93370313465634e-10
"ENSG00000198574",-1.22843423623671,-7.43184497950391,2.12957055446837e-11,2.00885578893717e-10
"ENSG00000237036",-1.04529746149455,-7.42609181966942,2.19287828485632e-11,2.06443983658787e-10
"ENSG00000102763",-1.17327906520716,-7.42491025057333,2.2061094540022e-11,2.07585863608859e-10
"ENSG00000134809",-1.13436146478967,-7.423606607168,2.22079947959744e-11,2.08863807272374e-10
"ENSG00000156136",-1.30463775056914,-7.42146986395582,2.24508731263366e-11,2.11042688599765e-10
"ENSG00000272767",-1.27317022262348,-7.41786148571579,2.28670227747572e-11,2.14419599318504e-10
"ENSG00000102218",-1.33000470514451,-7.40619078321443,2.42660746609208e-11,2.26358402596585e-10
"ENSG00000162929",-1.0824676020492,-7.40613933221345,2.42724266506584e-11,2.26358402596585e-10
"ENSG00000119714",-1.01278918401728,-7.40600581420975,2.42889180837289e-11,2.26400118189651e-10
"ENSG00000154813",-1.00044749959347,-7.40444109067399,2.44830144311812e-11,2.27983700373006e-10
"ENSG00000276900",-1.01262347362379,-7.40392408570166,2.45474838084249e-11,2.28471096829599e-10
"ENSG00000196345",-1.17538624609892,-7.39689398554606,2.54410107621265e-11,2.36203923478038e-10
"ENSG00000164691",-1.10816903324495,-7.39526178658806,2.56530334614956e-11,2.37820789541168e-10
"ENSG00000183347",-1.56572491295614,-7.39491676556085,2.56980755241603e-11,2.38121173991211e-10
"ENSG00000119471",-1.06528797986628,-7.39101328925112,2.62131641123018e-11,2.42655324593386e-10
"ENSG00000222011",-1.07448268262502,-7.39077020973058,2.62455764665884e-11,2.42836036089191e-10
"ENSG00000196455",-1.02843844794193,-7.38732304551037,2.67095235570638e-11,2.47007366110931e-10
"ENSG00000248196",-1.15652722159123,-7.38439681922052,2.71097332276765e-11,2.50339781638711e-10
"ENSG00000250771",-1.22740308594682,-7.38146535421415,2.75166202232914e-11,2.53972607430849e-10
"ENSG00000188641",-1.03588581164314,-7.37752646698509,2.80728856883149e-11,2.58726526710605e-10
"ENSG00000267387",-1.35116639498176,-7.37587283858377,2.83097273371709e-11,2.60781732800795e-10
"ENSG00000137393",-1.11669274585282,-7.36756920167501,2.95293020152335e-11,2.70956157507535e-10
"ENSG00000163421",-1.15460058521886,-7.36578388750223,2.97982423676216e-11,2.73157805217156e-10
"ENSG00000172426",-1.02197198924289,-7.363809355667,3.00985152225895e-11,2.75776181791411e-10
"ENSG00000259332",-2.00275354773872,-7.36357370086293,3.01345517143404e-11,2.75972136701383e-10
"ENSG00000285082",-1.26411887082777,-7.36210007048102,3.03608723299679e-11,2.77639860656279e-10
"ENSG00000166908",-1.11075101367576,-7.36219110466911,3.03468425675008e-11,2.77639860656279e-10
"ENSG00000258476",-1.17716449680988,-7.35034509233754,3.22275802886138e-11,2.94139126684548e-10
"ENSG00000179918",-1.08509761607958,-7.34918967290341,3.24170924900782e-11,2.95439375098255e-10
"ENSG00000267120",-1.19066756249353,-7.34824766374468,3.25724182641621e-11,2.96711419371512e-10
"ENSG00000012779",-1.00304837206957,-7.34667675684757,3.28330842465394e-11,2.98941344145147e-10
"ENSG00000250608",-1.00175249488695,-7.34618314427829,3.29154172596915e-11,2.99500725354936e-10
"ENSG00000138061",-1.46575111770702,-7.33600744130954,3.46590314401202e-11,3.13595981877514e-10
"ENSG00000152784",-1.01162032334403,-7.31843025923019,3.78891707826109e-11,3.39883904382297e-10
"ENSG00000154889",-1.03255115916256,-7.31514375297405,3.85254260395254e-11,3.44606826083846e-10
"ENSG00000172322",-1.03410937609642,-7.31140981012687,3.92611617779659e-11,3.50688366796265e-10
"ENSG00000254928",-1.50125069898377,-7.30174242568272,4.12313586451658e-11,3.67241765559165e-10
"ENSG00000286638",-1.30964871873557,-7.29624534573714,4.23950319051929e-11,3.7707158216715e-10
"ENSG00000065615",-1.11628545331058,-7.29602735590992,4.24418429729983e-11,3.77131810342143e-10
"ENSG00000120265",-1.05029190369335,-7.2960726821003,4.24321054245142e-11,3.77131810342143e-10
"ENSG00000164011",-1.04028134895947,-7.28839773177386,4.41128978505796e-11,3.91242358620159e-10
"ENSG00000173727",-1.16083688759094,-7.28804287514203,4.41921864450996e-11,3.91761133295428e-10
"ENSG00000114978",-1.07506230211851,-7.28716768936414,4.4388340774176e-11,3.93130025154644e-10
"ENSG00000213347",-1.02416567118083,-7.28238938749794,4.54746100733591e-11,4.01806146605037e-10
"ENSG00000204611",-1.25668577428856,-7.28215838082028,4.55277881137796e-11,4.02087422638246e-10
"ENSG00000135083",-1.03848483944663,-7.27984646720609,4.6063400053634e-11,4.06246409274511e-10
"ENSG00000169902",-1.48276484319929,-7.27315131505957,4.76499779793786e-11,4.19257489572879e-10
"ENSG00000168995",-1.09602695709391,-7.26941631934931,4.85584844293264e-11,4.26454419431073e-10
"ENSG00000204634",-1.28034917505629,-7.26631757915314,4.93252391717024e-11,4.32180863030944e-10
"ENSG00000164105",-1.40328650705039,-7.25399864326879,5.24939211005057e-11,4.56546853966448e-10
"ENSG00000092531",-1.04272244187455,-7.2498496424919,5.36058934083986e-11,4.65358442408946e-10
"ENSG00000172197",-1.0459004220629,-7.24400013902555,5.52133702404494e-11,4.7755255674453e-10
"ENSG00000118162",-1.05612147506112,-7.24172455922612,5.58515368706486e-11,4.82407726533369e-10
"ENSG00000110060",-1.03458978065947,-7.23148226365349,5.88155717056957e-11,5.07543627939485e-10
"ENSG00000266642",-1.09007443077131,-7.22247680417556,6.1550105046366e-11,5.29443323681937e-10
"ENSG00000181963",-1.27842875607268,-7.22061960194538,6.2129525070036e-11,5.34183474792031e-10
"ENSG00000259704",-1.03125186057355,-7.2172189765491,6.32045116892864e-11,5.4243580464819e-10
"ENSG00000234484",-1.41381567185604,-7.2129382335693,6.45839479971871e-11,5.53769873632685e-10
"ENSG00000225873",-1.38495138888022,-7.21115462845849,6.51674654086065e-11,5.57735056485624e-10
"ENSG00000196664",-1.15237410798739,-7.20438304866596,6.74307761315402e-11,5.75560018471207e-10
"ENSG00000143344",-1.16594432936078,-7.19972866625608,6.90314255529879e-11,5.87890594288963e-10
"ENSG00000286256",-1.33350663532462,-7.19626209564018,7.02479878863849e-11,5.9717129774536e-10
"ENSG00000171566",-1.04396428152973,-7.19481495278277,7.07621116403771e-11,6.00728552988474e-10
"ENSG00000127311",-1.16368505260037,-7.18668617884883,7.37200424010465e-11,6.24713521705314e-10
"ENSG00000095794",-1.01097655305303,-7.17976263911723,7.63357617547813e-11,6.45138214417483e-10
"ENSG00000228166",-1.16868661909092,-7.17132936556134,7.96463168774769e-11,6.71911024334039e-10
"ENSG00000285851",-1.13203715125443,-7.16293054309532,8.30846197447284e-11,6.98415023092902e-10
"ENSG00000235880",-1.24171078382221,-7.15769429598166,8.53022095368644e-11,7.15141532378928e-10
"ENSG00000179978",-1.59905531100048,-7.14632629497448,9.03204407891718e-11,7.54526147931893e-10
"ENSG00000253736",-1.14999345488517,-7.13891126181406,9.37501249551636e-11,7.81099006592381e-10
"ENSG00000166130",-1.01686430086082,-7.13761226730098,9.4364088386242e-11,7.84825914799129e-10
"ENSG00000111875",-1.04560628530271,-7.12788240245406,9.90912409637541e-11,8.22326342411982e-10
"ENSG00000280054",-1.22426009219929,-7.12398007773949,1.01052366565143e-10,8.37494272483135e-10
"ENSG00000178146",-1.42377211941705,-7.12176654019806,1.02181820260826e-10,8.46482467050764e-10
"ENSG00000185339",-1.37423709680311,-7.11925506894367,1.03478437662232e-10,8.55718528832802e-10
"ENSG00000237719",-1.23478332381527,-7.11444068330905,1.06009717882683e-10,8.74348102221532e-10
"ENSG00000224083",-1.08866730378767,-7.10889910144631,1.08999317393557e-10,8.98219221810944e-10
"ENSG00000037749",-1.00209427309474,-7.10558210562017,1.10828569345475e-10,9.11300126289859e-10
"ENSG00000237711",-1.17732526882313,-7.09134885446994,1.19029185538351e-10,9.74053778093592e-10
"ENSG00000270893",-1.20629494047472,-7.08230384881669,1.24549848151261e-10,1.01702212374229e-09
"ENSG00000074410",-1.41172451142417,-7.0818577957585,1.24828562568865e-10,1.01885635254432e-09
"ENSG00000254788",-1.13867319833311,-7.07629553465014,1.28356414442394e-10,1.04493437133354e-09
"ENSG00000254802",-1.1328776865375,-7.06409385456525,1.36444776913502e-10,1.1079080635761e-09
"ENSG00000157017",-1.1663520865882,-7.06113242186233,1.3848277169793e-10,1.12300406941266e-09
"ENSG00000102010",-1.40768709530355,-7.05330715623235,1.44014109311668e-10,1.16285374676948e-09
"ENSG00000135392",-1.1619958919924,-7.03896023741895,1.54729306708293e-10,1.24563704263711e-09
"ENSG00000188305",-1.13623230779693,-7.03014080643074,1.61704021613484e-10,1.29569560151204e-09
"ENSG00000224183",-1.27006356957174,-7.02876786172855,1.62817433735323e-10,1.30350820939482e-09
"ENSG00000110080",-1.34912300681092,-7.02754045504132,1.63819241569007e-10,1.31041480793077e-09
"ENSG00000166478",-1.13202620854637,-7.02311534744119,1.67481919287414e-10,1.33630851145121e-09
"ENSG00000186132",-1.03674205517849,-7.02075631049582,1.69467505015174e-10,1.35100671158521e-09
"ENSG00000170892",-1.03157689547519,-7.00523417970041,1.83126008191472e-10,1.45496741556767e-09
"ENSG00000230013",-1.1528543102489,-7.00443549800191,1.83857538047444e-10,1.46016370225032e-09
"ENSG00000287771",-1.33154832897016,-7.00195288283841,1.86149935154697e-10,1.47650209618702e-09
"ENSG00000198960",-1.01285715817613,-6.9948404172751,1.92875215108313e-10,1.52791560227519e-09
"ENSG00000213903",-1.1177817655838,-6.98056300479469,2.07109515960597e-10,1.63175619475773e-09
"ENSG00000276289",-1.42602788774999,-6.97489508371178,2.13044289310087e-10,1.67152366598227e-09
"ENSG00000151694",-1.09519727079453,-6.97294438641427,2.15125504143995e-10,1.68644787643137e-09
"ENSG00000099251",-1.20879410490791,-6.97246508519564,2.15639945638542e-10,1.68977757734562e-09
"ENSG00000121578",-1.0050881666517,-6.97002586646442,2.18276917707704e-10,1.70901935817861e-09
"ENSG00000256646",-1.33761543357072,-6.9606727445297,2.28687381837902e-10,1.78238018165594e-09
"ENSG00000189013",-1.36971797199953,-6.95774224552986,2.32049131824634e-10,1.80559336857185e-09
"ENSG00000187116",-1.05522541983039,-6.95100383759231,2.39965763524881e-10,1.86104366129341e-09
"ENSG00000214322",-1.21391417108318,-6.95090936731942,2.40078630360891e-10,1.8611527731434e-09
"ENSG00000146085",-1.03095847431195,-6.9494586432102,2.41818470298266e-10,1.87232895334103e-09
"ENSG00000281005",-1.0019065123896,-6.94835574423744,2.431495081549e-10,1.88186131249877e-09
"ENSG00000257181",-1.69154458880716,-6.94784098880445,2.43773221242988e-10,1.88591373378867e-09
"ENSG00000266127",-1.17679951926459,-6.94644342741935,2.45474596673349e-10,1.8975176250031e-09
"ENSG00000250893",-1.14014597460877,-6.93893523701576,2.54818072853806e-10,1.96410100508183e-09
"ENSG00000070731",-1.21805043231056,-6.93010908720587,2.66252356850262e-10,2.04220761333275e-09
"ENSG00000174123",-1.06405597019417,-6.91573680268701,2.85967273800287e-10,2.18541643158207e-09
"ENSG00000232973",-1.22903030877133,-6.9116216743914,2.91873403631125e-10,2.22964767948221e-09
"ENSG00000270190",-1.09845663359893,-6.90930704734564,2.95248264445335e-10,2.25177603466446e-09
"ENSG00000154719",-1.30488433726065,-6.90866773750118,2.96187199095037e-10,2.25802284765371e-09
"ENSG00000287188",-1.21013567679738,-6.90792943481436,2.97275196921706e-10,2.26540055000449e-09
"ENSG00000235917",-1.19077991203679,-6.90743195495374,2.98010535167109e-10,2.26916833527809e-09
"ENSG00000204388",-1.3583316005195,-6.9068607086064,2.98857128967631e-10,2.27469519009787e-09
"ENSG00000285171",-1.31828148865085,-6.90608671997903,3.00007985524473e-10,2.28161099366573e-09
"ENSG00000188687",-1.02282519280412,-6.90414434347252,3.02915477674845e-10,2.30186436806726e-09
"ENSG00000197008",-1.04219172569662,-6.90225932048915,3.05763762517783e-10,2.32163553337767e-09
"ENSG00000186205",-1.10945189869648,-6.90007100330334,3.09103567245821e-10,2.34510390647474e-09
"ENSG00000168282",-1.84789792089903,-6.8948332206405,3.17244708899657e-10,2.40203208450633e-09
"ENSG00000111052",-1.00236869044535,-6.89257630425293,3.208177031755e-10,2.42713409334139e-09
"ENSG00000146955",-1.00284878901509,-6.89216615269014,3.21471287324119e-10,2.43012685016523e-09
"ENSG00000198216",-1.06240456023509,-6.88481564528509,3.33410267245681e-10,2.51443804699925e-09
"ENSG00000168297",-1.06030816093791,-6.87874262603219,3.43604309807249e-10,2.58705754922021e-09
"ENSG00000213443",-1.76851933557832,-6.87406092062506,3.51672788075422e-10,2.64569168600831e-09
"ENSG00000197837",-1.07162941096507,-6.85621376234737,3.84186143400671e-10,2.87422500769732e-09
"ENSG00000063015",-1.00928747127627,-6.85199009645612,3.92305616651971e-10,2.93147687683055e-09
"ENSG00000266405",-1.02871892985,-6.8464101879279,4.03292971167945e-10,3.00880514489574e-09
"ENSG00000086300",-1.22398558419148,-6.84141236066859,4.13392154157372e-10,3.07664343261413e-09
"ENSG00000230869",-1.12319352854868,-6.83899167570644,4.18373159625119e-10,3.10777349409227e-09
"ENSG00000181616",-1.22555866714063,-6.8271463093435,4.43615922374682e-10,3.28105094059453e-09
"ENSG00000181631",-1.14785830650195,-6.815137642133,4.70743167864057e-10,3.47078661300317e-09
"ENSG00000100744",-1.0008288419077,-6.8142028306925,4.72922409605678e-10,3.48412684871011e-09
"ENSG00000285976",-1.27925804255497,-6.81108019779798,4.80274477189786e-10,3.53414476613328e-09
"ENSG00000251002",-1.06508187260705,-6.80725170172125,4.89442803733866e-10,3.59879919466767e-09
"ENSG00000028116",-1.38790318674504,-6.80617162656296,4.92060470506539e-10,3.61656255153912e-09
"ENSG00000215472",-1.28657103890035,-6.79060888843293,5.31351046496995e-10,3.88591034532947e-09
"ENSG00000109906",-1.06696369127058,-6.79071395229954,5.31075669326324e-10,3.88591034532947e-09
"ENSG00000106804",-1.11117328708863,-6.78288999451561,5.51973497344345e-10,4.01780399651189e-09
"ENSG00000101342",-1.34109377955565,-6.77852941360959,5.63971256996213e-10,4.0988003623822e-09
"ENSG00000203814",-1.09864637188328,-6.76703533310852,5.96845445684139e-10,4.32105092459562e-09
"ENSG00000077984",-1.12361734569049,-6.76561631514177,6.01033108727252e-10,4.34802676735943e-09
"ENSG00000179144",-1.11150724722632,-6.7655213704393,6.01314334214336e-10,4.34839133509776e-09
"ENSG00000279236",-1.12683132775415,-6.76260466943039,6.10017232659225e-10,4.40963339556196e-09
"ENSG00000206341",-1.12211894683879,-6.7551120444245,6.32948627620269e-10,4.56488753717865e-09
"ENSG00000253616",-1.13881235142276,-6.74752530670262,6.57035864660704e-10,4.72594181690658e-09
"ENSG00000185442",-1.13531214358353,-6.73916749284102,6.84620713956337e-10,4.90375855874885e-09
"ENSG00000114988",-1.06757104061311,-6.73678948427378,6.92676329287486e-10,4.95768871243072e-09
"ENSG00000204920",-1.46732112605966,-6.72685182126924,7.27366503559752e-10,5.18823559032890e-09
"ENSG00000027697",-1.1316545914216,-6.7179113691103,7.60039372310822e-10,5.40287611154387e-09
"ENSG00000279368",-1.31998922573836,-6.71174328793654,7.83421752596551e-10,5.562796447574e-09
"ENSG00000251379",-1.21077007227848,-6.7026233102902,8.19302480028946e-10,5.80881449709645e-09
"ENSG00000232450",-1.22474082176222,-6.70073108344536,8.26947989899337e-10,5.85640835854275e-09
"ENSG00000164306",-1.00417545873724,-6.69791762901874,8.38446199584583e-10,5.93560672971603e-09
"ENSG00000288640",-2.54828143620258,-6.68865993619565,8.77407519202170e-10,6.19745138610066e-09
"ENSG00000221930",-1.0405416256703,-6.68340044945273,9.00333413150589e-10,6.34511067599356e-09
"ENSG00000260914",-1.90850384160922,-6.68235735611428,9.04950041157857e-10,6.37049659018375e-09
"ENSG00000277763",-1.06939414286008,-6.67338842646352,9.45622906684619e-10,6.63203436936890e-09
"ENSG00000250011",-1.32287057075815,-6.67231602810333,9.50605365147279e-10,6.66201780827546e-09
"ENSG00000286001",-1.55665323302351,-6.67017083776781,9.60650060695052e-10,6.72740737671873e-09
"ENSG00000203710",-1.02240614418075,-6.664219348928,9.89069673688882e-10,6.90589122051563e-09
"ENSG00000136404",-1.2462887188869,-6.64852878665764,1.0680376897323e-09,7.39422785710295e-09
"ENSG00000254789",-1.57497275083806,-6.64588095703156,1.08196452355781e-09,7.48514421402206e-09
"ENSG00000156469",-1.00286760724884,-6.64458387987069,1.08885208218844e-09,7.53002772550141e-09
"ENSG00000110079",-1.42701339687688,-6.63123044028783,1.16232615005953e-09,8.00288743231778e-09
"ENSG00000224891",-1.34403638436278,-6.62845991421597,1.17817278332963e-09,8.10311021992096e-09
"ENSG00000167633",-1.30784698351918,-6.62487274503277,1.19900770531835e-09,8.23738408197925e-09
"ENSG00000197272",-1.11089882777258,-6.62307458001523,1.20958826096916e-09,8.3040173688546e-09
"ENSG00000110871",-1.05233973883661,-6.6226294721898,1.21222151749506e-09,8.31906336851435e-09
"ENSG00000187801",-1.09039108451696,-6.6180357905546,1.23973059260512e-09,8.49835746041941e-09
"ENSG00000277855",-1.03143470957502,-6.61392401809134,1.26487606959337e-09,8.65518902978565e-09
"ENSG00000260325",-1.0984433719725,-6.6125128023841,1.27362189908296e-09,8.7087075625861e-09
"ENSG00000260920",-1.03274376456489,-6.60016008174377,1.35276987887616e-09,9.21978255364296e-09
"ENSG00000196151",-1.05032898066002,-6.59798899750423,1.36717403891566e-09,9.31121639374302e-09
"ENSG00000272638",-1.04816117978469,-6.59745398009966,1.37074683093786e-09,9.33217520824265e-09
"ENSG00000151715",-1.21722020457243,-6.58572506728419,1.45142913956772e-09,9.83879889570948e-09
"ENSG00000185220",-1.09857354957432,-6.56943135446701,1.57134468807197e-09,1.05869067360156e-08
"ENSG00000186806",-1.04293227681355,-6.56284559269866,1.62254314402723e-09,1.09123412164174e-08
"ENSG00000156886",-1.07548440689023,-6.55928539242307,1.65090269928403e-09,1.10911929561743e-08
"ENSG00000270911",-1.1718621165747,-6.55636577060505,1.67452429886992e-09,1.12308558388887e-08
"ENSG00000287543",-1.25243738049822,-6.53549222505442,1.85340408704444e-09,1.23678449138304e-08
"ENSG00000175003",-1.02071344789577,-6.52972463622542,1.90607197829765e-09,1.26968118554353e-08
"ENSG00000281195",-1.05104276121194,-6.52517404396037,1.9486667101875e-09,1.29622116830904e-08
"ENSG00000186704",-1.37380217200496,-6.51537430342697,2.04361037171241e-09,1.35459296911747e-08
"ENSG00000256262",-1.0616600395329,-6.51260033448236,2.0713049384392e-09,1.37102046487413e-08
"ENSG00000179593",-1.48911179915604,-6.51236657157177,2.07365561516097e-09,1.37209429147883e-08
"ENSG00000170837",-1.10779833031471,-6.50215226056344,2.17898033800035e-09,1.4392577702402e-08
"ENSG00000279884",-1.05379889211077,-6.47898048218132,2.43788306742197e-09,1.59074614562158e-08
"ENSG00000240934",-1.05571452794767,-6.47603038640259,2.47295047974635e-09,1.61139540427055e-08
"ENSG00000196636",-1.09176024702789,-6.47568698380117,2.47706466105735e-09,1.61351812188791e-08
"ENSG00000259366",-1.23788856371223,-6.47374874373802,2.50041294574807e-09,1.62703900076001e-08
"ENSG00000177112",-1.05306748885912,-6.46637131561811,2.59128522727788e-09,1.67926408332729e-08
"ENSG00000287950",-1.06851092856791,-6.46618761106429,2.59358911474138e-09,1.68012488801576e-08
"ENSG00000272219",-1.1150954800934,-6.46087173174899,2.66113933982098e-09,1.72033434741069e-08
"ENSG00000176714",-1.27207342567584,-6.44813312475622,2.83015572574543e-09,1.82396419984921e-08
"ENSG00000263335",-1.75431066051364,-6.43448854668941,3.02294480918813e-09,1.94090778171391e-08
"ENSG00000106305",-1.0211780552132,-6.42523420758554,3.16101683212176e-09,2.02403926184601e-08
"ENSG00000132825",-1.00345862148872,-6.40751056185777,3.44303471938788e-09,2.19269398390226e-08
"ENSG00000136689",-1.0405843614308,-6.40301849170953,3.51836722681604e-09,2.23764354553547e-08
"ENSG00000286104",-1.15947809186087,-6.39669291096162,3.62721093112436e-09,2.29833163540265e-08
"ENSG00000182782",-1.14880958899711,-6.3842383537448,3.85130978667995e-09,2.43214796384435e-08
"ENSG00000237576",-1.11619550818156,-6.32639150114207,5.08448357224126e-09,3.14760110200069e-08
"ENSG00000173930",-1.11039466041775,-6.32363570243867,5.15207407511584e-09,3.18734881533767e-08
"ENSG00000137168",-1.09187306355754,-6.31790538620554,5.2954673287517e-09,3.27068896849261e-08
"ENSG00000284948",-1.03284128876103,-6.31266443288678,5.43005472716451e-09,3.35051984770144e-08
"ENSG00000175928",-1.04234612144953,-6.31165830459015,5.45627507562863e-09,3.36339364773207e-08
"ENSG00000088451",-1.0586034495978,-6.30570325457388,5.61404186327405e-09,3.45160968082104e-08
"ENSG00000229754",-1.18303026529911,-6.29447222644562,5.92391490620897e-09,3.62726489588793e-08
"ENSG00000232453",-1.14533882154871,-6.29444181105368,5.92477656048794e-09,3.62726489588793e-08
"ENSG00000107789",-1.05758689567294,-6.29311785446413,5.96240358116916e-09,3.64319684275266e-08
"ENSG00000234383",-1.26283680052452,-6.29013744193593,6.04797109935703e-09,3.68729728804555e-08
"ENSG00000256664",-1.75181379600171,-6.2894099552152,6.06904025664614e-09,3.698757048033e-08
"ENSG00000224975",-1.04665272300762,-6.28348222726389,6.24343377174525e-09,3.79766888576484e-08
"ENSG00000241721",-1.12194809438483,-6.27534017007813,6.49104592030562e-09,3.93937896413394e-08
"ENSG00000168916",-1.39452593445713,-6.27505541724068,6.4998785635869e-09,3.94346899777295e-08
"ENSG00000243806",-1.05722308875515,-6.27342512858646,6.55067633329964e-09,3.97172966741869e-08
"ENSG00000234436",-1.32868450030696,-6.26388182124207,6.85597604709301e-09,4.14217051876646e-08
"ENSG00000254413",-1.09728407352358,-6.24696971313396,7.43181775455043e-09,4.45719779879723e-08
"ENSG00000138772",-1.20620599894974,-6.2460297031055,7.4651857935404e-09,4.47436111927184e-08
"ENSG00000240403",-1.15982181781166,-6.23885351571939,7.72483328303035e-09,4.62263053957198e-08
"ENSG00000249713",-1.03264612937584,-6.21881216919341,8.49800496707222e-09,5.03888629429356e-08
"ENSG00000172967",-1.12231448421302,-6.21724625850106,8.56153021402394e-09,5.06861707685305e-08
"ENSG00000150687",-1.00159491702991,-6.21724457769605,8.5615986508899e-09,5.06861707685305e-08
"ENSG00000228705",-1.09021720217158,-6.21352931752018,8.71419615417896e-09,5.14924802862055e-08
"ENSG00000228203",-1.06441133296362,-6.20438295627229,9.10137299954022e-09,5.37297601270256e-08
"ENSG00000152520",-1.05346918985003,-6.19050600024033,9.72136657251493e-09,5.70857554529415e-08
"ENSG00000227017",-1.00866286076852,-6.18597128654702,9.93284451209911e-09,5.82005987306137e-08
"ENSG00000172331",-1.09484283587562,-6.18546476148116,9.95674589647567e-09,5.8294694836627e-08
"ENSG00000213613",-1.03034571559395,-6.17863216690688,1.02847430977147e-08,6.00756559611627e-08
"ENSG00000155961",-1.06577186036538,-6.17527998197323,1.04495312120643e-08,6.09437365241076e-08
"ENSG00000132405",-1.02239235224535,-6.16474175082177,1.09846892607789e-08,6.37294660593019e-08
"ENSG00000259132",-1.39767210603442,-6.15929840300852,1.12715930368219e-08,6.52132277726203e-08
"ENSG00000288043",-1.26330970604813,-6.15806476524881,1.13376330001613e-08,6.55751705425355e-08
"ENSG00000231259",-1.55301575417793,-6.15267004883941,1.16309297481888e-08,6.70656426680073e-08
"ENSG00000188157",-1.16225757103803,-6.14991006256436,1.17838582562929e-08,6.78436191418231e-08
"ENSG00000165131",-1.21309349041483,-6.14976458733328,1.17919735984287e-08,6.78695993422549e-08
"ENSG00000174600",-1.00229599575373,-6.1285353822828,1.30371677136484e-08,7.45580344231052e-08
"ENSG00000162739",-1.00410754197756,-6.12605349696019,1.31909357636464e-08,7.53459211387419e-08
"ENSG00000229644",-1.15877062259936,-6.12591624919325,1.31994909930992e-08,7.53719343219165e-08
"ENSG00000180409",-1.20423388251172,-6.10212642299907,1.47679700511394e-08,8.38201325168316e-08
"ENSG00000249624",-1.45454257088107,-6.10074538627475,1.4864452836315e-08,8.42900906561327e-08
"ENSG00000282608",-1.08500133404225,-6.08752481176112,1.58200347379474e-08,8.9226890536962e-08
"ENSG00000140993",-1.15537770729977,-6.08363482175218,1.611253593738e-08,9.07950798649009e-08
"ENSG00000253816",-1.04895345132034,-6.0831287409459,1.6150978844077e-08,9.09844914667232e-08
"ENSG00000140876",-1.10139073305283,-6.0764778331246,1.6664659133373e-08,9.35704467226469e-08
"ENSG00000205537",-1.06814103807953,-6.07491487212881,1.67876869863213e-08,9.41489870343316e-08
"ENSG00000231412",-1.30630244613005,-6.05365392924622,1.85526830196403e-08,1.03217791708205e-07
"ENSG00000263647",-1.16339669021815,-6.0491020284001,1.89536438927007e-08,1.05324113171297e-07
"ENSG00000234571",-1.23413332265479,-6.04303058057888,1.95017485139958e-08,1.08082947486512e-07
"ENSG00000250151",-1.34778278630121,-6.03913547820261,1.98615596094412e-08,1.09980029371738e-07
"ENSG00000270706",-1.05729149660458,-6.02020936429423,2.17049264351923e-08,1.19694790452621e-07
"ENSG00000257379",-1.26264351996548,-6.00388522525307,2.34292539371705e-08,1.28713994070697e-07
"ENSG00000270986",-1.12461986431522,-6.00057459413367,2.37950414699798e-08,1.30609263173508e-07
"ENSG00000261832",-1.17603185147872,-5.98108713538018,2.60647874627722e-08,1.41868958747097e-07
"ENSG00000268001",-1.01212777338039,-5.97992464975838,2.62067156982552e-08,1.42600262947352e-07
"ENSG00000270882",-1.13723073502964,-5.97032904440113,2.74076321651439e-08,1.48576971144455e-07
"ENSG00000220517",-1.05483400688755,-5.96653493051602,2.78972571340766e-08,1.51057352656435e-07
"ENSG00000166278",-1.03982030199018,-5.96522760649172,2.80679490011536e-08,1.51807069561795e-07
"ENSG00000221962",-1.09599728843011,-5.94472153049295,3.08836198542408e-08,1.65609345520691e-07
"ENSG00000182224",-1.46134667985011,-5.92926142052734,3.31882443468002e-08,1.76992807712858e-07
"ENSG00000226705",-1.25667043077884,-5.92922173419866,3.31943725262516e-08,1.76992807712858e-07
"ENSG00000258757",-1.31067417458047,-5.92359013577626,3.40753464632945e-08,1.81126234953596e-07
"ENSG00000268240",-1.18328737326813,-5.92308082167379,3.41561441695892e-08,1.81453311863148e-07
"ENSG00000251201",-1.62234750477373,-5.92135645633687,3.44310979386665e-08,1.82450920666273e-07
"ENSG00000152766",-1.07051321807375,-5.89783624868262,3.84058020486248e-08,2.01697379144687e-07
"ENSG00000204421",-1.08746720211968,-5.89356255694004,3.9174922025632e-08,2.05221685516923e-07
"ENSG00000188428",-1.02163126451508,-5.89198244060034,3.94631040568087e-08,2.06673882185755e-07
"ENSG00000260059",-1.03274161757746,-5.88722973536559,4.03425135374223e-08,2.10810615816355e-07
"ENSG00000283155",-1.06347585950974,-5.87861777860464,4.19853213543098e-08,2.18667261175695e-07
"ENSG00000243772",-1.16315062361114,-5.87797268468834,4.21109908696663e-08,2.19140012707948e-07
"ENSG00000168229",-1.00512361140456,-5.87411331067024,4.2870581786628e-08,2.22846583801462e-07
"ENSG00000163536",-1.10851796194841,-5.86032545460534,4.56957945807442e-08,2.36034378478766e-07
"ENSG00000236523",-1.2047902187836,-5.85710475541546,4.63816333797488e-08,2.39183468274763e-07
"ENSG00000129226",-1.22309291011386,-5.84989508613122,4.79537625017038e-08,2.46615609611547e-07
"ENSG00000279511",-1.0428149418757,-5.84492943158653,4.90668766174118e-08,2.51790199324109e-07
"ENSG00000188107",-1.02605222690866,-5.82013315801152,5.50162353914838e-08,2.79880054632668e-07
"ENSG00000261737",-1.07282260364732,-5.80743107196027,5.83325801287119e-08,2.95616331508999e-07
"ENSG00000188629",-1.14241685633773,-5.79525399237687,6.16957364393869e-08,3.11839088555184e-07
"ENSG00000266036",-1.04296852207744,-5.79472568245115,6.18458780892798e-08,3.12346555347414e-07
"ENSG00000248996",-1.0325549435326,-5.78845713899064,6.36549538776768e-08,3.21048111102233e-07
"ENSG00000158089",-1.23751208635955,-5.78072844299921,6.59570308325051e-08,3.31775312903266e-07
"ENSG00000244115",-1.2357634508991,-5.76197961096591,7.18864710818299e-08,3.59298843788674e-07
"ENSG00000125498",-1.14093558863504,-5.758950739496,7.28922274480089e-08,3.64132532661255e-07
"ENSG00000034693",-1.09143869692067,-5.75285943758444,7.49568648304213e-08,3.73357329369507e-07
"ENSG00000145491",-1.00081355188856,-5.7358652733843,8.10251206978311e-08,4.00971765037163e-07
"ENSG00000150337",-1.04323843700365,-5.72369148196314,8.56658167780491e-08,4.21460604979078e-07
"ENSG00000280270",-1.13661926138403,-5.72074167058635,8.68289623658153e-08,4.26514730911924e-07
"ENSG00000229800",-1.10893429168587,-5.69934832998064,9.57408263234922e-08,4.66158099323326e-07
"ENSG00000115590",-1.15836296626052,-5.69350864118321,9.83254604500904e-08,4.78001296505497e-07
"ENSG00000250264",-1.59895720021251,-5.6729970451847,1.07957642124731e-07,5.21329418699229e-07
"ENSG00000283525",-1.06105719166681,-5.65680522259048,1.16209231800886e-07,5.56893795132304e-07
"ENSG00000171999",-1.00406490663176,-5.64516797117094,1.22518464603566e-07,5.84600515755315e-07
"ENSG00000227766",-1.07950889967374,-5.62797702028415,1.32457366010026e-07,6.27889245318788e-07
"ENSG00000212743",-1.00427049149586,-5.62580525413247,1.33767867024858e-07,6.33782464540812e-07
"ENSG00000282572",-1.00928146470769,-5.61768552462517,1.38781037121996e-07,6.55391621284572e-07
"ENSG00000272917",-1.00656802757111,-5.58833872265712,1.58482450673002e-07,7.39982701764504e-07
"ENSG00000247595",-1.10716098593565,-5.58497444801981,1.60908982115619e-07,7.50112201211092e-07
"ENSG00000136197",-1.37434062734093,-5.58168218583301,1.63318792297994e-07,7.60217299063409e-07
"ENSG00000239961",-1.14563623506073,-5.57598067998272,1.67575964515922e-07,7.78686733979017e-07
"ENSG00000286070",-1.09960403090713,-5.57119583061838,1.71232421582078e-07,7.93719576221257e-07
"ENSG00000287255",-1.12472435372949,-5.55780044806229,1.81889451966649e-07,8.37963682109987e-07
"ENSG00000248769",-1.15777514954681,-5.51898378374799,2.16573856946433e-07,9.84749774838739e-07
"ENSG00000262979",-1.00003074101616,-5.51484076490094,2.20637778851988e-07,1.00177741094571e-06
"ENSG00000260075",-1.14704605700491,-5.46486595437809,2.75942893841995e-07,1.22889178113369e-06
"ENSG00000179750",-1.03815861044582,-5.39377808388957,3.78608287972051e-07,1.63658167251434e-06
"ENSG00000211651",-1.52838508434607,-5.39041821501417,3.8428994805468e-07,1.65923768999635e-06
"ENSG00000170439",-1.22231609428636,-5.37341564057847,4.14344637275239e-07,1.76753267142005e-06
"ENSG00000167601",-1.19432988724009,-5.36872517174498,4.23032365623702e-07,1.80092287087442e-06
"ENSG00000211941",-1.6175876839356,-5.3298871973134,5.02146661444257e-07,2.10116366243601e-06
"ENSG00000112796",-1.07235155258218,-5.31088544100596,5.45949646155351e-07,2.26732791760902e-06
"ENSG00000171631",-1.02552664264422,-5.29350898289595,5.89258827580429e-07,2.42739072686642e-06
"ENSG00000284292",-1.48199393993026,-5.28946998972698,5.99796377999706e-07,2.46783507680401e-06
"ENSG00000156414",-1.15846297860385,-5.28882966129513,6.01483777721392e-07,2.47396318880253e-06
"ENSG00000171658",-1.02725334750339,-5.2796715817404,6.26130518882067e-07,2.5646981332247e-06
"ENSG00000263917",-1.1725056306275,-5.26596289857687,6.64876925573373e-07,2.71220258205959e-06
"ENSG00000205534",-1.21858440959581,-5.24332593782588,7.34039523896547e-07,2.9750078638475e-06
"ENSG00000168126",-1.01900985558713,-5.23930706128927,7.4703162038484e-07,3.02311099136619e-06
"ENSG00000285901",-1.14944406852912,-5.22095229754549,8.09277634810103e-07,3.25453516664367e-06
"ENSG00000211666",-1.25567682032794,-5.17386989356452,9.92999014472422e-07,3.90769071122446e-06
"ENSG00000250021",-1.86489238993253,-5.15073401547632,1.09760312807215e-06,4.28176594048937e-06
"ENSG00000243414",-1.14099884033125,-5.14980473089683,1.10202173299448e-06,4.29544494230294e-06
"ENSG00000261796",-1.93015862073924,-5.07661888163499,1.51024505234182e-06,5.71170373338991e-06
"ENSG00000117560",-1.06841655250265,-4.9605419802241,2.47639750053877e-06,8.92814688150447e-06
"ENSG00000260861",-1.09738490073164,-4.95386548449103,2.54733914374524e-06,9.16302745653482e-06
"ENSG00000214262",-1.4594750604938,-4.95010464966135,2.58816625160797e-06,9.29923247144591e-06
"ENSG00000224745",-1.0998173566052,-4.91677581497657,2.97889722247577e-06,1.05660828237617e-05
"ENSG00000269891",-1.19866421919059,-4.9104376114774,3.05943280692051e-06,1.08313465921384e-05
"ENSG00000273275",-1.06071512834473,-4.90675763325121,3.1071587484635e-06,1.09714445180048e-05
"ENSG00000286192",-1.16001608766545,-4.90111655389702,3.18172596403347e-06,1.11844287573171e-05
"ENSG00000211949",-1.23361139881323,-4.88176513251139,3.45097263620083e-06,1.20254203700983e-05
"ENSG00000233013",-1.03874906176704,-4.82326247902766,4.40653137705303e-06,1.49702863987241e-05
"ENSG00000211976",-1.36987076554801,-4.82218292209618,4.42637987549853e-06,1.50322956723709e-05
"ENSG00000234118",-1.02060638009563,-4.75668346264185,5.80744750557219e-06,1.92446321248504e-05
"ENSG00000211648",-1.32949580871299,-4.71062411457229,7.02007810409424e-06,2.28243409259454e-05
"ENSG00000242076",-1.3687733444446,-4.70907889857299,7.06474591673312e-06,2.29611486673064e-05
"ENSG00000159189",-1.07330116397437,-4.69692727411764,7.42574266916041e-06,2.39941921786696e-05
"ENSG00000286231",-1.78514298408044,-4.65804181974568,8.70507262001932e-06,2.76629821214447e-05
"ENSG00000255819",-1.10855826931385,-4.62876280367777,9.80666721567249e-06,3.07896661681397e-05
"ENSG00000254873",-1.27087808061319,-4.54918650569024,1.35257492891012e-05,4.11229930774836e-05
"ENSG00000122025",-1.06455419795357,-4.52259278361639,1.50486055866896e-05,4.52418819090422e-05
"ENSG00000189221",-1.04904646346832,-4.50819137920192,1.59410985047898e-05,4.7628531086159e-05
"ENSG00000258790",-1.35113120395329,-4.49462775648294,1.6828270627599e-05,5.00569970129022e-05
"ENSG00000271741",-1.1649183503377,-4.45258286835933,1.98916904621249e-05,5.81140919549487e-05
"ENSG00000211943",-1.32981724710728,-4.3718231489481,2.73517833037787e-05,7.77153686088361e-05
"ENSG00000211598",-1.2361626499869,-4.3433348902407,3.05771038335654e-05,8.5882135383436e-05
"ENSG00000211945",-1.1808028484419,-4.30303914573963,3.57708883118959e-05,9.89475185950313e-05
"ENSG00000241351",-1.15140374632207,-4.26551647124033,4.13629283651206e-05,0.000112551617007387
"ENSG00000251546",-1.26098094316212,-4.22304813347302,4.87058791136443e-05,0.000130015778764749
"ENSG00000211653",-1.21381125003023,-4.19293086521061,5.46556558267426e-05,0.000144141571393557
"ENSG00000285304",-1.03390884165836,-4.17889189310035,5.76618489722879e-05,0.000151264992471795
"ENSG00000211644",-1.22169218345472,-4.16730162330872,6.02626496564895e-05,0.000157211991999577
"ENSG00000270550",-1.21221374247173,-4.15164259119254,6.39557067948235e-05,0.000165904379592521
"ENSG00000240864",-1.3682906821023,-4.14236649504441,6.62447492171952e-05,0.000171158769133661
"ENSG00000211950",-1.24451276490434,-4.11693178777684,7.29312352708039e-05,0.000186922259868218
"ENSG00000232133",-1.53013900550023,-3.9760509788654,0.000123361988453424,0.000299857179159432
"ENSG00000287542",-1.31275608511962,-3.97504810834076,0.00012381908305265,0.000300812985110372
"ENSG00000239975",-1.17787604586746,-3.97153530259345,0.000125432961006032,0.000304341334290523
"ENSG00000211966",-1.22971491764994,-3.95510987894008,0.000133249519707824,0.000321238092175069
"ENSG00000211967",-1.12057643141828,-3.94696879721449,0.000137293985427651,0.000329890828760982
"ENSG00000211670",-1.16272547789224,-3.94302183093901,0.000139296742975005,0.000333851405109815
"ENSG00000278196",-1.21476553427695,-3.9395960657881,0.00014105760634171,0.000337642082371681
"ENSG00000243466",-1.02061080032012,-3.86904747735071,0.000182408510962408,0.00042601184348002
"ENSG00000211652",-1.13639633060341,-3.8648763574132,0.000185184310241963,0.000431905662540311
"ENSG00000211935",-1.0467934440488,-3.85953082388801,0.000188800504723327,0.00043946915951786
"ENSG00000152463",-1.1325933671405,-3.84150248112311,0.000201498717212384,0.000465517885068296
"ENSG00000211668",-1.10637443786265,-3.83459983343629,0.000206572497235183,0.000476305104396129
"ENSG00000240382",-1.08777880619788,-3.80255669378742,0.000231759977058861,0.000528814734476117
"ENSG00000211965",-1.08070734854143,-3.76695868263616,0.000263158594406617,0.000593201101044854
"ENSG00000243238",-1.10511987059106,-3.75721151863045,0.000272436569417282,0.000612722074341304
"ENSG00000269711",-1.28870534120969,-3.75225228477862,0.000277275491300019,0.000622564446377801
"ENSG00000211955",-1.0148781470824,-3.74415282840146,0.000285354345166135,0.000639028192372759
"ENSG00000242371",-1.1465133944084,-3.71980815642149,0.000311003549391471,0.0006907197433903
"ENSG00000239855",-1.08921255012302,-3.6863438332492,0.000349848592661831,0.000767133952806841
"ENSG00000211947",-1.11369925282123,-3.57521021211254,0.000514485060052375,0.00109093534007954
"ENSG00000283378",-1.08069980598635,-3.54283797602046,0.000574781497732948,0.00120509002273715
"ENSG00000286185",-1.22234292663167,-3.47199462196219,0.000730770111023893,0.00149877488856484
"ENSG00000211660",-1.00533844085962,-3.42089766867961,0.000867143987713677,0.00174521991886221
"ENSG00000241755",-1.13481638400277,-3.3843623843813,0.000978942856489449,0.0019489881135646
"ENSG00000243290",-1.03090262736031,-3.17050186450268,0.00195481649978823,0.00364999833710086
"ENSG00000211659",-1.09084257973661,-2.93166201863393,0.00407512557775732,0.00709821688708206
"ENSG00000248672",-1.10690495734508,-2.91371149481272,0.00429937303235868,0.00746191166238924
