"ID","Description","GeneRatio","BgRatio","RichFactor","FoldEnrichment","zScore","pvalue","p.adjust","qvalue","geneID","Count"
"GO:0051607","defense response to virus","89/1051","305/18842",0.291803278688525,5.23135811327229,18.1076933113885,4.23870546705353e-40,1.94302258609734e-36,1.94302258609734e-36,"TRAF3IP3/EIF2AK2/FADD/MORC3/CARD8/MOV10/TBK1/UBE2W/USP18/RSAD2/ZMPSTE24/TRIM6/TRIM5/CXCL10/TLR7/DDX60/IFI16/IFIT3/OAS3/AIM2/RNASEL/STAT2/APOBEC3A/MLKL/PML/IRF9/F2RL1/NT5C3A/APOBEC3F/IL10RB/OAS2/MICB/IFI27/TRIM34/TANK/GBP5/ZC3HAV1/ISG15/AZI2/MYD88/TLR2/IFI44L/RIGI/IRF2/PLSCR1/GBP3/ISG20/STAT1/GBP1/OAS1/SAMHD1/APOBEC3G/TRIM21/TRIM27/IRF7/ZBP1/EXOC1/GBP2/IFI6/BST2/RNF185/IL27/RNF135/IFIT2/PARP9/DDX60L/MX2/CASP1/IFITM3/HERC5/TRIM13/IFITM1/IFIT1/TLR8/SHFL/APOBEC3B/IFIH1/IFIT5/ADAR/NT5C2/TRIM22/DTX3L/OASL/RTP4/MX1/RIPK3/DHX58/TRIM25/PRF1",89
"GO:0009615","response to virus","95/1051","400/18842",0.2375,4.25782588011418,16.0068917811387,1.27580102913259e-34,2.92413595877189e-31,2.92413595877189e-31,"TRAF3IP3/EIF2AK2/FADD/MORC3/CARD8/MOV10/TBK1/UBE2W/USP18/RSAD2/ZMPSTE24/TRIM6/TRIM5/CXCL10/TLR7/ACTA2/IFNGR1/DDX60/IFI16/IFIT3/OAS3/AIM2/RNASEL/STAT2/APOBEC3A/MLKL/PML/IRF9/F2RL1/NT5C3A/APOBEC3F/IL10RB/OAS2/MICB/IFI27/TRIM34/TANK/GBP5/ZC3HAV1/ISG15/AZI2/MYD88/TLR2/IFI44L/RIGI/IRF2/PLSCR1/GBP3/ISG20/STAT1/NMI/GBP1/OAS1/SAMHD1/APOBEC3G/TRIM21/TRIM27/IRF7/ZBP1/EXOC1/GBP2/IFI6/BST2/RNF185/IL27/RNF135/IFIT2/PARP9/DDX60L/MX2/CASP1/IFITM3/HERC5/TRIM13/IFITM1/IFNGR2/IFIT1/TLR8/IFI44/SHFL/APOBEC3B/IFIH1/IFIT5/ADAR/NT5C2/TRIM22/DTX3L/LGALS9/OASL/RTP4/MX1/RIPK3/DHX58/TRIM25/PRF1",95
"GO:0045088","regulation of innate immune response","95/1051","482/18842",0.197095435684647,3.53346546067567,13.6947882478639,7.80323255502864e-28,1.19233393440838e-24,1.19233393440838e-24,"TRAF3IP3/EIF2AK2/CD274/HSPA8/FADD/CARD8/NAIP/NLRC4/TBK1/MEFV/IFI35/PIK3AP1/USP18/RSAD2/RALB/TICAM2/TRIM6/TRIM5/FCGR2B/B2M/TLR7/HLA-E/DDX60/IFI16/NCF1/LAMP2/HSPA1A/OAS3/TLR10/ERBIN/HMGB2/TLR1/AIM2/MARCHF5/STAT2/LILRA4/F2RL1/HCK/LY96/GBP5/MAP2K6/ZC3HAV1/ISG15/CEACAM1/TIFA/MYD88/SLAMF6/TLR2/PRKCE/RIGI/IRF2/PLSCR1/TASL/NMI/OAS1/CD300A/SAMHD1/TRIM21/FPR2/IRF7/ZBP1/TLR4/NCR1/GBP2/RNF185/RNF135/PARP9/CEP63/CASP1/MNDA/PTPN6/TLR5/NAGK/BTK/CLEC4E/LILRA2/FFAR2/TREX1/CR1/SERPING1/TLR8/IFIH1/SH2D1B/RBM47/PARP14/RNF34/NOD2/HSPA1B/TRAFD1/KIR2DL4/LGALS9/OASL/DHX58/TRIM25/ALPK1",95
"GO:0045089","positive regulation of innate immune response","78/1051","396/18842",0.196969696969697,3.53121125623504,12.3730861526883,5.58784328622581e-23,6.40366840601478e-20,6.40366840601478e-20,"TRAF3IP3/EIF2AK2/CD274/HSPA8/FADD/CARD8/NAIP/NLRC4/TBK1/MEFV/IFI35/PIK3AP1/RSAD2/RALB/TICAM2/TRIM6/TRIM5/TLR7/HLA-E/DDX60/IFI16/LAMP2/HSPA1A/OAS3/TLR10/ERBIN/HMGB2/TLR1/AIM2/MARCHF5/LILRA4/F2RL1/HCK/LY96/GBP5/MAP2K6/ZC3HAV1/TIFA/MYD88/SLAMF6/TLR2/PRKCE/RIGI/IRF2/PLSCR1/TASL/NMI/OAS1/CD300A/FPR2/IRF7/ZBP1/TLR4/GBP2/RNF185/RNF135/PARP9/CASP1/MNDA/TLR5/NAGK/BTK/CLEC4E/LILRA2/FFAR2/TREX1/TLR8/IFIH1/SH2D1B/RBM47/RNF34/NOD2/HSPA1B/KIR2DL4/OASL/DHX58/TRIM25/ALPK1",78
"GO:0048525","negative regulation of viral process","33/1051","74/18842",0.445945945945946,7.99477974644483,14.6532533774246,3.31878952468401e-22,3.0426662362303e-19,3.0426662362303e-19,"EIF2AK2/RSAD2/TRIM6/IFI16/FAM111A/OAS3/RNASEL/APOBEC3A/APOBEC3F/OAS2/ZC3HAV1/ISG15/TRIM14/SP100/PLSCR1/ISG20/STAT1/OAS1/APOBEC3G/TRIM21/TRIM27/BST2/IFITM3/TRIM13/IFITM1/IFIT1/ARK2N/SHFL/APOBEC3B/IFIH1/IFIT5/OASL/MX1",33
"GO:0002833","positive regulation of response to biotic stimulus","79/1051","424/18842",0.186320754716981,3.34030034288997,11.8464013762443,1.11813885264103e-21,8.54258083417746e-19,8.54258083417746e-19,"TRAF3IP3/EIF2AK2/CD274/HSPA8/FADD/CARD8/NAIP/NLRC4/TBK1/MEFV/IFI35/PIK3AP1/RSAD2/RALB/TICAM2/TRIM6/TRIM5/TLR7/HLA-E/DDX60/IFI16/LAMP2/HSPA1A/OAS3/TLR10/ERBIN/HMGB2/TLR1/AIM2/MARCHF5/LILRA4/F2RL1/HCK/LY96/GBP5/MAP2K6/ZC3HAV1/TIFA/MYD88/SLAMF6/TLR2/PRKCE/RIGI/IRF2/PLSCR1/TASL/NMI/OAS1/CD300A/FPR2/IRF7/ZBP1/TLR4/GBP2/RNF185/RNF135/PARP9/CASP1/MNDA/TLR5/NAGK/FBXO38/BTK/CLEC4E/LILRA2/FFAR2/TREX1/TLR8/IFIH1/SH2D1B/RBM47/RNF34/NOD2/HSPA1B/KIR2DL4/OASL/DHX58/TRIM25/ALPK1",79
"GO:0050792","regulation of viral process","43/1051","136/18842",0.316176470588235,5.66831309117367,13.2798178283355,1.9226610027119e-21,1.25906829091877e-18,1.25906829091877e-18,"EIF2AK2/RSAD2/TRIM6/TRIM5/PPID/IFI16/FAM111A/OAS3/RNASEL/LAMP3/APOBEC3A/DYNLT1/APOBEC3F/OAS2/ZC3HAV1/ISG15/TRIM14/TSG101/SP100/PLSCR1/ISG20/STAT1/OAS1/APOBEC3G/TRIM21/TRIM27/TRIM38/AXL/BST2/IFITM3/TRIM13/IFITM1/IFIT1/ARK2N/SHFL/APOBEC3B/IFIH1/IFIT5/ADAR/LGALS9/OASL/MX1/TRIM25",43
"GO:0045071","negative regulation of viral genome replication","26/1051","48/18842",0.541666666666667,9.71083095464637,14.6866838474442,1.59702910989977e-20,9.15097679972566e-18,9.15097679972566e-18,"EIF2AK2/RSAD2/TRIM6/IFI16/FAM111A/OAS3/RNASEL/APOBEC3A/APOBEC3F/OAS2/ZC3HAV1/ISG15/PLSCR1/ISG20/OAS1/APOBEC3G/BST2/IFITM3/IFITM1/IFIT1/SHFL/APOBEC3B/IFIH1/IFIT5/OASL/MX1",26
"GO:1903900","regulation of viral life cycle","37/1051","110/18842",0.336363636363636,6.03022229910907,12.8601075047008,1.142614028762e-19,5.40586700672971e-17,5.40586700672971e-17,"EIF2AK2/RSAD2/TRIM6/TRIM5/PPID/IFI16/FAM111A/OAS3/RNASEL/LAMP3/APOBEC3A/APOBEC3F/OAS2/ZC3HAV1/ISG15/TSG101/PLSCR1/ISG20/OAS1/APOBEC3G/TRIM21/TRIM38/AXL/BST2/IFITM3/IFITM1/IFIT1/ARK2N/SHFL/APOBEC3B/IFIH1/IFIT5/ADAR/LGALS9/OASL/MX1/TRIM25",37
"GO:0002218","activation of innate immune response","65/1051","326/18842",0.199386503067485,3.57453900171032,11.3969289880266,1.28926706296809e-19,5.40586700672971e-17,5.40586700672971e-17,"TRAF3IP3/EIF2AK2/CD274/HSPA8/CARD8/NAIP/NLRC4/TBK1/MEFV/IFI35/PIK3AP1/RSAD2/TICAM2/TRIM5/TLR7/DDX60/IFI16/LAMP2/HSPA1A/OAS3/TLR10/ERBIN/TLR1/AIM2/MARCHF5/LILRA4/F2RL1/HCK/LY96/GBP5/MAP2K6/ZC3HAV1/TIFA/MYD88/TLR2/PRKCE/RIGI/IRF2/TASL/NMI/OAS1/CD300A/IRF7/ZBP1/TLR4/GBP2/RNF135/CASP1/MNDA/TLR5/NAGK/BTK/CLEC4E/LILRA2/FFAR2/TREX1/TLR8/IFIH1/RNF34/NOD2/HSPA1B/OASL/DHX58/TRIM25/ALPK1",65
"GO:0002221","pattern recognition receptor signaling pathway","61/1051","291/18842",0.209621993127148,3.75803767317005,11.5243430818439,1.29721939515765e-19,5.40586700672971e-17,5.40586700672971e-17,"TRAF3IP3/EIF2AK2/CD274/HSPA8/CARD8/NAIP/NLRC4/TBK1/MEFV/IFI35/PIK3AP1/RSAD2/TICAM2/TLR7/DDX60/IFI16/LAMP2/HSPA1A/OAS3/TLR10/ERBIN/TLR1/AIM2/MARCHF5/LILRA4/F2RL1/LY96/GBP5/MAP2K6/ZC3HAV1/TIFA/MYD88/TLR2/PRKCE/RIGI/IRF2/TASL/NMI/OAS1/CD300A/IRF7/TLR4/GBP2/RNF135/CASP1/TLR5/NAGK/BTK/CLEC4E/LILRA2/FFAR2/TREX1/TLR8/IFIH1/RNF34/NOD2/HSPA1B/OASL/DHX58/TRIM25/ALPK1",61
"GO:0002758","innate immune response-activating signaling pathway","62/1051","306/18842",0.202614379084967,3.63240735558416,11.2838927967151,3.94113777874774e-19,1.50551463148164e-16,1.50551463148164e-16,"TRAF3IP3/EIF2AK2/CD274/HSPA8/CARD8/NAIP/NLRC4/TBK1/MEFV/IFI35/PIK3AP1/RSAD2/TICAM2/TLR7/DDX60/IFI16/LAMP2/HSPA1A/OAS3/TLR10/ERBIN/TLR1/AIM2/MARCHF5/LILRA4/F2RL1/HCK/LY96/GBP5/MAP2K6/ZC3HAV1/TIFA/MYD88/TLR2/PRKCE/RIGI/IRF2/TASL/NMI/OAS1/CD300A/IRF7/TLR4/GBP2/RNF135/CASP1/TLR5/NAGK/BTK/CLEC4E/LILRA2/FFAR2/TREX1/TLR8/IFIH1/RNF34/NOD2/HSPA1B/OASL/DHX58/TRIM25/ALPK1",62
"GO:0002443","leukocyte mediated immunity","74/1051","429/18842",0.172494172494172,3.09242169185081,10.6553749376329,2.21348171478903e-18,7.4709818708076e-16,7.4709818708076e-16,"CD274/FADD/ADORA3/CYRIB/IL18R1/STXBP3/NBN/RSAD2/FCGR2B/B2M/HLA-E/CD55/LAT2/PRKCZ/PTGDS/IL2RG/ANXA3/GZMB/C1QC/IGHV3-21/F2RL1/BTN3A2/STX7/CX3CR1/CEACAM1/SLAMF6/FCGR3B/RIGI/SANBR/CD300A/IGHV5-51/IGHV3-15/MILR1/IGHV1-3/NCR1/FCGR2A/PTGDR/BST2/HFE/IGHV3-11/BTLA/EXOSC3/IGHV3-30/IGHV3-73/IGHV3-53/KIR3DL1/FCGR1A/FBXO38/BTK/IGHV3-49/IGHV1-24/CR1/TLR8/C2/CHGA/ADAM17/BTN3A3/FUT7/SH2D1B/CCR2/FCGR3A/IGHV1-18/NOD2/SNAP23/CSF2RB/KIR2DL4/LGALS9/IGHV3-23/STAP1/RIPK3/HLA-H/IGHV3-33/PRF1/C5",74
"GO:0001819","positive regulation of cytokine production","81/1051","499/18842",0.162324649298597,2.91010565374326,10.5105546043621,2.28171348584874e-18,7.4709818708076e-16,7.4709818708076e-16,"TRAF3IP3/EIF2AK2/CD274/FADD/CYRIB/CARD8/NAIP/NLRC4/TBK1/MDK/IL18R1/MEFV/C3AR1/RSAD2/TICAM2/TNFRSF8/TRIM6/FCGR2B/B2M/TLR7/HLA-E/CD55/PRKCZ/IFNGR1/IFI16/JAK2/HSPA1A/OAS3/IL18RAP/HMGB2/TLR1/AIM2/F2RL1/BTN3A2/OAS2/LY96/TANK/LILRA5/GBP5/ZC3HAV1/ISG15/MYD88/SLAMF6/TLR2/RIGI/STAT1/OAS1/IRF7/IL16/TLR4/FCGR2A/CYP1B1/IL27/RNF135/NLRP12/ALOX15B/CASP1/TLR5/FCGR1A/BTK/CLEC4E/LILRA2/FFAR2/CD58/PSMB9/TLR8/CREB1/CLEC12A/BTN3A1/ADAM17/IFIH1/CCR2/FCGR3A/RBM47/STAT3/NOD2/HSPA1B/KIR2DL4/LGALS9/DHX58/C5",81
"GO:0140374","antiviral innate immune response","28/1051","73/18842",0.383561643835616,6.87637344733652,12.2265352290484,6.12828660654038e-17,1.87280438695874e-14,1.87280438695874e-14,"TRAF3IP3/EIF2AK2/MORC3/CARD8/TBK1/UBE2W/USP18/TRIM6/CXCL10/IFIT3/OAS3/APOBEC3F/OAS2/RIGI/OAS1/APOBEC3G/TRIM21/TRIM27/ZBP1/RNF135/IFIT2/IFIT1/IFIH1/IFIT5/OASL/MX1/DHX58/TRIM25",28
"GO:0045069","regulation of viral genome replication","28/1051","77/18842",0.363636363636364,6.51915924228008,11.794978564377,3.15539440159282e-16,9.04020496056344e-14,9.04020496056344e-14,"EIF2AK2/RSAD2/TRIM6/PPID/IFI16/FAM111A/OAS3/RNASEL/APOBEC3A/APOBEC3F/OAS2/ZC3HAV1/ISG15/PLSCR1/ISG20/OAS1/APOBEC3G/BST2/IFITM3/IFITM1/IFIT1/SHFL/APOBEC3B/IFIH1/IFIT5/ADAR/OASL/MX1",28
"GO:0002753","cytoplasmic pattern recognition receptor signaling pathway","43/1051","191/18842",0.225130890052356,4.03607633717078,10.250179305261,2.26220757262715e-15,6.09997618407226e-13,6.09997618407226e-13,"TRAF3IP3/EIF2AK2/HSPA8/CARD8/TBK1/MEFV/PIK3AP1/RSAD2/TLR7/DDX60/IFI16/LAMP2/HSPA1A/OAS3/ERBIN/MARCHF5/LILRA4/F2RL1/GBP5/MAP2K6/ZC3HAV1/TIFA/MYD88/RIGI/IRF2/TASL/OAS1/IRF7/TLR4/GBP2/RNF135/NAGK/BTK/TREX1/TLR8/IFIH1/RNF34/NOD2/HSPA1B/OASL/DHX58/TRIM25/ALPK1",43
"GO:0140888","interferon-mediated signaling pathway","31/1051","105/18842",0.295238095238095,5.29293643242264,10.7214180857249,6.65600217177851e-15,1.69506188641293e-12,1.69506188641293e-12,"FADD/TBK1/USP18/TRIM6/IFNGR1/JAK2/OAS3/STAT2/IL10RB/OAS2/HCK/IFI27/TANK/ISG15/AZI2/SP100/MYD88/STAT1/OAS1/SAMHD1/IRF7/ZBP1/RNF185/PARP9/PTPN6/IFITM3/IFITM1/IFNGR2/RBM47/PARP14/OASL",31
"GO:0002449","lymphocyte mediated immunity","57/1051","339/18842",0.168141592920354,3.01439000362066,9.09652432580556,6.13985471898922e-14,1.48132073851824e-11,1.48132073851824e-11,"CD274/FADD/CYRIB/IL18R1/NBN/RSAD2/FCGR2B/B2M/HLA-E/CD55/PRKCZ/IL2RG/GZMB/C1QC/IGHV3-21/BTN3A2/STX7/CEACAM1/SLAMF6/FCGR3B/SANBR/IGHV5-51/IGHV3-15/IGHV1-3/NCR1/FCGR2A/HFE/IGHV3-11/BTLA/EXOSC3/IGHV3-30/IGHV3-73/IGHV3-53/KIR3DL1/FCGR1A/FBXO38/BTK/IGHV3-49/IGHV1-24/CR1/TLR8/C2/BTN3A3/FUT7/SH2D1B/CCR2/FCGR3A/IGHV1-18/CSF2RB/KIR2DL4/LGALS9/IGHV3-23/RIPK3/HLA-H/IGHV3-33/PRF1/C5",57
"GO:0002460","adaptive immune response based on somatic recombination of immune receptors built from immunoglobulin superfamily domains","60/1051","377/18842",0.159151193633952,2.85321293097139,8.83434781862923,1.62439671073335e-13,3.72311726100085e-11,3.72311726100085e-11,"CD274/FADD/CYRIB/IL18R1/NBN/RSAD2/ZBTB16/FCGR2B/B2M/HLA-E/CD55/PRKCZ/IL2RG/IL18RAP/C1QC/IGHV3-21/BTN3A2/STX7/CEACAM1/SLAMF6/FCGR3B/SANBR/IGHV5-51/IGHV3-15/IGHV1-3/TLR4/FCGR2A/HFE/IL27/KLHL6/IGHV3-11/BTLA/EXOSC3/IGHV3-30/IGHV3-73/IGHV3-53/FCGR1A/FBXO38/BTK/IGHV3-49/IGHV1-24/CR1/PSMB9/TLR8/C2/ADAM17/BTN3A3/FUT7/CCR2/FCGR3A/IGHV1-18/STAT3/CSF2RB/LGALS9/IGHV3-23/RIPK3/HLA-H/IGHV3-33/PRF1/C5",60
"GO:0002768","immune response-regulating cell surface receptor signaling pathway","61/1051","392/18842",0.155612244897959,2.78976776248083,8.70351500671838,2.81658552276733e-13,6.1482038268407e-11,6.1482038268407e-11,"CD274/TBK1/C3AR1/IFI35/PIK3AP1/TICAM2/FCGR2B/CMKLR1/KIR2DL1/LAT2/CD38/TLR1/LILRA4/F2RL1/BTN3A2/HCK/LY96/MICB/LILRA5/CEACAM1/BTN2A2/LILRA6/MYD88/TLR2/PRKCE/FCGR3B/PLSCR1/BTNL8/NMI/BTN2A1/GBP1/OAS1/CD300A/KIR3DL2/FPR2/BMX/TLR4/NCR1/FCGR2A/KLHL6/BTLA/MNDA/PTPN6/KIR3DL1/TLR5/FCGR1A/BTK/LILRA2/FFAR2/FYB1/KIR2DL3/CR1/BTN3A1/BTN3A3/PDCD1LG2/FCGR3A/KIR2DL4/RBCK1/STAP1/CLEC2B/FPR1",61
"GO:0034341","response to type II interferon","29/1051","109/18842",0.26605504587156,4.76975183093428,9.59346501624294,9.40208993491805e-13,1.95905364825747e-10,1.95905364825747e-10,"MEFV/GBP4/IFNGR1/JAK2/HCK/GBP5/SP100/TLR2/GBP3/STAT1/GBP1/TRIM21/NUB1/TLR4/GBP2/BST2/PARP9/CASP1/IFITM3/GBP6/IFITM1/IFNGR2/CD58/PSMB9/SHFL/FASLG/PARP14/LGALS9/KYNU",29
"GO:0016032","viral process","59/1051","383/18842",0.154046997389034,2.76170649362909,8.46607302458685,1.08311969446347e-12,2.15870464322633e-10,2.15870464322633e-10,"EIF2AK2/ST3GAL4/RSAD2/TRIM6/TRIM5/PPID/CD55/IFI16/FAM111A/HSPA1A/OAS3/PARP10/EDEM2/RNASEL/LAMP3/APOBEC3A/DYNLT1/APOBEC3F/OAS2/ZC3HAV1/ISG15/TRIM14/TSG101/SP100/MMP24-AS1-EDEM2/PLSCR1/ISG20/STAT1/OAS1/APOBEC3G/TRIM21/TRIM27/IRF7/TRIM38/AXL/BST2/SIGLEC1/PARP9/IFITM3/GTF2B/TRIM13/IFITM1/IFIT1/CR1/MGAT2/ARK2N/SHFL/APOBEC3B/IFIH1/IFIT5/ADAR/CHMP5/HSPA1B/SELPLG/ST6GALNAC2/LGALS9/OASL/MX1/TRIM25",59
"GO:0060337","type I interferon-mediated signaling pathway","24/1051","80/18842",0.3,5.37830637488107,9.53816275961163,5.12720679892426e-12,9.79296498594535e-10,9.79296498594535e-10,"FADD/TBK1/USP18/TRIM6/OAS3/STAT2/OAS2/IFI27/TANK/ISG15/AZI2/SP100/MYD88/STAT1/OAS1/SAMHD1/IRF7/ZBP1/RNF185/PTPN6/IFITM3/IFITM1/RBM47/OASL",24
"GO:0019079","viral genome replication","28/1051","110/18842",0.254545454545455,4.56341146959606,9.11010525133361,7.47262421437714e-12,1.37018037594819e-09,1.37018037594819e-09,"EIF2AK2/RSAD2/TRIM6/PPID/IFI16/FAM111A/OAS3/RNASEL/APOBEC3A/APOBEC3F/OAS2/ZC3HAV1/ISG15/PLSCR1/ISG20/OAS1/APOBEC3G/BST2/IFITM3/IFITM1/IFIT1/SHFL/APOBEC3B/IFIH1/IFIT5/ADAR/OASL/MX1",28
"GO:0060759","regulation of response to cytokine stimulus","37/1051","196/18842",0.188775510204082,3.38430843317346,8.1555035960946,5.34873654834001e-11,9.43023397599638e-09,9.43023397599638e-09,"FADD/CARD8/NAIP/TBK1/USP18/TICAM2/TRIM6/HSPA1A/OAS3/STAT2/F2RL1/TANK/IL1R2/VRK2/ISG15/TLR2/RIGI/OAS1/SAMHD1/TRIM27/CARD16/CASP4/ZBP1/TLR4/AXL/RNF185/PARP9/CASP1/PTPN6/ADAM17/IFIH1/RBM47/PARP14/USP25/HSPA1B/STAP1/IL1RN",37
"GO:0043123","positive regulation of canonical NF-kappaB signal transduction","40/1051","226/18842",0.176991150442478,3.17304210907438,7.98789466973814,7.08961447396573e-11,1.20365899069107e-08,1.20365899069107e-08,"EIF2AK2/FADD/TBK1/TICAM2/TRIM5/LTBR/TLR7/HSPA1A/CFLAR/CLEC4D/F2RL1/ZC3HAV1/CX3CR1/TIFA/MYD88/TLR2/CARD16/TRIM38/TLR4/BST2/C18orf32/SHISA5/CASP1/TNFSF10/TRIM13/BTK/CASP10/TLR8/TNFRSF1A/IFIT5/FASLG/STAT3/NOD2/TNFSF14/TRIM22/HSPA1B/LGALS9/RBCK1/TRIM25/ALPK1",40
"GO:0032479","regulation of type I interferon production","30/1051","137/18842",0.218978102189781,3.92577107655552,8.3536239796158,8.04266892085132e-11,1.27129635631664e-08,1.27129635631664e-08,"TRAF3IP3/MORC3/TBK1/TICAM2/LTBR/TLR7/OAS3/HMGB2/LILRA4/OAS2/TANK/ZC3HAV1/ISG15/MYD88/TLR2/RIGI/IRF2/STAT1/OAS1/TRIM21/TRIM27/IRF7/TLR4/SIGLEC1/RNF135/TLR8/CLEC12A/XAF1/IFIH1/DHX58",30
"GO:0032606","type I interferon production","30/1051","137/18842",0.218978102189781,3.92577107655552,8.3536239796158,8.04266892085132e-11,1.27129635631664e-08,1.27129635631664e-08,"TRAF3IP3/MORC3/TBK1/TICAM2/LTBR/TLR7/OAS3/HMGB2/LILRA4/OAS2/TANK/ZC3HAV1/ISG15/MYD88/TLR2/RIGI/IRF2/STAT1/OAS1/TRIM21/TRIM27/IRF7/TLR4/SIGLEC1/RNF135/TLR8/CLEC12A/XAF1/IFIH1/DHX58",30
"GO:0032760","positive regulation of tumor necrosis factor production","27/1051","116/18842",0.232758620689655,4.17282391154565,8.33116254642409,1.62770276330321e-10,2.4871298223273e-08,2.4871298223273e-08,"FADD/TNFRSF8/FCGR2B/HLA-E/IFNGR1/JAK2/OAS3/TLR1/OAS2/LY96/LILRA5/TLR2/RIGI/OAS1/TLR4/FCGR2A/FCGR1A/BTK/LILRA2/PSMB9/ADAM17/IFIH1/CCR2/FCGR3A/STAT3/NOD2/LGALS9",27
"GO:0019058","viral life cycle","45/1051","284/18842",0.158450704225352,2.84065477546535,7.5965968607988,2.11709531325792e-10,3.13056932773365e-08,3.13056932773365e-08,"EIF2AK2/RSAD2/TRIM6/TRIM5/PPID/CD55/IFI16/FAM111A/HSPA1A/OAS3/RNASEL/LAMP3/APOBEC3A/DYNLT1/APOBEC3F/OAS2/ZC3HAV1/ISG15/TSG101/PLSCR1/ISG20/OAS1/APOBEC3G/TRIM21/TRIM38/AXL/BST2/SIGLEC1/IFITM3/IFITM1/IFIT1/CR1/ARK2N/SHFL/APOBEC3B/IFIH1/IFIT5/ADAR/CHMP5/HSPA1B/SELPLG/LGALS9/OASL/MX1/TRIM25",45
"GO:0032481","positive regulation of type I interferon production","22/1051","80/18842",0.275,4.93011417697431,8.56177377145206,2.59370097238738e-10,3.71547664294492e-08,3.71547664294492e-08,"TRAF3IP3/TBK1/TICAM2/TLR7/OAS3/HMGB2/OAS2/TANK/ZC3HAV1/ISG15/MYD88/TLR2/RIGI/STAT1/OAS1/IRF7/TLR4/RNF135/TLR8/CLEC12A/IFIH1/DHX58",22
"GO:0032728","positive regulation of interferon-beta production","16/1051","42/18842",0.380952380952381,6.82959539667437,9.19257722767676,3.30524318938676e-10,4.4562455235732e-08,4.4562455235732e-08,"TRAF3IP3/TBK1/TLR7/OAS3/HMGB2/OAS2/ZC3HAV1/ISG15/TLR2/RIGI/OAS1/IRF7/TLR4/RNF135/TLR8/IFIH1",16
"GO:0070269","pyroptotic inflammatory response","16/1051","42/18842",0.380952380952381,6.82959539667437,9.19257722767676,3.30524318938676e-10,4.4562455235732e-08,4.4562455235732e-08,"CARD8/NAIP/NLRC4/MEFV/GZMB/AIM2/IFI27/GBP5/GBP3/GBP1/TRIM21/CASP4/ZBP1/GBP2/CASP1/CASP3",16
"GO:0050727","regulation of inflammatory response","58/1051","429/18842",0.135198135198135,2.42378997469388,7.25045819965041,3.50677616163577e-10,4.59287483569668e-08,4.59287483569668e-08,"CARD8/NAIP/NLRC4/TTC1/MDK/IL18R1/MEFV/IFI35/PIK3AP1/USP18/FCGR2B/CMKLR1/ALOX5/TLR7/HLA-E/IFI16/JAK2/NCF1/CST7/AIM2/IL10RB/CASP5/HCK/CCR1/GHRL/IL1R2/LILRA5/GBP5/BST1/MYD88/TLR2/GBP3/NMI/GBP1/FPR2/CASP4/ZBP1/IL16/TLR4/GBP2/NLRP12/CASP1/PTPN6/BTK/FFAR2/TNFAIP8L2/AOAH/CLEC12A/TNFRSF1A/FUT7/CCR2/STAT3/NOD2/TNFSF14/TNFAIP6/STAP1/IL1RN/CASP3",58
"GO:1903557","positive regulation of tumor necrosis factor superfamily cytokine production","27/1051","120/18842",0.225,4.0337297811608,8.10297596011385,3.69369560929641e-10,4.70330574250409e-08,4.70330574250409e-08,"FADD/TNFRSF8/FCGR2B/HLA-E/IFNGR1/JAK2/OAS3/TLR1/OAS2/LY96/LILRA5/TLR2/RIGI/OAS1/TLR4/FCGR2A/FCGR1A/BTK/LILRA2/PSMB9/ADAM17/IFIH1/CCR2/FCGR3A/STAT3/NOD2/LGALS9",27
"GO:0034340","response to type I interferon","27/1051","122/18842",0.221311475409836,3.96760306343685,7.99256095012756,5.48383654157368e-10,6.79402883961453e-08,6.79402883961453e-08,"FADD/TBK1/USP18/TRIM6/OAS3/STAT2/OAS2/IFI27/TANK/ISG15/AZI2/SP100/MYD88/STAT1/OAS1/SAMHD1/IRF7/ZBP1/RNF185/PTPN6/IFITM3/IFITM1/IFIT1/SHFL/RBM47/OASL/MX1",27
"GO:0032731","positive regulation of interleukin-1 beta production","19/1051","63/18842",0.301587301587302,5.40676302236721,8.51543607918486,7.64709231449897e-10,9.22480820254296e-08,9.22480820254296e-08,"CARD8/NAIP/NLRC4/MEFV/IFI16/JAK2/AIM2/F2RL1/LILRA5/GBP5/MYD88/TLR4/NLRP12/CASP1/LILRA2/TLR8/STAT3/NOD2/LGALS9",19
"GO:0071216","cellular response to biotic stimulus","40/1051","245/18842",0.163265306122449,2.92696945571759,7.37886526427902,8.68499840772228e-10,1.02082135130767e-07,1.02082135130767e-07,"CD274/CYRIB/CARD8/IL18R1/TICAM2/TRIM5/B2M/CXCL10/CASP7/CD55/JAK2/TLR10/IL18RAP/HMGB2/TLR1/HCK/LY96/GBP5/CX3CR1/MYD88/TLR2/PRKCE/TXNIP/GBP3/CARD16/TLR4/AXL/GBP2/CD68/CASP1/PTPN6/BTK/LILRA2/TNFRSF1A/PDCD1LG2/NOD2/CHMP5/STAP1/ABCA1/APAF1",40
"GO:0071346","cellular response to type II interferon","20/1051","71/18842",0.28169014084507,5.05005293416063,8.30996743630089,1.05604366758019e-09,1.2102260430469e-07,1.2102260430469e-07,"GBP4/IFNGR1/JAK2/HCK/GBP5/SP100/TLR2/GBP3/STAT1/GBP1/TLR4/GBP2/PARP9/CASP1/GBP6/IFNGR2/CD58/FASLG/PARP14/LGALS9",20
"GO:0035456","response to interferon-beta","14/1051","34/18842",0.411764705882353,7.38198914199362,9.05268407456116,1.26222279275385e-09,1.41122665414235e-07,1.41122665414235e-07,"TRAF3IP3/TRIM6/IFI16/PNPT1/AIM2/PLSCR1/STAT1/OAS1/BST2/MNDA/IFITM3/IFITM1/XAF1/SHFL",14
"GO:0060760","positive regulation of response to cytokine stimulus","19/1051","65/18842",0.292307692307692,5.24040108321745,8.32345555619161,1.38158650713846e-09,1.50790298779112e-07,1.50790298779112e-07,"FADD/TBK1/TICAM2/TRIM6/HSPA1A/TLR2/RIGI/CASP4/ZBP1/TLR4/AXL/RNF185/PARP9/CASP1/ADAM17/IFIH1/RBM47/PARP14/HSPA1B",19
"GO:0002444","myeloid leukocyte mediated immunity","24/1051","104/18842",0.230769230769231,4.13715874990851,7.79730820918931,2.02389664873904e-09,2.13307183587923e-07,2.13307183587923e-07,"ADORA3/STXBP3/FCGR2B/HLA-E/LAT2/PTGDS/ANXA3/F2RL1/CX3CR1/FCGR3B/RIGI/CD300A/MILR1/FCGR2A/PTGDR/FCGR1A/BTK/CHGA/ADAM17/CCR2/FCGR3A/SNAP23/LGALS9/STAP1",24
"GO:0002274","myeloid leukocyte activation","37/1051","222/18842",0.166666666666667,2.98794798604504,7.24177152551507,2.07430453312731e-09,2.13307183587923e-07,2.13307183587923e-07,"ADORA3/PLPP6/STXBP3/IFI35/FCGR2B/LAT2/IFNGR1/PTGDS/JAK2/ANXA3/CST7/TLR1/CLEC4D/F2RL1/CX3CR1/PLSCR1/BATF2/NMI/CD300A/CXCR1/FPR2/MILR1/IL16/TLR4/PTGDR/CXCR2/PTPN6/IFNGR2/BTK/LILRA2/CLEC12A/CHGA/CCR2/FCGR3A/SNAP23/LGALS9/STAP1",37
"GO:0043122","regulation of canonical NF-kappaB signal transduction","47/1051","326/18842",0.144171779141104,2.58466666277515,7.01497759922988,2.09398413208039e-09,2.13307183587923e-07,2.13307183587923e-07,"EIF2AK2/FADD/CARD8/TBK1/TICAM2/TRIM5/LTBR/TLR7/HSPA1A/CFLAR/PARP10/CLEC4D/F2RL1/TANK/ZC3HAV1/CX3CR1/AZI2/TIFA/MYD88/TLR2/STAT1/CARD16/USP10/TRIM38/TLR4/BST2/C18orf32/SHISA5/NLRP12/CASP1/TNFSF10/TRIM13/BTK/CASP10/TLR8/TNFRSF1A/IFIT5/FASLG/STAT3/NOD2/TNFSF14/TRIM22/HSPA1B/LGALS9/RBCK1/TRIM25/ALPK1",47
"GO:0001959","regulation of cytokine-mediated signaling pathway","33/1051","184/18842",0.179347826086957,3.21529185454846,7.33939853271539,2.29964507444209e-09,2.25033030896538e-07,2.25033030896538e-07,"FADD/CARD8/NAIP/TBK1/USP18/TICAM2/TRIM6/HSPA1A/OAS3/STAT2/F2RL1/TANK/IL1R2/VRK2/ISG15/OAS1/SAMHD1/TRIM27/CARD16/CASP4/ZBP1/AXL/RNF185/PARP9/CASP1/PTPN6/ADAM17/RBM47/PARP14/USP25/HSPA1B/STAP1/IL1RN",33
"GO:0032732","positive regulation of interleukin-1 production","20/1051","74/18842",0.27027027027027,4.84532105845141,8.05550222159231,2.35196924408727e-09,2.25033030896538e-07,2.25033030896538e-07,"CARD8/NAIP/NLRC4/MEFV/IFI16/JAK2/AIM2/F2RL1/LILRA5/GBP5/MYD88/IL16/TLR4/NLRP12/CASP1/LILRA2/TLR8/STAT3/NOD2/LGALS9",20
"GO:0071219","cellular response to molecule of bacterial origin","37/1051","223/18842",0.165919282511211,2.97454911615246,7.20933737460656,2.35636681567056e-09,2.25033030896538e-07,2.25033030896538e-07,"CD274/CYRIB/CARD8/IL18R1/TICAM2/TRIM5/B2M/CXCL10/CASP7/CD55/JAK2/TLR10/IL18RAP/HMGB2/TLR1/HCK/LY96/GBP5/CX3CR1/MYD88/TLR2/PRKCE/GBP3/CARD16/TLR4/AXL/GBP2/CD68/CASP1/PTPN6/LILRA2/TNFRSF1A/PDCD1LG2/NOD2/CHMP5/STAP1/ABCA1",37
"GO:0050729","positive regulation of inflammatory response","31/1051","166/18842",0.186746987951807,3.34794171930347,7.38503532435906,2.54729337922266e-09,2.38301894905238e-07,2.38301894905238e-07,"CARD8/NAIP/NLRC4/TTC1/MDK/IFI35/TLR7/HLA-E/AIM2/CASP5/CCR1/LILRA5/GBP5/TLR2/GBP3/NMI/GBP1/CASP4/ZBP1/IL16/TLR4/GBP2/NLRP12/CASP1/BTK/FFAR2/TNFRSF1A/CCR2/STAT3/STAP1/CASP3",31
"GO:0002832","negative regulation of response to biotic stimulus","27/1051","131/18842",0.206106870229008,3.69501964686485,7.52319358234564,2.90978119211271e-09,2.66768739692893e-07,2.66768739692893e-07,"CD274/CARD8/USP18/HLA-E/IFI16/OAS3/STAT2/MICB/ISG15/CEACAM1/NMI/OAS1/SAMHD1/TRIM21/CARD16/CEP63/PTPN6/LILRA2/TREX1/CR1/SERPING1/NT5C2/PARP14/TRAFD1/KIR2DL4/LGALS9/DHX58",27
"GO:0002237","response to molecule of bacterial origin","46/1051","319/18842",0.144200626959248,2.58518383745589,6.94020768297137,3.087187556912e-09,2.77483681585973e-07,2.77483681585973e-07,"CD274/CYRIB/CARD8/IL18R1/TICAM2/TRIM6/TRIM5/B2M/CXCL10/CASP7/CD55/JAK2/TLR10/IL18RAP/ERBIN/HMGB2/TLR1/HCK/LY96/GBP5/CX3CR1/MYD88/TLR2/PRKCE/GBP3/SLC22A4/CARD16/TLR4/AXL/GBP2/CD68/CASP1/PTPN6/BTK/LILRA2/TNFRSF1A/ADAM17/PDCD1LG2/FASLG/NOD2/CHMP5/CSF2RB/LGALS9/STAP1/ABCA1/CASP3",46
"GO:0071357","cellular response to type I interferon","25/1051","116/18842",0.21551724137931,3.86372584402375,7.51953658951556,4.25295307055987e-09,3.74914170681662e-07,3.74914170681662e-07,"FADD/TBK1/USP18/TRIM6/OAS3/STAT2/OAS2/IFI27/TANK/ISG15/AZI2/SP100/MYD88/STAT1/OAS1/SAMHD1/IRF7/ZBP1/RNF185/PTPN6/IFITM3/IFITM1/IFIT1/RBM47/OASL",25
"GO:0032496","response to lipopolysaccharide","44/1051","302/18842",0.145695364238411,2.61198102091354,6.86375358812884,4.93313462153296e-09,4.26669605756737e-07,4.26669605756737e-07,"CD274/CARD8/IL18R1/TICAM2/TRIM6/TRIM5/B2M/CXCL10/CASP7/CD55/JAK2/IL18RAP/ERBIN/HMGB2/TLR1/HCK/LY96/GBP5/CX3CR1/MYD88/TLR2/PRKCE/GBP3/SLC22A4/CARD16/TLR4/AXL/GBP2/CD68/CASP1/PTPN6/BTK/LILRA2/TNFRSF1A/ADAM17/PDCD1LG2/FASLG/NOD2/CHMP5/CSF2RB/LGALS9/STAP1/ABCA1/CASP3",44
"GO:0002429","immune response-activating cell surface receptor signaling pathway","47/1051","336/18842",0.139880952380952,2.50774205971637,6.77787511835966,5.63094313681421e-09,4.69661044090564e-07,4.69661044090564e-07,"CD274/TBK1/C3AR1/IFI35/PIK3AP1/TICAM2/FCGR2B/CMKLR1/LAT2/CD38/TLR1/F2RL1/BTN3A2/HCK/LY96/MICB/CEACAM1/BTN2A2/MYD88/TLR2/PRKCE/PLSCR1/BTNL8/NMI/BTN2A1/GBP1/OAS1/CD300A/FPR2/BMX/TLR4/KLHL6/MNDA/PTPN6/TLR5/BTK/LILRA2/FFAR2/FYB1/CR1/BTN3A1/BTN3A3/PDCD1LG2/RBCK1/STAP1/CLEC2B/FPR1",47
"GO:0071222","cellular response to lipopolysaccharide","35/1051","210/18842",0.166666666666667,2.98794798604504,7.0410605587086,5.63511287630476e-09,4.69661044090564e-07,4.69661044090564e-07,"CD274/CARD8/IL18R1/TICAM2/TRIM5/B2M/CXCL10/CASP7/CD55/JAK2/IL18RAP/HMGB2/TLR1/HCK/LY96/GBP5/CX3CR1/MYD88/TLR2/PRKCE/GBP3/CARD16/TLR4/AXL/GBP2/CD68/CASP1/PTPN6/LILRA2/TNFRSF1A/PDCD1LG2/NOD2/CHMP5/STAP1/ABCA1",35
"GO:0016064","immunoglobulin mediated immune response","31/1051","172/18842",0.180232558139535,3.23115305467661,7.14454508043325,6.19763737670382e-09,5.07320888121613e-07,5.07320888121613e-07,"NBN/FCGR2B/HLA-E/CD55/IL2RG/C1QC/IGHV3-21/FCGR3B/SANBR/IGHV5-51/IGHV3-15/IGHV1-3/FCGR2A/IGHV3-11/EXOSC3/IGHV3-30/IGHV3-73/IGHV3-53/FCGR1A/BTK/IGHV3-49/IGHV1-24/CR1/TLR8/C2/FCGR3A/IGHV1-18/CSF2RB/IGHV3-23/IGHV3-33/C5",31
"GO:0007249","canonical NF-kappaB signal transduction","47/1051","339/18842",0.138643067846608,2.48554965210826,6.70840230705373,7.50437628272397e-09,6.03509840000117e-07,6.03509840000117e-07,"EIF2AK2/FADD/CARD8/TBK1/TICAM2/TRIM5/LTBR/TLR7/HSPA1A/CFLAR/PARP10/CLEC4D/F2RL1/TANK/ZC3HAV1/CX3CR1/AZI2/TIFA/MYD88/TLR2/STAT1/CARD16/USP10/TRIM38/TLR4/BST2/C18orf32/SHISA5/NLRP12/CASP1/TNFSF10/TRIM13/BTK/CASP10/TLR8/TNFRSF1A/IFIT5/FASLG/STAT3/NOD2/TNFSF14/TRIM22/HSPA1B/LGALS9/RBCK1/TRIM25/ALPK1",47
"GO:0032608","interferon-beta production","17/1051","58/18842",0.293103448275862,5.25466714787231,7.88748778858671,9.69291185462816e-09,7.53089965112127e-07,7.53089965112127e-07,"TRAF3IP3/MORC3/TBK1/TLR7/OAS3/HMGB2/OAS2/ZC3HAV1/ISG15/TLR2/RIGI/OAS1/IRF7/TLR4/RNF135/TLR8/IFIH1",17
"GO:0032648","regulation of interferon-beta production","17/1051","58/18842",0.293103448275862,5.25466714787231,7.88748778858671,9.69291185462816e-09,7.53089965112127e-07,7.53089965112127e-07,"TRAF3IP3/MORC3/TBK1/TLR7/OAS3/HMGB2/OAS2/ZC3HAV1/ISG15/TLR2/RIGI/OAS1/IRF7/TLR4/RNF135/TLR8/IFIH1",17
"GO:0030522","intracellular receptor signaling pathway","52/1051","399/18842",0.130325814536341,2.33644053044123,6.55803085649932,1.03094619140762e-08,7.87642890235418e-07,7.87642890235418e-07,"TRAF3IP3/EIF2AK2/HSPA8/CARD8/TBK1/MEFV/PIK3AP1/RNF6/RSAD2/TLR7/DDX60/IFI16/JAK2/LAMP2/HSPA1A/OAS3/ERBIN/MARCHF5/LILRA4/F2RL1/GBP5/MAP2K6/ZC3HAV1/TIFA/SP100/MYD88/DAXX/RIGI/IRF2/TASL/OAS1/IRF7/TLR4/GBP2/RNF135/ALOX15B/TRIM68/NAGK/BTK/TREX1/TLR8/TRIP4/IFIH1/RNF34/STAT3/NOD2/HSPA1B/AKR1C3/OASL/DHX58/TRIM25/ALPK1",52
"GO:0032611","interleukin-1 beta production","24/1051","113/18842",0.212389380530973,3.80765053088925,7.27575606383716,1.17390090772491e-08,8.67929316292092e-07,8.67929316292092e-07,"CARD8/NAIP/NLRC4/MEFV/IFI16/JAK2/AIM2/PML/F2RL1/GHRL/IL1R2/LILRA5/GBP5/CX3CR1/MYD88/CARD16/TLR4/NLRP12/CASP1/LILRA2/TLR8/STAT3/NOD2/LGALS9",24
"GO:0032651","regulation of interleukin-1 beta production","24/1051","113/18842",0.212389380530973,3.80765053088925,7.27575606383716,1.17390090772491e-08,8.67929316292092e-07,8.67929316292092e-07,"CARD8/NAIP/NLRC4/MEFV/IFI16/JAK2/AIM2/PML/F2RL1/GHRL/IL1R2/LILRA5/GBP5/CX3CR1/MYD88/CARD16/TLR4/NLRP12/CASP1/LILRA2/TLR8/STAT3/NOD2/LGALS9",24
"GO:0031348","negative regulation of defense response","43/1051","300/18842",0.143333333333333,2.56963526799873,6.66092034602923,1.2094648238623e-08,8.80029643267425e-07,8.80029643267425e-07,"MDK/IL18R1/MEFV/USP18/FCGR2B/ALOX5/HLA-E/IFI16/OAS3/CST7/STAT2/IL10RB/HCK/MICB/GHRL/IL1R2/ISG15/CEACAM1/NMI/OAS1/SAMHD1/TRIM21/FPR2/NLRP12/CEP63/PTPN6/TREX1/CR1/TNFAIP8L2/SERPING1/AOAH/CLEC12A/TNFRSF1A/NT5C2/PARP14/STAT3/TNFSF14/TRAFD1/KIR2DL4/LGALS9/TNFAIP6/DHX58/IL1RN",43
"GO:0019724","B cell mediated immunity","31/1051","177/18842",0.175141242937853,3.1398775446575,6.95207918917732,1.25544765990555e-08,8.92513182657839e-07,8.92513182657839e-07,"NBN/FCGR2B/HLA-E/CD55/IL2RG/C1QC/IGHV3-21/FCGR3B/SANBR/IGHV5-51/IGHV3-15/IGHV1-3/FCGR2A/IGHV3-11/EXOSC3/IGHV3-30/IGHV3-73/IGHV3-53/FCGR1A/BTK/IGHV3-49/IGHV1-24/CR1/TLR8/C2/FCGR3A/IGHV1-18/CSF2RB/IGHV3-23/IGHV3-33/C5",31
"GO:0032757","positive regulation of interleukin-8 production","18/1051","66/18842",0.272727272727273,4.88936943171006,7.69312482227914,1.265561886404e-08,8.92513182657839e-07,8.92513182657839e-07,"FADD/TLR7/HSPA1A/TLR1/F2RL1/MYD88/TLR2/RIGI/TLR4/TLR5/LILRA2/FFAR2/CD58/TLR8/STAT3/NOD2/HSPA1B/LGALS9",18
"GO:0032612","interleukin-1 production","26/1051","133/18842",0.195488721804511,3.50466079566185,7.04535050333113,1.8183174619584e-08,1.2440548127787e-06,1.2440548127787e-06,"CARD8/NAIP/NLRC4/MEFV/IFI16/JAK2/AIM2/PML/F2RL1/GHRL/IL1R2/LILRA5/GBP5/CX3CR1/CEACAM1/MYD88/CARD16/IL16/TLR4/NLRP12/CASP1/LILRA2/TLR8/STAT3/NOD2/LGALS9",26
"GO:0032652","regulation of interleukin-1 production","26/1051","133/18842",0.195488721804511,3.50466079566185,7.04535050333113,1.8183174619584e-08,1.2440548127787e-06,1.2440548127787e-06,"CARD8/NAIP/NLRC4/MEFV/IFI16/JAK2/AIM2/PML/F2RL1/GHRL/IL1R2/LILRA5/GBP5/CX3CR1/CEACAM1/MYD88/CARD16/IL16/TLR4/NLRP12/CASP1/LILRA2/TLR8/STAT3/NOD2/LGALS9",26
"GO:0045824","negative regulation of innate immune response","21/1051","94/18842",0.223404255319149,4.00512176852845,7.09907364935213,3.75921355035251e-08,2.53415219335528e-06,2.53415219335528e-06,"USP18/HLA-E/IFI16/OAS3/STAT2/ISG15/CEACAM1/NMI/OAS1/SAMHD1/TRIM21/CEP63/PTPN6/TREX1/CR1/SERPING1/PARP14/TRAFD1/KIR2DL4/LGALS9/DHX58",21
"GO:0071706","tumor necrosis factor superfamily cytokine production","32/1051","196/18842",0.163265306122449,2.92696945571759,6.59118011202619,4.17333048239982e-08,2.73293527590297e-06,2.73293527590297e-06,"CD274/FADD/TNFRSF8/FCGR2B/HLA-E/IFNGR1/JAK2/OAS3/TLR1/LILRA4/OAS2/LY96/GHRL/LILRA5/CX3CR1/TLR2/RIGI/OAS1/TLR4/FCGR2A/PTPN6/FCGR1A/BTK/LILRA2/PSMB9/ADAM17/IFIH1/CCR2/FCGR3A/STAT3/NOD2/LGALS9",32
"GO:1903555","regulation of tumor necrosis factor superfamily cytokine production","32/1051","196/18842",0.163265306122449,2.92696945571759,6.59118011202619,4.17333048239982e-08,2.73293527590297e-06,2.73293527590297e-06,"CD274/FADD/TNFRSF8/FCGR2B/HLA-E/IFNGR1/JAK2/OAS3/TLR1/LILRA4/OAS2/LY96/GHRL/LILRA5/CX3CR1/TLR2/RIGI/OAS1/TLR4/FCGR2A/PTPN6/FCGR1A/BTK/LILRA2/PSMB9/ADAM17/IFIH1/CCR2/FCGR3A/STAT3/NOD2/LGALS9",32
"GO:0002703","regulation of leukocyte mediated immunity","34/1051","219/18842",0.155251141552511,2.78329401439812,6.45168775679155,5.70568197089646e-08,3.68378114853372e-06,3.68378114853372e-06,"CD274/FADD/ADORA3/CYRIB/IL18R1/RSAD2/FCGR2B/B2M/HLA-E/CD55/PRKCZ/F2RL1/STX7/CX3CR1/CEACAM1/SLAMF6/RIGI/CD300A/NCR1/BST2/HFE/BTLA/FBXO38/BTK/CR1/FUT7/SH2D1B/CCR2/NOD2/KIR2DL4/LGALS9/STAP1/RIPK3/HLA-H",34
"GO:0032640","tumor necrosis factor production","31/1051","191/18842",0.162303664921466,2.90972945237894,6.44748917270745,7.77790975911521e-08,4.88410114188824e-06,4.88410114188824e-06,"FADD/TNFRSF8/FCGR2B/HLA-E/IFNGR1/JAK2/OAS3/TLR1/LILRA4/OAS2/LY96/GHRL/LILRA5/CX3CR1/TLR2/RIGI/OAS1/TLR4/FCGR2A/PTPN6/FCGR1A/BTK/LILRA2/PSMB9/ADAM17/IFIH1/CCR2/FCGR3A/STAT3/NOD2/LGALS9",31
"GO:0032680","regulation of tumor necrosis factor production","31/1051","191/18842",0.162303664921466,2.90972945237894,6.44748917270745,7.77790975911521e-08,4.88410114188824e-06,4.88410114188824e-06,"FADD/TNFRSF8/FCGR2B/HLA-E/IFNGR1/JAK2/OAS3/TLR1/LILRA4/OAS2/LY96/GHRL/LILRA5/CX3CR1/TLR2/RIGI/OAS1/TLR4/FCGR2A/PTPN6/FCGR1A/BTK/LILRA2/PSMB9/ADAM17/IFIH1/CCR2/FCGR3A/STAT3/NOD2/LGALS9",31
"GO:0043299","leukocyte degranulation","18/1051","74/18842",0.243243243243243,4.36078895260627,7.04046358223349,8.7847525243291e-08,5.44179805020603e-06,5.44179805020603e-06,"ADORA3/STXBP3/FCGR2B/LAT2/PTGDS/ANXA3/F2RL1/HCK/CEACAM1/CD300A/MILR1/PTGDR/BTK/CHGA/CCR2/FCGR3A/SNAP23/LGALS9",18
"GO:0062208","positive regulation of pattern recognition receptor signaling pathway","19/1051","82/18842",0.231707317073171,4.15397646840407,6.95668134824252,8.95054087588673e-08,5.47057058334197e-06,5.47057058334197e-06,"IFI35/RSAD2/TICAM2/DDX60/HSPA1A/TLR1/MARCHF5/F2RL1/GBP5/ZC3HAV1/MYD88/TASL/TLR4/GBP2/NAGK/BTK/HSPA1B/OASL/DHX58",19
"GO:0039531","regulation of cytoplasmic pattern recognition receptor signaling pathway","25/1051","135/18842",0.185185185185185,3.31994220671671,6.5749905077516,1.0373655031696e-07,6.25695192964402e-06,6.25695192964402e-06,"EIF2AK2/HSPA8/CARD8/MEFV/RSAD2/DDX60/IFI16/LAMP2/HSPA1A/ERBIN/MARCHF5/LILRA4/F2RL1/GBP5/ZC3HAV1/MYD88/TASL/TLR4/GBP2/NAGK/BTK/TREX1/HSPA1B/OASL/DHX58",25
"GO:0032609","type II interferon production","23/1051","117/18842",0.196581196581197,3.52424634251466,6.65682141778249,1.07296106798587e-07,6.3057096610862e-06,6.3057096610862e-06,"CD274/FADD/CYRIB/IL18R1/TLR7/IL18RAP/F2RL1/BTN3A2/ISG15/SLAMF6/LGALS9C/TLR4/AXL/IL27/CR1/PSMB9/TLR8/BTN3A1/CCR2/PDCD1LG2/TNFSF14/LGALS9/RIPK3",23
"GO:0032649","regulation of type II interferon production","23/1051","117/18842",0.196581196581197,3.52424634251466,6.65682141778249,1.07296106798587e-07,6.3057096610862e-06,6.3057096610862e-06,"CD274/FADD/CYRIB/IL18R1/TLR7/IL18RAP/F2RL1/BTN3A2/ISG15/SLAMF6/LGALS9C/TLR4/AXL/IL27/CR1/PSMB9/TLR8/BTN3A1/CCR2/PDCD1LG2/TNFSF14/LGALS9/RIPK3",23
"GO:0062207","regulation of pattern recognition receptor signaling pathway","31/1051","195/18842",0.158974358974359,2.85004269438142,6.31171999550306,1.26122449657288e-07,7.31829505353175e-06,7.31829505353175e-06,"EIF2AK2/HSPA8/CARD8/MEFV/IFI35/RSAD2/TICAM2/DDX60/IFI16/LAMP2/HSPA1A/ERBIN/TLR1/MARCHF5/LILRA4/F2RL1/GBP5/ZC3HAV1/MYD88/TASL/CD300A/IRF7/TLR4/GBP2/NAGK/BTK/LILRA2/TREX1/HSPA1B/OASL/DHX58",31
"GO:0070106","interleukin-27-mediated signaling pathway","7/1051","10/18842",0.7,12.5493815413892,8.87899188362966,1.70442053340098e-07,9.76632965638761e-06,9.76632965638761e-06,"OAS3/OAS2/STAT1/OAS1/IL27/OASL/MX1",7
"GO:0060338","regulation of type I interferon-mediated signaling pathway","13/1051","41/18842",0.317073170731707,5.68438885150031,7.2980619457897,1.91781540947274e-07,1.08534146136087e-05,1.08534146136087e-05,"FADD/TBK1/USP18/TRIM6/OAS3/STAT2/ISG15/OAS1/SAMHD1/ZBP1/RNF185/PTPN6/RBM47",13
"GO:0032102","negative regulation of response to external stimulus","50/1051","416/18842",0.120192307692308,2.15477018224402,5.78868404976444,2.59359922361568e-07,1.44988522451881e-05,1.44988522451881e-05,"CARD8/MDK/IL18R1/MEFV/USP18/FCGR2B/ALOX5/HLA-E/PTEN/IFI16/OAS3/CST7/STAT2/IL10RB/HCK/MICB/GHRL/IL1R2/ISG15/CEACAM1/NMI/OAS1/SAMHD1/TRIM21/FPR2/CARD16/FAP/NLRP12/CEP63/PTPN6/LILRA2/TREX1/CR1/TNFAIP8L2/SERPING1/AOAH/CLEC12A/TNFRSF1A/NT5C2/PARP14/STAT3/TNFSF14/TRAFD1/KIR2DL4/LGALS9/TNFAIP6/STAP1/DHX58/IL1RN/C5",50
"GO:0002456","T cell mediated immunity","23/1051","124/18842",0.185483870967742,3.32529695221141,6.31411803775389,3.23135002121432e-07,1.7846395779815e-05,1.7846395779815e-05,"CD274/FADD/CYRIB/IL18R1/RSAD2/FCGR2B/B2M/HLA-E/CD55/PRKCZ/BTN3A2/STX7/CEACAM1/HFE/BTLA/FBXO38/CR1/BTN3A3/FUT7/CCR2/RIPK3/HLA-H/PRF1",23
"GO:0002275","myeloid cell activation involved in immune response","19/1051","90/18842",0.211111111111111,3.78473411565705,6.43627135640901,4.26505952310666e-07,2.32750391118106e-05,2.32750391118106e-05,"ADORA3/STXBP3/IFI35/LAT2/PTGDS/ANXA3/F2RL1/CX3CR1/NMI/CD300A/MILR1/PTGDR/PTPN6/BTK/LILRA2/CHGA/CCR2/SNAP23/LGALS9",19
"GO:0001961","positive regulation of cytokine-mediated signaling pathway","15/1051","58/18842",0.258620689655172,4.6364710128285,6.74144879266951,4.40803759349179e-07,2.37722874453722e-05,2.37722874453722e-05,"FADD/TBK1/TICAM2/TRIM6/HSPA1A/CASP4/ZBP1/AXL/RNF185/PARP9/CASP1/ADAM17/RBM47/PARP14/HSPA1B",15
"GO:0035455","response to interferon-alpha","9/1051","20/18842",0.45,8.0674595623216,7.68596846991019,4.85296536875515e-07,2.58674340120624e-05,2.58674340120624e-05,"EIF2AK2/LAMP3/OAS1/AXL/BST2/MX2/IFITM3/IFITM1/ADAR",9
"GO:0050688","regulation of defense response to virus","15/1051","60/18842",0.25,4.48192197906755,6.56563741824775,7.09535782229844e-07,3.73851956981794e-05,3.73851956981794e-05,"ZMPSTE24/TRIM6/AIM2/PML/APOBEC3F/MICB/RIGI/STAT1/APOBEC3G/IL27/PARP9/HERC5/NT5C2/TRIM22/DTX3L",15
"GO:0002697","regulation of immune effector process","43/1051","347/18842",0.123919308357349,2.2215866870306,5.58232366753904,7.82715836615933e-07,4.04847648949448e-05,4.04847648949448e-05,"CD274/FADD/ADORA3/CYRIB/IL18R1/RSAD2/TRIM6/FCGR2B/B2M/HLA-E/CD55/PRKCZ/DDX60/NCF1/F2RL1/STX7/CX3CR1/CEACAM1/SLAMF6/RIGI/CD300A/NCR1/BST2/HFE/IL27/BTLA/PTPN6/FBXO38/BTK/FFAR2/CR1/SERPING1/C2/FUT7/SH2D1B/CCR2/NOD2/KIR2DL4/LGALS9/STAP1/RIPK3/DHX58/HLA-H",43
"GO:0002524","hypersensitivity","8/1051","16/18842",0.5,8.96384395813511,7.74563199194758,7.86026194513545e-07,4.04847648949448e-05,4.04847648949448e-05,"FCGR2B/HLA-E/FCGR3B/FCGR2A/FCGR1A/BTK/FUT7/FCGR3A",8
"GO:0050777","negative regulation of immune response","30/1051","202/18842",0.148514851485149,2.66252790835696,5.77397405510179,8.96167832379705e-07,4.56448149292063e-05,4.56448149292063e-05,"CD274/USP18/FCGR2B/HLA-E/CD55/IFI16/OAS3/STAT2/HCK/ISG15/CEACAM1/NMI/OAS1/CD300A/SAMHD1/TRIM21/HFE/BTLA/CEP63/PTPN6/TREX1/CR1/SERPING1/CLEC12A/CCR2/PARP14/TRAFD1/KIR2DL4/LGALS9/DHX58",30
"GO:0002366","leukocyte activation involved in immune response","36/1051","274/18842",0.131386861313869,2.35546264593331,5.49330135361582,1.56086099670697e-06,7.86262286692832e-05,7.86262286692832e-05,"ADORA3/MDK/IL18R1/STXBP3/NBN/IFI35/FCGR2B/LAT2/PRKCZ/PTGDS/ANXA3/IL18RAP/F2RL1/CX3CR1/CEACAM1/SLAMF6/GAPT/NMI/SANBR/CD300A/MILR1/PTGDR/IL27/EXOSC3/PTPN6/BTK/LILRA2/CR1/PSMB9/CHGA/SH2D1B/CCR2/FCGR3A/STAT3/SNAP23/LGALS9",36
"GO:0042742","defense response to bacterium","40/1051","322/18842",0.124223602484472,2.22704197717642,5.39784013146241,1.77256146131932e-06,8.83198015074758e-05,8.83198015074758e-05,"NAIP/NLRC4/IL18R1/GBP4/B2M/HLA-E/H2BC6/OAS3/ANXA3/IL18RAP/HMGB2/APOL1/H2BC21/F2RL1/H2BC4/OAS2/GBP5/ISG15/RNF213/MYD88/TLR2/GBP3/GBP1/OAS1/FPR2/CASP4/TLR4/GBP2/CASP1/GBP6/NAGK/H2BC7/RNASE1/H2BC17/CHGA/ADAM17/H2BC18/H2BC5/NOD2/RBCK1",40
"GO:0042119","neutrophil activation","12/1051","42/18842",0.285714285714286,5.12219654750578,6.50021271325737,1.98333812008913e-06,9.67193823668999e-05,9.67193823668999e-05,"PLPP6/STXBP3/FCGR2B/ANXA3/F2RL1/CD300A/CXCR1/IL16/CXCR2/PTPN6/LILRA2/CLEC12A",12
"GO:0050691","regulation of defense response to virus by host","12/1051","42/18842",0.285714285714286,5.12219654750578,6.50021271325737,1.98333812008913e-06,9.67193823668999e-05,9.67193823668999e-05,"TRIM6/AIM2/PML/APOBEC3F/MICB/RIGI/STAT1/APOBEC3G/PARP9/NT5C2/TRIM22/DTX3L",12
"GO:0051656","establishment of organelle localization","44/1051","372/18842",0.118279569892473,2.12047921590293,5.30511717002861,2.0748941662084e-06,0.000100119103767361,0.000100119103767361,"ADORA3/STXBP3/KPNB1/BICDL2/BTBD8/LAT2/SDCBP/PTGDS/TRIP11/PDCD10/TOR1A/BLOC1S5/MKKS/XPO1/DYNLT1/ARMCX3/EXOC7/STARD3NL/ARMCX6/LIN7A/TSG101/KLHL12/LMNB1/CD300A/CLN3/MILR1/EXOC1/PTGDR/SPG11/MX2/RHOT1/PDZD11/CEP19/BBS4/BTK/NDC80/CHGA/UBXN2B/TRAPPC6B/SNAP23/LGALS9/MX1/AP1M2/COPG1",44
"GO:0002709","regulation of T cell mediated immunity","19/1051","100/18842",0.19,3.40626070409134,5.86391768130897,2.31342232687429e-06,0.000110465916108247,0.000110465916108247,"CD274/FADD/CYRIB/IL18R1/RSAD2/FCGR2B/B2M/HLA-E/CD55/PRKCZ/STX7/CEACAM1/HFE/BTLA/FBXO38/FUT7/CCR2/RIPK3/HLA-H",19
"GO:0002263","cell activation involved in immune response","36/1051","279/18842",0.129032258064516,2.31325005371229,5.37128998272025,2.39242255552374e-06,0.000111896769814401,0.000111896769814401,"ADORA3/MDK/IL18R1/STXBP3/NBN/IFI35/FCGR2B/LAT2/PRKCZ/PTGDS/ANXA3/IL18RAP/F2RL1/CX3CR1/CEACAM1/SLAMF6/GAPT/NMI/SANBR/CD300A/MILR1/PTGDR/IL27/EXOSC3/PTPN6/BTK/LILRA2/CR1/PSMB9/CHGA/SH2D1B/CCR2/FCGR3A/STAT3/SNAP23/LGALS9",36
"GO:0002706","regulation of lymphocyte mediated immunity","26/1051","169/18842",0.153846153846154,2.75810583327234,5.58000350268495,2.41605119075927e-06,0.000111896769814401,0.000111896769814401,"CD274/FADD/CYRIB/IL18R1/RSAD2/FCGR2B/B2M/HLA-E/CD55/PRKCZ/STX7/CEACAM1/SLAMF6/NCR1/HFE/BTLA/FBXO38/BTK/CR1/FUT7/SH2D1B/CCR2/KIR2DL4/LGALS9/RIPK3/HLA-H",26
"GO:0036230","granulocyte activation","13/1051","50/18842",0.26,4.66119885823026,6.30049935576708,2.41661871981363e-06,0.000111896769814401,0.000111896769814401,"PLPP6/STXBP3/FCGR2B/ANXA3/F2RL1/CD300A/CXCR1/IL16/CXCR2/PTPN6/LILRA2/CLEC12A/CCR2",13
"GO:0071260","cellular response to mechanical stimulus","16/1051","74/18842",0.216216216216216,3.87625684676113,6.02542494287467,2.46796476960042e-06,0.000113131505038483,0.000113131505038483,"FADD/TNFRSF8/LTBR/TLR7/FAS/CASP5/MYD88/TLR4/CASP1/BAK1/KCNJ2/TLR5/GAB1/TLR8/TNFRSF1A/TNFSF14",16
"GO:0031663","lipopolysaccharide-mediated signaling pathway","14/1051","58/18842",0.241379310344828,4.3273729453066,6.16842929471091,2.61507835388066e-06,0.000118688308655336,0.000118688308655336,"CARD8/TICAM2/TRIM5/CD55/JAK2/TLR1/HCK/LY96/TLR2/PRKCE/CARD16/TLR4/PTPN6/LILRA2",14
"GO:0001776","leukocyte homeostasis","16/1051","75/18842",0.213333333333333,3.82457342213765,5.95715946816172,2.97655528194848e-06,0.000131502545565985,0.000131502545565985,"FADD/FLT3/LTBR/FAS/IL2RG/TNFSF13B/AIM2/GAPT/BTK/PSMB9/ADAM17/TNFSF14/PPP2R3C/LGALS9/RIPK3/HCAR2",16
"GO:0071496","cellular response to external stimulus","16/1051","75/18842",0.213333333333333,3.82457342213765,5.95715946816172,2.97655528194848e-06,0.000131502545565985,0.000131502545565985,"FADD/TNFRSF8/LTBR/TLR7/FAS/CASP5/MYD88/TLR4/CASP1/BAK1/KCNJ2/TLR5/GAB1/TLR8/TNFRSF1A/TNFSF14",16
"GO:0032607","interferon-alpha production","10/1051","30/18842",0.333333333333333,5.97589597209007,6.62929869745319,3.01216563796432e-06,0.000131502545565985,0.000131502545565985,"TBK1/TLR7/LILRA4/ZC3HAV1/RIGI/STAT1/IRF7/TLR4/TLR8/IFIH1",10
"GO:0032647","regulation of interferon-alpha production","10/1051","30/18842",0.333333333333333,5.97589597209007,6.62929869745319,3.01216563796432e-06,0.000131502545565985,0.000131502545565985,"TBK1/TLR7/LILRA4/ZC3HAV1/RIGI/STAT1/IRF7/TLR4/TLR8/IFIH1",10
"GO:0006968","cellular defense response","13/1051","51/18842",0.254901960784314,4.56980280218653,6.20451045693831,3.07894333934085e-06,0.000133149776108853,0.000133149776108853,"NCF1/LY96/CCR3/CX3CR1/NCF2/KIR3DL2/NCR1/LGALS3BP/CXCR2/MNDA/CCR2/KIR2DL4/PRF1",13
"GO:0032729","positive regulation of type II interferon production","16/1051","76/18842",0.210526315789474,3.77425008763584,5.89005976555785,3.5772324656323e-06,0.00015184423257902,0.00015184423257902,"FADD/CYRIB/IL18R1/TLR7/IL18RAP/F2RL1/BTN3A2/ISG15/SLAMF6/TLR4/IL27/PSMB9/TLR8/BTN3A1/CCR2/LGALS9",16
"GO:0001906","cell killing","32/1051","238/18842",0.134453781512605,2.41044543412037,5.32224368501881,3.577481919401e-06,0.00015184423257902,0.00015184423257902,"FADD/CYRIB/FCGR2B/CXCL10/HLA-E/CD55/GZMB/F2RL1/STX7/MICB/GBP5/CX3CR1/CEACAM1/SLAMF6/FCGR3B/GBP3/GBP1/NCR1/GBP2/FCGR2A/KIR3DL1/FCGR1A/CR1/CHGA/FCGR3A/KIR2DL4/LGALS9/STAP1/RIPK3/HLA-H/PRF1/C5",32
"GO:0032613","interleukin-10 production","14/1051","60/18842",0.233333333333333,4.18312718046305,6.00221919064551,4.02863088347712e-06,0.000167884036089628,0.000167884036089628,"CD274/FCGR2B/PRKCZ/F2RL1/LILRA5/ISG15/TLR4/IL27/BTK/PDCD1LG2/RBM47/STAT3/NOD2/LGALS9",14
"GO:0032653","regulation of interleukin-10 production","14/1051","60/18842",0.233333333333333,4.18312718046305,6.00221919064551,4.02863088347712e-06,0.000167884036089628,0.000167884036089628,"CD274/FCGR2B/PRKCZ/F2RL1/LILRA5/ISG15/TLR4/IL27/BTK/PDCD1LG2/RBM47/STAT3/NOD2/LGALS9",14
"GO:0033209","tumor necrosis factor-mediated signaling pathway","21/1051","123/18842",0.170731707317073,3.06082476619248,5.57321056122657,4.17187773325187e-06,0.000172287275038077,0.000172287275038077,"CARD8/NAIP/RRAGA/FAS/JAK2/NSMAF/TNFSF13B/HSPA1A/AIM2/F2RL1/TANK/TIFA/STAT1/TRIM27/CARD16/CASP4/CASP1/TNFRSF1A/ADAM17/HSPA1B/PLVAP",21
"GO:0002230","positive regulation of defense response to virus by host","10/1051","31/18842",0.32258064516129,5.78312513428072,6.47798295616414,4.22498217459651e-06,0.000172922484717414,0.000172922484717414,"TRIM6/AIM2/PML/APOBEC3F/RIGI/STAT1/APOBEC3G/PARP9/TRIM22/DTX3L",10
"GO:0032727","positive regulation of interferon-alpha production","9/1051","25/18842",0.36,6.45396764985728,6.63224441122554,4.58037314593908e-06,0.000185809119477741,0.000185809119477741,"TBK1/TLR7/ZC3HAV1/RIGI/STAT1/IRF7/TLR4/TLR8/IFIH1",9
"GO:0001909","leukocyte mediated cytotoxicity","22/1051","134/18842",0.164179104477612,2.94335174744735,5.48710520060149,4.82158770270503e-06,0.000193878579203507,0.000193878579203507,"FADD/CYRIB/FCGR2B/HLA-E/GZMB/F2RL1/STX7/CX3CR1/CEACAM1/SLAMF6/FCGR3B/NCR1/FCGR2A/KIR3DL1/FCGR1A/FCGR3A/KIR2DL4/LGALS9/STAP1/RIPK3/HLA-H/PRF1",22
"GO:0001788","antibody-dependent cellular cytotoxicity","6/1051","10/18842",0.6,10.7566127497621,7.50073803574732,5.13692339005547e-06,0.000201262024102686,0.000201262024102686,"FCGR2B/HLA-E/FCGR3B/FCGR2A/FCGR1A/FCGR3A",6
"GO:0001794","type IIa hypersensitivity","6/1051","10/18842",0.6,10.7566127497621,7.50073803574732,5.13692339005547e-06,0.000201262024102686,0.000201262024102686,"FCGR2B/HLA-E/FCGR3B/FCGR2A/FCGR1A/FCGR3A",6
"GO:0002445","type II hypersensitivity","6/1051","10/18842",0.6,10.7566127497621,7.50073803574732,5.13692339005547e-06,0.000201262024102686,0.000201262024102686,"FCGR2B/HLA-E/FCGR3B/FCGR2A/FCGR1A/FCGR3A",6
"GO:0032733","positive regulation of interleukin-10 production","11/1051","39/18842",0.282051282051282,5.05652736099929,6.16348428583776,6.0993768960554e-06,0.000236945285521339,0.000236945285521339,"CD274/PRKCZ/F2RL1/LILRA5/ISG15/TLR4/IL27/RBM47/STAT3/NOD2/LGALS9",11
"GO:0006887","exocytosis","41/1051","351/18842",0.116809116809117,2.094117391929,5.02910187740471,6.25465978592527e-06,0.000240935802173794,0.000240935802173794,"RPH3A/ADORA3/RUFY4/STXBP3/WASHC3/STX17/RALB/SCAMP1/FCGR2B/LAT2/SDCBP/PTGDS/RAB8A/ANXA3/F2RL1/EXOC3L1/RAB33B/EXOC7/HCK/CCR1/TMEM79/LIN7A/CEACAM1/TSG101/RAB8B/CD300A/MIA3/MILR1/EXOC1/SEPTIN4/PTGDR/BTK/RAB10/CHGA/OTOF/CCR2/FCGR3A/NSF/SNAP23/SYTL3/LGALS9",41
"GO:0002224","toll-like receptor signaling pathway","16/1051","80/18842",0.2,3.58553758325404,5.63260680697336,7.216772425162e-06,0.000275680706641188,0.000275680706641188,"CD274/TICAM2/TLR7/TLR10/TLR1/LY96/MYD88/TLR2/PRKCE/TASL/CD300A/IRF7/TLR4/TLR5/BTK/TLR8",16
"GO:0031341","regulation of cell killing","18/1051","99/18842",0.181818181818182,3.25957962114004,5.47871673660664,8.10176673937355e-06,0.000306929741597424,0.000306929741597424,"FADD/CYRIB/FCGR2B/HLA-E/CD55/F2RL1/STX7/CX3CR1/CEACAM1/SLAMF6/NCR1/CR1/KIR2DL4/LGALS9/STAP1/RIPK3/HLA-H/PRF1",18
"GO:0140895","cell surface toll-like receptor signaling pathway","15/1051","72/18842",0.208333333333333,3.7349349825563,5.65111663867561,8.21627250199571e-06,0.000308716337288101,0.000308716337288101,"TBK1/IFI35/PIK3AP1/TICAM2/TLR1/F2RL1/LY96/MYD88/TLR2/PRKCE/NMI/OAS1/TLR4/TLR5/LILRA2",15
"GO:0070661","leukocyte proliferation","33/1051","261/18842",0.126436781609195,2.26671916182727,5.00863293781542,9.60577896591914e-06,0.000357990981949377,0.000357990981949377,"CD274/FADD/FLT3/FCGR2B/HLA-E/CD55/CD38/JAK2/IL2RG/TNFSF13B/RIPOR2/F2RL1/TNFSF8/BTN2A2/DOCK8/LGALS9C/GAPT/CD300A/BST2/IL27/BTLA/MNDA/BTK/CR1/BTN3A1/CCR2/PDCD1LG2/FCGR3A/TNFSF14/CSF2RB/LGALS9/RIPK3/SHH",33
"GO:0002752","cell surface pattern recognition receptor signaling pathway","16/1051","83/18842",0.192771084337349,3.45593983928101,5.45010766332632,1.18248384920934e-05,0.000437137577804484,0.000437137577804484,"TBK1/IFI35/PIK3AP1/TICAM2/TLR1/F2RL1/LY96/MYD88/TLR2/PRKCE/NMI/OAS1/TLR4/TLR5/LILRA2/FFAR2",16
"GO:1902563","regulation of neutrophil activation","6/1051","12/18842",0.5,8.96384395813511,6.70720156459263,2.05132513282259e-05,0.000742852467080524,0.000742852467080524,"PLPP6/FCGR2B/CD300A/IL16/PTPN6/CLEC12A",6
"GO:0002367","cytokine production involved in immune response","17/1051","96/18842",0.177083333333333,3.17469473517285,5.19197707521473,2.05807729753985e-05,0.000742852467080524,0.000742852467080524,"IL18R1/RSAD2/TRIM6/B2M/HLA-E/CD55/PRKCZ/F2RL1/RIGI/BST2/HFE/BTLA/BTK/FFAR2/CCR2/NOD2/KIR2DL4",17
"GO:0002718","regulation of cytokine production involved in immune response","17/1051","96/18842",0.177083333333333,3.17469473517285,5.19197707521473,2.05807729753985e-05,0.000742852467080524,0.000742852467080524,"IL18R1/RSAD2/TRIM6/B2M/HLA-E/CD55/PRKCZ/F2RL1/RIGI/BST2/HFE/BTLA/BTK/FFAR2/CCR2/NOD2/KIR2DL4",17
"GO:0032637","interleukin-8 production","18/1051","106/18842",0.169811320754717,3.04432436314023,5.13000101547273,2.15010175984078e-05,0.000764036160241097,0.000764036160241097,"FADD/TLR7/HSPA1A/TLR1/F2RL1/MYD88/TLR2/RIGI/TLR4/TLR5/LILRA2/FFAR2/CD58/TLR8/STAT3/NOD2/HSPA1B/LGALS9",18
"GO:0032677","regulation of interleukin-8 production","18/1051","106/18842",0.169811320754717,3.04432436314023,5.13000101547273,2.15010175984078e-05,0.000764036160241097,0.000764036160241097,"FADD/TLR7/HSPA1A/TLR1/F2RL1/MYD88/TLR2/RIGI/TLR4/TLR5/LILRA2/FFAR2/CD58/TLR8/STAT3/NOD2/HSPA1B/LGALS9",18
"GO:0141085","regulation of inflammasome-mediated signaling pathway","12/1051","52/18842",0.230769230769231,4.13715874990851,5.5058950720555,2.20721748050439e-05,0.000778298840817857,0.000778298840817857,"EIF2AK2/HSPA8/CARD8/MEFV/IFI16/LAMP2/MARCHF5/GBP5/MYD88/TLR4/GBP2/BTK",12
"GO:0001818","negative regulation of cytokine production","41/1051","371/18842",0.110512129380054,1.98122696648808,4.63942735416104,2.36788184392761e-05,0.000828577891035434,0.000828577891035434,"CD274/MORC3/CARD8/MEFV/TICAM2/FCGR2B/CMKLR1/JAK2/OAS3/ERBIN/LILRA4/PML/F2RL1/GHRL/IL1R2/LILRA5/CX3CR1/CEACAM1/BTN2A2/LGALS9C/IRF2/GBP1/OAS1/TRIM27/CARD16/TLR4/AXL/BST2/HFE/SIGLEC1/NLRP12/BTLA/PTPN6/BTK/CR1/XAF1/PDCD1LG2/STAT3/LGALS9/DHX58/CASP3",41
"GO:0002691","regulation of cellular extravasation","10/1051","37/18842",0.27027027027027,4.84532105845141,5.69049377294201,2.44315138926357e-05,0.000838135221723559,0.000838135221723559,"ST3GAL4/FADD/MDK/RIPOR2/BST1/LYVE1/FUT7/CCR2/RIPK3/PLVAP",10
"GO:0002767","immune response-inhibiting cell surface receptor signaling pathway","10/1051","37/18842",0.27027027027027,4.84532105845141,5.69049377294201,2.44315138926357e-05,0.000838135221723559,0.000838135221723559,"KIR2DL1/LILRA4/LILRA5/LILRA6/KIR3DL2/NCR1/KIR3DL1/LILRA2/KIR2DL3/KIR2DL4",10
"GO:0000209","protein polyubiquitination","33/1051","273/18842",0.120879120879121,2.16708315471398,4.72108716682079,2.45004624151302e-05,0.000838135221723559,0.000838135221723559,"RNF114/UBE2W/KBTBD7/NBN/RNF6/WSB1/UBE2L6/TRIM6/TRIM5/RNF146/UBE2D1/PARP10/MARCHF5/MARCHF7/IFI27/RNF213/TOPORS/TRIM21/TRIM27/RNF185/RNF135/CEP63/FBXO38/SPOP/RNF25/RNF20/NT5C2/RNF34/NOD2/TRIM22/DTX3L/RBCK1/TRIM25",33
"GO:0046651","lymphocyte proliferation","29/1051","227/18842",0.127753303964758,2.29032136375258,4.75370742904565,2.68995612208664e-05,0.000913389545455197,0.000913389545455197,"CD274/FADD/FLT3/FCGR2B/HLA-E/CD55/CD38/JAK2/TNFSF13B/RIPOR2/TNFSF8/BTN2A2/DOCK8/LGALS9C/GAPT/CD300A/IL27/BTLA/MNDA/BTK/CR1/BTN3A1/CCR2/PDCD1LG2/FCGR3A/TNFSF14/LGALS9/RIPK3/SHH",29
"GO:0006909","phagocytosis","29/1051","228/18842",0.12719298245614,2.28027609461332,4.72720414813715,2.92145088168415e-05,0.000984700797179421,0.000984700797179422,"CEACAM4/TICAM2/FCGR2B/PIP4P2/IL2RG/ANXA3/LTAP1/BIN2/ARHGAP25/F2RL1/HCK/MYD88/TLR2/PRKCE/PLSCR1/CD300A/CLN3/NCF2/FPR2/TLR4/AXL/FCGR2A/RUBCN/FCGR1A/BTK/C2/STAT3/P2RY6/STAP1",29
"GO:0002765","immune response-inhibiting signal transduction","10/1051","38/18842",0.263157894736842,4.71781260954479,5.57580177865605,3.15105707251844e-05,0.00105433909638135,0.00105433909638135,"KIR2DL1/LILRA4/LILRA5/LILRA6/KIR3DL2/NCR1/KIR3DL1/LILRA2/KIR2DL3/KIR2DL4",10
"GO:0032755","positive regulation of interleukin-6 production","16/1051","90/18842",0.177777777777778,3.18714451844804,5.05508067620045,3.40121718218047e-05,0.0011297956205156,0.0011297956205156,"TLR7/TLR1/F2RL1/LILRA5/MYD88/TLR2/RIGI/IL16/TLR4/BTK/LILRA2/TLR8/IFIH1/STAT3/NOD2/LGALS9",16
"GO:0032943","mononuclear cell proliferation","29/1051","230/18842",0.126086956521739,2.26044760683407,4.67460960470077,3.43942142844304e-05,0.0011342667502146,0.0011342667502146,"CD274/FADD/FLT3/FCGR2B/HLA-E/CD55/CD38/JAK2/TNFSF13B/RIPOR2/TNFSF8/BTN2A2/DOCK8/LGALS9C/GAPT/CD300A/IL27/BTLA/MNDA/BTK/CR1/BTN3A1/CCR2/PDCD1LG2/FCGR3A/TNFSF14/LGALS9/RIPK3/SHH",29
"GO:0034612","response to tumor necrosis factor","28/1051","219/18842",0.127853881278539,2.29212448244551,4.67471075231412,3.62606163296979e-05,0.00118727618039525,0.00118727618039525,"CARD8/NAIP/RRAGA/FAS/JAK2/NSMAF/TNFSF13B/HSPA1A/ERBIN/AIM2/F2RL1/TANK/TIFA/GBP3/STAT1/GBP1/TRIM27/CARD16/CASP4/NUB1/GBP2/CASP1/CD58/TNFRSF1A/ADAM17/HSPA1B/PLVAP/CASP3",28
"GO:0002886","regulation of myeloid leukocyte mediated immunity","11/1051","47/18842",0.234042553191489,4.19584185274409,5.33170604005744,4.20363172685613e-05,0.0013666275060928,0.0013666275060928,"ADORA3/FCGR2B/HLA-E/F2RL1/CX3CR1/RIGI/CD300A/BTK/CCR2/LGALS9/STAP1",11
"GO:0002685","regulation of leukocyte migration","27/1051","210/18842",0.128571428571429,2.3049884463776,4.62210417166899,4.49688317396801e-05,0.00145166989221615,0.00145166989221615,"ST3GAL4/FADD/MOSPD2/MDK/C3AR1/CMKLR1/CXCL10/RIPOR2/F2RL1/CCR1/BST1/CX3CR1/DOCK8/CD300A/MIA3/FPR2/NEDD9/LYVE1/ADAM17/FUT7/CCR2/LGALS9/TNFAIP6/STAP1/RIPK3/PLVAP/C5",27
"GO:0050830","defense response to Gram-positive bacterium","18/1051","112/18842",0.160714285714286,2.881235557972,4.85329236820951,4.605965265766e-05,0.00147648564883016,0.00147648564883016,"IL18R1/GBP4/B2M/HLA-E/H2BC6/IL18RAP/HMGB2/H2BC21/H2BC4/MYD88/TLR2/CASP4/GBP2/GBP6/H2BC7/RNASE1/CHGA/ADAM17",18
"GO:0002704","negative regulation of leukocyte mediated immunity","13/1051","65/18842",0.2,3.58553758325404,5.07513481407497,5.13370335994792e-05,0.00161900309204346,0.00161900309204346,"CD274/FCGR2B/HLA-E/CX3CR1/CEACAM1/CD300A/BST2/HFE/BTLA/CR1/CCR2/KIR2DL4/LGALS9",13
"GO:0032722","positive regulation of chemokine production","13/1051","65/18842",0.2,3.58553758325404,5.07513481407497,5.13370335994792e-05,0.00161900309204346,0.00161900309204346,"EIF2AK2/TICAM2/TLR7/OAS3/F2RL1/TLR2/OAS1/TLR4/ALOX15B/FFAR2/ADAM17/LGALS9/C5",13
"GO:0019080","viral gene expression","16/1051","93/18842",0.172043010752688,3.08433340494972,4.8974810200454,5.15651072073179e-05,0.00161900309204346,0.00161900309204346,"ST3GAL4/PARP10/EDEM2/TRIM14/SP100/MMP24-AS1-EDEM2/TRIM21/TRIM27/PARP9/IFITM3/GTF2B/TRIM13/IFIT1/MGAT2/SHFL/ST6GALNAC2",16
"GO:0060333","type II interferon-mediated signaling pathway","8/1051","26/18842",0.307692307692308,5.51621166654468,5.60080513811802,5.78327089843611e-05,0.00180343631281845,0.00180343631281845,"IFNGR1/JAK2/HCK/SP100/STAT1/PARP9/IFNGR2/PARP14",8
"GO:0071356","cellular response to tumor necrosis factor","26/1051","202/18842",0.128712871287129,2.3075241872427,4.54104300782446,6.06291969100046e-05,0.0018675709545222,0.0018675709545222,"CARD8/NAIP/RRAGA/FAS/JAK2/NSMAF/TNFSF13B/HSPA1A/ERBIN/AIM2/F2RL1/TANK/TIFA/GBP3/STAT1/GBP1/TRIM27/CARD16/CASP4/GBP2/CASP1/CD58/TNFRSF1A/ADAM17/HSPA1B/PLVAP",26
"GO:0045123","cellular extravasation","13/1051","66/18842",0.196969696969697,3.53121125623504,5.00670468251518,6.07042042373055e-05,0.0018675709545222,0.0018675709545222,"ST3GAL4/FADD/SELL/MDK/RIPOR2/BST1/CX3CR1/LYVE1/FUT7/CCR2/SELPLG/RIPK3/PLVAP",13
"GO:0048872","homeostasis of number of cells","27/1051","214/18842",0.126168224299065,2.26190455018363,4.51235678522729,6.25608785677703e-05,0.00191186044903106,0.00191186044903106,"FADD/FLT3/LTBR/FAS/JAK2/IL2RG/TNFSF13B/HSPA1A/HMGB2/AIM2/ISG15/CX3CR1/GAPT/STAT1/SEPTIN4/BTK/PSMB9/ADAM17/STAT3/NOD2/TNFSF14/HSPA1B/PPP2R3C/LGALS9/RIPK3/CASP3/HCAR2",27
"GO:0050900","leukocyte migration","38/1051","352/18842",0.107954545454545,1.9353754000519,4.30568221444216,7.68926607575782e-05,0.0023272740105143,0.0023272740105143,"ST3GAL4/FADD/SELL/MOSPD2/MDK/ANKRD22/C3AR1/CMKLR1/ALOX5/CXCL10/RIPOR2/F2RL1/HCK/CCR1/BST1/SRP54/CX3CR1/DOCK8/CD300A/CXCR1/MIA3/FPR2/IL16/NEDD9/CXCR2/FFAR2/LYVE1/CHGA/ADAM17/FUT7/CCR2/SELPLG/LGALS9/TNFAIP6/STAP1/RIPK3/PLVAP/C5",38
"GO:0002440","production of molecular mediator of immune response","24/1051","182/18842",0.131868131868132,2.36409071423344,4.49444716931737,7.8115051152828e-05,0.0023272740105143,0.0023272740105143,"IL18R1/NBN/RSAD2/TRIM6/FCGR2B/B2M/HLA-E/CD55/PRKCZ/F2RL1/RIGI/SANBR/SAMHD1/XRCC4/BST2/HFE/BTLA/EXOSC3/BTK/FFAR2/CR1/CCR2/NOD2/KIR2DL4",24
"GO:0002438","acute inflammatory response to antigenic stimulus","8/1051","27/18842",0.296296296296296,5.31190753074673,5.4494461142262,7.81850343846428e-05,0.0023272740105143,0.0023272740105143,"FCGR2B/HLA-E/FCGR3B/FCGR2A/FCGR1A/BTK/FUT7/FCGR3A",8
"GO:0035458","cellular response to interferon-beta","8/1051","27/18842",0.296296296296296,5.31190753074673,5.4494461142262,7.81850343846428e-05,0.0023272740105143,0.0023272740105143,"TRAF3IP3/TRIM6/IFI16/PNPT1/AIM2/STAT1/OAS1/MNDA",8
"GO:0141084","inflammasome-mediated signaling pathway","12/1051","59/18842",0.203389830508475,3.64630940669903,4.94808669309019,8.34700755055124e-05,0.00246856016849851,0.00246856016849851,"EIF2AK2/HSPA8/CARD8/MEFV/IFI16/LAMP2/MARCHF5/GBP5/MYD88/TLR4/GBP2/BTK",12
"GO:0002687","positive regulation of leukocyte migration","20/1051","139/18842",0.143884892086331,2.57952344118996,4.54287713985713,8.9922035875847e-05,0.00264232443881335,0.00264232443881335,"FADD/MOSPD2/MDK/C3AR1/CMKLR1/CXCL10/RIPOR2/F2RL1/CCR1/CX3CR1/DOCK8/MIA3/FPR2/NEDD9/LYVE1/ADAM17/FUT7/CCR2/LGALS9/PLVAP",20
"GO:0002688","regulation of leukocyte chemotaxis","18/1051","118/18842",0.152542372881356,2.73473205502427,4.59438350449325,9.28627914039172e-05,0.00271135691589526,0.00271135691589526,"MOSPD2/MDK/C3AR1/CMKLR1/CXCL10/RIPOR2/F2RL1/CCR1/BST1/CX3CR1/FPR2/NEDD9/ADAM17/CCR2/LGALS9/TNFAIP6/STAP1/C5",18
"GO:0002693","positive regulation of cellular extravasation","6/1051","15/18842",0.4,7.17107516650809,5.81124328740028,9.6106989124364e-05,0.00278831922877269,0.00278831922877269,"FADD/MDK/RIPOR2/LYVE1/CCR2/PLVAP",6
"GO:0002705","positive regulation of leukocyte mediated immunity","19/1051","130/18842",0.146153846153846,2.62020054160872,4.50540148364386,0.000108082072312373,0.00311602653760956,0.00311602653760956,"FADD/CYRIB/IL18R1/RSAD2/B2M/HLA-E/CD55/PRKCZ/F2RL1/STX7/SLAMF6/RIGI/FBXO38/BTK/SH2D1B/NOD2/KIR2DL4/STAP1/HLA-H",19
"GO:0001910","regulation of leukocyte mediated cytotoxicity","15/1051","89/18842",0.168539325842697,3.02152043532644,4.64612527233106,0.00011169334370538,0.00320001429715914,0.00320001429715914,"FADD/CYRIB/FCGR2B/HLA-E/F2RL1/STX7/CX3CR1/CEACAM1/SLAMF6/NCR1/KIR2DL4/LGALS9/STAP1/RIPK3/HLA-H",15
"GO:0002279","mast cell activation involved in immune response","11/1051","52/18842",0.211538461538462,3.79239552074947,4.90081566238008,0.000112866832632449,0.0032135500670009,0.0032135500670009,"ADORA3/LAT2/PTGDS/CD300A/MILR1/PTGDR/PTPN6/BTK/CHGA/SNAP23/LGALS9",11
"GO:0002699","positive regulation of immune effector process","28/1051","235/18842",0.119148936170213,2.13606494321518,4.25943567320034,0.0001263436810431,0.00353232074357133,0.00353232074357133,"FADD/ADORA3/CYRIB/IL18R1/RSAD2/TRIM6/B2M/HLA-E/CD55/PRKCZ/DDX60/F2RL1/STX7/SLAMF6/RIGI/FBXO38/BTK/FFAR2/CR1/C2/SH2D1B/CCR2/NOD2/KIR2DL4/LGALS9/STAP1/DHX58/HLA-H",28
"GO:0002220","innate immune response activating cell surface receptor signaling pathway","16/1051","100/18842",0.16,2.86843006660323,4.55325563236564,0.000126374476864245,0.00353232074357133,0.00353232074357133,"TBK1/IFI35/PIK3AP1/TICAM2/TLR1/F2RL1/LY96/MYD88/TLR2/PRKCE/NMI/OAS1/TLR4/TLR5/LILRA2/FFAR2",16
"GO:0002526","acute inflammatory response","16/1051","100/18842",0.16,2.86843006660323,4.55325563236564,0.000126374476864245,0.00353232074357133,0.00353232074357133,"FCGR2B/HLA-E/IL10RB/VNN1/FCGR3B/PLSCR1/FCGR2A/APOL2/FCGR1A/BTK/FFAR2/SERPINA1/FUT7/FCGR3A/STAT3/IL1RN",16
"GO:0070663","regulation of leukocyte proliferation","27/1051","224/18842",0.120535714285714,2.160926668479,4.24830253783836,0.000136440448264816,0.0037905637263389,0.0037905637263389,"CD274/FADD/FCGR2B/HLA-E/CD55/CD38/JAK2/IL2RG/TNFSF13B/RIPOR2/TNFSF8/BTN2A2/LGALS9C/CD300A/BST2/IL27/BTLA/MNDA/BTK/CR1/CCR2/PDCD1LG2/FCGR3A/CSF2RB/LGALS9/RIPK3/SHH",27
"GO:0032897","negative regulation of viral transcription","6/1051","16/18842",0.375,6.72288296860133,5.56607407688969,0.000146526900195926,0.00404626090661522,0.00404626090661522,"TRIM14/SP100/TRIM21/TRIM27/IFITM3/TRIM13",6
"GO:0002822","regulation of adaptive immune response based on somatic recombination of immune receptors built from immunoglobulin superfamily domains","23/1051","178/18842",0.129213483146067,2.31649900041694,4.2892496540931,0.000148824919804752,0.00408511037356276,0.00408511037356276,"CD274/FADD/CYRIB/IL18R1/RSAD2/FCGR2B/B2M/HLA-E/CD55/PRKCZ/STX7/CEACAM1/HFE/IL27/BTLA/FBXO38/BTK/CR1/FUT7/CCR2/LGALS9/RIPK3/HLA-H",23
"GO:0002819","regulation of adaptive immune response","24/1051","190/18842",0.126315789473684,2.2645500525815,4.2579766353662,0.000153781609721981,0.00419604106527119,0.00419604106527119,"CD274/FADD/CYRIB/IL18R1/RSAD2/FCGR2B/B2M/HLA-E/CD55/PRKCZ/STX7/CEACAM1/IRF7/HFE/IL27/BTLA/FBXO38/BTK/CR1/FUT7/CCR2/LGALS9/RIPK3/HLA-H",24
"GO:0034142","toll-like receptor 4 signaling pathway","12/1051","63/18842",0.19047619047619,3.41479769833718,4.6662494307005,0.000161972608685669,0.00439338720837342,0.00439338720837342,"TBK1/IFI35/PIK3AP1/TICAM2/F2RL1/LY96/MYD88/PRKCE/NMI/OAS1/TLR4/LILRA2",12
"GO:0051650","establishment of vesicle localization","24/1051","192/18842",0.125,2.24096098953378,4.20070785235445,0.000180766206159228,0.00487430758255237,0.00487430758255237,"STXBP3/BICDL2/BTBD8/SDCBP/TRIP11/TOR1A/BLOC1S5/MKKS/EXOC7/STARD3NL/LIN7A/TSG101/KLHL12/CLN3/EXOC1/SPG11/MX2/PDZD11/CEP19/BBS4/TRAPPC6B/SNAP23/MX1/AP1M2",24
"GO:0034154","toll-like receptor 7 signaling pathway","5/1051","11/18842",0.454545454545455,8.1489490528501,5.76441189814595,0.000186244666116197,0.00496363691556191,0.00496363691556191,"PIK3AP1/RSAD2/TLR7/LILRA4/TASL",5
"GO:0039530","MDA-5 signaling pathway","5/1051","11/18842",0.454545454545455,8.1489490528501,5.76441189814595,0.000186244666116197,0.00496363691556191,0.00496363691556191,"DDX60/OAS3/IRF7/IFIH1/DHX58",5
"GO:0045576","mast cell activation","12/1051","64/18842",0.1875,3.36144148430067,4.59934154169467,0.000189369612892031,0.00501774743061891,0.00501774743061891,"ADORA3/LAT2/PTGDS/PLSCR1/CD300A/MILR1/PTGDR/PTPN6/BTK/CHGA/SNAP23/LGALS9",12
"GO:0051865","protein autoubiquitination","13/1051","74/18842",0.175675675675676,3.14945868799342,4.50286698383644,0.000205479295574103,0.00541331661443499,0.00541331661443499,"RNFT1/OBI1/RNF146/MARCHF5/MARCHF7/RNF213/TRIM21/CNOT4/RNF185/TRIM68/TRIM13/DTX3L/RNF13",13
"GO:0044790","suppression of viral release by host","6/1051","17/18842",0.352941176470588,6.32741926456596,5.34105435885551,0.000215794079146774,0.00565257176462178,0.00565257176462178,"TRIM5/PML/TRIM21/TRIM27/TRIM13/TRIM25",6
"GO:1900225","regulation of NLRP3 inflammasome complex assembly","10/1051","47/18842",0.212765957446809,3.81440168431281,4.69533949138128,0.000218500245580331,0.00569093821443317,0.00569093821443317,"EIF2AK2/HSPA8/CARD8/MEFV/LAMP2/MARCHF5/GBP5/MYD88/TLR4/BTK",10
"GO:0046631","alpha-beta T cell activation","23/1051","183/18842",0.12568306010929,2.25320667800118,4.14054220611855,0.000225292297037459,0.00583150219439949,0.00583150219439949,"CD274/TBK1/IL18R1/RSAD2/ZBTB16/HLA-E/CD55/PRKCZ/JAK2/IL18RAP/TNFSF8/SLAMF6/LGALS9C/CD300A/HFE/IL27/KLRF1/PSMB9/CCR2/STAT3/LGALS9/CLEC2B/SHH",23
"GO:0001960","negative regulation of cytokine-mediated signaling pathway","16/1051","105/18842",0.152380952380952,2.73183815866975,4.32518888835073,0.000226441402836629,0.00583150219439949,0.00583150219439949,"CARD8/NAIP/USP18/OAS3/STAT2/F2RL1/TANK/IL1R2/ISG15/OAS1/SAMHD1/CARD16/PARP14/USP25/STAP1/IL1RN",16
"GO:0050867","positive regulation of cell activation","36/1051","345/18842",0.104347826086957,1.8707152608282,3.96723757386289,0.000230332754439354,0.00589857735391061,0.00589857735391061,"CD274/FADD/CYRIB/MDK/PLPP6/ZBTB16/B2M/HLA-E/ACTA2/CD55/PRKCZ/CD38/JAK2/IL2RG/TNFSF13B/CLEC4D/LILRA5/VNN1/DOCK8/IL16/TLR4/AXL/PTPN6/FBXO38/BTK/LILRA2/CR1/CCR2/PDCD1LG2/FCGR3A/NOD2/TNFSF14/PPP2R3C/LGALS9/STAP1/SHH",36
"GO:0032602","chemokine production","15/1051","95/18842",0.157894736842105,2.83068756572688,4.34773732511426,0.000236393948061947,0.00598690529235341,0.00598690529235341,"EIF2AK2/MEFV/TICAM2/TLR7/OAS3/ERBIN/F2RL1/TLR2/OAS1/TLR4/ALOX15B/FFAR2/ADAM17/LGALS9/C5",15
"GO:0032642","regulation of chemokine production","15/1051","95/18842",0.157894736842105,2.83068756572688,4.34773732511426,0.000236393948061947,0.00598690529235341,0.00598690529235341,"EIF2AK2/MEFV/TICAM2/TLR7/OAS3/ERBIN/F2RL1/TLR2/OAS1/TLR4/ALOX15B/FFAR2/ADAM17/LGALS9/C5",15
"GO:0071675","regulation of mononuclear cell migration","19/1051","138/18842",0.13768115942029,2.4683048580372,4.20767012989305,0.000240010273167568,0.00602255707223996,0.00602255707223996,"FADD/MOSPD2/MDK/C3AR1/CMKLR1/CXCL10/RIPOR2/CCR1/CX3CR1/DOCK8/MIA3/FPR2/NEDD9/ADAM17/CCR2/LGALS9/STAP1/RIPK3/C5",19
"GO:0071887","leukocyte apoptotic process","14/1051","85/18842",0.164705882352941,2.95279565679745,4.38568794537575,0.000240429307203297,0.00602255707223996,0.00602255707223996,"CD274/FADD/FAS/CASP7/IRF7/AXL/BTK/ADAM17/FASLG/NOD2/LGALS9/RIPK3/CASP3/HCAR2",14
"GO:0009595","detection of biotic stimulus","9/1051","40/18842",0.225,4.0337297811608,4.66829206640326,0.000287698127690886,0.00711163651140914,0.00711163651140914,"STK3/NAIP/NLRC4/TLR1/LY96/TLR2/TLR4/FAP/NOD2",9
"GO:0051648","vesicle localization","25/1051","210/18842",0.119047619047619,2.13424856146074,4.01736507490909,0.000288035661909484,0.00711163651140914,0.00711163651140914,"STXBP3/BICDL2/BTBD8/SDCBP/PTEN/TRIP11/TOR1A/BLOC1S5/MKKS/EXOC7/STARD3NL/LIN7A/TSG101/KLHL12/CLN3/EXOC1/SPG11/MX2/PDZD11/CEP19/BBS4/TRAPPC6B/SNAP23/MX1/AP1M2",25
"GO:0050670","regulation of lymphocyte proliferation","24/1051","198/18842",0.121212121212121,2.17305308076003,4.03305240658282,0.000288561167347753,0.00711163651140914,0.00711163651140914,"CD274/FADD/FCGR2B/HLA-E/CD55/CD38/JAK2/TNFSF13B/RIPOR2/TNFSF8/BTN2A2/LGALS9C/CD300A/IL27/BTLA/MNDA/BTK/CR1/CCR2/PDCD1LG2/FCGR3A/LGALS9/RIPK3/SHH",24
"GO:0016554","cytidine to uridine editing","5/1051","12/18842",0.416666666666667,7.46986996511259,5.44896687841129,0.000304624248107605,0.00740340823255661,0.00740340823255661,"APOBEC3A/APOBEC3F/APOBEC3G/APOBEC3B/RBM47",5
"GO:0001562","response to protozoan","6/1051","18/18842",0.333333333333333,5.97589597209007,5.13339567876902,0.000308475343023192,0.00740340823255661,0.00740340823255661,"GBP4/MYD88/BATF2/GBP1/GBP2/GBP6",6
"GO:0016553","base conversion or substitution editing","6/1051","18/18842",0.333333333333333,5.97589597209007,5.13339567876902,0.000308475343023192,0.00740340823255661,0.00740340823255661,"APOBEC3A/APOBEC3F/APOBEC3G/APOBEC3B/ADAR/RBM47",6
"GO:0042832","defense response to protozoan","6/1051","18/18842",0.333333333333333,5.97589597209007,5.13339567876902,0.000308475343023192,0.00740340823255661,0.00740340823255661,"GBP4/MYD88/BATF2/GBP1/GBP2/GBP6",6
"GO:0060340","positive regulation of type I interferon-mediated signaling pathway","6/1051","18/18842",0.333333333333333,5.97589597209007,5.13339567876902,0.000308475343023192,0.00740340823255661,0.00740340823255661,"FADD/TBK1/TRIM6/ZBP1/RNF185/RBM47",6
"GO:0043303","mast cell degranulation","10/1051","49/18842",0.204081632653061,3.65871181964698,4.5292302827588,0.000313364327513601,0.00747714980757872,0.00747714980757872,"ADORA3/LAT2/PTGDS/CD300A/MILR1/PTGDR/BTK/CHGA/SNAP23/LGALS9",10
"GO:0002698","negative regulation of immune effector process","16/1051","108/18842",0.148148148148148,2.65595376537337,4.19467173618689,0.000314810190415073,0.00747714980757872,0.00747714980757872,"CD274/FCGR2B/HLA-E/CD55/CX3CR1/CEACAM1/CD300A/BST2/HFE/BTLA/PTPN6/CR1/SERPING1/CCR2/KIR2DL4/LGALS9",16
"GO:0019083","viral transcription","7/1051","25/18842",0.28,5.01975261655566,4.88818114393439,0.000325885970843421,0.0077003159296198,0.0077003159296198,"TRIM14/SP100/TRIM21/TRIM27/IFITM3/GTF2B/TRIM13",7
"GO:0032944","regulation of mononuclear cell proliferation","24/1051","200/18842",0.12,2.15132254995243,3.97849585443213,0.000335374674908196,0.0078838846655342,0.0078838846655342,"CD274/FADD/FCGR2B/HLA-E/CD55/CD38/JAK2/TNFSF13B/RIPOR2/TNFSF8/BTN2A2/LGALS9C/CD300A/IL27/BTLA/MNDA/BTK/CR1/CCR2/PDCD1LG2/FCGR3A/LGALS9/RIPK3/SHH",24
"GO:0002720","positive regulation of cytokine production involved in immune response","12/1051","68/18842",0.176470588235294,3.16370963228298,4.34438375432829,0.000341975481114751,0.00799803880321439,0.00799803880321439,"IL18R1/RSAD2/TRIM6/B2M/HLA-E/CD55/PRKCZ/F2RL1/RIGI/FFAR2/NOD2/KIR2DL4",12
"GO:0002448","mast cell mediated immunity","10/1051","50/18842",0.2,3.58553758325404,4.44941083737746,0.000372376643184511,0.00866484534191777,0.00866484534191777,"ADORA3/LAT2/PTGDS/CD300A/MILR1/PTGDR/BTK/CHGA/SNAP23/LGALS9",10
"GO:0060761","negative regulation of response to cytokine stimulus","16/1051","110/18842",0.145454545454545,2.60766369691203,4.11010224684408,0.000389036869534791,0.00900679297953274,0.00900679297953274,"CARD8/NAIP/USP18/OAS3/STAT2/F2RL1/TANK/IL1R2/ISG15/OAS1/SAMHD1/CARD16/PARP14/USP25/STAP1/IL1RN",16
"GO:0070664","negative regulation of leukocyte proliferation","13/1051","79/18842",0.164556962025316,2.9501258596394,4.22161088177159,0.000400446613346822,0.00922435816875292,0.00922435816875292,"CD274/FCGR2B/HLA-E/RIPOR2/BTN2A2/LGALS9C/CD300A/BTLA/MNDA/BTK/CR1/PDCD1LG2/LGALS9",13
"GO:0050764","regulation of phagocytosis","15/1051","100/18842",0.15,2.68915318744053,4.11636828271786,0.000418448889075452,0.00959084853760936,0.00959084853760936,"FCGR2B/PIP4P2/IL2RG/F2RL1/HCK/TLR2/PLSCR1/CD300A/FPR2/FCGR2A/FCGR1A/BTK/C2/STAT3/STAP1",15
"GO:0098581","detection of external biotic stimulus","7/1051","26/18842",0.269230769230769,4.8266852082266,4.74568504726298,0.000424642435738863,0.00968438271356691,0.00968438271356691,"NAIP/NLRC4/TLR1/LY96/TLR2/TLR4/NOD2",7
"GO:0098543","detection of other organism","6/1051","19/18842",0.315789473684211,5.66137513145375,4.94082631262605,0.00042967922116672,0.00975074034568437,0.00975074034568438,"NAIP/NLRC4/TLR1/TLR2/TLR4/NOD2",6
"GO:0050672","negative regulation of lymphocyte proliferation","12/1051","70/18842",0.171428571428571,3.07331792850347,4.22389198143797,0.000450951418757479,0.0101830606087896,0.0101830606087896,"CD274/FCGR2B/HLA-E/RIPOR2/BTN2A2/LGALS9C/CD300A/BTLA/MNDA/CR1/PDCD1LG2/LGALS9",12
"GO:0032490","detection of molecule of bacterial origin","5/1051","13/18842",0.384615384615385,6.89526458318085,5.16790477524493,0.000472329703721138,0.0104984930128114,0.0104984930128114,"TLR1/LY96/TLR2/TLR4/NOD2",5
"GO:0045006","DNA deamination","5/1051","13/18842",0.384615384615385,6.89526458318085,5.16790477524493,0.000472329703721138,0.0104984930128114,0.0104984930128114,"APOBEC3A/APOBEC3F/APOBEC3G/EXOSC3/APOBEC3B",5
"GO:0140052","cellular response to oxidised low-density lipoprotein particle stimulus","5/1051","13/18842",0.384615384615385,6.89526458318085,5.16790477524493,0.000472329703721138,0.0104984930128114,0.0104984930128114,"MYD88/TXNIP/MIA3/TLR4/CD68",5
"GO:0030595","leukocyte chemotaxis","25/1051","217/18842",0.115207373271889,2.06540183367168,3.83661587165048,0.00047408116353664,0.0104984930128114,0.0104984930128114,"MOSPD2/MDK/C3AR1/CMKLR1/ALOX5/CXCL10/RIPOR2/F2RL1/CCR1/BST1/SRP54/CX3CR1/CXCR1/FPR2/IL16/NEDD9/CXCR2/FFAR2/CHGA/ADAM17/CCR2/LGALS9/TNFAIP6/STAP1/C5",25
"GO:0051249","regulation of lymphocyte activation","43/1051","453/18842",0.0949227373068433,1.70174521059519,3.674537254241,0.000476379762682489,0.0104986770775795,0.0104986770775795,"CD274/FADD/CYRIB/MDK/ZBTB16/FCGR2B/B2M/HLA-E/CD55/PRKCZ/CD38/JAK2/IL2RG/TNFSF13B/RIPOR2/TNFSF8/VNN1/BTN2A2/DOCK8/LGALS9C/CD300A/AXL/NEDD9/HFE/IL27/BTLA/MNDA/PTPN6/FBXO38/BTK/CR1/PSMB9/TNFAIP8L2/CLEC12A/CCR2/PDCD1LG2/FCGR3A/NOD2/TNFSF14/PPP2R3C/LGALS9/RIPK3/SHH",43
"GO:0032945","negative regulation of mononuclear cell proliferation","12/1051","71/18842",0.169014084507042,3.03003176049637,4.16525366424072,0.000515580223022364,0.0112076619621319,0.0112076619621319,"CD274/FCGR2B/HLA-E/RIPOR2/BTN2A2/LGALS9C/CD300A/BTLA/MNDA/CR1/PDCD1LG2/LGALS9",12
"GO:0002251","organ or tissue specific immune response","10/1051","52/18842",0.192307692307692,3.44763229159043,4.29573625270466,0.000518329916224251,0.0112076619621319,0.0112076619621319,"ZBTB16/H2BC6/H2BC21/H2BC4/FFAR2/H2BC7/CR1/H2BC17/H2BC18/H2BC5",10
"GO:0002260","lymphocyte homeostasis","10/1051","52/18842",0.192307692307692,3.44763229159043,4.29573625270466,0.000518329916224251,0.0112076619621319,0.0112076619621319,"FADD/FAS/TNFSF13B/AIM2/GAPT/PSMB9/TNFSF14/PPP2R3C/LGALS9/RIPK3",10
"GO:0044546","NLRP3 inflammasome complex assembly","10/1051","52/18842",0.192307692307692,3.44763229159043,4.29573625270466,0.000518329916224251,0.0112076619621319,0.0112076619621319,"EIF2AK2/HSPA8/CARD8/MEFV/LAMP2/MARCHF5/GBP5/MYD88/TLR4/BTK",10
"GO:0002700","regulation of production of molecular mediator of immune response","19/1051","147/18842",0.129251700680272,2.31718415244309,3.89668753699615,0.000539977551899584,0.0116209253422896,0.0116209253422896,"IL18R1/RSAD2/TRIM6/FCGR2B/B2M/HLA-E/CD55/PRKCZ/F2RL1/RIGI/BST2/HFE/BTLA/BTK/FFAR2/CR1/CCR2/NOD2/KIR2DL4",19
"GO:0039529","RIG-I signaling pathway","7/1051","27/18842",0.259259259259259,4.64791908940339,4.61028868662177,0.00054590252621284,0.0116935382250451,0.0116935382250451,"DDX60/OAS3/ZC3HAV1/RIGI/RNF135/OASL/DHX58",7
"GO:0002690","positive regulation of leukocyte chemotaxis","14/1051","92/18842",0.152173913043478,2.72812642204112,4.03851723794708,0.000555031431000958,0.0117644854380566,0.0117644854380566,"MOSPD2/MDK/C3AR1/CMKLR1/CXCL10/RIPOR2/F2RL1/CCR1/CX3CR1/FPR2/NEDD9/ADAM17/CCR2/LGALS9",14
"GO:0071677","positive regulation of mononuclear cell migration","14/1051","92/18842",0.152173913043478,2.72812642204112,4.03851723794708,0.000555031431000958,0.0117644854380566,0.0117644854380566,"FADD/MOSPD2/MDK/C3AR1/CMKLR1/CXCL10/CCR1/CX3CR1/DOCK8/FPR2/NEDD9/ADAM17/CCR2/LGALS9",14
"GO:0043903","regulation of biological process involved in symbiotic interaction","8/1051","35/18842",0.228571428571429,4.09775723800462,4.45835650588246,0.000556913904899276,0.0117644854380566,0.0117644854380566,"TRIM5/F2RL1/EXOC7/TRIM21/TRIM38/BST2/LGALS9/TRIM25",8
"GO:0046782","regulation of viral transcription","6/1051","20/18842",0.3,5.37830637488107,4.76147397126223,0.000585038122385889,0.0122457294658307,0.0122457294658307,"TRIM14/SP100/TRIM21/TRIM27/IFITM3/TRIM13",6
"GO:1903306","negative regulation of regulated secretory pathway","6/1051","20/18842",0.3,5.37830637488107,4.76147397126223,0.000585038122385889,0.0122457294658307,0.0122457294658307,"STXBP3/FCGR2B/CEACAM1/CD300A/CCR2/LGALS9",6
"GO:0009612","response to mechanical stimulus","23/1051","196/18842",0.11734693877551,2.10375929629702,3.77539784070305,0.000606524254102704,0.0125987322392454,0.0125987322392454,"FADD/MDK/TNFRSF8/CXCL10/LTBR/TLR7/FAS/MKKS/CASP5/MYD88/TXNIP/JUP/TLR4/HPN/CASP1/BAK1/KCNJ2/TLR5/GAB1/TLR8/TNFRSF1A/TNFSF14/PPL",23
"GO:0140894","endolysosomal toll-like receptor signaling pathway","10/1051","53/18842",0.188679245283019,3.38258262571136,4.2216986056181,0.000607399612755941,0.0125987322392454,0.0125987322392454,"PIK3AP1/RSAD2/TLR7/LILRA4/F2RL1/MYD88/IRF2/TASL/OAS1/TLR8",10
"GO:0002696","positive regulation of leukocyte activation","33/1051","325/18842",0.101538461538462,1.82034984995975,3.6258398948008,0.000666978966559721,0.0137722143365305,0.0137722143365305,"CD274/FADD/CYRIB/MDK/PLPP6/ZBTB16/B2M/HLA-E/CD55/PRKCZ/CD38/JAK2/IL2RG/TNFSF13B/CLEC4D/VNN1/DOCK8/IL16/TLR4/AXL/PTPN6/FBXO38/BTK/CR1/CCR2/PDCD1LG2/FCGR3A/NOD2/TNFSF14/PPP2R3C/LGALS9/STAP1/SHH",33
"GO:0043029","T cell homeostasis","8/1051","36/18842",0.222222222222222,3.98393064806005,4.35556914497162,0.000681428830297122,0.0139965299845179,0.0139965299845179,"FADD/FAS/AIM2/PSMB9/TNFSF14/PPP2R3C/LGALS9/RIPK3",8
"GO:0065004","protein-DNA complex assembly","24/1051","210/18842",0.114285714285714,2.04887861900231,3.71499552652914,0.000683949109191099,0.0139965299845179,0.0139965299845179,"H3-3B/TAF12/H2BC6/HMGB2/H2BC21/H2BC4/MED18/MED8/DAXX/H3C6/PIAS1/GTF2E1/MED7/GTF2B/H4C16/BAZ1A/MED31/H2BC7/CREB1/ASF1A/H4C14/H4C8/H4C15/TAF7",24
"GO:0035872","nucleotide-binding domain, leucine rich repeat containing receptor signaling pathway","7/1051","28/18842",0.25,4.48192197906755,4.48136826390026,0.000693157509776997,0.01412192899919,0.01412192899919,"HSPA1A/ERBIN/MAP2K6/NAGK/RNF34/NOD2/HSPA1B",7
"GO:0044314","protein K27-linked ubiquitination","5/1051","14/18842",0.357142857142857,6.40274568438222,4.91506879685249,0.000701113786921877,0.014220821235619,0.014220821235619,"RNF6/WSB1/MARCHF5/TRIM21/RNF185",5
"GO:0042098","T cell proliferation","20/1051","162/18842",0.123456790123457,2.2132948044778,3.76954178830678,0.000708217576970086,0.01424948096371,0.01424948096371,"CD274/FADD/HLA-E/CD55/JAK2/RIPOR2/TNFSF8/BTN2A2/DOCK8/LGALS9C/IL27/BTLA/CR1/BTN3A1/CCR2/PDCD1LG2/TNFSF14/LGALS9/RIPK3/SHH",20
"GO:0140632","canonical inflammasome complex assembly","10/1051","54/18842",0.185185185185185,3.31994220671671,4.14941548377161,0.000708743817566726,0.01424948096371,0.01424948096371,"EIF2AK2/HSPA8/CARD8/MEFV/LAMP2/MARCHF5/GBP5/MYD88/TLR4/BTK",10
"GO:0002437","inflammatory response to antigenic stimulus","11/1051","64/18842",0.171875,3.08132136060894,4.05375608885779,0.000753660419994112,0.0150207798489261,0.0150207798489261,"FCGR2B/HLA-E/HMGB2/HCK/FCGR3B/FCGR2A/CD68/FCGR1A/BTK/FUT7/FCGR3A",11
"GO:0039532","negative regulation of cytoplasmic pattern recognition receptor signaling pathway","11/1051","64/18842",0.171875,3.08132136060894,4.05375608885779,0.000753660419994112,0.0150207798489261,0.0150207798489261,"HSPA8/CARD8/MEFV/IFI16/LAMP2/ERBIN/MARCHF5/LILRA4/F2RL1/TREX1/DHX58",11
"GO:0060339","negative regulation of type I interferon-mediated signaling pathway","6/1051","21/18842",0.285714285714286,5.12219654750578,4.59377953004021,0.00078068259424316,0.0154919870649812,0.0154919870649812,"USP18/OAS3/STAT2/ISG15/OAS1/SAMHD1",6
"GO:1903706","regulation of hemopoiesis","37/1051","382/18842",0.0968586387434555,1.73645144738743,3.53437890238141,0.00079361538468637,0.0156807453594928,0.0156807453594928,"DUSP18/FADD/MDK/ZBTB16/FCGR2B/PRKCZ/EVI2B/IL2RG/HSPA1A/HMGB2/C1QC/CCR1/VNN1/ISG15/CEACAM1/STAT1/IRF7/CNOT4/TLR4/AXL/NEDD9/IL27/H4C16/BTK/CR1/PSMB9/CLEC12A/CCR2/H4C14/H4C8/STAT3/H4C15/HSPA1B/PPP2R3C/LGALS9/TNFAIP6/SHH",37
"GO:0016236","macroautophagy","36/1051","369/18842",0.0975609756097561,1.74904272353856,3.53186593856186,0.000814564916751038,0.0160256033407157,0.0160256033407157,"ATG4C/RUFY4/ADRB2/TBK1/TBC1D14/STX17/RALB/PIP4K2C/SPTLC2/LAMP2/RETREG1/SNX6/RAB33B/EXOC7/SPART/RNF213/TSG101/UBQLN2/SH3GLB1/PIK3R4/CLN3/EXOC1/ATP6V1C1/SPG11/FUNDC1/ATP6V1B2/STAM2/RUBCN/TRIM13/VTA1/NBR1/UBXN2B/NOD2/CHMP5/RAB19/CASP3",36
"GO:0002695","negative regulation of leukocyte activation","21/1051","176/18842",0.119318181818182,2.13909912637315,3.6901615120394,0.00082748067808509,0.0162101343091541,0.0162101343091541,"CD274/MDK/FCGR2B/HLA-E/RIPOR2/CST7/BTN2A2/LGALS9C/CD300A/MILR1/HFE/BTLA/MNDA/PTPN6/BTK/CR1/PSMB9/TNFAIP8L2/CLEC12A/PDCD1LG2/LGALS9",21
"GO:0070266","necroptotic process","9/1051","46/18842",0.195652173913043,3.50759111405287,4.1386249616389,0.000858215315463774,0.0167406766216423,0.0167406766216423,"FADD/ADPRS/LTBR/FAS/CFLAR/MLKL/ZBP1/FASLG/RIPK3",9
"GO:0045637","regulation of myeloid cell differentiation","22/1051","189/18842",0.116402116402116,2.0868208156505,3.64978815765258,0.000879188980349631,0.017077128330181,0.017077128330181,"DUSP18/FADD/ZBTB16/EVI2B/HSPA1A/HMGB2/C1QC/CCR1/ISG15/CEACAM1/STAT1/IRF7/CNOT4/TLR4/NEDD9/H4C16/H4C14/H4C8/STAT3/H4C15/HSPA1B/TNFAIP6",22
"GO:0002708","positive regulation of lymphocyte mediated immunity","15/1051","108/18842",0.138888888888889,2.48995665503753,3.77418693668681,0.00095534316919852,0.0184780299055106,0.0184780299055106,"FADD/CYRIB/IL18R1/RSAD2/B2M/HLA-E/CD55/PRKCZ/STX7/SLAMF6/FBXO38/BTK/SH2D1B/KIR2DL4/HLA-H",15
"GO:0002711","positive regulation of T cell mediated immunity","11/1051","66/18842",0.166666666666667,2.98794798604504,3.9321366266096,0.000983458793695396,0.01894191222815,0.01894191222815,"FADD/CYRIB/IL18R1/RSAD2/B2M/HLA-E/CD55/PRKCZ/STX7/FBXO38/HLA-H",11
"GO:0071360","cellular response to exogenous dsRNA","5/1051","15/18842",0.333333333333333,5.97589597209007,4.68575431126579,0.00100361718582063,0.0191690882491741,0.0191690882491741,"OAS3/RIGI/OAS1/IFIT1/IFIH1",5
"GO:0072574","hepatocyte proliferation","5/1051","15/18842",0.333333333333333,5.97589597209007,4.68575431126579,0.00100361718582063,0.0191690882491741,0.0191690882491741,"MDK/TGFA/CFLAR/CEACAM1/HPN",5
"GO:0019885","antigen processing and presentation of endogenous peptide antigen via MHC class I","6/1051","22/18842",0.272727272727273,4.88936943171006,4.43643252289915,0.00102320855848002,0.0194621910044498,0.0194621910044498,"B2M/HLA-E/TAP2/HFE/TAP1/HLA-H",6
"GO:0009247","glycolipid biosynthetic process","13/1051","87/18842",0.149425287356322,2.67884991852314,3.81475032738404,0.0010289894610244,0.0194912714435366,0.0194912714435366,"ST3GAL4/ST8SIA4/ARV1/B3GALT4/SPTLC2/PIGV/MPPE1/PIGF/SGMS1/ST3GAL6/B4GALT4/DEGS1/PIGB",13
"GO:0071824","protein-DNA complex organization","25/1051","229/18842",0.109170305676856,1.9571711698985,3.54203064736721,0.00104261563765476,0.0196681073374874,0.0196681073374874,"H3-3B/TAF12/H2BC6/NFE2/HMGB2/H2BC21/H2BC4/MED18/MED8/DAXX/H3C6/PIAS1/GTF2E1/MED7/GTF2B/H4C16/BAZ1A/MED31/H2BC7/CREB1/ASF1A/H4C14/H4C8/H4C15/TAF7",25
"GO:1901224","positive regulation of non-canonical NF-kappaB signal transduction","10/1051","57/18842",0.175438596491228,3.1452084063632,3.94234358332059,0.00109937543723128,0.020653840181427,0.020653840181427,"EIF2AK2/IL18R1/IFI35/NMI/TRIM21/NLRP12/NOD2/TNFSF14/LGALS9/RBCK1",10
"GO:0032635","interleukin-6 production","19/1051","156/18842",0.121794871794872,2.1835004513406,3.60766088537182,0.00112102916945075,0.0208894215965945,0.0208894215965945,"TLR7/TLR1/F2RL1/GHRL/LILRA5/MYD88/TLR2/RIGI/IL16/TLR4/NLRP12/PTPN6/BTK/LILRA2/TLR8/IFIH1/STAT3/NOD2/LGALS9",19
"GO:0032675","regulation of interleukin-6 production","19/1051","156/18842",0.121794871794872,2.1835004513406,3.60766088537182,0.00112102916945075,0.0208894215965945,0.0208894215965945,"TLR7/TLR1/F2RL1/GHRL/LILRA5/MYD88/TLR2/RIGI/IL16/TLR4/NLRP12/PTPN6/BTK/LILRA2/TLR8/IFIH1/STAT3/NOD2/LGALS9",19
"GO:0034976","response to endoplasmic reticulum stress","28/1051","269/18842",0.104089219330855,1.86607903961177,3.47732907438906,0.00113267373058479,0.0210209570081,0.0210209570081,"RNFT1/ERP44/FCGR2B/ALOX5/TOR1A/HSPA1A/EDEM2/JKAMP/TMEM33/UBAC2/NRBF2/MMP24-AS1-EDEM2/UBQLN2/PIGBOS1/CASP4/RNF185/SHISA5/BAK1/TMBIM4/TRIM13/ERLIN1/RNF175/FBXO6/PARP8/USP25/STAT3/APAF1/TRIM25",28
"GO:0044403","biological process involved in symbiotic interaction","21/1051","181/18842",0.116022099447514,2.0800079902855,3.54855836359846,0.00118726886705362,0.0219453245426363,0.0219453245426363,"TRIM5/PPID/CD55/HSPA1A/DYNLT1/F2RL1/EXOC7/TSG101/PLSCR1/TRIM21/TRIM38/AXL/BST2/SIGLEC1/IFIT1/CR1/CHMP5/HSPA1B/SELPLG/LGALS9/TRIM25",21
"GO:0006986","response to unfolded protein","18/1051","145/18842",0.124137931034483,2.22550608615768,3.60053189524106,0.00120100275493521,0.0220464463459368,0.0220464463459368,"HSPA8/ERP44/HSPA6/HSPA1A/EDEM2/TOR1B/JKAMP/TMEM33/MMP24-AS1-EDEM2/DAXX/PIGBOS1/SHISA5/BAK1/TMBIM4/DNAJA1/FBXO6/PARP8/STAT3",18
"GO:0050851","antigen receptor-mediated signaling pathway","23/1051","206/18842",0.111650485436893,2.00163505861269,3.51333796988615,0.00120235854853495,0.0220464463459368,0.0220464463459368,"CD274/FCGR2B/LAT2/CD38/BTN3A2/CEACAM1/BTN2A2/BTNL8/BTN2A1/GBP1/CD300A/BMX/KLHL6/MNDA/PTPN6/BTK/FYB1/BTN3A1/BTN3A3/PDCD1LG2/RBCK1/STAP1/CLEC2B",23
"GO:0060326","cell chemotaxis","31/1051","311/18842",0.0996784565916399,1.78700426175041,3.40142581603311,0.0012903695253215,0.0235659518090588,0.0235659518090587,"MOSPD2/MDK/C3AR1/CMKLR1/ALOX5/CXCL10/RIPOR2/HMGB2/BIN2/F2RL1/CCR1/CCR3/BST1/SRP54/CX3CR1/EPHB1/CXCR1/FPR2/IL16/NEDD9/CXCR2/GAB1/FFAR2/CHGA/ADAM17/CCR2/LGALS9/TNFAIP6/STAP1/HGF/C5",31
"GO:0090026","positive regulation of monocyte chemotaxis","6/1051","23/18842",0.260869565217391,4.67678815207049,4.28832219095262,0.00131963844631781,0.0240048517377812,0.0240048517377812,"MOSPD2/CXCL10/CCR1/CX3CR1/FPR2/CCR2",6
"GO:0032682","negative regulation of chemokine production","7/1051","31/18842",0.225806451612903,4.0481875939965,4.12828573929202,0.00132986689478214,0.0240952958327325,0.0240952958327325,"MEFV/TICAM2/OAS3/ERBIN/F2RL1/OAS1/LGALS9",7
"GO:0002385","mucosal immune response","9/1051","49/18842",0.183673469387755,3.29284063768228,3.90595294043921,0.0013776814564996,0.0248633535298984,0.0248633535298984,"ZBTB16/H2BC6/H2BC21/H2BC4/FFAR2/H2BC7/H2BC17/H2BC18/H2BC5",9
"GO:0002756","MyD88-independent toll-like receptor signaling pathway","5/1051","16/18842",0.3125,5.60240247383444,4.47629511936075,0.00139320367928641,0.0249470533822223,0.0249470533822223,"CD274/TICAM2/PRKCE/IRF7/TLR4",5
"GO:0016045","detection of bacterium","5/1051","16/18842",0.3125,5.60240247383444,4.47629511936075,0.00139320367928641,0.0249470533822223,0.0249470533822223,"NAIP/NLRC4/TLR1/TLR2/NOD2",5
"GO:0050920","regulation of chemotaxis","22/1051","196/18842",0.112244897959184,2.01229150080584,3.46253314388937,0.00141882874928244,0.0250551042903237,0.0250551042903237,"CYRIB/MOSPD2/MDK/C3AR1/CMKLR1/CXCL10/RIPOR2/F2RL1/CCR1/BST1/CX3CR1/CXCR1/FPR2/IL16/NEDD9/CXCR2/ADAM17/CCR2/LGALS9/TNFAIP6/STAP1/C5",22
"GO:0070936","protein K48-linked ubiquitination","14/1051","101/18842",0.138613861386139,2.48502604779983,3.63706892144588,0.00142049213464069,0.0250551042903237,0.0250551042903237,"KBTBD7/RNF6/TRIM6/RNF146/UBE2D1/MARCHF5/IFI27/TOPORS/TRIM21/FBXO38/NT5C2/RNF34/DTX3L/TRIM25",14
"GO:0002369","T cell cytokine production","8/1051","40/18842",0.2,3.58553758325404,3.97861558476508,0.00142110102868328,0.0250551042903237,0.0250551042903237,"IL18R1/RSAD2/B2M/CD55/PRKCZ/HFE/BTLA/CCR2",8
"GO:0002724","regulation of T cell cytokine production","8/1051","40/18842",0.2,3.58553758325404,3.97861558476508,0.00142110102868328,0.0250551042903237,0.0250551042903237,"IL18R1/RSAD2/B2M/CD55/PRKCZ/HFE/BTLA/CCR2",8
"GO:0007204","positive regulation of cytosolic calcium ion concentration","19/1051","160/18842",0.11875,2.12891294005709,3.4854745143686,0.00151547349334486,0.0264592893568619,0.0264592893568619,"C3AR1/CMKLR1/CD55/CD38/JAK2/PML/F2RL1/CYSLTR1/CCR1/GHRL/CCR3/CX3CR1/PROK2/CXCR1/FPR2/PTGDR/CXCR2/CCR2/FPR1",19
"GO:0019835","cytolysis","4/1051","10/18842",0.4,7.17107516650809,4.74423033998263,0.00154114970730413,0.0264592893568619,0.0264592893568619,"GBP5/GBP3/GBP1/GBP2",4
"GO:0034342","response to type III interferon","4/1051","10/18842",0.4,7.17107516650809,4.74423033998263,0.00154114970730413,0.0264592893568619,0.0264592893568619,"IFNGR1/IL10RB/IFNGR2/SHFL",4
"GO:0035655","interleukin-18-mediated signaling pathway","4/1051","10/18842",0.4,7.17107516650809,4.74423033998263,0.00154114970730413,0.0264592893568619,0.0264592893568619,"IL18R1/TICAM2/IL18RAP/CASP4",4
"GO:0045869","negative regulation of single stranded viral RNA replication via double stranded DNA intermediate","4/1051","10/18842",0.4,7.17107516650809,4.74423033998263,0.00154114970730413,0.0264592893568619,0.0264592893568619,"APOBEC3A/APOBEC3F/APOBEC3G/APOBEC3B",4
"GO:0071351","cellular response to interleukin-18","4/1051","10/18842",0.4,7.17107516650809,4.74423033998263,0.00154114970730413,0.0264592893568619,0.0264592893568619,"IL18R1/TICAM2/IL18RAP/CASP4",4
"GO:2000345","regulation of hepatocyte proliferation","4/1051","10/18842",0.4,7.17107516650809,4.74423033998263,0.00154114970730413,0.0264592893568619,0.0264592893568619,"MDK/CFLAR/CEACAM1/HPN",4
"GO:0001913","T cell mediated cytotoxicity","9/1051","50/18842",0.18,3.22698382492864,3.83238133124758,0.00159835812283706,0.0273246387792988,0.0273246387792988,"FADD/CYRIB/FCGR2B/HLA-E/STX7/CEACAM1/RIPK3/HLA-H/PRF1",9
"GO:0050866","negative regulation of cell activation","22/1051","198/18842",0.111111111111111,1.99196532403002,3.41045789226687,0.00161734629991808,0.0273246387792988,0.0273246387792988,"CD274/MDK/FCGR2B/HLA-E/RIPOR2/CST7/CEACAM1/BTN2A2/LGALS9C/CD300A/MILR1/HFE/BTLA/MNDA/PTPN6/BTK/CR1/PSMB9/TNFAIP8L2/CLEC12A/PDCD1LG2/LGALS9",22
"GO:0019082","viral protein processing","7/1051","32/18842",0.21875,3.92168173168411,4.0203757930242,0.00162135727486241,0.0273246387792988,0.0273246387792988,"ST3GAL4/PARP10/EDEM2/MMP24-AS1-EDEM2/PARP9/MGAT2/ST6GALNAC2",7
"GO:0031664","regulation of lipopolysaccharide-mediated signaling pathway","7/1051","32/18842",0.21875,3.92168173168411,4.0203757930242,0.00162135727486241,0.0273246387792988,0.0273246387792988,"CARD8/TRIM5/CD55/LY96/CARD16/PTPN6/LILRA2",7
"GO:0045920","negative regulation of exocytosis","7/1051","32/18842",0.21875,3.92168173168411,4.0203757930242,0.00162135727486241,0.0273246387792988,0.0273246387792988,"STXBP3/FCGR2B/RAB33B/CEACAM1/CD300A/CCR2/LGALS9",7
"GO:0035966","response to topologically incorrect protein","19/1051","161/18842",0.118012422360248,2.1156898783176,3.45548907221266,0.00163070407696559,0.0273814926330046,0.0273814926330046,"HSPA8/UBE2W/ERP44/HSPA6/HSPA1A/EDEM2/TOR1B/JKAMP/TMEM33/MMP24-AS1-EDEM2/DAXX/PIGBOS1/SHISA5/BAK1/TMBIM4/DNAJA1/FBXO6/PARP8/STAT3",19
"GO:0051250","negative regulation of lymphocyte activation","18/1051","149/18842",0.120805369127517,2.16576095632795,3.4722924019779,0.00164056867460176,0.0274465941765491,0.0274465941765491,"CD274/MDK/FCGR2B/HLA-E/RIPOR2/BTN2A2/LGALS9C/CD300A/HFE/BTLA/MNDA/BTK/CR1/PSMB9/TNFAIP8L2/CLEC12A/PDCD1LG2/LGALS9",18
"GO:0002483","antigen processing and presentation of endogenous peptide antigen","6/1051","24/18842",0.25,4.48192197906755,4.14849983527482,0.001677377170798,0.0279603525488656,0.0279603525488656,"B2M/HLA-E/TAP2/HFE/TAP1/HLA-H",6
"GO:0071674","mononuclear cell migration","23/1051","212/18842",0.108490566037736,1.94498500978403,3.36309840740534,0.00176081954083703,0.0291934445709542,0.0291934445709542,"FADD/MOSPD2/MDK/C3AR1/CMKLR1/ALOX5/CXCL10/RIPOR2/CCR1/CX3CR1/DOCK8/CXCR1/MIA3/FPR2/NEDD9/CXCR2/ADAM17/FUT7/CCR2/LGALS9/STAP1/RIPK3/C5",23
"GO:0010506","regulation of autophagy","34/1051","358/18842",0.0949720670391061,1.70262957864019,3.26229413039115,0.00176408903711918,0.0291934445709542,0.0291934445709542,"ZKSCAN3/RUFY4/ADRB2/TBK1/MEFV/TBC1D14/RALB/RRAGA/PIP4K2C/SPTLC2/IFI16/RAB8A/RAB39B/SNX6/LAMP3/EXOC7/UBQLN2/SH3GLB1/PIK3R4/CLN3/TRIM21/TRIM27/USP10/EXOC1/ATP6V1C1/ATP6V1B2/RUBCN/TRIM13/DRAM2/STAT3/NOD2/TRIM22/HGF/CASP3",34
"GO:0043065","positive regulation of apoptotic process","43/1051","484/18842",0.0888429752066116,1.59274913305707,3.2109539597473,0.00178024067738463,0.029354759946515,0.029354759946515,"CD274/STK3/FADD/ADRB2/NLRC4/ING4/TNFRSF8/PPID/LTBR/FAS/CASP7/JAK2/CFLAR/PML/CASP5/VNN1/STK17B/STYXL1/TXNIP/CASP4/ZBP1/TLR4/SEPTIN4/FAP/CYP1B1/IFIT2/CASP1/BAK1/TNFSF10/MNDA/OMA1/CASP10/DNAJA1/CREB1/TNFRSF1A/FASLG/TNFSF14/AKR1C3/LGALS9/RBCK1/APAF1/CASP3/HCAR2",43
"GO:0010803","regulation of tumor necrosis factor-mediated signaling pathway","11/1051","71/18842",0.154929577464789,2.77752911378834,3.6471644427332,0.00181952020640334,0.0298949126385409,0.0298949126385409,"CARD8/NAIP/HSPA1A/F2RL1/TANK/TRIM27/CARD16/CASP4/CASP1/ADAM17/HSPA1B",11
"GO:1903037","regulation of leukocyte cell-cell adhesion","34/1051","359/18842",0.0947075208913649,1.69788687786403,3.24488401492017,0.00184742788877732,0.0302450337219831,0.0302450337219831,"CD274/ST3GAL4/FADD/CYRIB/MDK/ZBTB16/B2M/ALOX5/HLA-E/CD55/PRKCZ/JAK2/IL2RG/RIPOR2/VNN1/BTN2A2/DOCK8/LGALS9C/CD300A/MIA3/HFE/BTLA/PTPN6/FBXO38/CR1/PSMB9/TNFAIP8L2/FUT7/CCR2/PDCD1LG2/NOD2/TNFSF14/LGALS9/SHH",34
"GO:0002430","complement receptor mediated signaling pathway","5/1051","17/18842",0.294117647058824,5.2728493871383,4.28378539599839,0.00188379101267792,0.0306216241209773,0.0306216241209773,"C3AR1/CMKLR1/FPR2/CR1/FPR1",5
"GO:1903265","positive regulation of tumor necrosis factor-mediated signaling pathway","5/1051","17/18842",0.294117647058824,5.2728493871383,4.28378539599839,0.00188379101267792,0.0306216241209773,0.0306216241209773,"HSPA1A/CASP4/CASP1/ADAM17/HSPA1B",5
"GO:0050863","regulation of T cell activation","33/1051","346/18842",0.0953757225433526,1.709866188546,3.23913303143592,0.00190860922787956,0.0309154229703177,0.0309154229703177,"CD274/FADD/CYRIB/MDK/ZBTB16/B2M/HLA-E/CD55/PRKCZ/JAK2/IL2RG/RIPOR2/TNFSF8/VNN1/BTN2A2/DOCK8/LGALS9C/CD300A/HFE/IL27/BTLA/PTPN6/FBXO38/CR1/PSMB9/TNFAIP8L2/CCR2/PDCD1LG2/NOD2/TNFSF14/LGALS9/RIPK3/SHH",33
"GO:0048193","Golgi vesicle transport","31/1051","319/18842",0.0971786833855799,1.74218910785071,3.24943166010957,0.00192822991379199,0.0311232602986708,0.0311232602986708,"TBC1D14/STX17/SCAMP1/TRIP11/RAB8A/BLZF1/LMAN2L/ANKFY1/MPPE1/GOLGA5/RAB33B/ERGIC2/USO1/RP2/KLHL12/MIA2/CLN3/MIA3/EXOC1/TMEM115/SHISA5/CEP19/RAB10/YIPF5/YIPF4/TRAPPC6B/COPB2/NSF/SNAP23/AP1M2/COPG1",31
"GO:0007159","leukocyte cell-cell adhesion","37/1051","402/18842",0.0920398009950249,1.65006082811442,3.20213559246805,0.00197350918105494,0.0317423371437047,0.0317423371437047,"CD274/ST3GAL4/FADD/SELL/CYRIB/MDK/ZBTB16/B2M/ALOX5/HLA-E/CD55/PRKCZ/JAK2/IL2RG/RIPOR2/VNN1/CX3CR1/BTN2A2/DOCK8/LGALS9C/CD300A/MIA3/HFE/BTLA/PTPN6/FBXO38/CR1/PSMB9/TNFAIP8L2/FUT7/CCR2/PDCD1LG2/NOD2/TNFSF14/SELPLG/LGALS9/SHH",37
"GO:0016540","protein autoprocessing","6/1051","25/18842",0.24,4.30264509990485,4.01614951028882,0.0021041638655205,0.0336079691970243,0.0336079691970243,"FAM111A/PISD/CASP4/CASP1/OMA1/SHH",6
"GO:0052372","modulation by symbiont of entry into host","6/1051","25/18842",0.24,4.30264509990485,4.01614951028882,0.0021041638655205,0.0336079691970243,0.0336079691970243,"TRIM5/EXOC7/TRIM21/TRIM38/LGALS9/TRIM25",6
"GO:0001914","regulation of T cell mediated cytotoxicity","8/1051","43/18842",0.186046511627907,3.33538379837585,3.7263038892924,0.00231124721337194,0.0365018116834589,0.0365018116834589,"FADD/CYRIB/FCGR2B/HLA-E/STX7/CEACAM1/RIPK3/HLA-H",8
"GO:0010526","transposable element silencing","8/1051","43/18842",0.186046511627907,3.33538379837585,3.7263038892924,0.00231124721337194,0.0365018116834589,0.0365018116834589,"MOV10/TUT7/APOBEC3A/APOBEC3F/TDRD9/APOBEC3G/RESF1/APOBEC3B",8
"GO:1900246","positive regulation of RIG-I signaling pathway","4/1051","11/18842",0.363636363636364,6.51915924228008,4.45026352387807,0.00231538115941152,0.0365018116834589,0.0365018116834589,"DDX60/ZC3HAV1/OASL/DHX58",4
"GO:0030099","myeloid cell differentiation","34/1051","364/18842",0.0934065934065934,1.67456425591535,3.15863678132962,0.00231719616053371,0.0365018116834589,0.0365018116834589,"DUSP18/FADD/ZBTB16/TET2/EVI2B/IFI16/JAK2/HSPA1A/SNX10/CFLAR/HMGB2/C1QC/F2RL1/CCR1/IL1R2/ISG15/SRP54/CEACAM1/TLR2/BATF2/STAT1/OSTM1/IRF7/CNOT4/TLR4/NEDD9/H4C16/H4C14/H4C8/STAT3/H4C15/HSPA1B/TNFAIP6/CASP3",34
"GO:0002227","innate immune response in mucosa","7/1051","34/18842",0.205882352941176,3.69099457099681,3.81710516197831,0.0023513600366673,0.0367871481504537,0.0367871481504537,"H2BC6/H2BC21/H2BC4/H2BC7/H2BC17/H2BC18/H2BC5",7
"GO:0031342","negative regulation of cell killing","7/1051","34/18842",0.205882352941176,3.69099457099681,3.81710516197831,0.0023513600366673,0.0367871481504537,0.0367871481504537,"FCGR2B/HLA-E/CX3CR1/CEACAM1/CR1/KIR2DL4/LGALS9",7
"GO:0061900","glial cell activation","9/1051","53/18842",0.169811320754717,3.04432436314023,3.62233872612221,0.00243480485670015,0.0379630798065085,0.0379630798065085,"IFNGR1/JAK2/CST7/TLR1/CX3CR1/FPR2/IFNGR2/TNFRSF1A/STAP1",9
"GO:0002888","positive regulation of myeloid leukocyte mediated immunity","5/1051","18/18842",0.277777777777778,4.97991331007506,4.10588764363436,0.00248968165485283,0.03829765337532,0.03829765337532,"HLA-E/F2RL1/RIGI/BTK/STAP1",5
"GO:0046596","regulation of viral entry into host cell","5/1051","18/18842",0.277777777777778,4.97991331007506,4.10588764363436,0.00248968165485283,0.03829765337532,0.03829765337532,"TRIM5/TRIM21/TRIM38/LGALS9/TRIM25",5
"GO:0070431","nucleotide-binding oligomerization domain containing 2 signaling pathway","5/1051","18/18842",0.277777777777778,4.97991331007506,4.10588764363436,0.00248968165485283,0.03829765337532,0.03829765337532,"HSPA1A/ERBIN/NAGK/NOD2/HSPA1B",5
"GO:0071359","cellular response to dsRNA","5/1051","18/18842",0.277777777777778,4.97991331007506,4.10588764363436,0.00248968165485283,0.03829765337532,0.03829765337532,"OAS3/RIGI/OAS1/IFIT1/IFIH1",5
"GO:0090594","inflammatory response to wounding","6/1051","26/18842",0.230769230769231,4.13715874990851,3.89056495640795,0.002608020294455,0.0399838295310425,0.0399838295310425,"MDK/ALOX5/TLR4/PTPN6/CCR2/STAT3",6
"GO:0051701","biological process involved in interaction with host","19/1051","168/18842",0.113095238095238,2.0275361333877,3.25151842564171,0.00266408625862617,0.0406844592168613,0.0406844592168613,"TRIM5/PPID/CD55/HSPA1A/DYNLT1/EXOC7/TSG101/PLSCR1/TRIM21/TRIM38/AXL/SIGLEC1/IFIT1/CR1/CHMP5/HSPA1B/SELPLG/LGALS9/TRIM25",19
"GO:0032197","retrotransposition","8/1051","44/18842",0.181818181818182,3.25957962114004,3.64713062161327,0.00268922145347054,0.0406844592168613,0.0406844592168613,"MOV10/TUT7/APOBEC3A/APOBEC3F/TDRD9/APOBEC3G/RESF1/APOBEC3B",8
"GO:0071402","cellular response to lipoprotein particle stimulus","8/1051","44/18842",0.181818181818182,3.25957962114004,3.64713062161327,0.00268922145347054,0.0406844592168613,0.0406844592168613,"ABCG1/MYD88/TXNIP/MIA3/TLR4/CD68/ADAM17/ABCA1",8
"GO:2000404","regulation of T cell migration","8/1051","44/18842",0.181818181818182,3.25957962114004,3.64713062161327,0.00268922145347054,0.0406844592168613,0.0406844592168613,"FADD/CXCL10/RIPOR2/DOCK8/ADAM17/CCR2/LGALS9/RIPK3",8
"GO:0045806","negative regulation of endocytosis","10/1051","65/18842",0.153846153846154,2.75810583327234,3.45097444301665,0.00304868103673569,0.0458201766308079,0.0458201766308079,"FCGR2B/B2M/PIP4P2/SDCBP/MCTP1/TLR2/UBQLN2/PLSCR1/CD300A/RUBCN",10
"GO:2000401","regulation of lymphocyte migration","10/1051","65/18842",0.153846153846154,2.75810583327234,3.45097444301665,0.00304868103673569,0.0458201766308079,0.0458201766308079,"FADD/CXCL10/RIPOR2/DOCK8/MIA3/NEDD9/ADAM17/CCR2/LGALS9/RIPK3",10
"GO:0007259","cell surface receptor signaling pathway via JAK-STAT","17/1051","146/18842",0.116438356164384,2.08747051079859,3.20606793112616,0.00321825504355522,0.0478690631303491,0.0478690631303491,"FLT3/JAK2/IL2RG/STAT2/IL10RB/STAT1/NMI/CRLF3/CYP1B1/PIAS1/IL27/PARP9/TNFRSF1A/CCR2/PARP14/STAT3/CSF2RB",17
"GO:0050765","negative regulation of phagocytosis","5/1051","19/18842",0.263157894736842,4.71781260954479,3.94069686490197,0.00322539680974072,0.0478690631303491,0.0478690631303491,"FCGR2B/PIP4P2/TLR2/PLSCR1/CD300A",5
"GO:0051251","positive regulation of lymphocyte activation","28/1051","289/18842",0.0968858131487889,1.73693862164556,3.06850135764479,0.00324190957524458,0.0478690631303491,0.0478690631303491,"CD274/FADD/CYRIB/MDK/ZBTB16/B2M/HLA-E/CD55/PRKCZ/CD38/JAK2/IL2RG/TNFSF13B/VNN1/DOCK8/AXL/PTPN6/FBXO38/BTK/CR1/CCR2/PDCD1LG2/FCGR3A/NOD2/TNFSF14/PPP2R3C/LGALS9/SHH",28
"GO:0002520","immune system development","15/1051","122/18842",0.122950819672131,2.20422392413158,3.24330205404112,0.00325956298923896,0.0478690631303491,0.0478690631303491,"FADD/NBN/ZBTB16/LTBR/HLA-E/HMGB2/SANBR/SAMHD1/XRCC4/BTLA/EXOSC3/ADAM17/LGALS9/RIPK3/SHH",15
"GO:0038094","Fc-gamma receptor signaling pathway","7/1051","36/18842",0.194444444444444,3.48593931705254,3.62866361946626,0.00331134395496053,0.0478690631303491,0.0478690631303491,"FCGR2B/HCK/PRKCE/FCGR3B/FCGR2A/FCGR1A/FCGR3A",7
"GO:0002864","regulation of acute inflammatory response to antigenic stimulus","4/1051","12/18842",0.333333333333333,5.97589597209007,4.19073219222994,0.00332075961506349,0.0478690631303491,0.0478690631303491,"FCGR2B/HLA-E/BTK/FUT7",4
"GO:0014842","regulation of skeletal muscle satellite cell proliferation","4/1051","12/18842",0.333333333333333,5.97589597209007,4.19073219222994,0.00332075961506349,0.0478690631303491,0.0478690631303491,"JAK2/CFLAR/EPHB1/STAT3",4
"GO:0014857","regulation of skeletal muscle cell proliferation","4/1051","12/18842",0.333333333333333,5.97589597209007,4.19073219222994,0.00332075961506349,0.0478690631303491,0.0478690631303491,"JAK2/CFLAR/EPHB1/STAT3",4
"GO:0035739","CD4-positive, alpha-beta T cell proliferation","4/1051","12/18842",0.333333333333333,5.97589597209007,4.19073219222994,0.00332075961506349,0.0478690631303491,0.0478690631303491,"CD274/CD55/LGALS9C/LGALS9",4
"GO:0070213","protein auto-ADP-ribosylation","4/1051","12/18842",0.333333333333333,5.97589597209007,4.19073219222994,0.00332075961506349,0.0478690631303491,0.0478690631303491,"PARP10/PARP11/PARP12/PARP8",4
"GO:0070673","response to interleukin-18","4/1051","12/18842",0.333333333333333,5.97589597209007,4.19073219222994,0.00332075961506349,0.0478690631303491,0.0478690631303491,"IL18R1/TICAM2/IL18RAP/CASP4",4
"GO:1901847","nicotinate metabolic process","4/1051","12/18842",0.333333333333333,5.97589597209007,4.19073219222994,0.00332075961506349,0.0478690631303491,0.0478690631303491,"CD38/PARP10/NMRK1/PARP9",4
"GO:2000561","regulation of CD4-positive, alpha-beta T cell proliferation","4/1051","12/18842",0.333333333333333,5.97589597209007,4.19073219222994,0.00332075961506349,0.0478690631303491,0.0478690631303491,"CD274/CD55/LGALS9C/LGALS9",4
"GO:0031400","negative regulation of protein modification process","21/1051","197/18842",0.106598984771574,1.91107333117601,3.12434084460904,0.00336233917579998,0.0483164977487997,0.0483164977487997,"PTEN/IL2RG/GSKIP/HSPA1A/SNX6/PARP10/MARCHF7/ISG15/CEACAM1/TSG101/PRKCE/CD300A/TRIM21/CEP63/RGS14/DNAJA1/ADAR/PARP14/HSPA1B/DTX3L/TAF7",21
"GO:2000106","regulation of leukocyte apoptotic process","10/1051","66/18842",0.151515151515152,2.71631635095003,3.39485259865681,0.00341747072299288,0.048955268106873,0.048955268106873,"CD274/FADD/IRF7/AXL/BTK/ADAM17/NOD2/LGALS9/RIPK3/HCAR2",10
"GO:1903039","positive regulation of leukocyte cell-cell adhesion","25/1051","250/18842",0.1,1.79276879162702,3.06694965666061,0.00346936666962163,0.0495438530016995,0.0495438530016995,"CD274/ST3GAL4/FADD/CYRIB/MDK/ZBTB16/B2M/ALOX5/HLA-E/CD55/PRKCZ/JAK2/IL2RG/VNN1/DOCK8/PTPN6/FBXO38/CR1/FUT7/CCR2/PDCD1LG2/NOD2/TNFSF14/LGALS9/SHH",25
