"OlinkID","t","Assay","UniProt","MissingFreq","LOD","Panel","Panel_Version","ENTREZID"
"OID20321",2.22897907416578,"RNASET2","O00584",0.03,1.4223,"CARDIOMETABOLIC",1,"8635"
"OID20206",1.12906306524473,"CD69","Q07108",0.04,1.0986,"CARDIOMETABOLIC",1,"969"
"OID20195",1.97203634048008,"GLRX","P35754",0.06,2.0558,"CARDIOMETABOLIC",1,"2745"
"OID20094",-1.52181512373919,"SLITRK6","Q9H5Y7",0.05,1.5126,"CARDIOMETABOLIC",1,"84189"
"OID20216",2.3800746225518,"SDC4","P31431",0.03,0.95,"CARDIOMETABOLIC",1,"6385"
"OID20106",0.773297798354826,"DCN","P07585",0.03,0.508,"CARDIOMETABOLIC",1,"1634"
"OID20324",-2.1875306667128,"LILRB5","O75023",0.03,0.8072,"CARDIOMETABOLIC",1,"10990"
"OID20299",-5.29965891789859,"CCN3","P48745",0.03,0.7146,"CARDIOMETABOLIC",1,"4856"
"OID20381",-0.974045812711786,"GP1BA","P07359",0.03,-0.1536,"CARDIOMETABOLIC",1,"2811"
"OID20187",1.7399410130009,"LEP","P41159",0.13,0.7591,"CARDIOMETABOLIC",1,"3952"
"OID20202",-3.35711980688944,"GDF2","Q9UK05",0.04,1.1128,"CARDIOMETABOLIC",1,"2658"
"OID20180",7.96727019577018,"TINAGL1","Q9GZM7",0.03,0.6614,"CARDIOMETABOLIC",1,"64129"
"OID20099",0.730282511830378,"CLEC1A","Q8NC01",0.09,1.0432,"CARDIOMETABOLIC",1,"51267"
"OID20281",1.35267227507844,"SERPINA11","Q86U17",0.03,0.1092,"CARDIOMETABOLIC",1,"256394"
"OID20385",2.78279396795627,"IL6R","P08887",0.03,-0.1625,"CARDIOMETABOLIC",1,"3570"
"OID20097",0.519742717160777,"GYS1","P13807",0.17,1.4454,"CARDIOMETABOLIC",1,"2997"
"OID20300",-3.67552464632593,"HYOU1","Q9Y4L1",0.03,-0.0357,"CARDIOMETABOLIC",1,"10525"
"OID20383",-5.21241627454356,"HSPG2","P98160",0.03,0.8114,"CARDIOMETABOLIC",1,"3339"
"OID20396",1.97746819094473,"VCAM1","P19320",0.03,0.2052,"CARDIOMETABOLIC",1,"7412"
"OID20159",0.16091327655896,"ACAN","P16112",0.04,1.1623,"CARDIOMETABOLIC",1,"176"
"OID20120",0.981148481588595,"TP53INP1","Q96A56",0.98,0.6347,"CARDIOMETABOLIC",1,"94241"
"OID20154",0.106456030219795,"LGALS1","P09382",0.04,1.4643,"CARDIOMETABOLIC",1,"3956"
"OID20287",-4.66551113612416,"ENG","P17813",0.03,-0.2823,"CARDIOMETABOLIC",1,"2022"
"OID20401",-4.95964040531904,"CCL14","Q16627",0.03,0.9744,"CARDIOMETABOLIC",1,"6358"
"OID20310",1.83308202899251,"PTPRF","P10586",0.03,0.0375,"CARDIOMETABOLIC",1,"5792"
"OID20265",-7.39935039738182,"TNFRSF10C","O14798",0.03,0.1021,"CARDIOMETABOLIC",1,"8794"
"OID20148",5.11576271945357,"DCTPP1","Q9H773",0.03,-0.0475,"CARDIOMETABOLIC",1,"79077"
"OID20279",-9.58195926599082,"CRTAC1","Q9NQ79",0.03,-0.7264,"CARDIOMETABOLIC",1,"55118"
"OID20071",2.90701140917888,"VAMP5","O95183",0.15,0.6918,"CARDIOMETABOLIC",1,"10791"
"OID20069",0.198780964564485,"CNPY2","Q9Y2B0",0.75,0.9212,"CARDIOMETABOLIC",1,"10330"
"OID20179",0.657855915202463,"CBLIF","P27352",0.07,0.3212,"CARDIOMETABOLIC",1,"2694"
"OID20286",-0.292788691231797,"CORO1A","P31146",0.28,0.7488,"CARDIOMETABOLIC",1,"11151"
"OID20273",-3.66652392474793,"ALCAM","Q13740",0.03,-0.1058,"CARDIOMETABOLIC",1,"214"
"OID20133",-0.108769548409074,"PDGFRA","P16234",0.04,0.5547,"CARDIOMETABOLIC",1,"5156"
"OID20395",-0.944665926550432,"CCL18","P55774",0.03,1.6768,"CARDIOMETABOLIC",1,"6362"
"OID20157",-7.65933079247041,"CDH6","P55285",0.56,1.0582,"CARDIOMETABOLIC",1,"1004"
"OID20325",0.835376127386291,"IGFBP2","P18065",0.03,0.25,"CARDIOMETABOLIC",1,"3485"
"OID20196",-2.25745315856278,"KITLG","P21583",0.04,0.3721,"CARDIOMETABOLIC",1,"4254"
"OID20341",12.7861089626701,"TCN2","P20062",0.03,0.5869,"CARDIOMETABOLIC",1,"6948"
"OID20407",-1.34156843093054,"ANGPTL3","Q9Y5C1",0.04,0.552,"CARDIOMETABOLIC",1,"27329"
"OID20104",7.9875538948821,"ENTPD5","O75356",0.04,0.324,"CARDIOMETABOLIC",1,"957"
"OID20096",6.32238737077845,"GZMH","P20718",0.05,0.6228,"CARDIOMETABOLIC",1,"2999"
"OID20261",2.96502005227453,"FUCA1","P04066",0.04,0.8666,"CARDIOMETABOLIC",1,"2517"
"OID20138",0.45467579085747,"DOK2","O60496",0.25,0.6916,"CARDIOMETABOLIC",1,"9046"
"OID20175",-2.06956416339952,"GHRL","Q9UBU3",0.06,0.6713,"CARDIOMETABOLIC",1,"51738"
"OID20144",0.872826087891933,"PLPBP","O94903",0.04,0.266,"CARDIOMETABOLIC",1,"11212"
"OID20260",1.92615556082411,"CD97","P48960",0.03,0.3842,"CARDIOMETABOLIC",1,"976"
"OID20254",2.22232169583926,"LTBP2","Q14767",0.03,-0.2166,"CARDIOMETABOLIC",1,"4053"
"OID20113",6.29096322276801,"CTSH","P09668",0.15,2.437,"CARDIOMETABOLIC",1,"1512"
"OID20302",8.36241847995947,"ST6GAL1","P15907",0.03,0.2517,"CARDIOMETABOLIC",1,"6480"
"OID20344",-0.91338299926536,"DEFA1_DEFA1B","P59665",0.8,1.4884,"CARDIOMETABOLIC",1,"1667"
"OID20344",-0.91338299926536,"DEFA1_DEFA1B","P59665",0.8,1.4884,"CARDIOMETABOLIC",1,"728358"
"OID20360",-3.82443733578305,"CD163","Q86VB7",0.03,0.1153,"CARDIOMETABOLIC",1,"9332"
"OID20377",-2.37566286803592,"CD55","P08174",0.14,2.7778,"CARDIOMETABOLIC",1,"1604"
"OID20143",0.811047458844339,"PLIN3","O60664",0.05,0.6817,"CARDIOMETABOLIC",1,"10226"
"OID20122",1.92881334043194,"AK1","P00568",0.14,1.1971,"CARDIOMETABOLIC",1,"203"
"OID20167",-1.39756366216449,"IGSF8","Q969P0",0.04,0.0619,"CARDIOMETABOLIC",1,"93185"
"OID20408",-2.64664595012879,"PTGDS","P41222",0.03,-0.132,"CARDIOMETABOLIC",1,"5730"
"OID20359",-0.0673260836891417,"TNC","P24821",0.03,-0.2317,"CARDIOMETABOLIC",1,"3371"
"OID20410",5.54383469844053,"C2","P06681",0.03,0.3922,"CARDIOMETABOLIC",1,"717"
"OID20109",-5.99214654174737,"ADAM15","Q13444",0.03,1.4963,"CARDIOMETABOLIC",1,"8751"
"OID20290",-1.71797303991056,"SELE","P16581",0.03,0.1984,"CARDIOMETABOLIC",1,"6401"
"OID20257",-4.94628590395196,"PEAR1","Q5VY43",0.03,-0.4318,"CARDIOMETABOLIC",1,"375033"
"OID20107",2.49402910491134,"GLO1","Q04760",0.03,0.2901,"CARDIOMETABOLIC",1,"2739"
"OID20312",-1.31309298055102,"CHIT1","Q13231",0.11,0.3347,"CARDIOMETABOLIC",1,"1118"
"OID20314",3.98743993478865,"ACP5","P13686",0.03,0.0783,"CARDIOMETABOLIC",1,"54"
"OID20386",2.47660099495347,"SOD1","P00441",0.96,3.7485,"CARDIOMETABOLIC",1,"6647"
"OID20292",-4.36061126406555,"COL6A3","P12111",0.03,0.2756,"CARDIOMETABOLIC",1,"1293"
"OID20350",-0.640932971118394,"ANPEP","P15144",0.03,0.01,"CARDIOMETABOLIC",1,"290"
"OID20241",2.51762421815283,"CA4","P22748",0.03,-0.3359,"CARDIOMETABOLIC",1,"762"
"OID20358",1.5430907290012,"CTSD","P07339",0.99,5.8266,"CARDIOMETABOLIC",1,"1509"
"OID20266",-0.801590274166636,"REG1B","P48304",0.03,-0.1516,"CARDIOMETABOLIC",1,"5968"
"OID20413",-0.765048541093926,"IGFBP6","P24592",0.03,0.1925,"CARDIOMETABOLIC",1,"3489"
"OID20203",-0.171319213131587,"RNASE3","P12724",0.16,0.7564,"CARDIOMETABOLIC",1,"6037"
"OID20220",-3.63658932361395,"GH1","P01241",0.03,0.0447,"CARDIOMETABOLIC",1,"2688"
"OID20171",3.12879934224114,"MCFD2","Q8NI22",0.06,1.452,"CARDIOMETABOLIC",1,"90411"
"OID20100",4.81470226161425,"ENTPD6","O75354",0.04,0.2682,"CARDIOMETABOLIC",1,"955"
"OID20050",-0.30876623478399,"TNNI3","P19429",0.76,1.743,"CARDIOMETABOLIC",1,"7137"
"OID20101",3.08071737714473,"IL6","P05231",0.04,1.3918,"CARDIOMETABOLIC",1,"3569"
"OID20361",-3.96845263295949,"SPARCL1","Q14515",0.03,0.1111,"CARDIOMETABOLIC",1,"8404"
"OID20077",1.13637599360534,"STK11","Q15831",0.06,0.8678,"CARDIOMETABOLIC",1,"6794"
"OID20379",-1.89626506740705,"SELP","P16109",0.03,-0.7986,"CARDIOMETABOLIC",1,"6403"
"OID20293",-1.89481039488832,"CST6","Q15828",0.03,1.1124,"CARDIOMETABOLIC",1,"1474"
"OID20194",2.91266395901783,"THOP1","P52888",0.04,0.5827,"CARDIOMETABOLIC",1,"7064"
"OID20387",-1.5033464388902,"FCGR3B","O75015",0.03,-0.1788,"CARDIOMETABOLIC",1,"2215"
"OID20210",0.895400162886174,"MARCO","Q9UEW3",0.03,0.6159,"CARDIOMETABOLIC",1,"8685"
"OID20389",-4.13697767564847,"AOC3","Q16853",0.04,-0.1565,"CARDIOMETABOLIC",1,"8639"
"OID20307",-5.50979565681232,"CNTN1","Q12860",0.04,-0.0647,"CARDIOMETABOLIC",1,"1272"
"OID20212",-3.71786288496493,"PRSS27","Q9BQR3",0.03,0.8459,"CARDIOMETABOLIC",1,"83886"
"OID20217",4.20898507537296,"HMOX1","P09601",0.04,1.267,"CARDIOMETABOLIC",1,"3162"
"OID20372",1.93741124715032,"F7","P08709",0.03,0.3372,"CARDIOMETABOLIC",1,"2155"
"OID20205",-3.49001996971913,"NPDC1","Q9NQX5",0.03,-0.0067,"CARDIOMETABOLIC",1,"56654"
"OID20289",1.83033938043648,"CPB1","P15086",0.03,-0.201,"CARDIOMETABOLIC",1,"1360"
"OID20199",2.29107489167048,"AHCY","P23526",0.14,0.8625,"CARDIOMETABOLIC",1,"191"
"OID20340",2.86432389449031,"AMY2B","P19961",0.06,0.0672,"CARDIOMETABOLIC",1,"280"
"OID20231",-3.42599633154392,"THBD","P07204",0.03,0.6161,"CARDIOMETABOLIC",1,"7056"
"OID20211",7.11157355308551,"ANGPTL1","O95841",0.27,1.3901,"CARDIOMETABOLIC",1,"9068"
"OID20208",-3.5065634390837,"COL4A1","P02462",0.03,0.1472,"CARDIOMETABOLIC",1,"1282"
"OID20219",-1.62470815020963,"SERPINA12","Q8IW75",0.72,1.6773,"CARDIOMETABOLIC",1,"145264"
"OID20166",2.30489910308695,"GSTA1","P08263",0.04,1.1215,"CARDIOMETABOLIC",1,"2938"
"OID20200",-3.67848633709236,"FABP2","P12104",0.05,0.8544,"CARDIOMETABOLIC",1,"2169"
"OID20262",-3.04749161630762,"CD209","Q9NNX6",0.03,0.2253,"CARDIOMETABOLIC",1,"30835"
"OID20259",-2.8235247181799,"XG","P55808",0.04,0.2096,"CARDIOMETABOLIC",1,"7499"
"OID20320",-2.82323552136852,"QPCT","Q16769",0.04,0.5296,"CARDIOMETABOLIC",1,"25797"
"OID20270",-2.61821496070454,"ESAM","Q96AP7",0.03,-0.4769,"CARDIOMETABOLIC",1,"90952"
"OID20280",3.05483816005666,"CPA1","P15085",0.04,0.248,"CARDIOMETABOLIC",1,"1357"
"OID20222",-0.362125854147592,"NECTIN2","Q92692",0.03,1.0399,"CARDIOMETABOLIC",1,"5819"
"OID20335",-2.57714141376307,"COL1A1","P02452",0.03,-0.262,"CARDIOMETABOLIC",1,"1277"
"OID20224",-9.9808413869142,"ROR1","Q01973",0.44,0.5722,"CARDIOMETABOLIC",1,"4919"
"OID20322",2.49668992541855,"SPP1","P10451",0.03,0.8134,"CARDIOMETABOLIC",1,"6696"
"OID20189",-5.60555997699071,"ADGRG2","Q8IZP9",0.03,1.0196,"CARDIOMETABOLIC",1,"10149"
"OID20232",2.06942072125726,"KYAT1","Q16773",0.04,1.6659,"CARDIOMETABOLIC",1,"883"
"OID20188",-3.69658876531886,"LPL","P06858",0.03,1.4088,"CARDIOMETABOLIC",1,"4023"
"OID20163",-0.243260425492009,"PDCD6","O75340",0.04,0.9313,"CARDIOMETABOLIC",1,"10016"
"OID20051",0.451275877297053,"HNRNPK","P61978",0.76,1,"CARDIOMETABOLIC",1,"3190"
"OID20127",0.184460529364545,"CNST","Q6PJW8",0.25,0.602,"CARDIOMETABOLIC",1,"163882"
"OID20131",0.0403932792602856,"VSIR","Q9H7M9",0.18,0.7607,"CARDIOMETABOLIC",1,"64115"
"OID20118",3.68881415536919,"CLTA","P09496",0.48,0.5684,"CARDIOMETABOLIC",1,"1211"
"OID20066",-0.346224513110461,"GRK5","P34947",0.84,0.7321,"CARDIOMETABOLIC",1,"2869"
"OID20053",2.15713298237557,"VIM","P08670",0.86,1.9438,"CARDIOMETABOLIC",1,"7431"
"OID20119",2.42116146810857,"EPHX2","P34913",0.71,0.5819,"CARDIOMETABOLIC",1,"2053"
"OID20049",-4.94395633130477,"NPPB","P16860",0.55,1.9691,"CARDIOMETABOLIC",1,"4879"
"OID20309",0.427805926961514,"AZU1","P20160",0.54,2.3483,"CARDIOMETABOLIC",1,"566"
"OID20121",2.13408605469894,"CCL27","Q9Y4X3",0.04,0.4394,"CARDIOMETABOLIC",1,"10850"
"OID20058",0.0146453475308588,"TCL1B","O95988",0.97,1.0711,"CARDIOMETABOLIC",1,"9623"
"OID20256",4.38928001095199,"VWF","P04275",0.03,-0.0334,"CARDIOMETABOLIC",1,"7450"
"OID20147",-2.03958693655782,"IL6ST","P40189",0.03,0.6072,"CARDIOMETABOLIC",1,"3572"
"OID20238",-4.78258875775709,"PLTP","P55058",0.03,0.1195,"CARDIOMETABOLIC",1,"5360"
"OID20160",0.492246580710935,"PLXNB3","Q9ULL4",0.04,0.0812,"CARDIOMETABOLIC",1,"5365"
"OID20061",0.844254115385098,"CTF1","Q16619",0.91,1.139,"CARDIOMETABOLIC",1,"1489"
"OID20151",1.63846670117083,"FADD","Q13158",0.16,0.7422,"CARDIOMETABOLIC",1,"8772"
"OID20235",5.88677075095991,"PCSK9","Q8NBP7",0.03,0.059,"CARDIOMETABOLIC",1,"255738"
"OID20323",4.31081804837031,"LILRB1","Q8NHL6",0.03,-0.1878,"CARDIOMETABOLIC",1,"10859"
"OID20417",2.04728786219399,"TGFBI","Q15582",0.03,0.1826,"CARDIOMETABOLIC",1,"7045"
"OID20305",1.56666413605225,"CASP3","P42574",0.04,0.212,"CARDIOMETABOLIC",1,"836"
"OID20284",0.134336265680177,"LGALS3","P17931",0.04,0.7865,"CARDIOMETABOLIC",1,"3958"
"OID20393",-6.78810122664778,"CR2","P20023",0.03,-0.4762,"CARDIOMETABOLIC",1,"1380"
"OID20278",-1.087452596383,"DPT","Q07507",0.03,-0.139,"CARDIOMETABOLIC",1,"1805"
"OID20078",0.383642740038209,"TSPAN1","O60635",0.81,0.602,"CARDIOMETABOLIC",1,"10103"
"OID20366",-3.10138868936561,"CHL1","O00533",0.03,-0.1984,"CARDIOMETABOLIC",1,"10752"
"OID20052",1.32640208600737,"CEBPB","P17676",0.8,0.6993,"CARDIOMETABOLIC",1,"1051"
"OID20252",1.04659423701698,"PLA2G1B","P04054",0.04,0.5512,"CARDIOMETABOLIC",1,"5319"
"OID20140",0.780962097670831,"STK4","Q13043",0.7,0.6112,"CARDIOMETABOLIC",1,"6789"
"OID20285",1.28773143350012,"MEGF9","Q9H1U4",0.03,-0.108,"CARDIOMETABOLIC",1,"1955"
"OID20132",0.207620518176293,"PCDH17","O14917",0.06,0.5772,"CARDIOMETABOLIC",1,"27253"
"OID20348",1.81459224528111,"IL18BP","O95998",0.03,-0.141,"CARDIOMETABOLIC",1,"10068"
"OID20209",4.81516262163736,"LILRA5","A6NI73",0.03,0.2403,"CARDIOMETABOLIC",1,"353514"
"OID20291",-0.775332083159949,"PAM","P19021",0.04,-0.5273,"CARDIOMETABOLIC",1,"5066"
"OID20318",2.02080970584264,"GAS6","Q14393",0.03,0.2802,"CARDIOMETABOLIC",1,"2621"
"OID20156",2.41544033444227,"MNDA","P41218",0.04,0.2089,"CARDIOMETABOLIC",1,"4332"
"OID20240",2.41414361692199,"LDLR","P01130",0.03,-0.5547,"CARDIOMETABOLIC",1,"3949"
"OID20269",3.10919101468471,"MET","P08581",0.03,-0.3294,"CARDIOMETABOLIC",1,"4233"
"OID20184",0.831168446861895,"DIABLO","Q9NR28",0.44,1.0795,"CARDIOMETABOLIC",1,"56616"
"OID20190",-0.34383637143144,"SIGLEC7","Q9Y286",0.04,0.1594,"CARDIOMETABOLIC",1,"27036"
"OID20123",-0.377788949923887,"ANXA4","P09525",0.59,0.4576,"CARDIOMETABOLIC",1,"307"
"OID20126",-7.13820097785552,"CLC","Q05315",0.29,0.5631,"CARDIOMETABOLIC",1,"1178"
"OID20245",-0.643243985004844,"FABP4","P15090",0.03,-0.4861,"CARDIOMETABOLIC",1,"2167"
"OID20337",-0.00162527581006926,"PRCP","P42785",0.04,0.5427,"CARDIOMETABOLIC",1,"5547"
"OID20226",-2.70777114895104,"CCDC80","Q76M96",0.04,1.6126,"CARDIOMETABOLIC",1,"151887"
"OID20092",3.5587775455795,"MPHOSPH8","Q99549",0.82,1.1574,"CARDIOMETABOLIC",1,"54737"
"OID20331",1.45799594964365,"PPIB","P23284",0.21,0.1962,"CARDIOMETABOLIC",1,"5479"
"OID20214",-3.48767313512415,"SFTPD","P35247",0.07,1.6712,"CARDIOMETABOLIC",1,"6441"
"OID20316",-4.31623322139539,"FAS","P25445",0.03,0.6277,"CARDIOMETABOLIC",1,"355"
"OID20161",-4.42897863326231,"TYRO3","Q06418",0.03,0.673,"CARDIOMETABOLIC",1,"7301"
"OID20087",-2.8899867136056,"MMP7","P09237",0.43,1.2151,"CARDIOMETABOLIC",1,"4316"
"OID20064",-3.21440818438548,"SERPINB5","P36952",0.98,1.0748,"CARDIOMETABOLIC",1,"5268"
"OID20164",-0.498354991674163,"APLP1","P51693",0.13,0.3828,"CARDIOMETABOLIC",1,"333"
"OID20191",-0.865613590903516,"NPTXR","O95502",0.04,0.3755,"CARDIOMETABOLIC",1,"23467"
"OID20295",-4.34633793296436,"DLK1","P80370",0.03,-0.1999,"CARDIOMETABOLIC",1,"8788"
"OID20142",3.57345469892565,"DPP7","Q9UHL4",0.14,1.8899,"CARDIOMETABOLIC",1,"29952"
"OID20236",-2.76926918230585,"IGFBP7","Q16270",0.03,-0.1218,"CARDIOMETABOLIC",1,"3490"
"OID20137",2.68700784703034,"ACY1","Q03154",0.04,0.6735,"CARDIOMETABOLIC",1,"95"
"OID20124",-0.425726775048835,"ACOX1","Q15067",0.98,0.9035,"CARDIOMETABOLIC",1,"51"
"OID20242",0.328824792256005,"EPHB4","P54760",0.03,0.2378,"CARDIOMETABOLIC",1,"2050"
"OID20103",-3.12825817703142,"S100P","P25815",0.36,1.4024,"CARDIOMETABOLIC",1,"6286"
"OID20116",-8.54816528475069,"BOC","Q9BWV1",0.04,0.2996,"CARDIOMETABOLIC",1,"91653"
"OID20274",5.80710659681035,"PLA2G2A","P14555",0.51,3.5741,"CARDIOMETABOLIC",1,"5320"
"OID20272",3.40465513196764,"TNFSF13B","Q9Y275",0.03,-0.6438,"CARDIOMETABOLIC",1,"10673"
"OID20201",-0.0239110243512124,"REN","P00797",0.04,-0.102,"CARDIOMETABOLIC",1,"5972"
"OID20117",2.94288686505248,"ADH4","P08319",0.09,0.5253,"CARDIOMETABOLIC",1,"127"
"OID20093",-0.863284874294597,"DNAJB8","Q8NHS0",0.87,0.5276,"CARDIOMETABOLIC",1,"165721"
"OID20376",-5.93499899227497,"ITGB1","P05556",0.03,-0.0493,"CARDIOMETABOLIC",1,"3688"
"OID20369",0.946512875596184,"TFRC","P02786",0.05,0.9647,"CARDIOMETABOLIC",1,"7037"
"OID20079",-2.32244525141289,"ACTA2","P62736",0.6,0.2262,"CARDIOMETABOLIC",1,"59"
"OID20090",0.932628242420907,"GP2","P55259",0.05,1.2077,"CARDIOMETABOLIC",1,"2813"
"OID20297",-1.99801396039536,"SCARF1","Q14162",0.03,-0.3152,"CARDIOMETABOLIC",1,"8578"
"OID20308",-0.979063965912867,"BPIFB1","Q8TDL5",0.06,3.8449,"CARDIOMETABOLIC",1,"92747"
"OID20128",-0.50125405203709,"LEPR","P48357",0.05,-0.338,"CARDIOMETABOLIC",1,"3953"
"OID20255",-5.68805838278587,"TGFBR3","Q03167",0.03,-0.5521,"CARDIOMETABOLIC",1,"7049"
"OID20332",-2.57809375939767,"COL18A1","P39060",0.03,-0.4108,"CARDIOMETABOLIC",1,"80781"
"OID20249",0.00293993795950745,"ADAMTS13","Q76LX8",0.03,-0.2693,"CARDIOMETABOLIC",1,"11093"
"OID20073",1.85881595115252,"RCOR1","Q9UKL0",0.44,0.4736,"CARDIOMETABOLIC",1,"23186"
"OID20130",2.5033087827091,"S100A11","P31949",0.07,0.648,"CARDIOMETABOLIC",1,"6282"
"OID20076",-1.53641134421305,"FABP6","P51161",0.44,0.8256,"CARDIOMETABOLIC",1,"2172"
"OID20394",-0.188856471464593,"ADA2","Q9NZK5",0.03,0.5944,"CARDIOMETABOLIC",1,"51816"
"OID20185",-2.06268596972953,"LRP11","Q86VZ4",0.03,0.3375,"CARDIOMETABOLIC",1,"84918"
"OID20399",-0.207383473954287,"CHI3L1","P36222",0.21,2.3626,"CARDIOMETABOLIC",1,"1116"
"OID20248",2.3432086324185,"ICAM2","P13598",0.03,-0.2621,"CARDIOMETABOLIC",1,"3384"
"OID20192",0.0829010893626475,"GRAP2","O75791",0.23,1.0229,"CARDIOMETABOLIC",1,"9402"
"OID20111",-1.83337689462672,"BMP6","P22004",0.03,1.0334,"CARDIOMETABOLIC",1,"654"
"OID20158",-2.25966340156995,"IL19","Q9UHD0",0.08,0.7869,"CARDIOMETABOLIC",1,"29949"
"OID20088",1.92481008482339,"PON2","Q15165",0.47,-0.01,"CARDIOMETABOLIC",1,"5445"
"OID20105",-0.264106937719792,"ACE2","Q9BYF1",0.14,0.7389,"CARDIOMETABOLIC",1,"59272"
"OID20303",0.126992246057895,"TIE1","P35590",0.03,0.15,"CARDIOMETABOLIC",1,"7075"
"OID20294",1.26385068582036,"CSTB","P04080",0.04,1.1225,"CARDIOMETABOLIC",1,"1476"
"OID20221",1.16851457100052,"SPON2","Q9BUD6",0.03,0.6142,"CARDIOMETABOLIC",1,"10417"
"OID20155",-3.06009452328108,"IGFBPL1","Q8WX77",0.04,0.2847,"CARDIOMETABOLIC",1,"347252"
"OID20251",0.690730657476013,"GDF15","Q99988",0.04,0.0985,"CARDIOMETABOLIC",1,"9518"
"OID20336",4.50017667543558,"BLMH","Q13867",0.03,0.1481,"CARDIOMETABOLIC",1,"642"
"OID20173",-6.79739989669688,"GPNMB","Q14956",0.16,2.7923,"CARDIOMETABOLIC",1,"10457"
"OID20207",-0.0347107056709948,"CXCL5","P42830",0.06,1.9677,"CARDIOMETABOLIC",1,"6374"
"OID20334",-6.19175381811664,"CCL16","O15467",0.03,0.1608,"CARDIOMETABOLIC",1,"6360"
"OID20415",-1.52319595942659,"REG1A","P05451",0.03,0.7001,"CARDIOMETABOLIC",1,"5967"
"OID20178",12.4713399308417,"NADK","O95544",0.04,0.3225,"CARDIOMETABOLIC",1,"65220"
"OID20306",-5.99444479145165,"PTPRS","Q13332",0.03,-0.534,"CARDIOMETABOLIC",1,"5802"
"OID20367",2.53933215264546,"C1QTNF1","Q9BXJ1",0.03,0.0244,"CARDIOMETABOLIC",1,"114897"
"OID20258",-0.688703525339491,"REG3A","Q06141",0.03,0.0267,"CARDIOMETABOLIC",1,"5068"
"OID20234",10.0593729164543,"TYMP","P19971",0.06,3.1138,"CARDIOMETABOLIC",1,"1890"
"OID20392",-2.53884297406585,"LCN2","P80188",0.63,2.8773,"CARDIOMETABOLIC",1,"3934"
"OID20397",-7.11946013694034,"CD93","Q9NPY3",0.03,-0.4122,"CARDIOMETABOLIC",1,"22918"
"OID20204",1.81432847822962,"SOST","Q9BQB4",0.03,0.5994,"CARDIOMETABOLIC",1,"50964"
"OID20409",2.25083863631376,"CA1","P00915",0.03,1.2464,"CARDIOMETABOLIC",1,"759"
"OID20150",1.68099968538189,"LACTB2","Q53H82",0.18,0.4633,"CARDIOMETABOLIC",1,"51110"
"OID20414",-4.07708132456358,"EFEMP1","Q12805",0.03,0.2638,"CARDIOMETABOLIC",1,"2202"
"OID20346",-1.17121192995085,"ART3","Q13508",0.04,0.0063,"CARDIOMETABOLIC",1,"419"
"OID20352",3.40864678503301,"ITIH3","Q06033",0.04,0.3163,"CARDIOMETABOLIC",1,"3699"
"OID20129",-4.67981477705169,"TSHB","P01222",0.22,0.9356,"CARDIOMETABOLIC",1,"7252"
"OID20227",5.95781631466046,"FBP1","P09467",0.5,1.9971,"CARDIOMETABOLIC",1,"2203"
"OID20412",2.44428407435679,"CCL5","P13501",0.05,0.8954,"CARDIOMETABOLIC",1,"6352"
"OID20112",0.675940372627698,"ITGB1BP2","Q9UKP3",0.36,1.7032,"CARDIOMETABOLIC",1,"26548"
"OID20403",1.97600639003529,"ANG","P03950",0.03,2.8292,"CARDIOMETABOLIC",1,"283"
"OID20169",1.69947590834902,"SDC1","P18827",0.03,1.0276,"CARDIOMETABOLIC",1,"6382"
"OID20228",3.17595000335985,"CTSL","P07711",0.03,1.5732,"CARDIOMETABOLIC",1,"1514"
"OID20091",0.797930824600264,"WASF1","Q92558",0.61,0.8841,"CARDIOMETABOLIC",1,"8936"
"OID20416",4.92760860911745,"GGH","Q92820",0.99,5.2835,"CARDIOMETABOLIC",1,"8836"
"OID20233",-3.34052434416953,"FAM3C","Q92520",0.03,1.2947,"CARDIOMETABOLIC",1,"10447"
"OID20275",-5.68281884562309,"MSMB","P08118",0.59,0.297,"CARDIOMETABOLIC",1,"4477"
"OID20277",2.2011754479505,"ICAM3","P32942",0.03,-0.4387,"CARDIOMETABOLIC",1,"3385"
"OID20382",0.586717714726223,"FCN2","Q15485",0.03,0.1923,"CARDIOMETABOLIC",1,"2220"
"OID20388",-0.679999762721565,"TFPI","P10646",0.03,-0.4071,"CARDIOMETABOLIC",1,"7035"
"OID20162",1.00790752396063,"EIF4EBP1","Q13541",0.03,0.6203,"CARDIOMETABOLIC",1,"1978"
"OID20405",-8.44086114409821,"COMP","P49747",0.03,0.7117,"CARDIOMETABOLIC",1,"1311"
"OID20153",1.55585626407331,"CXCL8","P10145",0.05,0.821,"CARDIOMETABOLIC",1,"3576"
"OID20080",0.0682884219584903,"MTPN","P58546",0.97,0.4523,"CARDIOMETABOLIC",1,"136319"
"OID20326",-1.00780403748937,"PI3","P19957",0.59,2.2388,"CARDIOMETABOLIC",1,"5266"
"OID20370",-4.52832662145223,"KIT","P10721",0.03,-0.4628,"CARDIOMETABOLIC",1,"3815"
"OID20404",2.53688487561173,"FETUB","Q9UGM5",0.04,0.6722,"CARDIOMETABOLIC",1,"26998"
"OID20267",1.16318826323358,"IL2RA","P01589",0.03,1.0879,"CARDIOMETABOLIC",1,"3559"
"OID20282",-0.649112680307274,"CXCL16","Q9H2A7",0.04,0.3687,"CARDIOMETABOLIC",1,"58191"
"OID20168",-1.40883614863226,"MEP1B","Q16820",0.3,0.2936,"CARDIOMETABOLIC",1,"4225"
"OID20402",-0.816518227875959,"PROC","P04070",0.03,-0.6386,"CARDIOMETABOLIC",1,"5624"
"OID20098",2.92845205329858,"THPO","P40225",0.34,1.3429,"CARDIOMETABOLIC",1,"7066"
"OID20183",-0.480007514213681,"OLR1","P78380",0.03,0.2771,"CARDIOMETABOLIC",1,"4973"
"OID20329",4.76141833294272,"PRTN3","P24158",0.16,2.2927,"CARDIOMETABOLIC",1,"5657"
"OID20186",0.744152964163315,"SEMA3F","Q13275",0.04,-0.6604,"CARDIOMETABOLIC",1,"6405"
"OID20170",4.19176681057257,"CDH2","P19022",0.03,0.4473,"CARDIOMETABOLIC",1,"1000"
"OID20181",2.37166245806142,"CANT1","Q8WVQ1",0.03,0.1546,"CARDIOMETABOLIC",1,"124583"
"OID20225",-0.648788366608375,"CA13","Q8N1Q1",0.12,0.3547,"CARDIOMETABOLIC",1,"377677"
"OID20333",2.61752053014903,"AMY2A","P04746",0.05,-0.0808,"CARDIOMETABOLIC",1,"279"
"OID20315",-3.22586277027674,"ITGB2","P05107",0.03,2.7601,"CARDIOMETABOLIC",1,"3689"
"OID20263",0.764577504792871,"MB","P02144",0.03,-0.2221,"CARDIOMETABOLIC",1,"4151"
"OID20149",1.76419449316308,"PM20D1","Q6GTS8",0.53,0.1831,"CARDIOMETABOLIC",1,"148811"
"OID20243",-5.97645615086677,"CDH5","P33151",0.03,-0.077,"CARDIOMETABOLIC",1,"1003"
"OID20276",-4.08029920203917,"CTSB","P07858",0.03,0.3666,"CARDIOMETABOLIC",1,"1508"
"OID20246",-0.762761903199131,"IGFBP1","P08833",0.03,0.2825,"CARDIOMETABOLIC",1,"3484"
"OID20198",-0.368462680357392,"CLUL1","Q15846",0.03,0.4619,"CARDIOMETABOLIC",1,"27098"
"OID20176",1.83584460005868,"PPP1R2","P41236",0.12,0.4875,"CARDIOMETABOLIC",1,"5504"
"OID20406",-0.0363051110045216,"DPP4","P27487",0.03,1.3606,"CARDIOMETABOLIC",1,"1803"
"OID20115",-2.05007460497348,"MSTN","O14793",0.77,1.2583,"CARDIOMETABOLIC",1,"2660"
"OID20328",1.05254881571991,"CCL15","Q16663",0.03,0.2992,"CARDIOMETABOLIC",1,"6359"
"OID20313",1.79869744282915,"PDGFA","P04085",0.04,0.2795,"CARDIOMETABOLIC",1,"5154"
"OID20218",-0.200178673355248,"SNAP23","O00161",0.08,1.5527,"CARDIOMETABOLIC",1,"8773"
"OID20400",-0.334933824127473,"CST3","P01034",0.03,2.7553,"CARDIOMETABOLIC",1,"1471"
"OID20165",0.32925477653948,"CLEC5A","Q9NY25",0.04,0.388,"CARDIOMETABOLIC",1,"23601"
"OID20193",2.14440334764616,"CDHR5","Q9HBB8",0.03,0.4689,"CARDIOMETABOLIC",1,"53841"
"OID20081",-4.64689421915895,"EDIL3","O43854",0.04,1.1801,"CARDIOMETABOLIC",1,"10085"
"OID20311",1.93724775249361,"NOTCH1","P46531",0.03,-0.4091,"CARDIOMETABOLIC",1,"4851"
"OID20197",0.176725741317913,"PILRB","Q9UKJ0",0.03,0.302,"CARDIOMETABOLIC",1,"29990"
"OID20327",0.78696949768553,"RETN","Q9HD89",0.03,2.2474,"CARDIOMETABOLIC",1,"56729"
"OID20288",-2.96523919840199,"ENPP2","Q13822",0.03,-0.1454,"CARDIOMETABOLIC",1,"5168"
"OID20172",-0.961818093443435,"FCRL1","Q96LA6",0.04,0.8733,"CARDIOMETABOLIC",1,"115350"
"OID20411",-1.21741129607724,"ICAM1","P05362",0.03,0.8877,"CARDIOMETABOLIC",1,"3383"
"OID20390",-5.633591236806,"NRP1","O14786",0.04,0.4653,"CARDIOMETABOLIC",1,"8829"
"OID20317",4.30010874210428,"PLXNB2","O15031",0.03,-0.2209,"CARDIOMETABOLIC",1,"23654"
"OID20174",2.35825234209022,"QDPR","P09417",0.04,0.3913,"CARDIOMETABOLIC",1,"5860"
"OID20182",0.130832906098515,"SSC4D","Q8WTU2",0.09,0.5086,"CARDIOMETABOLIC",1,"136853"
"OID20356",-1.56172671673422,"OSMR","Q99650",0.04,0.0706,"CARDIOMETABOLIC",1,"9180"
"OID20362",9.10967351255337,"NID1","P14543",0.03,-0.0731,"CARDIOMETABOLIC",1,"4811"
"OID20264",3.84771284086414,"DKK3","Q9UBP4",0.03,0.1753,"CARDIOMETABOLIC",1,"27122"
"OID20304",-0.277727184413635,"SIRPA","P78324",0.03,0.8803,"CARDIOMETABOLIC",1,"140885"
"OID20145",-6.55743276928008,"ICAM5","Q9UMF0",0.07,0.8441,"CARDIOMETABOLIC",1,"7087"
"OID20374",-2.42880945025742,"APOM","O95445",0.04,0.1774,"CARDIOMETABOLIC",1,"55937"
"OID20363",-5.08696694034962,"AXL","P30530",0.03,-0.1602,"CARDIOMETABOLIC",1,"558"
"OID20384",-6.08696468879411,"PCOLCE","Q15113",0.03,0.4392,"CARDIOMETABOLIC",1,"5118"
"OID20086",0.468561913544783,"COMT","P21964",0.03,0.4031,"CARDIOMETABOLIC",1,"1312"
"OID20177",-0.0602931078446305,"CD2AP","Q9Y5K6",0.03,0.3361,"CARDIOMETABOLIC",1,"23607"
"OID20089",-0.509393740189707,"ADAMTS16","Q8TE57",0.44,0.3069,"CARDIOMETABOLIC",1,"170690"
"OID20146",1.76196017172091,"PRKAR1A","P10644",0.16,1.9506,"CARDIOMETABOLIC",1,"5573"
"OID20298",4.36193066962139,"CELA3A","P09093",0.04,0.1753,"CARDIOMETABOLIC",1,"10136"
"OID20074",3.6338852380269,"TNF","P01375",0.09,0.895,"CARDIOMETABOLIC",1,"7124"
"OID20378",7.6633641584218,"CD14","P08571",0.03,0.8707,"CARDIOMETABOLIC",1,"929"
"OID20339",-0.000322831993735527,"CD59","P13987",0.03,0.9959,"CARDIOMETABOLIC",1,"966"
"OID20229",-1.74212196498452,"NRCAM","Q92823",0.03,1.0898,"CARDIOMETABOLIC",1,"4897"
"OID20398",-1.10897601102739,"IGFBP3","P17936",0.03,0.2149,"CARDIOMETABOLIC",1,"3486"
"OID20223",-2.94875675902072,"CHRDL2","Q6WN34",0.04,0.2802,"CARDIOMETABOLIC",1,"25884"
"OID20108",2.85097759687817,"PAG1","Q9NWQ8",0.04,1.0946,"CARDIOMETABOLIC",1,"55824"
"OID20354",-0.0039662378360935,"NCAM1","P13591",0.03,-0.2491,"CARDIOMETABOLIC",1,"4684"
"OID20391",-3.13290338765167,"FCGR2A","P12318",0.04,0.2419,"CARDIOMETABOLIC",1,"2212"
"OID20110",-2.81477899959235,"USP8","P40818",0.15,0.4046,"CARDIOMETABOLIC",1,"9101"
"OID20114",0.324829804815031,"BAG6","P46379",0.04,1.5765,"CARDIOMETABOLIC",1,"7917"
"OID20418",0.683806420839668,"TIMP1","P01033",0.03,2.6808,"CARDIOMETABOLIC",1,"7076"
"OID20136",-4.90984752258672,"NTRK2","Q16620",0.24,0.5039,"CARDIOMETABOLIC",1,"4915"
"OID20139",2.17213650844313,"AGXT","P21549",0.16,0.5073,"CARDIOMETABOLIC",1,"189"
"OID20373",0.838955771483356,"RARRES2","Q99969",0.04,-0.2032,"CARDIOMETABOLIC",1,"5919"
"OID20057",0.453474081500014,"MFAP3","P55082",0.98,0.9075,"CARDIOMETABOLIC",1,"4238"
"OID20345",-4.95280476564881,"VASN","Q6EMK4",0.03,0.0602,"CARDIOMETABOLIC",1,"114990"
"OID20135",1.14952720187676,"SNX9","Q9Y5X1",0.04,0.562,"CARDIOMETABOLIC",1,"51429"
"OID20065",1.361276952684,"HK2","P52789",0.87,0.7686,"CARDIOMETABOLIC",1,"3099"
"OID20347",2.03442194542821,"CNDP1","Q96KN2",0.08,-0.1396,"CARDIOMETABOLIC",1,"84735"
"OID20083",-1.88227661772634,"PTN","P21246",0.43,0.1485,"CARDIOMETABOLIC",1,"5764"
"OID20134",-3.92021371034206,"CDH17","Q12864",0.51,0.1093,"CARDIOMETABOLIC",1,"1015"
"OID20351",0.936644681574175,"SSC5D","A1L4H1",0.04,0.523,"CARDIOMETABOLIC",1,"284297"
"OID20055",0.599273093526072,"CRHR1","P34998",0.95,0.7865,"CARDIOMETABOLIC",1,"1394"
"OID20247",4.0376699151205,"PLAT","P00750",0.04,0.0618,"CARDIOMETABOLIC",1,"5327"
"OID20349",2.40661204979268,"F9","P00740",0.04,0.1931,"CARDIOMETABOLIC",1,"2158"
"OID20059",-1.01242652565096,"DUOX2","Q9NRD8",0.83,0.3823,"CARDIOMETABOLIC",1,"50506"
"OID20368",-6.10400261142369,"THBS4","P35443",0.03,-0.1464,"CARDIOMETABOLIC",1,"7060"
"OID20075",1.63258308519933,"CA5A","P35218",0.17,1.0235,"CARDIOMETABOLIC",1,"763"
"OID20237",3.53037753753427,"UMOD","P07911",0.04,0.3522,"CARDIOMETABOLIC",1,"7369"
"OID20244",3.21438655302253,"CES1","P23141",0.03,0.4975,"CARDIOMETABOLIC",1,"1066"
"OID20056",-0.0509856756261246,"TSLP","Q969D9",0.69,0.3704,"CARDIOMETABOLIC",1,"85480"
"OID20070",0.26956103498506,"CRX","O43186",0.8,0.403,"CARDIOMETABOLIC",1,"1406"
"OID20271",1.39771134285028,"CA3","P07451",0.03,-0.2708,"CARDIOMETABOLIC",1,"761"
"OID20239",-6.82214734864434,"MFAP5","Q13361",0.04,0.1385,"CARDIOMETABOLIC",1,"8076"
"OID20152",-1.85745982996308,"CGREF1","Q99674",0.03,0.5356,"CARDIOMETABOLIC",1,"10669"
"OID20082",4.71831287490829,"ZBTB17","Q13105",0.06,0.502,"CARDIOMETABOLIC",1,"7709"
"OID20380",-4.37397997815351,"CD46","P15529",0.03,0.8429,"CARDIOMETABOLIC",1,"4179"
"OID20141",1.72332004974379,"TGM2","P21980",0.03,0.3611,"CARDIOMETABOLIC",1,"7052"
"OID20072",1.86675941614859,"SUSD1","Q6UWL2",0.05,0.5462,"CARDIOMETABOLIC",1,"64420"
"OID20062",-0.227119289172431,"AKR1C4","P17516",0.83,0.8274,"CARDIOMETABOLIC",1,"1109"
"OID20375",-2.45800747619395,"TIMD4","Q96H15",0.04,0.0303,"CARDIOMETABOLIC",1,"91937"
"OID20253",-1.57096900363192,"NOTCH3","Q9UM47",0.03,0.3787,"CARDIOMETABOLIC",1,"4854"
"OID20296",0.311551413957021,"GUSB","P08236",0.04,0.3843,"CARDIOMETABOLIC",1,"2990"
"OID20353",-3.04924154429442,"CDH1","P12830",0.03,0.9005,"CARDIOMETABOLIC",1,"999"
"OID20095",2.69802760168249,"GPR37","O15354",0.06,1.6581,"CARDIOMETABOLIC",1,"2861"
"OID20068",1.42034551608444,"TIA1","P31483",0.52,0.7891,"CARDIOMETABOLIC",1,"7072"
"OID20283",1.87985299401756,"SEMA7A","O75326",0.03,0.4569,"CARDIOMETABOLIC",1,"8482"
"OID20371",-2.43970037963497,"TFF3","Q07654",0.85,2.856,"CARDIOMETABOLIC",1,"7033"
"OID20268",-4.76979591827204,"PDGFRB","P09619",0.03,-0.1426,"CARDIOMETABOLIC",1,"5159"
"OID20330",-6.24814829859799,"FAP","Q12884",0.05,-0.3136,"CARDIOMETABOLIC",1,"2191"
"OID20355",7.32991416380004,"LBP","P18428",0.04,1.8361,"CARDIOMETABOLIC",1,"3929"
"OID20338",-0.993488571587293,"PGLYRP1","O75594",0.03,-0.0219,"CARDIOMETABOLIC",1,"8993"
"OID20364",0.785931201886828,"PRSS2","P07478",0.04,-0.0428,"CARDIOMETABOLIC",1,"5645"
"OID20102",-2.79064523901858,"CEACAM8","P31997",0.06,1.1543,"CARDIOMETABOLIC",1,"1088"
"OID20357",-2.48740925545709,"HYAL1","Q12794",0.03,0.2339,"CARDIOMETABOLIC",1,"3373"
"OID20365",2.45387225114279,"CTSZ","Q9UBR2",0.03,0.0414,"CARDIOMETABOLIC",1,"1522"
"OID20343",-6.63796448157545,"MCAM","P43121",0.05,-0.1547,"CARDIOMETABOLIC",1,"4162"
"OID20250",0.227727888393984,"IL1RL1","Q01638",0.04,0.2313,"CARDIOMETABOLIC",1,"9173"
"OID20085",1.34253940681176,"LRMP","Q12912",0.34,1.0504,"CARDIOMETABOLIC",1,"4033"
"OID20067",2.04182783415633,"VSTM2L","Q96N03",0.87,0.5083,"CARDIOMETABOLIC",1,"128434"
"OID20301",2.99130203861778,"LILRB2","Q8N423",0.03,0.9634,"CARDIOMETABOLIC",1,"10288"
"OID20230",2.39894730256415,"HSPB1","P04792",0.04,0.3818,"CARDIOMETABOLIC",1,"3315"
"OID20215",-0.338447842661965,"DDC","P20711",0.03,0.7985,"CARDIOMETABOLIC",1,"1644"
"OID20213",1.31708436303115,"SORT1","Q99523",0.03,1.3477,"CARDIOMETABOLIC",1,"6272"
"OID20084",1.68114206293139,"FGFR1OP","O95684",0.75,1.5219,"CARDIOMETABOLIC",1,"11116"
"OID20319",2.53815953360978,"EGFR","P00533",0.03,0.1502,"CARDIOMETABOLIC",1,"1956"
"OID20063",1.03933327153352,"HEBP1","Q9NRV9",0.98,0.8265,"CARDIOMETABOLIC",1,"50865"
"OID20342",3.93989837632572,"SERPINE1","P05121",0.03,0.7875,"CARDIOMETABOLIC",1,"5054"
"OID20478",0.982156723999183,"YTHDF3","Q7Z739",0.73,1.4325,"INFLAMMATION",1,"253943"
"OID20488",0.743193723208255,"IL1A","P01583",0.97,2.0977,"INFLAMMATION",1,"3552"
"OID20755",1.91840539094555,"ADGRE2","Q9UHX3",0.03,-0.0115,"INFLAMMATION",1,"30817"
"OID20469",-1.48174801855136,"IL17A","Q16552",0.59,0.5614,"INFLAMMATION",1,"3605"
"OID20495",7.39746528255966,"IFNG","P01579",0.24,0.9761,"INFLAMMATION",1,"3458"
"OID20765",-1.20861045356107,"CCL22","O00626",0.03,1.4184,"INFLAMMATION",1,"6367"
"OID20484",1.14374384847646,"ICA1","Q05084",0.69,1.381,"INFLAMMATION",1,"3382"
"OID20567",-0.15360388106424,"NCF2","P19878",0.03,-0.011,"INFLAMMATION",1,"4688"
"OID20562",5.36027173759946,"IL15","P40933",0.03,1.0689,"INFLAMMATION",1,"3600"
"OID20472",-2.92276461841627,"IL5","P05113",0.82,1.2855,"INFLAMMATION",1,"3567"
"OID20758",3.02247236863064,"ESM1","Q9NQ30",0.03,0.8966,"INFLAMMATION",1,"11082"
"OID20463",1.22113286787387,"FXYD5","Q96DB9",0.74,0.6929,"INFLAMMATION",1,"53827"
"OID20744",2.48843185082794,"DNPH1","O43598",0.04,0.5078,"INFLAMMATION",1,"10591"
"OID20452",-1.1917982293231,"AOC1","P19801",0.83,1.05,"INFLAMMATION",1,"26"
"OID20651",-4.79631761588849,"ADAM23","O75077",0.04,0.2944,"INFLAMMATION",1,"8745"
"OID20652",6.94831318072808,"IL18R1","Q13478",0.03,0.5333,"INFLAMMATION",1,"8809"
"OID20742",1.81043765310313,"CRKL","P46109",0.03,0.9938,"INFLAMMATION",1,"1399"
"OID20733",3.14348177361985,"TNFSF13","O75888",0.04,0.0492,"INFLAMMATION",1,"8741"
"OID20584",0.298725494544916,"CD4","P01730",0.04,-0.275,"INFLAMMATION",1,"920"
"OID20533",6.18464648806116,"TRIM21","P19474",0.03,0.9366,"INFLAMMATION",1,"6737"
"OID20516",0.257911341188262,"VASH1","Q7L8A9",0.92,0.2731,"INFLAMMATION",1,"22846"
"OID20431",-0.0239878582758016,"IL10","P22301",0.91,1.6874,"INFLAMMATION",1,"3586"
"OID20458",1.57857201419959,"CXCL14","O95715",0.65,0.7163,"INFLAMMATION",1,"9547"
"OID20764",0.258046668098402,"PLAUR","Q03405",0.03,0.4493,"INFLAMMATION",1,"5329"
"OID20576",1.21656863528473,"IL4R","P24394",0.04,0.8914,"INFLAMMATION",1,"3566"
"OID20537",1.84380435952297,"SIGLEC10","Q96LC7",0.04,0.3418,"INFLAMMATION",1,"89790"
"OID20715",-0.620000119235453,"FGF19","O95750",0.04,0.1324,"INFLAMMATION",1,"9965"
"OID20449",1.26425929178298,"IL22RA1","Q8N6P7",0.79,0.6445,"INFLAMMATION",1,"58985"
"OID20698",1.30015181037946,"EGF","P01133",0.05,0.047,"INFLAMMATION",1,"1950"
"OID20509",-0.379057572991386,"SPINK4","O60575",0.71,0.7792,"INFLAMMATION",1,"27290"
"OID20558",0.0807357037368565,"BCR","P11274",0.09,0.8472,"INFLAMMATION",1,"613"
"OID20457",-0.385826014740421,"SCGN","O76038",0.84,0.7539,"INFLAMMATION",1,"10590"
"OID20441",0.0732739068396168,"CEP164","Q9UPV0",0.98,0.9369,"INFLAMMATION",1,"22897"
"OID20703",-1.03695240075566,"ANGPTL4","Q9BY76",0.03,0.324,"INFLAMMATION",1,"51129"
"OID20662",-2.84296728049126,"VEGFD","O43915",0.03,0.6586,"INFLAMMATION",1,"2277"
"OID20630",3.99732710703182,"SERPINB8","P50452",0.05,2.1206,"INFLAMMATION",1,"5271"
"OID20763",-2.39128913996854,"PRSS8","Q16651",0.03,0.0914,"INFLAMMATION",1,"5652"
"OID20658",1.52984360221155,"AGRP","O00253",0.03,-0.1143,"INFLAMMATION",1,"181"
"OID20786",2.51528899759572,"AGRN","O00468",0.03,1.2533,"INFLAMMATION",1,"375790"
"OID20773",8.7369675217305,"LGMN","Q99538",0.04,0.8368,"INFLAMMATION",1,"5641"
"OID20759",-5.7676205220663,"SPON1","Q9HCB6",0.04,0.3996,"INFLAMMATION",1,"10418"
"OID20740",1.13456731045091,"ANGPT1","Q15389",0.04,0.2489,"INFLAMMATION",1,"284"
"OID20534",3.94634145296439,"PSIP1","O75475",0.05,0.1994,"INFLAMMATION",1,"11168"
"OID20524",0.55650665008013,"DAPP1","Q9UN19",0.41,1.1973,"INFLAMMATION",1,"27071"
"OID20552",1.52599433374926,"MAP2K6","P52564",0.22,1.5416,"INFLAMMATION",1,"5608"
"OID20714",5.19811843791172,"SHMT1","P34896",0.04,0.8629,"INFLAMMATION",1,"6470"
"OID20632",-0.99077722994475,"KLRD1","Q13241",0.03,0.8423,"INFLAMMATION",1,"3824"
"OID20626",-2.21695107751997,"BSG","P35613",0.03,1.1244,"INFLAMMATION",1,"682"
"OID20587",1.33460523856028,"PIK3AP1","Q6ZUJ8",0.13,1.523,"INFLAMMATION",1,"118788"
"OID20656",-0.99467530387777,"HGF","P14210",0.04,1.2291,"INFLAMMATION",1,"3082"
"OID20500",3.67286724921027,"PARP1","P09874",0.09,0.2792,"INFLAMMATION",1,"142"
"OID20619",-0.176477267985714,"IDS","P22304",0.04,0.2558,"INFLAMMATION",1,"3423"
"OID20551",0.538918764882439,"GOPC","Q9HD26",0.14,1.1477,"INFLAMMATION",1,"57120"
"OID20713",-2.20378093812197,"BTN2A1","Q7KYR7",0.03,-0.3979,"INFLAMMATION",1,"11120"
"OID20685",0.722800814709428,"PLA2G4A","P47712",0.04,0.7481,"INFLAMMATION",1,"5321"
"OID20636",-1.96985778950326,"CLEC7A","Q9BXN2",0.04,0.1552,"INFLAMMATION",1,"64581"
"OID20668",-0.961725187177075,"CCL11","P51671",0.04,0.5675,"INFLAMMATION",1,"6356"
"OID20616",0.880472468865172,"CD40LG","P29965",0.04,0.37,"INFLAMMATION",1,"959"
"OID20778",-0.999551988669605,"FABP1","P07148",0.04,2.0016,"INFLAMMATION",1,"2168"
"OID20774",-0.0920911944509864,"DAG1","Q14118",0.03,0.5017,"INFLAMMATION",1,"1605"
"OID20732",4.20372150819334,"MZB1","Q8WU39",0.03,0.6829,"INFLAMMATION",1,"51237"
"OID20720",-2.18564925970407,"SPINT2","O43291",0.03,-0.0758,"INFLAMMATION",1,"10653"
"OID20664",-7.66931816046957,"CLSTN2","Q9H4D0",0.03,0.6048,"INFLAMMATION",1,"64084"
"OID20752",2.36043944172425,"CTRC","Q99895",0.04,0.7972,"INFLAMMATION",1,"11330"
"OID20580",-3.89882758943658,"LY75","O60449",0.25,1.5022,"INFLAMMATION",1,"4065"
"OID20580",-3.89882758943658,"LY75","O60449",0.25,1.5022,"INFLAMMATION",1,"100526664"
"OID20569",-2.87955427226536,"CCL28","Q9NRJ3",0.16,1.3946,"INFLAMMATION",1,"56477"
"OID20734",-4.15806619729913,"ROBO1","Q9Y6N7",0.03,0.2704,"INFLAMMATION",1,"6091"
"OID20697",13.3012341510708,"CXCL10","P02778",0.03,0.7484,"INFLAMMATION",1,"3627"
"OID20612",2.08286637628184,"TLR3","O15455",0.03,0.3394,"INFLAMMATION",1,"7098"
"OID20614",2.76045306469281,"PCDH1","Q08174",0.03,0.7513,"INFLAMMATION",1,"5097"
"OID20538",-1.72898361754339,"ISM1","B1AKI9",0.04,1.0162,"INFLAMMATION",1,"140862"
"OID20610",1.11900875716662,"CCL3","P10147",0.03,0.5607,"INFLAMMATION",1,"6348"
"OID20481",-2.46497037207137,"IL17D","Q8TAD2",0.14,0.7454,"INFLAMMATION",1,"53342"
"OID20777",-1.28880094876316,"PON3","Q15166",0.04,0.1847,"INFLAMMATION",1,"5446"
"OID20545",0.197090041991918,"NFATC1","O95644",0.19,0.8745,"INFLAMMATION",1,"4772"
"OID20475",1.65469681321806,"SPRY2","O43597",0.18,1.4479,"INFLAMMATION",1,"10253"
"OID20676",4.55117424496029,"SMPDL3A","Q92484",0.03,0.7667,"INFLAMMATION",1,"10924"
"OID20474",0.0447742909609394,"TANK","Q92844",0.61,1.3849,"INFLAMMATION",1,"10010"
"OID20429",5.78379864246003,"LILRB4","Q8NHJ6",0.04,1.3499,"INFLAMMATION",1,"11006"
"OID20450",-0.244536928215291,"IL2RB","P14784",0.94,0.3531,"INFLAMMATION",1,"3560"
"OID20554",-0.773966702904279,"ARHGEF12","Q9NZN5",0.23,0.6776,"INFLAMMATION",1,"23365"
"OID20646",-1.77594620207819,"TNFRSF11A","Q9Y6Q6",0.03,0.821,"INFLAMMATION",1,"8792"
"OID20753",-1.36347841507282,"MEPE","Q9NQ76",0.03,0.4484,"INFLAMMATION",1,"56955"
"OID20571",-1.06029021241453,"PTH1R","Q03431",0.03,0.4669,"INFLAMMATION",1,"5745"
"OID20589",3.47470441707274,"HEXIM1","O94992",0.04,0.8298,"INFLAMMATION",1,"10614"
"OID20751",0.699685895888857,"CRELD2","Q6UXH1",0.03,0.8303,"INFLAMMATION",1,"79174"
"OID20660",5.49633688487221,"CTSO","P43234",0.04,0.3212,"INFLAMMATION",1,"1519"
"OID20592",-1.62078832884705,"TNFSF11","O14788",0.67,0.6426,"INFLAMMATION",1,"8600"
"OID20639",2.82818184113315,"FCRL2","Q96LA5",0.04,0.5709,"INFLAMMATION",1,"79368"
"OID20486",2.87119221556914,"IL12RB1","P42701",0.23,0.4097,"INFLAMMATION",1,"3594"
"OID20461",-2.2929417431483,"IL3RA","P26951",0.89,0.3158,"INFLAMMATION",1,"3563"
"OID20657",5.1904066677344,"MERTK","Q12866",0.03,1.1934,"INFLAMMATION",1,"10461"
"OID20671",-0.529938749633771,"CCL20","P78556",0.04,1.1909,"INFLAMMATION",1,"6364"
"OID20498",-2.77984605220079,"IL15RA","Q13261",0.92,0.8229,"INFLAMMATION",1,"3601"
"OID20666",0.837147866863459,"IL12B","P29460",0.03,0.2531,"INFLAMMATION",1,"3593"
"OID20490",-3.47586767851937,"FGF5","P12034",0.1,0.2886,"INFLAMMATION",1,"2250"
"OID20598",-3.06182113477112,"PTPRM","P28827",0.04,0.7162,"INFLAMMATION",1,"5797"
"OID20540",4.07344403752557,"BTN3A2","P78410",0.04,0.8071,"INFLAMMATION",1,"11118"
"OID20477",-0.76772703501922,"IL17C","Q9P0M4",0.07,1.1614,"INFLAMMATION",1,"27189"
"OID20535",2.69903421619447,"IL7","P13232",0.16,0.6039,"INFLAMMATION",1,"3574"
"OID20436",10.4040681942688,"LAP3","P28838",0.16,1.9415,"INFLAMMATION",1,"51056"
"OID20482",-1.84214348074062,"MILR1","Q7Z6M3",0.08,0.6809,"INFLAMMATION",1,"284021"
"OID20442",3.48308189383863,"NBN","O60934",0.23,0.4411,"INFLAMMATION",1,"4683"
"OID20548",-1.51686959337028,"CEACAM21","Q3KPI0",0.17,1.4201,"INFLAMMATION",1,"90273"
"OID20670",0.981040281627317,"LY9","Q9HBG7",0.04,0.3632,"INFLAMMATION",1,"4063"
"OID20601",3.73817935097953,"IL5RA","Q01344",0.04,0.9973,"INFLAMMATION",1,"3568"
"OID20781",10.6941246333902,"LGALS9","O00182",0.03,1.9223,"INFLAMMATION",1,"3965"
"OID20585",4.34122165706352,"IL17RB","Q9NRM6",0.04,0.724,"INFLAMMATION",1,"55540"
"OID20654",9.26207381561022,"C1QA","P02745",0.03,0.3754,"INFLAMMATION",1,"712"
"OID20788",1.93180235397356,"CXCL3","P19876",0.03,0.8931,"INFLAMMATION",1,"2921"
"OID20745",-4.37524197786787,"CCL17","Q92583",0.04,0.9313,"INFLAMMATION",1,"6361"
"OID20439",1.80341072326322,"PREB","Q9HCU5",0.62,0.616,"INFLAMMATION",1,"10113"
"OID20422",-1.07175242664717,"IL20RA","Q9UHF4",0.97,0.8471,"INFLAMMATION",1,"53832"
"OID20701",3.41741498876754,"CRIM1","Q9NZV1",0.03,0.5647,"INFLAMMATION",1,"51232"
"OID20678",-2.7440037902055,"IFNGR1","P15260",0.04,-0.1003,"INFLAMMATION",1,"3459"
"OID20691",-1.84756608021203,"F2R","P25116",0.04,0.9893,"INFLAMMATION",1,"2149"
"OID20501",0.583363248626659,"FABP9","Q0Z7S8",0.14,0.2597,"INFLAMMATION",1,"646480"
"OID20679",5.26484804049015,"CTSC","P53634",0.1,1.9153,"INFLAMMATION",1,"1075"
"OID20675",0.901103514047631,"CXCL9","Q07325",0.03,0.4552,"INFLAMMATION",1,"4283"
"OID20572",-0.45656725831464,"EGLN1","Q9GZT9",0.04,0.5721,"INFLAMMATION",1,"54583"
"OID20680",-2.53936413345305,"CD276","Q5ZPR3",0.03,0.4166,"INFLAMMATION",1,"80381"
"OID20689",-0.994980816842698,"ENPP7","Q6UWV6",0.04,0.5992,"INFLAMMATION",1,"339221"
"OID20434",-0.302407682806421,"LTO1","Q8WV07",0.99,0.6273,"INFLAMMATION",1,"220064"
"OID20427",-1.65934948857332,"IL1B","P01584",0.85,1.3409,"INFLAMMATION",1,"3553"
"OID20435",0.730265332107694,"ACTN4","O43707",0.96,0.4573,"INFLAMMATION",1,"81"
"OID20693",-0.0383204994493813,"CCL23","P55773",0.03,0.6104,"INFLAMMATION",1,"6368"
"OID20717",0.850462670247331,"PTPN6","P29350",0.06,0.989,"INFLAMMATION",1,"5777"
"OID20502",1.11670540989948,"SRPK2","P78362",0.61,0.3345,"INFLAMMATION",1,"6733"
"OID20762",2.46131835128996,"CXCL1","P09341",0.04,0.3153,"INFLAMMATION",1,"2919"
"OID20787",-4.70268935544375,"TFF2","Q03403",0.03,1.9752,"INFLAMMATION",1,"7032"
"OID20749",2.92426127926352,"LHPP","Q9H008",0.03,0.4281,"INFLAMMATION",1,"64077"
"OID20730",-2.71600752656374,"SMOC2","Q9H3U7",0.04,0.5896,"INFLAMMATION",1,"64094"
"OID20760",1.08102467032933,"ATP5IF1","Q9UII2",0.04,0.2564,"INFLAMMATION",1,"93974"
"OID20447",0.391092795942343,"RABGAP1L","Q5R372",0.71,0.9411,"INFLAMMATION",1,"9910"
"OID20451",-0.837816180154222,"MYO9B","Q13459",0.6,0.6318,"INFLAMMATION",1,"4650"
"OID20629",-2.58191921739825,"KLRB1","Q12918",0.03,0.671,"INFLAMMATION",1,"3820"
"OID20683",0.0157017620643015,"NCK2","O43639",0.4,0.6502,"INFLAMMATION",1,"8440"
"OID20623",4.00802931303225,"NUDC","Q9Y266",0.03,1.1562,"INFLAMMATION",1,"10726"
"OID20710",2.36622939901642,"GLOD4","Q9HC38",0.04,0.3769,"INFLAMMATION",1,"51031"
"OID20455",-0.439894474064812,"IL11","P20809",0.7,0.6581,"INFLAMMATION",1,"3589"
"OID20702",3.00979362630981,"TNFRSF13B","O14836",0.03,0.6943,"INFLAMMATION",1,"23495"
"OID20699",0.315678706729501,"CRLF1","O75462",0.04,0.0928,"INFLAMMATION",1,"9244"
"OID20491",-2.01297267035092,"CSF3","P09919",0.79,1.1345,"INFLAMMATION",1,"1440"
"OID20560",-2.61056963851015,"SELPLG","Q14242",0.03,0.2795,"INFLAMMATION",1,"6404"
"OID20531",-1.04855133899927,"STX8","Q9UNK0",0.21,0.3962,"INFLAMMATION",1,"9482"
"OID20521",0.88461841800819,"TBC1D5","Q92609",0.49,0.6058,"INFLAMMATION",1,"9779"
"OID20443",-2.29404390316509,"FCRL3","Q96P31",0.84,0.7417,"INFLAMMATION",1,"115352"
"OID20468",-1.49856811645275,"PRKCQ","Q04759",0.91,0.633,"INFLAMMATION",1,"5588"
"OID20748",-2.39549384572613,"LGALS4","P56470",0.04,0.5316,"INFLAMMATION",1,"3960"
"OID20686",-3.58533543353306,"CCL21","O00585",0.03,0.0354,"INFLAMMATION",1,"6366"
"OID20420",-0.458029593764768,"IL10RA","Q13651",0.62,0.3558,"INFLAMMATION",1,"3587"
"OID20428",-0.796014633011525,"IL33","O95760",0.88,0.5621,"INFLAMMATION",1,"90865"
"OID20496",0.485616011586578,"SLAMF1","Q13291",0.66,1.0631,"INFLAMMATION",1,"6504"
"OID20606",3.06379749461628,"LIFR","P42702",0.04,2.0278,"INFLAMMATION",1,"3977"
"OID20590",4.57259445422629,"CLEC4G","Q6UXB4",0.03,1.36,"INFLAMMATION",1,"339390"
"OID20494",1.74833099095872,"JCHAIN","P01591",0.91,2.0181,"INFLAMMATION",1,"3512"
"OID20574",-0.617887744532583,"OSM","P13725",0.03,1.2256,"INFLAMMATION",1,"5008"
"OID20453",-3.08591352193754,"IL20","Q9NYY1",0.88,0.46,"INFLAMMATION",1,"50604"
"OID20536",9.49213494295012,"SAMD9L","Q8IVG5",0.09,0.9049,"INFLAMMATION",1,"219285"
"OID20688",-2.97836031421368,"SCGB1A1","P11684",0.04,0.6318,"INFLAMMATION",1,"7356"
"OID20561",-0.570017847762074,"CXADR","P78310",0.12,0.6822,"INFLAMMATION",1,"1525"
"OID20684",2.67761741461474,"TIMP3","P35625",0.07,1.0062,"INFLAMMATION",1,"7078"
"OID20505",2.28264329984166,"BACH1","O14867",0.21,0.7344,"INFLAMMATION",1,"571"
"OID20726",4.8527213955007,"ANGPTL2","Q9UKU9",0.04,0.5321,"INFLAMMATION",1,"23452"
"OID20577",1.65429821564898,"IRAK4","Q9NWZ3",0.15,1.0753,"INFLAMMATION",1,"51135"
"OID20737",-0.822630604754305,"LAIR1","Q6GTX8",0.03,0.3299,"INFLAMMATION",1,"3903"
"OID20425",1.14537117311026,"RAB37","Q96AX2",0.68,1.6032,"INFLAMMATION",1,"326624"
"OID20709",-1.07275819800552,"CCN2","P29279",0.03,1.0452,"INFLAMMATION",1,"1490"
"OID20705",5.7672316083228,"ERBB3","P21860",0.03,0.3369,"INFLAMMATION",1,"2065"
"OID20692",5.96570205705307,"CD48","P09326",0.04,0.343,"INFLAMMATION",1,"962"
"OID20424",3.79497560323591,"JUN","P05412",0.39,0.7229,"INFLAMMATION",1,"3725"
"OID20761",-0.0528276683901751,"SKAP2","O75563",0.07,0.9228,"INFLAMMATION",1,"8935"
"OID20602",5.9868384007204,"SLAMF7","Q9NQ25",0.08,0.3881,"INFLAMMATION",1,"57823"
"OID20544",-0.144251273252783,"IKBKG","Q9Y6K9",0.03,1.204,"INFLAMMATION",1,"8517"
"OID20725",0.685798684462808,"OMD","Q99983",0.03,0.4579,"INFLAMMATION",1,"4958"
"OID20582",0.21400911296231,"AXIN1","O15169",0.3,0.5452,"INFLAMMATION",1,"8312"
"OID20677",-3.05786346816255,"EPHA1","P21709",0.04,0.2496,"INFLAMMATION",1,"2041"
"OID20568",-2.64110962577501,"NPPC","P23582",0.05,0.7402,"INFLAMMATION",1,"4880"
"OID20550",-5.69305549211745,"COL9A1","P20849",0.57,0.4514,"INFLAMMATION",1,"1297"
"OID20634",-0.221257608755457,"NFASC","O94856",0.65,-0.5646,"INFLAMMATION",1,"23114"
"OID20547",-0.4970378650592,"CLEC4C","Q8WTT0",0.12,0.6882,"INFLAMMATION",1,"170482"
"OID20647",-4.98373856931433,"CD160","O95971",0.03,0.7001,"INFLAMMATION",1,"11126"
"OID20653",-5.67012649305986,"TNFRSF4","P43489",0.03,0.7246,"INFLAMMATION",1,"7293"
"OID20575",2.76604511698961,"HSD11B1","P28845",0.06,0.8262,"INFLAMMATION",1,"3290"
"OID20504",1.52474862245481,"ITM2A","O43736",0.03,-0.3851,"INFLAMMATION",1,"9452"
"OID20628",-2.98138355978042,"CD244","Q9BZW8",0.03,-0.2364,"INFLAMMATION",1,"51744"
"OID20591",0.31040441042967,"NTF3","P20783",0.04,0.2659,"INFLAMMATION",1,"4908"
"OID20620",2.85082134385094,"DFFA","O00273",0.03,0.7748,"INFLAMMATION",1,"1676"
"OID20514",0.59168316099326,"SH2D1A","O60880",0.08,0.082,"INFLAMMATION",1,"4068"
"OID20454",1.33585881842178,"RGS8","P57771",0.88,0.5004,"INFLAMMATION",1,"85397"
"OID20583",0.437147294271992,"ANXA11","P50995",0.5,0.9151,"INFLAMMATION",1,"311"
"OID20738",-2.86356301902195,"COLEC12","Q5KU26",0.04,0.7968,"INFLAMMATION",1,"81035"
"OID20586",-1.17310194140364,"LTA","P01374",0.04,0.7614,"INFLAMMATION",1,"4049"
"OID20719",5.85308127238693,"CSF1","P09603",0.04,0.3549,"INFLAMMATION",1,"1435"
"OID20750",9.31360717083654,"TPP1","O14773",0.03,0.5739,"INFLAMMATION",1,"1200"
"OID20493",-2.62702993479037,"ITGB6","P18564",0.58,1.7344,"INFLAMMATION",1,"3694"
"OID20432",-1.20857778452007,"ARNT","P27540",0.94,-0.2055,"INFLAMMATION",1,"405"
"OID20735",-0.848997654599885,"TNFRSF11B","O00300",0.03,0.6894,"INFLAMMATION",1,"4982"
"OID20487",-0.406462632734605,"IL1RL2","Q9HB29",0.04,1.0973,"INFLAMMATION",1,"8808"
"OID20570",5.61561469651971,"PTX3","P26022",0.03,0.9545,"INFLAMMATION",1,"5806"
"OID20736",-1.77552332471059,"ENPP5","Q9UJA9",0.04,-0.1842,"INFLAMMATION",1,"59084"
"OID20780",4.0711007765388,"B4GALT1","P15291",0.03,0.8105,"INFLAMMATION",1,"2683"
"OID20530",0.659558079378128,"LSP1","P33241",0.04,0.9377,"INFLAMMATION",1,"4046"
"OID20532",3.0749587739318,"HLA-E","P13747",0.1,0.3396,"INFLAMMATION",1,"3133"
"OID20599",6.311415784111,"CD70","P32970",0.04,1.4367,"INFLAMMATION",1,"970"
"OID20553",-0.217268576732719,"NT5C3A","Q9H0P0",0.28,1.8223,"INFLAMMATION",1,"51251"
"OID20611",2.56029989718761,"TNFSF10","P50591",0.03,0.8076,"INFLAMMATION",1,"8743"
"OID20775",-0.33711610850483,"PNLIPRP2","P54317",0.19,-0.0434,"INFLAMMATION",1,"5408"
"OID20607",-0.0978799206586512,"CD84","Q9UIB8",0.04,1.8793,"INFLAMMATION",1,"8832"
"OID20645",3.66286394623751,"ADA","P00813",0.04,0.891,"INFLAMMATION",1,"100"
"OID20747",0.168387992304982,"CRHBP","P24387",0.03,0.4268,"INFLAMMATION",1,"1393"
"OID20633",0.458128875912218,"IL16","Q14005",0.03,-0.1082,"INFLAMMATION",1,"3603"
"OID20785",-0.362129203331718,"WFIKKN2","Q8TEU8",0.03,0.9142,"INFLAMMATION",1,"124857"
"OID20581",-5.55887248448641,"ITGA11","Q9UKX5",0.13,0.3969,"INFLAMMATION",1,"22801"
"OID20485",2.27520492511349,"IRAK1","P51617",0.28,1.3508,"INFLAMMATION",1,"3654"
"OID20483",1.0797330642124,"PRDX3","P30048",0.41,0.3027,"INFLAMMATION",1,"10935"
"OID20595",0.345324209563149,"CD200R1","Q8TD46",0.03,1.0717,"INFLAMMATION",1,"131450"
"OID20527",-2.08289104738676,"DPP10","Q8N608",0.26,0.1158,"INFLAMMATION",1,"57628"
"OID20782",-1.03878007096028,"FSTL3","O95633",0.03,0.6571,"INFLAMMATION",1,"10272"
"OID20694",4.44760970177104,"IL18","Q14116",0.04,0.5833,"INFLAMMATION",1,"3606"
"OID20519",-0.347462618123304,"METAP1D","Q6UB28",0.07,0.7693,"INFLAMMATION",1,"254042"
"OID20696",-4.41407027907206,"IL10RB","Q08334",0.04,0.2499,"INFLAMMATION",1,"3588"
"OID20605",0.831616186445795,"IL32","P24001",0.03,1.0402,"INFLAMMATION",1,"9235"
"OID20600",-4.04244178389883,"TGFA","P01135",0.04,1.0033,"INFLAMMATION",1,"7039"
"OID20597",-0.577098096482986,"PLXNA4","Q9HCM2",0.05,0.7643,"INFLAMMATION",1,"91584"
"OID20655",1.39819164791525,"CCL13","Q99616",0.04,1.0296,"INFLAMMATION",1,"6357"
"OID20542",3.7717087456991,"SCRN1","Q12765",0.52,1.566,"INFLAMMATION",1,"9805"
"OID20672",0.571598618038311,"MMP1","P03956",0.03,2.8171,"INFLAMMATION",1,"4312"
"OID20648",2.78228383083965,"HCLS1","P14317",0.04,0.8219,"INFLAMMATION",1,"3059"
"OID20608",0.238811599776462,"RAB6A","P20340",0.3,0.8919,"INFLAMMATION",1,"5870"
"OID20784",-2.62608800894776,"REG4","Q9BYZ8",0.04,1.2277,"INFLAMMATION",1,"83998"
"OID20546",1.98113622100408,"CCL26","Q9Y258",0.59,1.8425,"INFLAMMATION",1,"10344"
"OID20727",3.080597418546,"GAL","P22466",0.03,0.0446,"INFLAMMATION",1,"51083"
"OID20467",1.65600199968291,"PADI2","Q9Y2J8",0.67,0.9057,"INFLAMMATION",1,"11240"
"OID20573",-5.19336986435958,"CLEC4A","Q9UMR7",0.06,1.1151,"INFLAMMATION",1,"50856"
"OID20438",-4.32468076920348,"LRRN1","Q6UXK5",0.03,0.6237,"INFLAMMATION",1,"57633"
"OID20769",-2.78099621943031,"LAMA4","Q16363",0.03,0.5163,"INFLAMMATION",1,"3910"
"OID20430",-0.0227002718542063,"IL13","P35225",0.95,0.6607,"INFLAMMATION",1,"3596"
"OID20456",-0.0330220850407937,"IL17F","Q96PD4",0.72,0.7566,"INFLAMMATION",1,"112744"
"OID20489",5.31667106324627,"GBP2","P32456",0.76,2.5835,"INFLAMMATION",1,"2634"
"OID20723",-0.625139441677738,"SCGB3A2","Q96PL1",0.03,1.0275,"INFLAMMATION",1,"117156"
"OID20665",-3.14219319600679,"FASLG","P48023",0.03,0.6759,"INFLAMMATION",1,"356"
"OID20638",7.98976801866366,"LAMP3","Q9UQV4",0.03,0.8599,"INFLAMMATION",1,"27074"
"OID20729",0.0276890122440847,"PDLIM7","Q9NR12",0.1,0.5474,"INFLAMMATION",1,"9260"
"OID20637",-1.12670819181583,"CD22","P20273",0.03,0.5596,"INFLAMMATION",1,"933"
"OID20766",0.290084972180589,"PRELP","P51888",0.03,0.6764,"INFLAMMATION",1,"5549"
"OID20470",0.473652329046438,"NFATC3","Q12968",0.92,0.1287,"INFLAMMATION",1,"4775"
"OID20566",-1.78284336088824,"NCR1","O76036",0.07,0.5199,"INFLAMMATION",1,"9437"
"OID20492",1.59486237246406,"AMN","Q9BXJ7",0.65,1.0731,"INFLAMMATION",1,"81693"
"OID20743",-1.98882074083337,"EPCAM","P16422",0.03,-0.3859,"INFLAMMATION",1,"4072"
"OID20444",0.457587368304813,"PRKAB1","Q9Y478",0.59,0.2472,"INFLAMMATION",1,"5564"
"OID20564",-1.14312949301167,"FCAR","P24071",0.04,0.8838,"INFLAMMATION",1,"2204"
"OID20783",-1.51064506351461,"TNFRSF14","Q92956",0.03,0.6504,"INFLAMMATION",1,"8764"
"OID20772",-6.66437861141395,"CCL24","O00175",0.03,0.1168,"INFLAMMATION",1,"6369"
"OID20437",4.87574362708918,"AMBN","Q9NP70",0.04,0.8611,"INFLAMMATION",1,"258"
"OID20716",-5.3563801012033,"CD58","P19256",0.03,0.3583,"INFLAMMATION",1,"965"
"OID20708",-1.42426435928588,"LY6D","Q14210",0.09,0.6494,"INFLAMMATION",1,"8581"
"OID20728",3.04906078428514,"SCG3","Q8WXD2",0.03,0.7293,"INFLAMMATION",1,"29106"
"OID20617",4.94537128178345,"CKAP4","Q07065",0.03,1.1623,"INFLAMMATION",1,"10970"
"OID20476",-0.890748680989539,"TPT1","P13693",0.93,1.4571,"INFLAMMATION",1,"7178"
"OID20644",0.359295045223324,"PRDX5","P30044",0.04,-0.7828,"INFLAMMATION",1,"25824"
"OID20770",0.790620214631275,"FST","P19883",0.03,1.2184,"INFLAMMATION",1,"10468"
"OID20779",0.120217704217048,"MPIG6B","O95866",0.04,-0.0814,"INFLAMMATION",1,"80739"
"OID20588",1.04897168175468,"MGMT","P16455",0.06,0.8871,"INFLAMMATION",1,"4255"
"OID20756",3.53769837392295,"AGER","Q15109",0.03,0.6146,"INFLAMMATION",1,"177"
"OID20596",6.4312758367824,"KRT19","P08727",0.11,0.8425,"INFLAMMATION",1,"3880"
"OID20650",2.58400895108092,"VEGFA","P15692",0.03,0.7618,"INFLAMMATION",1,"7422"
"OID20539",-0.735562719596957,"SLC39A5","Q6ZMH5",0.89,0.2794,"INFLAMMATION",1,"283375"
"OID20754",-11.0549404301236,"CDON","Q4KMG0",0.03,0.7308,"INFLAMMATION",1,"50937"
"OID20642",-3.3589255786996,"TPSAB1","Q15661",0.04,0.3793,"INFLAMMATION",1,"7177"
"OID20578",2.73355872240012,"ICAM4","Q14773",0.03,-0.0163,"INFLAMMATION",1,"3386"
"OID20661",-2.56967947844593,"FLT3LG","P49771",0.03,-0.4318,"INFLAMMATION",1,"2323"
"OID20497",-0.521033964356473,"ENAH","Q8N8S7",0.12,1.083,"INFLAMMATION",1,"55740"
"OID20555",-0.0547690990681601,"CASP2","P42575",0.59,0.775,"INFLAMMATION",1,"835"
"OID20446",-0.489578863972839,"ARTN","Q5T4W7",0.88,0.8615,"INFLAMMATION",1,"9048"
"OID20669",3.67162198447384,"KYNU","Q16719",0.03,0.8386,"INFLAMMATION",1,"8942"
"OID20579",0.297774380411872,"DECR1","Q16698",0.15,0.9317,"INFLAMMATION",1,"1666"
"OID20731",-0.238796574991617,"TREM2","Q9NZC2",0.03,0.2481,"INFLAMMATION",1,"54209"
"OID20466",1.41166794656405,"DGKZ","Q13574",0.99,1.2013,"INFLAMMATION",1,"8525"
"OID20700",4.18151312784987,"IL1RN","P18510",0.08,0.6705,"INFLAMMATION",1,"3557"
"OID20721",0.405964656029783,"CKMT1A_CKMT1B","P12532",0.03,0.3589,"INFLAMMATION",1,"1159"
"OID20721",0.405964656029783,"CKMT1A_CKMT1B","P12532",0.03,0.3589,"INFLAMMATION",1,"548596"
"OID20635",0.610340364386903,"CD79B","P40259",0.04,0.5971,"INFLAMMATION",1,"974"
"OID20746",-6.61464591705321,"MEGF10","Q96KG7",0.03,0.5996,"INFLAMMATION",1,"84466"
"OID20445",2.59188632725834,"PNPT1","Q8TCS8",0.73,1.632,"INFLAMMATION",1,"87178"
"OID20622",0.667759627378389,"CXCL17","Q6UXB2",0.04,-0.1874,"INFLAMMATION",1,"284340"
"OID20613",-0.382605564718636,"CXCL6","P80162",0.04,0.9324,"INFLAMMATION",1,"6372"
"OID20462",-3.57393312981726,"SIT1","Q9Y3P8",0.05,0.6111,"INFLAMMATION",1,"27240"
"OID20557",5.29446765224782,"MAPK9","P45984",0.2,1.1079,"INFLAMMATION",1,"5601"
"OID20464",0.945862980654909,"CXCL12","P48061",0.37,1.3137,"INFLAMMATION",1,"6387"
"OID20618",-0.822606989546918,"FKBP1B","P68106",0.99,0.5526,"INFLAMMATION",1,"2281"
"OID20649",-5.8781727097751,"CD6","P30203",0.03,1.0294,"INFLAMMATION",1,"923"
"OID20528",0.782060525240119,"ITGA6","P23229",0.28,0.5407,"INFLAMMATION",1,"3655"
"OID20459",-0.124588091303927,"MVK","Q03426",0.34,1.6771,"INFLAMMATION",1,"4598"
"OID20609",-2.22611628142401,"CLEC4D","Q8WXI8",0.08,2.665,"INFLAMMATION",1,"338339"
"OID20673",-0.250863629985929,"PGF","P49763",0.03,0.62,"INFLAMMATION",1,"5228"
"OID20624",-3.78410273132912,"TNFSF12","O43508",0.03,0.9012,"INFLAMMATION",1,"8742"
"OID20604",9.07227634460839,"GZMB","P10144",0.04,1.7552,"INFLAMMATION",1,"3002"
"OID20768",-1.64768355527945,"LTBR","P36941",0.03,1.6758,"INFLAMMATION",1,"4055"
"OID20525",-2.51176181556474,"EDAR","Q9UNE0",0.18,0.1778,"INFLAMMATION",1,"10913"
"OID20757",-4.06791475184741,"IL1R2","P27930",0.03,0.6715,"INFLAMMATION",1,"7850"
"OID20594",0.466846989579663,"BANK1","Q8NDB2",0.07,1.1749,"INFLAMMATION",1,"55024"
"OID20776",0.818079969757137,"OSCAR","Q8IYS5",0.03,1.017,"INFLAMMATION",1,"126014"
"OID20674",0.0288999113792006,"CCL25","O15444",0.03,0.2434,"INFLAMMATION",1,"6370"
"OID20706",0.359205106068883,"NELL2","Q99435",0.03,0.4622,"INFLAMMATION",1,"4753"
"OID20707",0.521924511232106,"MANF","P55145",0.11,0.3054,"INFLAMMATION",1,"7873"
"OID20543",5.59741013206909,"PROK1","P58294",0.07,0.8195,"INFLAMMATION",1,"84432"
"OID20682",0.94906409394912,"PKLR","P30613",0.03,0.3195,"INFLAMMATION",1,"5313"
"OID20681",0.441841466786584,"DBNL","Q9UJU6",0.04,0.3581,"INFLAMMATION",1,"28988"
"OID20704",3.41059077995387,"CST7","O76096",0.04,0.7162,"INFLAMMATION",1,"8530"
"OID20506",3.43334397645964,"IFNLR1","Q8IU57",0.04,0.2675,"INFLAMMATION",1,"163702"
"OID20503",0.10925880300212,"FGF2","P09038",0.66,0.312,"INFLAMMATION",1,"2247"
"OID20556",-2.69347897558116,"CNTNAP2","Q9UHC6",0.36,0.5414,"INFLAMMATION",1,"26047"
"OID20515",0.963205834635217,"FOXO1","Q12778",0.25,0.8353,"INFLAMMATION",1,"2308"
"OID20517",1.89119478365215,"BID","P55957",0.94,1.3781,"INFLAMMATION",1,"637"
"OID20529",1.13952644466417,"FCRL6","Q6DN72",0.04,1.2279,"INFLAMMATION",1,"343413"
"OID20512",-3.7611443267812,"ALDH3A1","P30838",0.65,0.3123,"INFLAMMATION",1,"218"
"OID20690",7.6116882158475,"SIGLEC1","Q9BZZ2",0.03,0.7504,"INFLAMMATION",1,"6614"
"OID20722",0.512125293950106,"FIS1","Q9Y3D6",0.04,0.04,"INFLAMMATION",1,"51024"
"OID20440",-0.199499167178922,"IL24","Q13007",0.86,0.9502,"INFLAMMATION",1,"11009"
"OID20423",-1.57445969782821,"EIF5A","P63241",0.97,0.4591,"INFLAMMATION",1,"1984"
"OID20615",2.5428926260941,"HPCAL1","P37235",0.04,0.5283,"INFLAMMATION",1,"3241"
"OID20523",10.9317965731209,"CCL7","P80098",0.05,1.4326,"INFLAMMATION",1,"6354"
"OID20510",2.97084569065027,"NUB1","Q9Y5A7",0.07,0.5528,"INFLAMMATION",1,"51667"
"OID20641",1.95571428231359,"GMPR","P36959",0.05,0.4867,"INFLAMMATION",1,"2766"
"OID20522",-1.61281090051903,"EPO","P01588",0.77,0.3346,"INFLAMMATION",1,"2056"
"OID20507",-1.27824442635214,"TRAF2","Q12933",0.04,0.6129,"INFLAMMATION",1,"7186"
"OID20718",3.97399168822556,"HSPA1A","P0DMV8",0.03,0.2501,"INFLAMMATION",1,"3303"
"OID20718",3.97399168822556,"HSPA1A","P0DMV8",0.03,0.2501,"INFLAMMATION",1,"3304"
"OID20643",0.220300643068753,"PPP1R9B","Q96SB3",0.08,1.3136,"INFLAMMATION",1,"84687"
"OID20460",-0.995326584624576,"WNT9A","O14904",0.4,0.436,"INFLAMMATION",1,"7483"
"OID20711",0.647262996016396,"MGLL","Q99685",0.04,0.8162,"INFLAMMATION",1,"11343"
"OID20511",-1.71356890957198,"PSPN","O60542",0.1,0.7809,"INFLAMMATION",1,"5623"
"OID20421",-2.74921346883729,"PAPPA","Q13219",0.74,1.4818,"INFLAMMATION",1,"5069"
"OID20448",-0.321492619324816,"NCLN","Q969V3",0.97,0.7718,"INFLAMMATION",1,"56926"
"OID20625",2.09357133084244,"EIF4G1","Q04637",0.04,0.9124,"INFLAMMATION",1,"1981"
"OID20565",-3.46361853992117,"CD83","Q01151",0.04,1.1751,"INFLAMMATION",1,"9308"
"OID20520",0.87703417268986,"HLA-DRA","P01903",0.39,0.6609,"INFLAMMATION",1,"3122"
"OID20739",0.632883649497374,"SIRPB1","O00241",0.03,1.3409,"INFLAMMATION",1,"10326"
"OID20508",1.06819914702308,"SULT2A1","Q06520",0.12,0.5111,"INFLAMMATION",1,"6822"
"OID20549",1.21123386900004,"PSMG3","Q9BT73",0.67,1.2263,"INFLAMMATION",1,"84262"
"OID20541",2.1821763256154,"MLN","P12872",0.14,1.1804,"INFLAMMATION",1,"4295"
"OID20724",-0.0618022916279049,"CD40","P25942",0.03,0.6914,"INFLAMMATION",1,"958"
"OID20767",-1.63269869817799,"MATN2","O00339",0.03,0.7565,"INFLAMMATION",1,"4147"
"OID20526",1.55852789241553,"TRIM5","Q9C035",0.34,0.8327,"INFLAMMATION",1,"85363"
"OID20603",-2.26578575780918,"CD200","P41217",0.04,1.4403,"INFLAMMATION",1,"4345"
"OID20627",0.404535189681028,"DNAJA2","O60884",0.04,0.793,"INFLAMMATION",1,"10294"
"OID20480",-1.17123641922219,"TNFRSF13C","Q96RJ3",0.43,0.6536,"INFLAMMATION",1,"115650"
"OID20712",-1.6182069053335,"DNER","Q8NFT8",0.03,0.5155,"INFLAMMATION",1,"92737"
"OID20433",-1.82978987077038,"TNFAIP8","O95379",0.98,0.915,"INFLAMMATION",1,"25816"
"OID20687",-1.93443147463763,"MMP10","P09238",0.03,0.5208,"INFLAMMATION",1,"4319"
"OID20621",-0.207958387040895,"TGFB1","P01137",0.03,0.8239,"INFLAMMATION",1,"7040"
"OID20559",0.269473048547338,"CLIP2","Q9UDT6",0.25,1.9553,"INFLAMMATION",1,"7461"
"OID20640",1.51407412647397,"LAT","O43561",0.03,1.0988,"INFLAMMATION",1,"27040"
"OID20471",0.706662859684846,"GALNT3","Q14435",0.69,1.2364,"INFLAMMATION",1,"2591"
"OID20741",2.2918555076619,"PDGFB","P01127",0.04,1.4162,"INFLAMMATION",1,"5155"
"OID20667",-2.54032736518896,"CDSN","Q15517",0.77,3.7105,"INFLAMMATION",1,"1041"
"OID20771",-0.00875305311490203,"CHRDL1","Q9BU40",0.04,0.1395,"INFLAMMATION",1,"91851"
"OID20465",-1.55069585845032,"NRTN","Q99748",0.98,1.1124,"INFLAMMATION",1,"4902"
"OID20663",3.44028759020994,"GZMA","P12544",0.03,0.2457,"INFLAMMATION",1,"3001"
"OID20695",-1.19128367507777,"CCL4","P13236",0.03,0.6333,"INFLAMMATION",1,"6351"
"OID20789",-1.75513713804119,"NME3","Q13232",0.03,0.6137,"INFLAMMATION",1,"4832"
"OID21145",1.50399825814132,"TNFRSF1B","P20333",0.03,0.7502,"NEUROLOGY",1,"7133"
"OID21153",-2.21409507103896,"PAMR1","Q6UXH9",0.04,-0.568,"NEUROLOGY",1,"25891"
"OID21136",-5.61141799185061,"IL7R","P16871",0.04,1.3055,"NEUROLOGY",1,"3575"
"OID21119",0.749931412651741,"CD177","Q8N6Q3",0.8,4.4949,"NEUROLOGY",1,"57126"
"OID20867",-0.572195954920743,"PRTFDC1","Q9NRG1",0.97,2.5502,"NEUROLOGY",1,"56952"
"OID20852",5.2587030338162,"SLC39A14","Q15043",0.97,3.0596,"NEUROLOGY",1,"23516"
"OID21148",-1.93603569653539,"SPINK5","Q9NQ38",0.51,0.3095,"NEUROLOGY",1,"11005"
"OID20968",0.197667642607983,"FRZB","Q92765",0.03,-0.5004,"NEUROLOGY",1,"2487"
"OID21044",12.4791238884603,"CASC4","Q6P4E1",0.03,0.7324,"NEUROLOGY",1,"113201"
"OID20974",-3.07442856160715,"ADGRB3","O60242",0.03,0.7988,"NEUROLOGY",1,"577"
"OID21142",-2.05594833426687,"RELT","Q969Z4",0.04,1.4617,"NEUROLOGY",1,"84957"
"OID21042",10.0914044254946,"CXCL11","O14625",0.04,0.8111,"NEUROLOGY",1,"6373"
"OID21126",-4.90962723815642,"IL1RAP","Q9NPH3",0.04,0.0749,"NEUROLOGY",1,"3556"
"OID20942",0.311200776732871,"TBCC","Q15814",0.12,1.2125,"NEUROLOGY",1,"6903"
"OID20969",6.11818683678239,"PSME1","Q06323",0.03,1.0394,"NEUROLOGY",1,"5720"
"OID21123",-3.8658198675624,"OGN","P20774",0.05,0.8725,"NEUROLOGY",1,"4969"
"OID21124",0.897968173489347,"PLAU","P00749",0.04,0.3142,"NEUROLOGY",1,"5328"
"OID20844",1.31299875250982,"TBC1D17","Q9HA65",0.95,2.1618,"NEUROLOGY",1,"79735"
"OID21054",-6.5771843308122,"CPM","P14384",0.05,1.7123,"NEUROLOGY",1,"1368"
"OID20827",-0.3788298570223,"DUSP3","P51452",0.95,2.4824,"NEUROLOGY",1,"1845"
"OID21085",2.83554790652668,"NID2","Q14112",0.04,0.5861,"NEUROLOGY",1,"22795"
"OID21112",6.27312694251567,"CLEC11A","Q9Y240",0.03,0.511,"NEUROLOGY",1,"6320"
"OID20851",-1.01627172821103,"VSTM1","Q6UX27",0.98,1.6511,"NEUROLOGY",1,"284415"
"OID21133",-4.05040757625572,"FCER2","P06734",0.04,0.6576,"NEUROLOGY",1,"2208"
"OID20935",-1.08046365231004,"EFNA4","P52798",0.03,0.9215,"NEUROLOGY",1,"1945"
"OID20816",1.10424892862987,"TDGF1","P13385",0.9,4.1128,"NEUROLOGY",1,"6997"
"OID20940",1.16568520704881,"CDCP1","Q9H5V8",0.04,-0.6375,"NEUROLOGY",1,"64866"
"OID21078",-0.201563873603002,"AHSP","Q9NZD4",0.04,0.4766,"NEUROLOGY",1,"51327"
"OID21037",2.89258591253822,"ENO1","P06733",0.03,1.654,"NEUROLOGY",1,"2023"
"OID21111",0.285265602064664,"FCRL5","Q96RD9",0.04,0.0063,"NEUROLOGY",1,"83416"
"OID21024",3.64234979668234,"CXCL13","O43927",0.04,0.0083,"NEUROLOGY",1,"10563"
"OID20798",1.2519002860341,"ATF2","P15336",0.98,2.4608,"NEUROLOGY",1,"1386"
"OID20849",-0.795539855782283,"NXPH1","P58417",0.99,1.875,"NEUROLOGY",1,"30010"
"OID20824",-1.2611553570206,"LIF","P15018",0.98,2.5589,"NEUROLOGY",1,"3976"
"OID21055",4.26135124567717,"NCAN","O14594",0.04,1.0111,"NEUROLOGY",1,"1463"
"OID21048",-8.26642802741992,"SCARF2","Q96GP6",0.06,0.5987,"NEUROLOGY",1,"91179"
"OID21065",-3.90132038775629,"RGMA","Q96B86",0.03,0.6986,"NEUROLOGY",1,"56963"
"OID20866",-0.867130579774624,"MUC13","Q9H3R2",0.95,3.2313,"NEUROLOGY",1,"56667"
"OID20993",1.39470294973481,"TBCB","Q99426",0.04,0.4861,"NEUROLOGY",1,"1155"
"OID21122",-2.30772815612664,"CD99L2","Q8TCZ2",0.03,0.3635,"NEUROLOGY",1,"83692"
"OID21094",-3.93766976610643,"PIK3IP1","Q96FE7",0.03,-0.1064,"NEUROLOGY",1,"113791"
"OID21011",4.91987055948004,"PVR","P15151",0.03,0.6054,"NEUROLOGY",1,"5817"
"OID20949",4.11559777219481,"GLB1","P16278",0.22,1.2406,"NEUROLOGY",1,"2720"
"OID21009",-2.91892674133367,"DDR1","Q08345",0.03,0.8549,"NEUROLOGY",1,"780"
"OID21022",2.36138984335312,"NSFL1C","Q9UNZ2",0.04,0.7622,"NEUROLOGY",1,"55968"
"OID21092",-0.290456666155545,"CNTN3","Q9P232",0.04,0.3029,"NEUROLOGY",1,"5067"
"OID20996",-1.60968516013718,"ASAH2","Q9NR71",0.06,1.2572,"NEUROLOGY",1,"56624"
"OID20976",2.06787292483711,"CX3CL1","P78423",0.03,2.1003,"NEUROLOGY",1,"6376"
"OID20910",-0.140747058078448,"CLPP","Q16740",0.25,0.8154,"NEUROLOGY",1,"8192"
"OID20819",-0.477096000707445,"PAK4","O96013",0.99,2.6268,"NEUROLOGY",1,"10298"
"OID20947",-2.24695172695382,"TMPRSS5","Q9H3S3",0.03,0.7312,"NEUROLOGY",1,"80975"
"OID20812",-0.557868764912339,"SIGLEC15","Q6ZMC9",0.97,3.0107,"NEUROLOGY",1,"284266"
"OID20901",-1.75346400005951,"CRIP2","P52943",0.04,0.2486,"NEUROLOGY",1,"1397"
"OID21057",-4.44818511572805,"NTRK3","Q16288",0.04,1.2524,"NEUROLOGY",1,"4916"
"OID20954",-4.0783472925449,"MASP1","P48740",0.03,0.5738,"NEUROLOGY",1,"5648"
"OID21019",2.40413582900183,"MMP8","P22894",0.03,0.6454,"NEUROLOGY",1,"4317"
"OID20854",4.38225796246851,"CASP1","P29466",0.93,3.4678,"NEUROLOGY",1,"834"
"OID20985",-6.89998638774447,"TNFRSF9","Q07011",0.03,1.4449,"NEUROLOGY",1,"3604"
"OID21047",2.8872650547871,"OXT","P01178",0.03,-0.0356,"NEUROLOGY",1,"5020"
"OID20975",0.578106232312689,"HNMT","P50135",0.03,0.2354,"NEUROLOGY",1,"3176"
"OID21041",3.40616223043193,"LGALS8","O00214",0.03,0.2085,"NEUROLOGY",1,"3964"
"OID21077",2.08497858111628,"STIP1","P31948",0.23,0.9111,"NEUROLOGY",1,"10963"
"OID20922",-1.00939241017389,"PHOSPHO1","Q8TCT1",0.03,1.0683,"NEUROLOGY",1,"162466"
"OID21087",1.78087544557947,"PEBP1","P30086",0.09,1.8731,"NEUROLOGY",1,"5037"
"OID20835",0.131390974945616,"PLIN1","O60240",0.97,2.64,"NEUROLOGY",1,"5346"
"OID20875",0.289888849552452,"TDRKH","Q9Y2W6",0.83,3.7246,"NEUROLOGY",1,"11022"
"OID21143",0.424877280334831,"DBI","P07108",0.22,2.7468,"NEUROLOGY",1,"1622"
"OID20938",-1.93013954059076,"RSPO1","Q2MKA7",0.04,0.8541,"NEUROLOGY",1,"284654"
"OID21140",0.0401310110244766,"FYB1","O15117",0.04,0.4056,"NEUROLOGY",1,"2533"
"OID21068",-0.315870175109233,"WISP2","O76076",0.03,1.2065,"NEUROLOGY",1,"8839"
"OID20986",2.91640619908497,"RBKS","Q9H477",0.03,0.3112,"NEUROLOGY",1,"64080"
"OID20927",0.811326540035059,"APRT","P07741",0.03,0.7991,"NEUROLOGY",1,"353"
"OID20941",4.97985332400324,"IFNGR2","P38484",0.04,-0.2418,"NEUROLOGY",1,"3460"
"OID21113",-3.1787747784115,"DSG2","Q14126",0.03,-0.3584,"NEUROLOGY",1,"1829"
"OID21043",1.28324679524156,"FABP5","Q01469",0.86,3.4787,"NEUROLOGY",1,"2171"
"OID20984",-2.57792421641045,"SFRP1","Q8N474",0.04,1.327,"NEUROLOGY",1,"6422"
"OID21045",-2.76981591529089,"RGMB","Q6NW40",0.11,0.676,"NEUROLOGY",1,"285704"
"OID20982",-1.48112254570212,"EPHB6","O15197",0.03,1.3199,"NEUROLOGY",1,"2051"
"OID20978",-2.31165213047589,"AFP","P02771",0.03,1.1299,"NEUROLOGY",1,"174"
"OID20998",0.199652707792417,"BCAN","Q96GW7",0.04,1.3155,"NEUROLOGY",1,"63827"
"OID21058",-2.51674692003187,"SCARA5","Q6ZMJ2",0.04,0.631,"NEUROLOGY",1,"286133"
"OID20839",0.0176755363229244,"PBLD","P30039",0.83,1.6876,"NEUROLOGY",1,"64081"
"OID21152",2.83514808284991,"LILRA2","Q8N149",0.05,-0.1842,"NEUROLOGY",1,"11027"
"OID21114",4.18911762932315,"SOD2","P04179",0.06,0.7955,"NEUROLOGY",1,"6648"
"OID21138",5.15637924702137,"ARSA","P15289",0.05,0.5933,"NEUROLOGY",1,"410"
"OID21155",-0.497338587070974,"TNFRSF1A","P19438",0.03,-0.0699,"NEUROLOGY",1,"7132"
"OID20871",0.143251613813297,"NEFL","P07196",0.79,2.9667,"NEUROLOGY",1,"4747"
"OID20847",5.48762035094222,"PTS","Q03393",0.23,2.175,"NEUROLOGY",1,"5805"
"OID21095",-3.60842057997823,"NCAM2","O15394",0.03,0.5075,"NEUROLOGY",1,"4685"
"OID20933",-5.46000396504011,"GFRA3","O60609",0.03,0.9022,"NEUROLOGY",1,"2676"
"OID21144",3.07578187635142,"VSIG4","Q9Y279",0.04,0.2207,"NEUROLOGY",1,"11326"
"OID20937",5.99969366285127,"FKBP5","Q13451",0.03,0.4044,"NEUROLOGY",1,"2289"
"OID21108",-3.43480794433703,"CD109","Q6YHK3",0.04,0.5125,"NEUROLOGY",1,"135228"
"OID20878",0.426375657974195,"S100A16","Q96FQ6",0.99,2.6635,"NEUROLOGY",1,"140576"
"OID20884",2.74432233755013,"FMNL1","O95466",0.94,2.9456,"NEUROLOGY",1,"752"
"OID21147",0.480758577915614,"TIMP4","Q99727",0.04,0.854,"NEUROLOGY",1,"7079"
"OID21128",4.09591459961478,"ALDH1A1","P00352",0.03,1.0635,"NEUROLOGY",1,"216"
"OID20896",4.57316493200458,"AGR2","O95994",0.69,2.4679,"NEUROLOGY",1,"10551"
"OID21127",2.08055763112142,"B4GAT1","O43505",0.03,0.626,"NEUROLOGY",1,"11041"
"OID21096",-2.54999538101873,"CA6","P23280",0.53,0.1823,"NEUROLOGY",1,"765"
"OID20899",0.149924653869648,"MAP4K5","Q9Y4K4",0.22,1.066,"NEUROLOGY",1,"11183"
"OID21081",1.64465393304801,"NRP2","O60462",0.21,0.0326,"NEUROLOGY",1,"8828"
"OID20912",-3.77645637103221,"PTPRN2","Q92932",0.03,0.6776,"NEUROLOGY",1,"5799"
"OID20791",3.50553464114989,"FOSB","P53539",0.99,2.6447,"NEUROLOGY",1,"2354"
"OID21071",-1.45934895754566,"ITGAM","P11215",0.9,0.7212,"NEUROLOGY",1,"3684"
"OID20905",-2.52342315939259,"EREG","O14944",0.54,-0.3657,"NEUROLOGY",1,"2069"
"OID20846",0.621222180099596,"FKBP7","Q9Y680",0.97,3.0903,"NEUROLOGY",1,"51661"
"OID20897",-1.81005236821359,"DPEP1","P16444",0.04,0.1831,"NEUROLOGY",1,"1800"
"OID20906",-0.458769864802803,"SKAP1","Q86WV1",0.6,-0.0447,"NEUROLOGY",1,"8631"
"OID20931",-0.0443894102821489,"NAAA","Q02083",0.54,1.2957,"NEUROLOGY",1,"27163"
"OID20831",1.59566720105517,"CLSPN","Q9HAW4",0.99,2.2216,"NEUROLOGY",1,"63967"
"OID21070",2.36076879260462,"APP","P05067",0.65,1.353,"NEUROLOGY",1,"351"
"OID21082",4.05513944029351,"SIGLEC5","O15389",0.07,1.8815,"NEUROLOGY",1,"8778"
"OID21146",-3.32427961310933,"IGF2R","P11717",0.03,-0.4079,"NEUROLOGY",1,"3482"
"OID20999",-3.04553336016635,"ACVRL1","P37023",0.04,1.2452,"NEUROLOGY",1,"94"
"OID21130",-4.770903110341,"CD300LG","Q6UXG3",0.55,0.6276,"NEUROLOGY",1,"146894"
"OID20945",-0.266764332095475,"LY96","Q9Y6Y9",0.08,0.2061,"NEUROLOGY",1,"23643"
"OID21030",0.230495615010381,"CCL19","Q99731",0.04,0.1391,"NEUROLOGY",1,"6363"
"OID21027",3.58045173048295,"PPCDC","Q96CD2",0.03,0.7145,"NEUROLOGY",1,"60490"
"OID20828",2.23916338372374,"FGR","P09769",0.92,3.0723,"NEUROLOGY",1,"2268"
"OID21072",-4.1642825664673,"APOH","P02749",0.73,0.0539,"NEUROLOGY",1,"350"
"OID21015",1.97998789979188,"RWDD1","Q9H446",0.03,0.5634,"NEUROLOGY",1,"51389"
"OID21109",-0.672710203696505,"SPINT1","O43278",0.04,0.6987,"NEUROLOGY",1,"6692"
"OID21079",-7.81096318435324,"DSC2","Q02487",0.04,1.1745,"NEUROLOGY",1,"1824"
"OID21157",-1.21507057885821,"STC2","O76061",0.03,0.0346,"NEUROLOGY",1,"8614"
"OID20956",0.629668324009438,"DNMBP","Q6XZF7",0.03,0.5246,"NEUROLOGY",1,"23268"
"OID20992",0.500290536756421,"FUT8","Q9BYC5",0.04,0.2418,"NEUROLOGY",1,"2530"
"OID20930",0.114840534061192,"CHMP1A","Q9HD42",0.52,0.1195,"NEUROLOGY",1,"5119"
"OID21007",-6.12138954848126,"ROBO2","Q9HCK4",0.04,0.0202,"NEUROLOGY",1,"6092"
"OID21028",7.174974766072,"SMPD1","P17405",0.04,0.0236,"NEUROLOGY",1,"6609"
"OID21120",-3.34465291150166,"TREML2","Q5T2D2",0.04,0.3627,"NEUROLOGY",1,"79865"
"OID20979",5.64938378223706,"MATN3","O15232",0.03,0.9374,"NEUROLOGY",1,"4148"
"OID20902",3.38396373802806,"PPP3R1","P63098",0.04,0.3022,"NEUROLOGY",1,"5534"
"OID20913",0.170595226452907,"NMNAT1","Q9HAN9",0.04,-0.0592,"NEUROLOGY",1,"64802"
"OID20921",2.05621789606353,"ABHD14B","Q96IU4",0.06,0.5696,"NEUROLOGY",1,"84836"
"OID21002",1.7105036073481,"PLA2G10","O15496",0.04,1.122,"NEUROLOGY",1,"8399"
"OID21002",1.7105036073481,"PLA2G10","O15496",0.04,1.122,"NEUROLOGY",1,"100652777"
"OID21062",8.50093714538362,"FOLR2","P14207",0.03,1.3377,"NEUROLOGY",1,"2350"
"OID20959",0.405179573057386,"MITD1","Q8WV92",0.04,0.599,"NEUROLOGY",1,"129531"
"OID20856",2.83839319035663,"BAX","Q07812",0.45,4.4802,"NEUROLOGY",1,"581"
"OID20865",3.13495610050678,"ATXN10","Q9UBB4",0.78,2.6038,"NEUROLOGY",1,"25814"
"OID20988",2.9155174108022,"CD63","P08962",0.11,1.9085,"NEUROLOGY",1,"967"
"OID21031",-0.517512251520321,"SULT1A1","P50225",0.04,0.505,"NEUROLOGY",1,"6817"
"OID20904",7.66279591410535,"MAD1L1","Q9Y6D9",0.03,0.5186,"NEUROLOGY",1,"8379"
"OID20957",-2.15614103338866,"TNR","Q92752",0.04,0.8313,"NEUROLOGY",1,"7143"
"OID20900",-0.903338835272427,"IL18RAP","O95256",0.3,0.1427,"NEUROLOGY",1,"8807"
"OID20917",-1.7897885498943,"DRAXIN","Q8NBI3",0.05,0.6807,"NEUROLOGY",1,"374946"
"OID20981",-0.591119459536819,"TNFRSF10B","O14763",0.03,0.8626,"NEUROLOGY",1,"8795"
"OID20962",3.69620940921658,"PRDX1","Q06830",0.04,1.2359,"NEUROLOGY",1,"5052"
"OID20811",0.884734414610594,"ATP5PO","P48047",0.89,1.3515,"NEUROLOGY",1,"539"
"OID20808",-0.344545405818641,"CDHR1","Q96JP9",0.97,1.2247,"NEUROLOGY",1,"92211"
"OID20805",-0.255483335622637,"SCARB1","Q8WTV0",0.99,2.6483,"NEUROLOGY",1,"949"
"OID20909",-3.61943613969317,"GGT5","P36269",0.04,1.0187,"NEUROLOGY",1,"2687"
"OID20807",-3.59224112629264,"MMP13","P45452",0.97,2.5975,"NEUROLOGY",1,"4322"
"OID20994",-6.22932785037682,"BMP4","P12644",0.04,0.0436,"NEUROLOGY",1,"652"
"OID20881",0.239149799693047,"KEL","P23276",0.91,2.0336,"NEUROLOGY",1,"3792"
"OID21101",-3.17605592539402,"GUCA2A","Q02747",0.03,0.139,"NEUROLOGY",1,"2980"
"OID20841",-0.230099842600439,"GHRHR","Q02643",0.99,2.9751,"NEUROLOGY",1,"2692"
"OID21141",1.74472407791257,"BLVRB","P30043",0.17,1.1449,"NEUROLOGY",1,"645"
"OID21069",-2.38088728032617,"CGA","P01215",0.08,1.2351,"NEUROLOGY",1,"1081"
"OID20967",2.04851645241419,"TNFRSF10A","O00220",0.04,0.5227,"NEUROLOGY",1,"8797"
"OID20946",-6.91159046599407,"FLRT2","O43155",0.04,0.7555,"NEUROLOGY",1,"23768"
"OID20932",5.22724932722592,"SERPINB9","P50453",0.04,0.409,"NEUROLOGY",1,"5272"
"OID21107",-8.31235853559239,"TNXB","P22105",0.03,-0.1887,"NEUROLOGY",1,"7148"
"OID20961",4.31524362854528,"NPM1","P06748",0.05,0.9859,"NEUROLOGY",1,"4869"
"OID20964",0.82851470973915,"TNFRSF6B","O95407",0.03,0.7029,"NEUROLOGY",1,"8771"
"OID21131",-1.9813925839815,"PECAM1","P16284",0.05,0.0221,"NEUROLOGY",1,"5175"
"OID21076",1.09974978044865,"BCAM","P50895",0.04,-1.0567,"NEUROLOGY",1,"4059"
"OID21091",-1.30250129076068,"GP6","Q9HCN6",0.04,0.75,"NEUROLOGY",1,"51206"
"OID20801",-1.45137769310358,"CALB2","P22676",0.99,2.5493,"NEUROLOGY",1,"794"
"OID20795",11.1785916179051,"IFNL1","Q8IU54",0.81,2.8774,"NEUROLOGY",1,"282618"
"OID21053",3.04640515524092,"CPPED1","Q9BRF8",0.04,0.4569,"NEUROLOGY",1,"55313"
"OID20971",-0.581010447357183,"SNCG","O76070",0.03,0.8561,"NEUROLOGY",1,"6623"
"OID21151",0.0387351762829114,"F11R","Q9Y624",0.04,0.0432,"NEUROLOGY",1,"50848"
"OID20821",0.262515717564267,"LYPD1","Q8N2G4",0.99,2.0193,"NEUROLOGY",1,"116372"
"OID21046",2.10255318692374,"ENO2","P09104",0.03,0.2049,"NEUROLOGY",1,"2026"
"OID20868",-1.69317425935334,"TST","Q16762",0.55,1.7703,"NEUROLOGY",1,"7263"
"OID21018",-0.472626792272968,"CD8A","P01732",0.04,0.8287,"NEUROLOGY",1,"925"
"OID20958",1.74625955113714,"CC2D1A","Q6P1N0",0.03,0.9866,"NEUROLOGY",1,"54862"
"OID21154",-4.37692130711355,"TFF1","P04155",0.16,1.0844,"NEUROLOGY",1,"7031"
"OID20977",0.760799133725266,"IPCEF1","Q8WWN9",0.04,1.291,"NEUROLOGY",1,"26034"
"OID21117",-6.79804231625809,"CNTN4","Q8IWV2",0.04,-0.5217,"NEUROLOGY",1,"152330"
"OID20883",7.27155378024055,"BRK1","Q8WUW1",0.95,3.455,"NEUROLOGY",1,"55845"
"OID20823",0.65840786899762,"IDI2","Q9BXS1",0.98,3.2545,"NEUROLOGY",1,"91734"
"OID21089",-2.66376740507332,"IL17RA","Q96F46",0.29,0.5019,"NEUROLOGY",1,"23765"
"OID21110",-3.69820903171962,"CD99","P14209",0.03,0.1433,"NEUROLOGY",1,"4267"
"OID20972",-0.339590281960339,"BAG3","O95817",0.03,1.7489,"NEUROLOGY",1,"9531"
"OID20890",3.59184900551269,"GPKOW","Q92917",0.96,1.3662,"NEUROLOGY",1,"27238"
"OID20887",1.84738484382585,"HMOX2","P30519",0.69,2.023,"NEUROLOGY",1,"3163"
"OID20955",1.87868986914338,"STAMBP","O95630",0.03,1.0888,"NEUROLOGY",1,"10617"
"OID20980",-0.20243474145635,"OBP2B","Q9NPH6",0.05,1.5387,"NEUROLOGY",1,"29989"
"OID21020",4.47820470905551,"SEMA4D","Q92854",0.04,0.1509,"NEUROLOGY",1,"10507"
"OID20829",-2.44680175976273,"HSP90B1","P14625",0.99,2.0314,"NEUROLOGY",1,"7184"
"OID20893",2.05257700651907,"CASP10","Q92851",0.99,3.4016,"NEUROLOGY",1,"843"
"OID21051",-0.243971226754766,"BST1","Q10588",0.04,-0.1645,"NEUROLOGY",1,"683"
"OID21150",5.43781054946778,"CTRB1","P17538",0.04,0.9719,"NEUROLOGY",1,"1504"
"OID21149",1.99216909816651,"CA2","P00918",0.03,1.1565,"NEUROLOGY",1,"760"
"OID20886",-1.70818182618816,"ANXA10","Q9UJ72",0.75,1.2041,"NEUROLOGY",1,"11199"
"OID21075",3.19502813334025,"GGT1","P19440",0.04,0.3493,"NEUROLOGY",1,"2678"
"OID20792",-1.2439012352238,"NDRG1","Q92597",0.69,2.5387,"NEUROLOGY",1,"10397"
"OID21160",2.42864640394545,"PARK7","Q99497",0.07,2.0272,"NEUROLOGY",1,"11315"
"OID21001",-4.68358777740559,"ADAM22","Q9P0K1",0.04,1.3512,"NEUROLOGY",1,"53616"
"OID21159",8.18985683356465,"GRN","P28799",0.04,4.1766,"NEUROLOGY",1,"2896"
"OID20840",1.53857100740914,"EPHA10","Q5JZY3",0.98,1.8734,"NEUROLOGY",1,"284656"
"OID20888",0.26339953050608,"KLB","Q86Z14",0.98,3.6361,"NEUROLOGY",1,"152831"
"OID20965",0.0994501442349877,"LAIR2","Q6ISS4",0.07,0.9579,"NEUROLOGY",1,"3904"
"OID20895",-0.244899006570869,"AKT1S1","Q96B36",0.77,3.6092,"NEUROLOGY",1,"84335"
"OID21102",-1.71951422475939,"PIGR","P01833",0.91,3.9643,"NEUROLOGY",1,"5284"
"OID21103",-1.84470969115416,"MMP9","P14780",0.99,5.0968,"NEUROLOGY",1,"4318"
"OID21132",3.15516580471847,"GNLY","P22749",0.04,1.035,"NEUROLOGY",1,"10578"
"OID20832",-0.295574134589102,"PADI4","Q9UM07",0.93,3.1767,"NEUROLOGY",1,"23569"
"OID20859",1.56530765316023,"CARHSP1","Q9Y2V2",0.83,2.9985,"NEUROLOGY",1,"23589"
"OID20928",-3.65980382687732,"CLEC10A","Q8IUN9",0.04,0.7465,"NEUROLOGY",1,"10462"
"OID21029",8.84210972155381,"BST2","Q10589",0.03,0.3009,"NEUROLOGY",1,"684"
"OID20850",-0.810174883503341,"PMVK","Q15126",0.54,2.8105,"NEUROLOGY",1,"10654"
"OID20833",0.0502906132398332,"IVD","P26440",0.99,2.2214,"NEUROLOGY",1,"3712"
"OID21033",-2.83475107386263,"PRL","P01236",0.04,0.4601,"NEUROLOGY",1,"5617"
"OID20936",-0.503707854693089,"VWC2","Q2TAL6",0.04,0.8473,"NEUROLOGY",1,"375567"
"OID20855",1.7999285054221,"ILKAP","Q9H0C8",0.98,2.594,"NEUROLOGY",1,"80895"
"OID20970",-3.60436082146709,"LAYN","Q6UX15",0.03,0.5931,"NEUROLOGY",1,"143903"
"OID21118",2.59425598670697,"TMSB10","P63313",0.04,0.4122,"NEUROLOGY",1,"9168"
"OID21125",-0.822097473584001,"EFNA1","P20827",0.04,-0.5249,"NEUROLOGY",1,"1942"
"OID21099",0.0774609219883183,"MESD","Q14696",0.26,0.2357,"NEUROLOGY",1,"23184"
"OID21115",3.4509965109183,"NUDT5","Q9UKK9",0.06,1.4765,"NEUROLOGY",1,"11164"
"OID20864",1.18685764641224,"C2CD2L","O14523",0.99,3.0473,"NEUROLOGY",1,"9854"
"OID21137",1.24778075590017,"HAVCR2","Q8TDQ0",0.03,0.1408,"NEUROLOGY",1,"84868"
"OID21023",0.150413165494502,"SERPINB6","P35237",0.17,1.0744,"NEUROLOGY",1,"5269"
"OID21010",2.03067869963206,"CD300C","Q08708",0.03,-0.2011,"NEUROLOGY",1,"10871"
"OID20924",1.69927136127362,"SPOCK1","Q08629",0.03,0.6485,"NEUROLOGY",1,"6695"
"OID21105",-0.320255983032287,"PLA2G7","Q13093",0.03,0.1582,"NEUROLOGY",1,"7941"
"OID20926",-0.713852374445879,"WWP2","O00308",0.03,0.7482,"NEUROLOGY",1,"11060"
"OID21139",-3.4240445364756,"ITGA5","P08648",0.03,0.2332,"NEUROLOGY",1,"3678"
"OID21036",0.0684783657371873,"ANXA3","P12429",0.07,0.2972,"NEUROLOGY",1,"306"
"OID21156",3.35719015172015,"CLPS","P04118",0.04,1.5047,"NEUROLOGY",1,"1208"
"OID20987",2.3533932759651,"TCL1A","P56279",0.05,0.2319,"NEUROLOGY",1,"8115"
"OID21000",1.82372747591158,"EIF4B","P23588",0.15,1.5739,"NEUROLOGY",1,"1975"
"OID21056",0.792569331925123,"CTSS","P25774",0.03,-0.0632,"NEUROLOGY",1,"1520"
"OID21025",-3.76787423331574,"CD34","P28906",0.04,-0.3855,"NEUROLOGY",1,"947"
"OID21134",3.03153057688766,"MFGE8","Q08431",0.04,0.3271,"NEUROLOGY",1,"4240"
"OID21034",4.51226523540853,"LBR","Q14739",0.04,0.1264,"NEUROLOGY",1,"3930"
"OID20983",-0.0584833927054371,"CALCA","P01258",0.03,0.5824,"NEUROLOGY",1,"796"
"OID20989",6.52382397360111,"PSME2","Q9UL46",0.03,0.0953,"NEUROLOGY",1,"5721"
"OID21003",2.8712677470058,"LXN","Q9BS40",0.04,1.4988,"NEUROLOGY",1,"56925"
"OID21035",2.57467870814109,"LAMP2","P13473",0.08,3.2532,"NEUROLOGY",1,"3920"
"OID21104",-2.59423093423602,"THBS2","P35442",0.03,-0.3379,"NEUROLOGY",1,"7058"
"OID21060",-1.99667360911943,"CPA2","P48052",0.04,1.8183,"NEUROLOGY",1,"1358"
"OID21135",5.13724500172267,"TXNRD1","Q16881",0.04,0.5902,"NEUROLOGY",1,"7296"
"OID21049",3.43229090144783,"TNFRSF8","P28908",0.03,0.3765,"NEUROLOGY",1,"943"
"OID20943",2.14072853749775,"SCARB2","Q14108",0.04,1.6495,"NEUROLOGY",1,"950"
"OID21116",-2.78590012835804,"IL1R1","P14778",0.03,0.4719,"NEUROLOGY",1,"3554"
"OID21083",-1.44228265050211,"MMP3","P08254",0.03,-0.0028,"NEUROLOGY",1,"4314"
"OID21014",2.42263831626746,"STC1","P52823",0.04,0.0784,"NEUROLOGY",1,"6781"
"OID20934",0.221035899613364,"DKK4","Q9UBT3",0.05,1.0031,"NEUROLOGY",1,"27121"
"OID21129",1.03797612334033,"PILRA","Q9UKJ1",0.03,0.9729,"NEUROLOGY",1,"29992"
"OID20925",-1.56107752326402,"PAEP","P09466",0.56,2.0681,"NEUROLOGY",1,"5047"
"OID20948",3.94087231075381,"SETMAR","Q53H47",0.03,0.552,"NEUROLOGY",1,"6419"
"OID21017",5.61835049004164,"EZR","P15311",0.17,0.1409,"NEUROLOGY",1,"7430"
"OID20995",-1.67373430813427,"CST5","P28325",0.04,1.9184,"NEUROLOGY",1,"1473"
"OID21040",1.87980874714039,"CD74","P04233",0.03,0.3359,"NEUROLOGY",1,"972"
"OID20952",2.21110196237221,"TXLNA","P40222",0.03,1.5372,"NEUROLOGY",1,"200081"
"OID20960",4.43486859030166,"FKBP4","Q02790",0.04,0.8333,"NEUROLOGY",1,"2288"
"OID20814",0.542394005345989,"SLC27A4","Q6P1M0",0.7,2.4625,"NEUROLOGY",1,"10999"
"OID20966",5.38666520542915,"CD274","Q9NZQ7",0.03,1.5279,"NEUROLOGY",1,"29126"
"OID21032",-4.58508650684848,"SUMF2","Q8NBJ7",0.05,-0.3754,"NEUROLOGY",1,"25870"
"OID21064",-5.02668990032627,"JAM2","P57087",0.04,1.7016,"NEUROLOGY",1,"58494"
"OID21052",-5.14049413488668,"TNFRSF21","O75509",0.03,1.9004,"NEUROLOGY",1,"27242"
"OID20857",0.858319469393096,"CERT","Q9Y5P4",0.99,2.7638,"NEUROLOGY",1,"10087"
"OID21008",-4.28003780625936,"CDH3","P22223",0.04,-0.21,"NEUROLOGY",1,"1001"
"OID21050",-2.22413146057426,"THY1","P04216",0.03,0.9027,"NEUROLOGY",1,"7070"
"OID20870",2.02897625036577,"TARBP2","Q15633",0.97,3.301,"NEUROLOGY",1,"6895"
"OID20872",1.97823416814275,"FHIT","P49789",0.95,2.8505,"NEUROLOGY",1,"2272"
"OID21063",-0.00219977263415936,"MSR1","P21757",0.03,0.998,"NEUROLOGY",1,"4481"
"OID20806",2.41727472964214,"AMFR","Q9UKV5",0.97,2.2468,"NEUROLOGY",1,"267"
"OID21086",0.629312010254038,"HARS","P12081",0.43,0.6032,"NEUROLOGY",1,"3035"
"OID21106",4.26166327157769,"NOMO1","Q15155",0.03,0.0916,"NEUROLOGY",1,"23420"
"OID21067",-0.340022334786265,"BIN2","Q9UBW5",0.7,0.8829,"NEUROLOGY",1,"51411"
"OID21084",7.51536978766307,"WARS","P23381",0.03,1.1191,"NEUROLOGY",1,"7453"
"OID20918",1.45929901680004,"EBAG9","O00559",0.04,1.1428,"NEUROLOGY",1,"9166"
"OID20916",-5.59955861306092,"PSG1","P11464",0.12,0.3474,"NEUROLOGY",1,"5669"
"OID20953",6.62241504299425,"TNFSF14","O43557",0.03,0.3458,"NEUROLOGY",1,"8740"
"OID20914",-1.75931935003608,"CRTAM","O95727",0.04,1.0131,"NEUROLOGY",1,"56253"
"OID21006",-4.63130095523409,"CNTN5","O94779",0.05,0.3865,"NEUROLOGY",1,"53942"
"OID20903",1.93842632814114,"DARS","P14868",0.09,1.314,"NEUROLOGY",1,"1615"
"OID21012",1.20534876136585,"TXNDC5","Q8NBS9",0.39,0.8776,"NEUROLOGY",1,"81567"
"OID20907",2.86672677702611,"IMPA1","P29218",0.49,1.261,"NEUROLOGY",1,"3612"
"OID21021",3.20403224281078,"PDCD5","O14737",0.04,0.6535,"NEUROLOGY",1,"9141"
"OID20834",-0.144105900687151,"NOS3","P29474",0.33,2.5246,"NEUROLOGY",1,"4846"
"OID20799",0.407797952320615,"SLC16A1","P53985",0.96,1.5331,"NEUROLOGY",1,"6566"
"OID21088",0.794078716050794,"SERPINB1","P30740",0.99,4.3851,"NEUROLOGY",1,"1992"
"OID21073",2.52058991809926,"MIF","P14174",0.03,2.4422,"NEUROLOGY",1,"4282"
"OID21005",-2.63735601521161,"CDH15","P55291",0.15,-0.1565,"NEUROLOGY",1,"1013"
"OID21026",0.632522236136585,"VCAN","P13611",0.03,0.4895,"NEUROLOGY",1,"1462"
"OID20920",0.248035669874321,"NGF","P01138",0.98,0.3341,"NEUROLOGY",1,"4803"
"OID20908",1.45681428888314,"PTPN1","P18031",0.12,0.3259,"NEUROLOGY",1,"5770"
"OID21090",-3.02564532678464,"CLEC14A","Q86T13",0.05,0.1539,"NEUROLOGY",1,"161198"
"OID20950",0.948833925323224,"RHOC","P08134",0.03,0.7686,"NEUROLOGY",1,"389"
"OID20951",-4.48501720737293,"MDGA1","Q8NFP4",0.07,1.2496,"NEUROLOGY",1,"266727"
"OID21080",-0.607100432736555,"CD164","Q04900",0.65,0.9551,"NEUROLOGY",1,"8763"
"OID20915",-2.55025072230717,"CSF2RA","P15509",0.03,0.4484,"NEUROLOGY",1,"1438"
"OID20939",0.18274412581306,"WFIKKN1","Q96NZ8",0.05,0.9154,"NEUROLOGY",1,"117166"
"OID20825",-0.793862910124114,"GLT8D2","Q9H1C3",0.97,1.0028,"NEUROLOGY",1,"83468"
"OID20963",3.50360444636666,"LPO","P22079",0.04,1.7761,"NEUROLOGY",1,"4025"
"OID20804",3.68930869847788,"C19orf12","Q9NSK7",0.98,2.1782,"NEUROLOGY",1,"83636"
"OID21121",-0.0918750464550959,"MYOC","Q99972",0.03,0.7029,"NEUROLOGY",1,"4653"
"OID20919",-3.14815023644946,"ULBP2","Q9BZM5",0.16,0.5972,"NEUROLOGY",1,"80328"
"OID20944",-1.16155722352177,"GPC5","P78333",0.04,1.0344,"NEUROLOGY",1,"2262"
"OID21097",0.73450470931918,"SPINK1","P00995",0.12,-0.0407,"NEUROLOGY",1,"6690"
"OID21098",-3.38357490799679,"SUSD2","Q9UGT4",0.03,0.3129,"NEUROLOGY",1,"56241"
"OID21158",-1.72587248861439,"IGFBP4","P22692",0.04,0.3195,"NEUROLOGY",1,"3487"
"OID20923",-0.844851741901968,"CRADD","P78560",0.03,1.4395,"NEUROLOGY",1,"8738"
"OID21061",1.18796391340957,"CLEC1B","Q9P126",0.04,0.4031,"NEUROLOGY",1,"51266"
"OID21016",1.37496622511066,"VTA1","Q9NP79",0.03,0.1895,"NEUROLOGY",1,"51534"
"OID20810",3.61897746273366,"ANXA5","P08758",0.99,3.219,"NEUROLOGY",1,"308"
"OID21093",5.15475673063763,"INHBC","P55103",0.04,0.7445,"NEUROLOGY",1,"3626"
"OID21074",-2.54499811459207,"NPTX1","Q15818",0.04,-0.0975,"NEUROLOGY",1,"4884"
"OID20822",3.84334683412216,"PXN","P49023",0.7,2.6878,"NEUROLOGY",1,"5829"
"OID21039",-1.8371548587406,"ADAM8","P78325",0.03,0.6481,"NEUROLOGY",1,"101"
"OID20973",2.39184948669429,"CCS","O14618",0.04,1.2939,"NEUROLOGY",1,"9973"
"OID21004",2.89136049459606,"CCL2","P13500",0.03,-0.0791,"NEUROLOGY",1,"6347"
"OID21059",-1.26263778325541,"LRPAP1","P30533",0.04,0.4022,"NEUROLOGY",1,"4043"
"OID20863",0.560011331516371,"NOS1","P29475",0.75,3.5182,"NEUROLOGY",1,"4842"
"OID21038",-2.57503580016663,"CHGB","P05060",0.11,1.2025,"NEUROLOGY",1,"1114"
"OID20990",1.83210720019539,"ASGR1","P07306",0.04,1.1808,"NEUROLOGY",1,"432"
"OID20790",-0.0619160727621057,"SESTD1","Q86VW0",0.99,2.3637,"NEUROLOGY",1,"91404"
"OID21066",3.1633178914725,"DKK1","O94907",0.03,1.068,"NEUROLOGY",1,"22943"
"OID21267",-2.97553879972221,"BAMBI","Q13145",0.96,0.4918,"ONCOLOGY",1,"25805"
"OID21358",-1.62998679406056,"PODXL","O00592",0.04,0.8891,"ONCOLOGY",1,"5420"
"OID21252",-0.76962688083534,"EGFL7","Q9UHF1",0.04,0.6948,"ONCOLOGY",1,"51162"
"OID21336",0.622093547762244,"UBAC1","Q9BSL1",0.04,0.9305,"ONCOLOGY",1,"10422"
"OID21369",-1.83186498376088,"RBP5","P82980",0.04,1.4476,"ONCOLOGY",1,"83758"
"OID21359",3.1758420600816,"APBB1IP","Q7Z5R6",0.24,0.794,"ONCOLOGY",1,"54518"
"OID21269",2.55950120443316,"ACAA1","P09110",0.12,2.0588,"ONCOLOGY",1,"30"
"OID21508",-0.485636739779942,"XPNPEP2","O43895",0.05,0.3082,"ONCOLOGY",1,"7512"
"OID21339",-3.01877860999658,"KAZALD1","Q96I82",0.06,0.1927,"ONCOLOGY",1,"81621"
"OID21264",-0.210887154641876,"LYAR","Q9NX58",0.9,0.6476,"ONCOLOGY",1,"55646"
"OID21505",-1.52139736915422,"WFDC2","Q14508",0.08,2.7697,"ONCOLOGY",1,"10406"
"OID21340",0.23068208653441,"CES3","Q6UWW8",0.41,1.0903,"ONCOLOGY",1,"23491"
"OID21211",0.695042174458477,"RUVBL1","Q9Y265",0.09,0.9109,"ONCOLOGY",1,"8607"
"OID21337",5.81784960119396,"ELOA","Q14241",0.04,0.8972,"ONCOLOGY",1,"6924"
"OID21236",1.37521648807162,"MED18","Q9BUE0",0.65,0.959,"ONCOLOGY",1,"54797"
"OID21226",12.1159025504225,"DDX58","O95786",0.05,1.1711,"ONCOLOGY",1,"23586"
"OID21437",2.34523866909403,"METAP2","P50579",0.04,0.7258,"ONCOLOGY",1,"10988"
"OID21414",3.33281856062618,"CASP8","Q14790",0.03,0.8277,"ONCOLOGY",1,"841"
"OID21402",-0.597232633016595,"FGF21","Q9NSA1",0.04,1.0536,"ONCOLOGY",1,"26291"
"OID21179",0.585634851994625,"RNF41","Q9H4P4",0.04,1.0865,"ONCOLOGY",1,"10193"
"OID21500",-2.00719466275066,"CTSF","Q9UBX1",0.04,0.0783,"ONCOLOGY",1,"8722"
"OID21515",4.76721610661667,"CREG1","O75629",0.06,1.6227,"ONCOLOGY",1,"8804"
"OID21247",1.52422558094964,"GFAP","P14136",0.34,1.24,"ONCOLOGY",1,"2670"
"OID21313",2.77268796050494,"DKKL1","Q9UK85",0.12,0.1169,"ONCOLOGY",1,"27120"
"OID21295",-1.0432210007786,"CDKN2D","P55273",0.53,0.7482,"ONCOLOGY",1,"1032"
"OID21206",2.62332377880153,"MAEA","Q7L5Y9",0.35,0.3903,"ONCOLOGY",1,"10296"
"OID21386",-1.63052656540068,"CBLN4","Q9NTU7",0.04,0.0412,"ONCOLOGY",1,"140689"
"OID21329",2.74586924680908,"SEMA4C","Q9C0C4",0.04,0.5657,"ONCOLOGY",1,"54910"
"OID21215",-0.280428099562551,"FCGR2B","P31994",0.21,1.7103,"ONCOLOGY",1,"2213"
"OID21311",-0.867453563035653,"AARSD1","Q9BTE6",0.04,0.7204,"ONCOLOGY",1,"80755"
"OID21398",-1.21969164377376,"XCL1","P47992",0.04,-0.1154,"ONCOLOGY",1,"6375"
"OID21268",0.0718044252398123,"ITGB1BP1","O14713",0.8,1.1367,"ONCOLOGY",1,"9270"
"OID21413",0.143095540457141,"AMBP","P02760",0.03,0.1944,"ONCOLOGY",1,"259"
"OID21514",8.96152303405989,"FURIN","P09958",0.03,0.5472,"ONCOLOGY",1,"5045"
"OID21259",3.98512251318243,"GFER","P55789",0.04,0.721,"ONCOLOGY",1,"2671"
"OID21466",9.66023808140651,"CCL8","P80075",0.03,1.2724,"ONCOLOGY",1,"6355"
"OID21519",3.31557157897305,"S100A4","P26447",0.14,1.1886,"ONCOLOGY",1,"6275"
"OID21436",1.88804761372455,"RILP","Q96NA2",0.03,0.3754,"ONCOLOGY",1,"83547"
"OID21338",1.14143998005384,"ERP44","Q9BS26",0.04,0.7397,"ONCOLOGY",1,"23071"
"OID21310",-2.04411088945543,"VNN2","O95498",0.03,0.362,"ONCOLOGY",1,"8875"
"OID21404",2.06462940899693,"PRDX6","P30041",0.03,0.5633,"ONCOLOGY",1,"9588"
"OID21427",-1.77107242532199,"CRNN","Q9UBG3",0.03,0.4499,"ONCOLOGY",1,"49860"
"OID21293",-0.163658401623401,"LRP1","Q07954",0.04,0.2776,"ONCOLOGY",1,"4035"
"OID21416",-6.31917642028436,"ITGAV","P06756",0.09,0.2521,"ONCOLOGY",1,"3685"
"OID21184",0.588787779200219,"PPM1A","P35813",0.99,0.5198,"ONCOLOGY",1,"5494"
"OID21440",0.0929924637372776,"F3","P13726",0.03,0.9756,"ONCOLOGY",1,"2152"
"OID21242",1.70476276858516,"GSTA3","Q16772",0.58,1.2231,"ONCOLOGY",1,"2940"
"OID21483",-7.4978431808894,"CD1C","P29017",0.06,-0.7671,"ONCOLOGY",1,"911"
"OID21177",1.1379102126303,"RARRES1","P49788",0.68,0.6353,"ONCOLOGY",1,"5918"
"OID21212",1.27779246521134,"NFKBIE","O00221",0.42,0.8052,"ONCOLOGY",1,"4794"
"OID21173",-1.56671461695422,"GSAP","A4D1B5",0.87,-0.7029,"ONCOLOGY",1,"54103"
"OID21480",3.75730251533361,"DCXR","Q7Z4W1",0.14,0.8249,"ONCOLOGY",1,"51181"
"OID21197",-0.249034985279713,"AKT3","Q9Y243",0.73,0.5654,"ONCOLOGY",1,"10000"
"OID21370",-4.05079735859659,"AMIGO2","Q86SJ2",0.04,0.6966,"ONCOLOGY",1,"347902"
"OID21174",4.01592681053408,"RRM2B","Q7LG56",0.34,1.1528,"ONCOLOGY",1,"50484"
"OID21374",1.25050629792046,"S100A12","P80511",0.03,1.0765,"ONCOLOGY",1,"6283"
"OID21448",2.47875125015136,"NUCB2","P80303",0.03,0.5306,"ONCOLOGY",1,"4925"
"OID21503",5.45494109310203,"SIAE","Q9HAT2",0.05,0.2835,"ONCOLOGY",1,"54414"
"OID21415",-0.0343808864390147,"RSPO3","Q9BXY4",0.04,0.0662,"ONCOLOGY",1,"84870"
"OID21517",-6.38644927832017,"KLK8","O60259",0.04,0.3051,"ONCOLOGY",1,"11202"
"OID21251",-1.27046968424241,"LYPD8","Q6UX82",0.91,1.3811,"ONCOLOGY",1,"646627"
"OID21255",0.175597341888728,"ARHGAP25","P42331",0.12,0.8631,"ONCOLOGY",1,"9938"
"OID21240",0.86859137515047,"STXBP3","O00186",0.73,0.7163,"ONCOLOGY",1,"6814"
"OID21332",0.855508779802239,"SCAMP3","O14828",0.03,0.6136,"ONCOLOGY",1,"10067"
"OID21273",0.455893854997406,"PDCD1LG2","Q9BQ51",0.03,0.2175,"ONCOLOGY",1,"80380"
"OID21285",0.665390153661228,"TACC3","Q9Y6A5",0.39,0.5245,"ONCOLOGY",1,"10460"
"OID21291",-5.03683875762176,"KLK13","Q9UKR3",0.03,1.0197,"ONCOLOGY",1,"26085"
"OID21195",5.30658490549749,"CA11","O75493",0.03,0.2322,"ONCOLOGY",1,"770"
"OID21375",1.92875175428281,"SIRT2","Q8IXJ6",0.03,-0.0328,"ONCOLOGY",1,"22933"
"OID21512",0.294240839289523,"TFPI2","P48307",0.03,0.0404,"ONCOLOGY",1,"7980"
"OID21522",-2.19857197158239,"ITGB5","P18084",0.03,-0.3589,"ONCOLOGY",1,"3693"
"OID21319",1.9645250606093,"CDKN1A","P38936",0.07,0.8361,"ONCOLOGY",1,"1026"
"OID21257",2.35731320190787,"CRH","P06850",0.33,1.1024,"ONCOLOGY",1,"1392"
"OID21471",4.33311269179351,"HTRA2","O43464",0.04,0.8649,"ONCOLOGY",1,"27429"
"OID21350",1.69068147324487,"LYN","P07948",0.04,0.5955,"ONCOLOGY",1,"4067"
"OID21299",2.47955177116558,"DDAH1","O94760",0.12,0.6483,"ONCOLOGY",1,"23576"
"OID21324",3.513015829437,"SRP14","P37108",0.04,0.2409,"ONCOLOGY",1,"6727"
"OID21216",1.88505982387817,"GFOD2","Q3B7J2",0.68,-0.4645,"ONCOLOGY",1,"81577"
"OID21334",1.98568807313164,"DCTN2","Q13561",0.47,0.3416,"ONCOLOGY",1,"10540"
"OID21345",0.0577050223399894,"INPP1","P49441",0.03,0.8471,"ONCOLOGY",1,"3628"
"OID21241",0.265974519897761,"CEP85","Q6P2H3",0.68,1.0363,"ONCOLOGY",1,"64793"
"OID21443",-5.80807633062582,"PRTG","Q2VWP7",0.04,0.2827,"ONCOLOGY",1,"283659"
"OID21249",0.463763531743015,"CRACR2A","Q9BSW2",0.21,0.7139,"ONCOLOGY",1,"84766"
"OID21344",-2.78539446901531,"CA12","O43570",0.04,0.8974,"ONCOLOGY",1,"771"
"OID21444",-1.89319200125444,"WISP1","O95388",0.04,0.0569,"ONCOLOGY",1,"8840"
"OID21449",-3.5873914589069,"CD5","P06127",0.03,1.2991,"ONCOLOGY",1,"921"
"OID21198",0.458768074379143,"BGN","P21810",0.36,0.8368,"ONCOLOGY",1,"633"
"OID21513",-0.756065221518866,"MSRA","Q9UJ68",0.03,0.3843,"ONCOLOGY",1,"4482"
"OID21428",1.25932550692795,"DAB2","P98082",0.17,0.498,"ONCOLOGY",1,"1601"
"OID21435",0.183203016480135,"CPVL","Q9H3G5",0.04,1.1279,"ONCOLOGY",1,"54504"
"OID21529",-1.51043346586538,"FOLR1","P15328",0.03,1.1917,"ONCOLOGY",1,"2348"
"OID21527",-0.488419776806067,"CD27","P26842",0.04,0.955,"ONCOLOGY",1,"939"
"OID21446",-3.71571592883569,"TNFRSF19","Q9NS68",0.04,1.6173,"ONCOLOGY",1,"55504"
"OID21360",4.23984077182754,"OGFR","Q9NZT2",0.03,0.2163,"ONCOLOGY",1,"11054"
"OID21453",4.88003013133952,"SORD","Q00796",0.04,1.7427,"ONCOLOGY",1,"6652"
"OID21418",4.82371588363274,"CD300E","Q496F6",0.03,0.0773,"ONCOLOGY",1,"342510"
"OID21258",-3.92240382279648,"PLXDC1","Q8IUK5",0.73,0.8868,"ONCOLOGY",1,"57125"
"OID21191",1.21417616415682,"LTBP3","Q9NS15",0.04,0.8305,"ONCOLOGY",1,"4054"
"OID21308",0.0207087996618814,"NUDT2","P50583",0.22,0.6738,"ONCOLOGY",1,"318"
"OID21262",-2.34257875334461,"SORCS2","Q96PQ0",0.33,0.4652,"ONCOLOGY",1,"57537"
"OID21317",-1.04459757289925,"CNPY4","Q8N129",0.06,0.6434,"ONCOLOGY",1,"245812"
"OID21325",-3.1682152747985,"DSG4","Q86SJ6",0.68,0.3276,"ONCOLOGY",1,"147409"
"OID21457",0.815583976860485,"GFRA1","P56159",0.03,1.047,"ONCOLOGY",1,"2674"
"OID21373",-0.0351771015010183,"DEFB4A_DEFB4B","O15263",0.3,0.8899,"ONCOLOGY",1,"1673"
"OID21373",-0.0351771015010183,"DEFB4A_DEFB4B","O15263",0.3,0.8899,"ONCOLOGY",1,"100289462"
"OID21373",-0.0351771015010183,"DEFB4A_DEFB4B","O15263",0.3,0.8899,"ONCOLOGY",1,"124906748"
"OID21467",-1.43208463643645,"ADM","P35318",0.03,1.5191,"ONCOLOGY",1,"133"
"OID21438",-1.76307823928287,"GPC1","P35052",0.03,0.6031,"ONCOLOGY",1,"2817"
"OID21341",0.869198542423023,"ATP6V1D","Q9Y5K8",0.73,0.4708,"ONCOLOGY",1,"51382"
"OID21468",1.59314953892665,"IDUA","P35475",0.04,-0.4163,"ONCOLOGY",1,"3425"
"OID21342",-1.75794149754777,"EPHA2","P29317",0.04,1.5543,"ONCOLOGY",1,"1969"
"OID21495",5.56526591446111,"TXNDC15","Q96J42",0.03,0.1198,"ONCOLOGY",1,"79770"
"OID21477",0.330874222975127,"TJAP1","Q5JTD0",0.21,0.458,"ONCOLOGY",1,"93643"
"OID21394",0.830945288247961,"SIGLEC6","O43699",0.04,-0.0149,"ONCOLOGY",1,"946"
"OID21396",-3.7102595691979,"PDCD1","Q15116",0.04,0.1329,"ONCOLOGY",1,"5133"
"OID21473",3.62029140322775,"PLA2G15","Q8NCC3",0.03,0.7581,"ONCOLOGY",1,"23659"
"OID21387",-0.917224915030211,"CALCOCO1","Q9P1Z2",0.03,0.7582,"ONCOLOGY",1,"57658"
"OID21385",0.962843807891976,"HMBS","P08397",0.04,0.1092,"ONCOLOGY",1,"3145"
"OID21384",-3.83586942629913,"MOG","Q16653",0.03,-0.0526,"ONCOLOGY",1,"4340"
"OID21470",1.72690297452871,"CDC37","Q16543",0.3,0.6863,"ONCOLOGY",1,"11140"
"OID21246",0.078743871332777,"ATG4A","Q8WYN0",0.18,0.4865,"ONCOLOGY",1,"115201"
"OID21475",0.421252128862458,"PPP1R12A","O14974",0.13,0.6755,"ONCOLOGY",1,"4659"
"OID21485",1.71465113498235,"FOLR3","P41439",0.03,0.1484,"ONCOLOGY",1,"2352"
"OID21185",0.377842903993287,"KIR3DL1","P43629",0.79,2.2609,"ONCOLOGY",1,"3811"
"OID21294",0.614611789074267,"ADGRG1","Q9Y653",0.04,0.5533,"ONCOLOGY",1,"9289"
"OID21279",0.204758004551827,"SEPTIN9","Q9UHD8",0.57,0.214,"ONCOLOGY",1,"10801"
"OID21186",0.220774072920673,"MZT1","Q08AG7",0.76,0.5824,"ONCOLOGY",1,"440145"
"OID21481",12.9113722303242,"C4BPB","P20851",0.03,0.5761,"ONCOLOGY",1,"725"
"OID21176",0.119195508315798,"PDP1","Q9P0J1",0.45,0.8783,"ONCOLOGY",1,"54704"
"OID21168",0.194307876504774,"GH2","P01242",0.83,1.2384,"ONCOLOGY",1,"2689"
"OID21354",-0.748800112510482,"DPP6","P42658",0.13,0.347,"ONCOLOGY",1,"1804"
"OID21381",4.25608724231568,"VMO1","Q7Z5L0",0.14,1.2,"ONCOLOGY",1,"284013"
"OID21343",-2.5850110880002,"RTBDN","Q9BSG5",0.03,0.6776,"ONCOLOGY",1,"83546"
"OID21353",-3.1356171833752,"SMAD5","Q99717",0.06,0.3871,"ONCOLOGY",1,"4090"
"OID21204",0.326730263797095,"MAVS","Q7Z434",0.24,1.223,"ONCOLOGY",1,"57506"
"OID21207",-0.114400613618598,"FES","P07332",0.89,0.5137,"ONCOLOGY",1,"2242"
"OID21187",8.59133859987685,"RRM2","P31350",0.09,0.4993,"ONCOLOGY",1,"6241"
"OID21478",-2.19405061702417,"FGFR2","P21802",0.04,0.5096,"ONCOLOGY",1,"2263"
"OID21182",0.132927142321307,"CAMKK1","Q8N5S9",0.6,0.8536,"ONCOLOGY",1,"84254"
"OID21492",0.385101186620768,"MANSC1","Q9H8J5",0.03,0.2699,"ONCOLOGY",1,"54682"
"OID21213",-1.3866529081325,"IKZF2","Q9UKS7",0.97,0.9682,"ONCOLOGY",1,"22807"
"OID21397",0.898768296305275,"EPS8L2","Q9H6S3",0.04,0.3047,"ONCOLOGY",1,"64787"
"OID21391",-3.72771515111284,"KLK4","Q9Y5K2",0.03,0.5592,"ONCOLOGY",1,"9622"
"OID21272",-0.505398335169556,"FLT3","P36888",0.95,0.9282,"ONCOLOGY",1,"2322"
"OID21330",-4.49045349703172,"GFRA2","O00451",0.08,0.2015,"ONCOLOGY",1,"2675"
"OID21263",-0.830477973958993,"GCG","P01275",0.48,1.0434,"ONCOLOGY",1,"2641"
"OID21181",-1.06590737006358,"MAGED1","Q9Y5V3",0.74,0.2155,"ONCOLOGY",1,"9500"
"OID21282",2.49751079957913,"CDHR2","Q9BYE9",0.07,0.6878,"ONCOLOGY",1,"54825"
"OID21318",-2.63350835634926,"CDNF","Q49AH0",0.15,0.6139,"ONCOLOGY",1,"441549"
"OID21235",0.328400787127509,"NPTN","Q9Y639",0.88,1.2749,"ONCOLOGY",1,"27020"
"OID21244",1.53792319115154,"AKR1B1","P15121",0.36,0.8586,"ONCOLOGY",1,"231"
"OID21164",-1.02350809233476,"VTCN1","Q7Z7D3",0.86,0.5327,"ONCOLOGY",1,"79679"
"OID21165",4.62074674484065,"SFTPA1","Q8IWL2",0.5,0.2936,"ONCOLOGY",1,"653509"
"OID21296",5.67341964606802,"KRT18","P05783",0.04,0.1281,"ONCOLOGY",1,"3875"
"OID21378",-4.99803747847522,"MUC16","Q8WXI7",0.47,2.4159,"ONCOLOGY",1,"94025"
"OID21383",-0.505224297032056,"ALPP","P05187",0.03,0.7171,"ONCOLOGY",1,"250"
"OID21224",1.73716795490563,"NDUFS6","O75380",0.26,1.8526,"ONCOLOGY",1,"4726"
"OID21362",-0.792151662821544,"OPTC","Q9UBM4",0.1,1.1764,"ONCOLOGY",1,"26254"
"OID21367",1.80248633134429,"USO1","O60763",0.53,2.166,"ONCOLOGY",1,"8615"
"OID21349",-4.67832851552755,"DTX3","Q8N9I9",0.04,0.3359,"ONCOLOGY",1,"196403"
"OID21210",-0.445736722573234,"LSM1","O15116",0.91,0.4753,"ONCOLOGY",1,"27257"
"OID21309",4.78539303671864,"GRPEL1","Q9HAV7",0.03,0.1647,"ONCOLOGY",1,"80273"
"OID21472",-2.49444715933243,"CD33","P20138",0.18,0.7069,"ONCOLOGY",1,"945"
"OID21429",9.35044671011697,"LRIG1","Q96JA1",0.03,0.3621,"ONCOLOGY",1,"26018"
"OID21479",-1.59342116566216,"CPXM1","Q96SM3",0.1,-0.0286,"ONCOLOGY",1,"56265"
"OID21491",2.29587681060205,"FLT4","P35916",0.04,0.651,"ONCOLOGY",1,"2324"
"OID21320",1.10863958501632,"KIFBP","Q96EK5",0.32,1.1187,"ONCOLOGY",1,"26128"
"OID21433",1.58483372363652,"HBQ1","P09105",0.12,0.3565,"ONCOLOGY",1,"3049"
"OID21231",2.46881506265978,"GNE","Q9Y223",0.56,1.0049,"ONCOLOGY",1,"10020"
"OID21172",3.99504245549867,"PQBP1","O60828",0.41,1.2608,"ONCOLOGY",1,"10084"
"OID21289",-3.02339849035926,"SEZ6L2","Q6UXD5",0.06,0.2782,"ONCOLOGY",1,"26470"
"OID21283",3.96140561408801,"POLR2F","P61218",0.05,0.3892,"ONCOLOGY",1,"5435"
"OID21161",1.46894701236335,"SCP2","P22307",0.72,0.7926,"ONCOLOGY",1,"6342"
"OID21287",0.973573055502513,"AIFM1","O95831",0.34,0.8552,"ONCOLOGY",1,"9131"
"OID21439",-6.67020193396393,"MMP12","P39900",0.03,0.4132,"ONCOLOGY",1,"4321"
"OID21458",-6.34777110324322,"NCS1","P62166",0.04,0.7201,"ONCOLOGY",1,"23413"
"OID21201",-1.81343474299009,"KLK12","Q9UKR0",0.65,0.9455,"ONCOLOGY",1,"43849"
"OID21199",0.646435397424217,"BTC","P35070",0.82,0.5654,"ONCOLOGY",1,"685"
"OID21260",-1.67839302229652,"ENTPD2","Q9Y5L3",0.28,-0.2017,"ONCOLOGY",1,"954"
"OID21162",2.28758265939768,"ANKRD54","Q6NXT1",0.31,0.7411,"ONCOLOGY",1,"129138"
"OID21234",1.98327255390537,"AIF1","P55008",0.76,1.1315,"ONCOLOGY",1,"199"
"OID21424",-1.23375213705053,"RTN4R","Q9BZR6",0.03,1.269,"ONCOLOGY",1,"65078"
"OID21417",-0.0402461547811344,"CA9","Q16790",0.03,0.4103,"ONCOLOGY",1,"768"
"OID21208",1.33804587850382,"NTF4","P34130",0.88,0.2862,"ONCOLOGY",1,"4909"
"OID21227",4.67919137561558,"NAMPT","P43490",0.19,2.083,"ONCOLOGY",1,"10135"
"OID21245",0.463836821426351,"CEACAM3","P40198",0.96,0.934,"ONCOLOGY",1,"1084"
"OID21274",-4.38308394848856,"IGF1R","P08069",0.03,-0.7789,"ONCOLOGY",1,"3480"
"OID21306",-1.54214410915223,"CALB1","P05937",0.04,0.4875,"ONCOLOGY",1,"793"
"OID21363",2.42299188412975,"DNAJB1","P25685",0.05,0.6204,"ONCOLOGY",1,"3337"
"OID21412",-4.13081360929974,"ANGPTL7","O43827",0.03,0.2724,"ONCOLOGY",1,"10218"
"OID21280",1.34994188965361,"ABL1","P00519",0.04,0.5313,"ONCOLOGY",1,"25"
"OID21395",0.523227799445306,"HAO1","Q9UJM8",0.03,0.1489,"ONCOLOGY",1,"54363"
"OID21423",5.43790331899727,"GALNT2","Q10471",0.03,-0.0726,"ONCOLOGY",1,"2590"
"OID21266",-3.25083263817073,"HPGDS","O60760",0.9,0.414,"ONCOLOGY",1,"27306"
"OID21238",0.574404575008674,"CDC27","P30260",0.54,0.7188,"ONCOLOGY",1,"996"
"OID21356",-0.521773563952107,"PFKFB2","O60825",0.03,0.1561,"ONCOLOGY",1,"5208"
"OID21248",1.2209304308723,"LHB","P01229",0.41,1.671,"ONCOLOGY",1,"3972"
"OID21520",-5.68043808824507,"ERBB2","P04626",0.03,0.7019,"ONCOLOGY",1,"2064"
"OID21304",1.81082879211894,"PSMD9","O00233",0.03,0.6757,"ONCOLOGY",1,"5715"
"OID21333",-0.9742600892377,"LRRC25","Q8N386",0.04,0.9896,"ONCOLOGY",1,"126364"
"OID21357",1.14016632483912,"AREG","P15514",0.03,0.9041,"ONCOLOGY",1,"374"
"OID21511",0.771746481771193,"SPARC","P09486",0.04,0.1071,"ONCOLOGY",1,"6678"
"OID21229",1.41876387783306,"SUGT1","Q9Y2Z0",0.33,1.1199,"ONCOLOGY",1,"10910"
"OID21524",2.00681837030578,"VEGFC","P49767",0.04,2.1311,"ONCOLOGY",1,"7424"
"OID21302",1.83474775855874,"RP2","O75695",0.2,0.4832,"ONCOLOGY",1,"6102"
"OID21180",0.0835727373668197,"SMAD1","Q15797",0.54,0.3832,"ONCOLOGY",1,"4086"
"OID21377",0.20766562033896,"GALNT7","Q86SF2",0.03,0.9082,"ONCOLOGY",1,"51809"
"OID21499",-4.78049551076293,"KLK1","P06870",0.33,2.9441,"ONCOLOGY",1,"3816"
"OID21368",-3.3549279284742,"CCN1","O00622",0.03,0.5723,"ONCOLOGY",1,"3491"
"OID21521",0.536885463247171,"SRC","P12931",0.19,0.8123,"ONCOLOGY",1,"6714"
"OID21525",0.827698625780232,"DLL1","O00548",0.03,1.2276,"ONCOLOGY",1,"28514"
"OID21220",0.744201243311598,"TBL1X","O60907",0.67,1.3766,"ONCOLOGY",1,"6907"
"OID21189",2.53837595358967,"UXS1","Q8NBZ7",0.08,0.4244,"ONCOLOGY",1,"80146"
"OID21188",3.00257266081268,"ADCYAP1R1","P41586",0.22,0.6108,"ONCOLOGY",1,"117"
"OID21531",-3.12155804396714,"MIA","Q16674",0.04,0.2318,"ONCOLOGY",1,"8190"
"OID21346",2.48612142563629,"RET","P07949",0.03,-0.4301,"ONCOLOGY",1,"5979"
"OID21355",0.766073373540648,"VPS37A","Q8NEZ2",0.28,0.6683,"ONCOLOGY",1,"137492"
"OID21270",1.09444057685978,"TPMT","P51580",0.11,0.9566,"ONCOLOGY",1,"7172"
"OID21451",-3.06300613856381,"EDA2R","Q9HAV5",0.04,1.3131,"ONCOLOGY",1,"60401"
"OID21292",1.40940552284539,"LAT2","Q9GZY6",0.04,0.594,"ONCOLOGY",1,"7462"
"OID21461",2.12463239328331,"SMOC1","Q9H4F8",0.04,0.6706,"ONCOLOGY",1,"64093"
"OID21167",-1.21368675505211,"NINJ1","Q92982",0.85,0.7385,"ONCOLOGY",1,"4814"
"OID21400",-1.0257844585317,"SCG2","P13521",0.03,0.3196,"ONCOLOGY",1,"7857"
"OID21166",1.87486843573258,"RAD23B","P54727",0.27,1.1996,"ONCOLOGY",1,"5887"
"OID21460",-6.19604805892792,"DSG3","P32926",0.03,0.2946,"ONCOLOGY",1,"1830"
"OID21523",-0.820385895012074,"KLK10","O43240",0.09,1.2824,"ONCOLOGY",1,"5655"
"OID21452",3.37366720851725,"LTA4H","P09960",0.94,0.9897,"ONCOLOGY",1,"4048"
"OID21420",0.394017966810414,"PVALB","P20472",0.08,1.7111,"ONCOLOGY",1,"5816"
"OID21498",3.94396717899667,"NT5E","P21589",0.03,0.8929,"ONCOLOGY",1,"4907"
"OID21462",-2.73059555489284,"WFDC12","Q8WWY7",0.61,1.6218,"ONCOLOGY",1,"128488"
"OID21506",1.32066245373331,"SNAP29","O95721",0.03,0.4237,"ONCOLOGY",1,"9342"
"OID21463",-4.37886767179517,"ANGPT2","O15123",0.04,0.7506,"ONCOLOGY",1,"285"
"OID21530",-3.9610621463736,"LYPD3","O95274",0.04,0.2949,"ONCOLOGY",1,"27076"
"OID21202",2.34859947346901,"ARHGAP1","Q07960",0.07,0.7123,"ONCOLOGY",1,"392"
"OID21422",-1.61325916149303,"HAVCR1","Q96D42",0.04,0.1091,"ONCOLOGY",1,"26762"
"OID21507",-3.50600777894739,"FGFBP1","Q14512",0.03,0.7362,"ONCOLOGY",1,"9982"
"OID21243",0.972737738601828,"AGR3","Q8TD06",0.66,0.8805,"ONCOLOGY",1,"155465"
"OID21496",-0.0350797415669246,"TEK","Q02763",0.03,0.3183,"ONCOLOGY",1,"7010"
"OID21445",1.26434848539832,"ARG1","P05089",0.05,1.2471,"ONCOLOGY",1,"383"
"OID21178",3.44383263752789,"ATP6AP2","O75787",0.69,0.584,"ONCOLOGY",1,"10159"
"OID21214",0.69422004404846,"SLAMF8","Q9P0V8",0.08,0.2268,"ONCOLOGY",1,"56833"
"OID21271",-1.21345667191484,"FOXO3","O43524",0.92,1.8436,"ONCOLOGY",1,"2309"
"OID21193",3.98436540637062,"FCRLB","Q6BAA4",0.09,0.1776,"ONCOLOGY",1,"127943"
"OID21365",-1.27127445707287,"RBP2","P50120",0.28,0.5077,"ONCOLOGY",1,"5948"
"OID21315",7.90423408090356,"LAG3","P18627",0.03,0.7778,"ONCOLOGY",1,"3902"
"OID21209",0.345095795832923,"FOPNL","Q96NB1",0.6,1.4251,"ONCOLOGY",1,"123811"
"OID21497",2.07867933835219,"KDR","P35968",0.03,0.5514,"ONCOLOGY",1,"3791"
"OID21361",1.74023313813097,"IQGAP2","Q13576",0.14,1.0955,"ONCOLOGY",1,"10788"
"OID21510",0.0212826616791582,"ERBB4","Q15303",0.03,0.3159,"ONCOLOGY",1,"2066"
"OID21233",2.2569043394958,"FMR1","Q06787",0.86,0.9417,"ONCOLOGY",1,"2332"
"OID21364",-5.17725075411565,"TMPRSS15","P98073",0.64,0.6003,"ONCOLOGY",1,"5651"
"OID21239",0.213602756321444,"FLI1","Q01543",0.76,0.7189,"ONCOLOGY",1,"2313"
"OID21200",0.603809744084868,"CCT5","P48643",0.73,0.3963,"ONCOLOGY",1,"22948"
"OID21230",-0.770052880343639,"CHAC2","Q8WUX2",0.68,0.9655,"ONCOLOGY",1,"494143"
"OID21382",-1.52023654099958,"VAT1","Q99536",0.09,0.4209,"ONCOLOGY",1,"10493"
"OID21366",-1.04268722451811,"CES2","O00748",0.05,0.0545,"ONCOLOGY",1,"8824"
"OID21348",0.516448698857927,"YES1","P07947",0.04,0.7291,"ONCOLOGY",1,"7525"
"OID21192",0.891633570215715,"FEN1","P39748",0.18,1.0582,"ONCOLOGY",1,"2237"
"OID21175",1.83072340233379,"HGS","O14964",0.23,0.9913,"ONCOLOGY",1,"9146"
"OID21288",-0.962353391642861,"MPI","P34949",0.08,1.1467,"ONCOLOGY",1,"4351"
"OID21205",2.22526442485802,"ZBTB16","Q05516",0.09,0.6022,"ONCOLOGY",1,"7704"
"OID21493",-2.42965562299984,"TGFBR2","P37173",0.04,0.8989,"ONCOLOGY",1,"7048"
"OID21351",-5.06852169625051,"ICOSLG","O75144",0.03,0.2326,"ONCOLOGY",1,"23308"
"OID21351",-5.06852169625051,"ICOSLG","O75144",0.03,0.2326,"ONCOLOGY",1,"102723996"
"OID21502",-1.44848754046554,"ADAMTS8","Q9UP79",0.04,-0.2308,"ONCOLOGY",1,"11095"
"OID21447",0.743809636297223,"TACSTD2","P09758",0.03,0.6494,"ONCOLOGY",1,"4070"
"OID21379",-1.39655255724796,"GCNT1","Q02742",0.04,0.9056,"ONCOLOGY",1,"2650"
"OID21441",2.99599223821848,"HS6ST1","O60243",0.11,1.5072,"ONCOLOGY",1,"9394"
"OID21254",2.48601721067152,"SLAMF6","Q96DU3",0.81,1.3103,"ONCOLOGY",1,"114836"
"OID21372",-4.18457715778347,"FAM3B","P58499",0.17,1.2277,"ONCOLOGY",1,"54097"
"OID21407",0.665983156896355,"KLK14","Q9P0G3",0.04,1.7593,"ONCOLOGY",1,"43847"
"OID21196",-1.79230444329606,"KIR2DL3","P43628",0.39,1.2131,"ONCOLOGY",1,"3804"
"OID21250",0.249355868921046,"BAIAP2","Q9UQB8",0.26,1.6867,"ONCOLOGY",1,"10458"
"OID21426",-2.97768036189473,"CNTN2","Q02246",0.04,0.7271,"ONCOLOGY",1,"6900"
"OID21434",2.46173499180308,"APEX1","P27695",0.04,0.4883,"ONCOLOGY",1,"328"
"OID21256",4.2621962953012,"FUS","P35637",0.14,0.0101,"ONCOLOGY",1,"2521"
"OID21454",-1.00762207822656,"LEFTY2","O00292",0.04,1.0707,"ONCOLOGY",1,"7044"
"OID21217",-0.184376776009824,"BIRC2","Q13490",0.88,0.9683,"ONCOLOGY",1,"329"
"OID21203",-1.25105354372311,"RANGAP1","P46060",0.99,0.85,"ONCOLOGY",1,"5905"
"OID21456",0.77206195020228,"CRISP2","P16562",0.03,0.8786,"ONCOLOGY",1,"7180"
"OID21253",0.532736918343776,"MAP3K5","Q99683",0.48,1.6011,"ONCOLOGY",1,"4217"
"OID21347",1.06615122046255,"PPME1","Q9Y570",0.05,1.0065,"ONCOLOGY",1,"51400"
"OID21425",3.69511572098123,"SCLY","Q96I15",0.03,0.4013,"ONCOLOGY",1,"51540"
"OID21228",4.65410954583415,"CLEC6A","Q6EIG7",0.09,0.6669,"ONCOLOGY",1,"93978"
"OID21275",-2.4939353463933,"ADAMTS15","Q8TE58",0.04,0.3631,"ONCOLOGY",1,"170689"
"OID21303",4.38709306236902,"HS3ST3B1","Q9Y662",0.04,0.5118,"ONCOLOGY",1,"9953"
"OID21312",1.41864055981817,"IGSF3","O75054",0.04,0.7737,"ONCOLOGY",1,"3321"
"OID21432",0.208979216285618,"ACP6","Q9NPH0",0.04,0.6334,"ONCOLOGY",1,"51205"
"OID21409",0.415882093624543,"SLITRK2","Q9H156",0.04,0.788,"ONCOLOGY",1,"84631"
"OID21322",6.77216423409957,"ST3GAL1","Q11201",0.04,-0.0055,"ONCOLOGY",1,"6482"
"OID21183",3.78832140107895,"PDGFC","Q9NRA1",0.44,0.3656,"ONCOLOGY",1,"56034"
"OID21376",-0.852749848307889,"GPA33","Q99795",0.1,1.0973,"ONCOLOGY",1,"10223"
"OID21331",3.97027828061988,"ARSB","P15848",0.03,0.566,"ONCOLOGY",1,"411"
"OID21219",-1.04825685750196,"STX6","O43752",0.34,1.0243,"ONCOLOGY",1,"10228"
"OID21225",-0.936920411430743,"PRKRA","O75569",0.39,1.364,"ONCOLOGY",1,"8575"
"OID21408",-2.04956348944677,"HSPB6","O14558",0.04,0.8376,"ONCOLOGY",1,"126393"
"OID21232",1.19882105498987,"TP53","P04637",0.82,0.5931,"ONCOLOGY",1,"7157"
"OID21411",-3.77210157804439,"FGF23","Q9GZV9",0.04,0.7403,"ONCOLOGY",1,"8074"
"OID21328",-4.2516615333195,"CD302","Q8IX05",0.04,1.0574,"ONCOLOGY",1,"9936"
"OID21465",1.13399781567207,"HBEGF","Q99075",0.03,0.8241,"ONCOLOGY",1,"1839"
"OID21464",0.977412241072929,"WIF1","Q9Y5W5",0.04,1.5621,"ONCOLOGY",1,"11197"
"OID21405",-3.21149587618055,"CTSV","O60911",0.13,1.2945,"ONCOLOGY",1,"1515"
"OID21380",-1.12916086211082,"MSLN","Q13421",0.03,1.2226,"ONCOLOGY",1,"10232"
"OID21516",2.39045780281891,"PPY","P01298",0.12,0.7269,"ONCOLOGY",1,"5539"
"OID21284",-6.20446811162097,"SERPINA9","Q86WD7",0.07,0.4038,"ONCOLOGY",1,"327657"
"OID21352",-1.21446210164434,"OMG","P23515",0.27,1.3308,"ONCOLOGY",1,"4974"
"OID21371",0.579430279874206,"GALNT10","Q86SR1",0.04,1.0096,"ONCOLOGY",1,"55568"
"OID21455",1.74610261297406,"HDGF","P51858",0.04,1.4966,"ONCOLOGY",1,"3068"
"OID21528",5.08066057190576,"CEACAM1","P13688",0.03,2.0655,"ONCOLOGY",1,"634"
"OID21403",3.74450796308171,"TRIAP1","O43715",0.04,0.2482,"ONCOLOGY",1,"51499"
"OID21290",0.785842472135803,"LPCAT2","Q7L5N7",0.79,0.3762,"ONCOLOGY",1,"54947"
"OID21316",3.53417205153786,"CD38","P28907",0.03,0.6895,"ONCOLOGY",1,"952"
"OID21484",-4.22652132643194,"L1CAM","P32004",0.04,-0.0192,"ONCOLOGY",1,"3897"
"OID21476",1.46481419389242,"ATOX1","O00244",0.06,0.4599,"ONCOLOGY",1,"475"
"OID21278",3.95857809027967,"SF3B4","Q15427",0.04,0.0779,"ONCOLOGY",1,"10262"
"OID21474",-1.609994838353,"DCBLD2","Q96PD2",0.04,0.5206,"ONCOLOGY",1,"131566"
"OID21489",2.23461104677542,"MDK","P21741",0.04,0.1019,"ONCOLOGY",1,"4192"
"OID21504",2.6354308765066,"IL13RA1","P78552",0.04,1.0755,"ONCOLOGY",1,"3597"
"OID21277",1.18332316789086,"STAT5B","P51692",0.04,1.72,"ONCOLOGY",1,"6777"
"OID21399",0.505643669245038,"DCTN1","Q14203",0.05,0.9104,"ONCOLOGY",1,"1639"
"OID21482",-1.97237327235114,"TNFRSF12A","Q9NP84",0.03,0.2242,"ONCOLOGY",1,"51330"
"OID21298",-6.1240178645104,"CD207","Q9UJ71",0.23,0.9224,"ONCOLOGY",1,"50489"
"OID21393",-6.42592107046357,"ITGB7","P26010",0.04,-0.6443,"ONCOLOGY",1,"3695"
"OID21486",-2.71585302602633,"NBL1","P41271",0.07,1.3208,"ONCOLOGY",1,"4681"
"OID21486",-2.71585302602633,"NBL1","P41271",0.07,1.3208,"ONCOLOGY",1,"100532736"
"OID21194",-0.541088434686582,"RASSF2","P50749",0.46,0.8606,"ONCOLOGY",1,"9770"
"OID21410",5.02120421755476,"DPY30","Q9C005",0.19,0.4762,"ONCOLOGY",1,"84661"
"OID21488",-1.42351270611986,"SEZ6L","Q9BYH1",0.06,0.586,"ONCOLOGY",1,"23544"
"OID21390",0.900542159000806,"SIGLEC9","Q9Y336",0.03,-0.0557,"ONCOLOGY",1,"27180"
"OID21421",6.2043446821491,"VWA1","Q6PCB0",0.03,0.656,"ONCOLOGY",1,"64856"
"OID21401",-1.68225005100698,"CA14","Q9ULX7",0.03,0.3709,"ONCOLOGY",1,"23632"
"OID21487",2.89892992720668,"PODXL2","Q9NZ53",0.03,0.4508,"ONCOLOGY",1,"50512"
"OID21297",-0.274026692862907,"COX5B","P10606",0.12,0.7654,"ONCOLOGY",1,"1329"
"OID21501",1.53997783554866,"CIAPIN1","Q6FI81",0.03,0.1703,"ONCOLOGY",1,"57019"
"OID21218",2.68916117088647,"SFTPA2","Q8IWL1",0.1,1.427,"ONCOLOGY",1,"729238"
"OID21171",0.729949167231692,"CEACAM5","P06731",0.64,1.715,"ONCOLOGY",1,"1048"
"OID21490",-2.52015444193944,"NECTIN4","Q96NY8",0.04,0.6891,"ONCOLOGY",1,"81607"
"OID21169",-1.06091000818024,"PSRC1","Q6PGN9",0.73,0.5584,"ONCOLOGY",1,"84722"
"OID21323",0.276837658051891,"ERBIN","Q96RT1",0.21,0.567,"ONCOLOGY",1,"55914"
"OID21494",4.92888471784527,"NELL1","Q92832",0.03,0.4773,"ONCOLOGY",1,"4745"
"OID21509",0.567329170995312,"P4HB","P07237",0.04,2.1109,"ONCOLOGY",1,"5034"
"OID21281",0.181298448457978,"VPS53","Q5VIR6",0.32,0.3876,"ONCOLOGY",1,"55275"
"OID21335",-1.03073325239896,"DRG2","P55039",0.41,0.3174,"ONCOLOGY",1,"1819"
"OID21388",-2.44346470124236,"NPY","P01303",0.03,-0.603,"ONCOLOGY",1,"4852"
"OID21326",0.590872547415576,"STX4","Q12846",0.04,0.2395,"ONCOLOGY",1,"6810"
"OID21314",0.786119159651193,"INPPL1","O15357",0.11,0.5304,"ONCOLOGY",1,"3636"
"OID21419",-4.74148226874362,"CLMP","Q9H6B4",0.04,0.4306,"ONCOLOGY",1,"79827"
"OID21442",1.37526998910874,"FXN","Q16595",0.07,0.4881,"ONCOLOGY",1,"2395"
"OID21286",-0.469438755079338,"TBC1D23","Q9NUY8",0.58,0.5232,"ONCOLOGY",1,"55773"
"OID21459",1.94548967469145,"HAGH","Q16775",0.09,1.1628,"ONCOLOGY",1,"3029"
"OID21305",-0.0900633299573167,"DPEP2","Q9H4A9",0.03,0.4371,"ONCOLOGY",1,"64174"
"OID21265",-3.55093681963806,"CD28","P10747",0.29,1.0189,"ONCOLOGY",1,"940"
"OID21406",-2.03558482282192,"LGALS7_LGALS7B","P47929",0.08,2.686,"ONCOLOGY",1,"3963"
"OID21406",-2.03558482282192,"LGALS7_LGALS7B","P47929",0.08,2.686,"ONCOLOGY",1,"653499"
"OID21307",-0.498881534103243,"MME","P08473",0.05,1.2451,"ONCOLOGY",1,"4311"
"OID21163",-0.406930883599352,"RABEPK","Q7Z6M1",0.75,0.7127,"ONCOLOGY",1,"10244"
"OID21301",0.673870751703865,"FLT1","P17948",0.04,1.0548,"ONCOLOGY",1,"2321"
"OID21222",0.0938893768554887,"SH2B3","Q9UQQ2",0.47,1.4451,"ONCOLOGY",1,"10019"
"OID21321",-3.32021974792416,"TAFA5","Q7Z5A7",0.5,0.6692,"ONCOLOGY",1,"25817"
"OID21392",0.00373997202982092,"CPE","P16870",0.04,0.5097,"ONCOLOGY",1,"1363"
"OID21431",2.45647466253286,"CAPG","P40121",0.03,0.8883,"ONCOLOGY",1,"822"
"OID21526",-3.07539777844316,"KLK6","Q92876",0.03,0.3327,"ONCOLOGY",1,"5653"
"OID21450",-2.27762253728357,"SPINK6","Q6UWN8",0.04,1.089,"ONCOLOGY",1,"404203"
"OID21518",-3.75394472469441,"KLK11","Q9UBX7",0.04,-0.4568,"ONCOLOGY",1,"11012"
"OID21221",-0.166096903777622,"PSMA1","P25786",0.98,0.722,"ONCOLOGY",1,"5682"
"OID21261",0.471976743469322,"CFC1","P0CG37",0.38,1.423,"ONCOLOGY",1,"55997"
"OID21170",0.0718689129551865,"STX16","O14662",0.69,0.9738,"ONCOLOGY",1,"8675"
"OID21469",-2.83915330842696,"CD300LF","Q8TDQ1",0.03,1.2076,"ONCOLOGY",1,"146722"
