"pathway","pval","padj","log2err","ES","NES","size"
"GOBP_ACTIN_FILAMENT_BUNDLE_ORGANIZATION",0.424390243902439,0.772996515679442,0.0768736734126542,-0.368590905657622,-1.02596778797003,20
"GOBP_ACTIN_FILAMENT_ORGANIZATION",0.231354642313546,0.592510196514646,0.107972360317345,-0.335285964888015,-1.15585181805306,47
"GOBP_ACTIN_FILAMENT_POLYMERIZATION",0.353503184713376,0.716409506794434,0.0855356947987884,-0.398867431577043,-1.09485242625899,18
"GOBP_ACTIN_POLYMERIZATION_OR_DEPOLYMERIZATION",0.4496,0.78980749972182,0.0730744399126987,-0.339656903139566,-0.99443263386736,23
"GOBP_ACTION_POTENTIAL",0.148580968280467,0.475725611445084,0.14641623786055,-0.541181166070074,-1.31046305087933,11
"GOBP_ACTIVATED_T_CELL_PROLIFERATION",0.473684210526316,0.802099574855461,0.09754492162472,0.320038981244208,0.984032858706994,21
"GOBP_ACTIVATION_OF_INNATE_IMMUNE_RESPONSE",0.0109882269642784,0.159033870128277,0.380730400722792,0.426167719077317,1.55559764893421,47
"GOBP_ACTIVATION_OF_PROTEIN_KINASE_ACTIVITY",0.982371794871795,0.999752903385224,0.0363018462359236,-0.204696106769405,-0.544729534796113,16
"GOBP_ACTOMYOSIN_STRUCTURE_ORGANIZATION",0.317073170731707,0.677815101504308,0.0928481214159878,-0.405239476242487,-1.12797858725477,20
"GOBP_ACUTE_INFLAMMATORY_RESPONSE",0.5568,0.878575027624309,0.0625237414724762,-0.302537721428082,-0.952429106146409,32
"GOBP_ACUTE_PHASE_RESPONSE",0.861958266452649,0.999752903385224,0.0424170054438747,-0.269468664181901,-0.725459182112487,17
"GOBP_ADAPTIVE_IMMUNE_RESPONSE_BASED_ON_SOMATIC_RECOMBINATION_OF_IMMUNE_RECEPTORS_BUILT_FROM_IMMUNOGLOBULIN_SUPERFAMILY_DOMAINS",0.0416732264126828,0.288880423870442,0.321775918075361,0.313047167549956,1.32535498696839,95
"GOBP_ADAPTIVE_THERMOGENESIS",0.300791556728232,0.66081591231987,0.127505315300183,0.345130527694786,1.1001196971941,25
"GOBP_ADENYLATE_CYCLASE_ACTIVATING_G_PROTEIN_COUPLED_RECEPTOR_SIGNALING_PATHWAY",0.0573196922065824,0.331386722554655,0.321775918075361,0.494463896369092,1.44223180122438,17
"GOBP_ADENYLATE_CYCLASE_MODULATING_G_PROTEIN_COUPLED_RECEPTOR_SIGNALING_PATHWAY",0.0645994832041344,0.352091839753832,0.287857117255149,0.466818820422269,1.4322542432406,20
"GOBP_ADHERENS_JUNCTION_ORGANIZATION",0.0204633178413155,0.20236281837968,0.352487857583619,-0.672975729868222,-1.58546460278963,10
"GOBP_ADULT_BEHAVIOR",0.594594594594595,0.892829738255606,0.0590954798717342,-0.306581839017151,-0.916645310279644,26
"GOBP_ADULT_LOCOMOTORY_BEHAVIOR",0.662847790507365,0.922977721894445,0.0553642837725362,-0.338277563021487,-0.85473329479271,13
"GOBP_ALCOHOL_BIOSYNTHETIC_PROCESS",0.125668449197861,0.440920259102077,0.206587922696891,0.442467852606441,1.29023585191239,18
"GOBP_ALCOHOL_METABOLIC_PROCESS",0.0327222142137282,0.265320670509269,0.321775918075361,0.409458995681534,1.47476419431831,40
"GOBP_ALDEHYDE_METABOLIC_PROCESS",0.851116625310174,0.993690851735016,0.0632191170859458,0.274763852983324,0.704283967046844,11
"GOBP_ALPHA_AMINO_ACID_METABOLIC_PROCESS",0.0406580466967699,0.286008328487623,0.321775918075361,0.487738847263813,1.49643931012673,20
"GOBP_ALPHA_BETA_T_CELL_ACTIVATION",0.295580110497238,0.659237798083352,0.132147260608774,0.299515551958192,1.10045035514476,45
"GOBP_ALPHA_BETA_T_CELL_DIFFERENTIATION",0.0460402511122619,0.294715900748998,0.321775918075361,0.439253086811794,1.45021369227955,28
"GOBP_ALPHA_BETA_T_CELL_PROLIFERATION",0.416879795396419,0.772650965289093,0.103576326612592,0.387860274072906,1.03396459494906,13
"GOBP_AMEBOIDAL_TYPE_CELL_MIGRATION",0.384863123993559,0.742997542997543,0.0815265143256594,-0.317600573806028,-1.04256921912948,39
"GOBP_AMIDE_BIOSYNTHETIC_PROCESS",0.135549872122762,0.456521739130435,0.193813302725311,0.467464685065689,1.31266810444664,15
"GOBP_AMIDE_TRANSPORT",0.775834658187599,0.974006372631226,0.046788296531803,-0.245838882263363,-0.821756769574238,42
"GOBP_AMINE_METABOLIC_PROCESS",0.129296235679214,0.447368421052632,0.156312403073186,-0.531551391744677,-1.34308249225716,13
"GOBP_AMINOGLYCAN_METABOLIC_PROCESS",0.804232804232804,0.986127448392376,0.069119845655101,0.270644392486278,0.774748985513486,16
"GOBP_AMINO_ACID_CATABOLIC_PROCESS",0.0204186474476866,0.20236281837968,0.352487857583619,0.63924607189999,1.70411318195638,13
"GOBP_AMINO_ACID_METABOLIC_PROCESS",0.012018411885514,0.163406724197113,0.380730400722792,0.486902341090972,1.6457275052288,30
"GOBP_AMYLOID_BETA_CLEARANCE",0.996644295302013,0.999795136864333,0.037770500132479,-0.199574525487624,-0.507958872599069,14
"GOBP_AMYLOID_BETA_METABOLIC_PROCESS",0.835796387520525,0.989269335233091,0.0448645113168564,-0.293437729727551,-0.726565884925185,12
"GOBP_AMYLOID_PRECURSOR_PROTEIN_CATABOLIC_PROCESS",0.908180300500835,0.999752903385224,0.0418238690062304,-0.273063482909249,-0.661219619846593,11
"GOBP_AMYLOID_PRECURSOR_PROTEIN_METABOLIC_PROCESS",0.708674304418985,0.944899072558647,0.0522693317499306,-0.327223538542553,-0.826802850103422,13
"GOBP_ANATOMICAL_STRUCTURE_MATURATION",0.46048632218845,0.79496884048848,0.0692836467392548,-0.288332019244818,-0.997055730714008,48
"GOBP_ANGIOGENESIS_INVOLVED_IN_WOUND_HEALING",0.366174055829228,0.730302446542092,0.0852884689790502,-0.435686367291666,-1.0787803303107,12
"GOBP_ANIMAL_ORGAN_REGENERATION",0.422258592471358,0.772996515679442,0.0774767547848578,-0.399208850653371,-1.0369921761557,15
"GOBP_ANTERIOR_POSTERIOR_PATTERN_SPECIFICATION",0.145662847790507,0.473122529644269,0.14641623786055,-0.518268284182267,-1.30951977473462,13
"GOBP_ANTIBACTERIAL_HUMORAL_RESPONSE",0.104333868378812,0.407481915849848,0.173747838999571,-0.502568221375547,-1.35300604224883,17
"GOBP_ANTIGEN_PROCESSING_AND_PRESENTATION",0.670947030497592,0.925742998834611,0.0538979025357319,-0.291464435567391,-0.865794821852135,25
"GOBP_ANTIGEN_PROCESSING_AND_PRESENTATION_OF_EXOGENOUS_ANTIGEN",0.562659846547315,0.881006864988558,0.0860347242455604,0.342164292527107,0.912147460769137,13
"GOBP_ANTIGEN_PROCESSING_AND_PRESENTATION_OF_EXOGENOUS_PEPTIDE_ANTIGEN",0.674937965260546,0.925742998834611,0.0747385227439092,0.321847671759043,0.824970797978314,11
"GOBP_ANTIGEN_PROCESSING_AND_PRESENTATION_OF_PEPTIDE_ANTIGEN",0.840604026845638,0.989269335233091,0.0455878202571231,-0.284239296297351,-0.723448406768267,14
"GOBP_ANTIGEN_PROCESSING_AND_PRESENTATION_OF_PEPTIDE_OR_POLYSACCHARIDE_ANTIGEN_VIA_MHC_CLASS_II",0.429951690821256,0.779151033620246,0.0982123351217438,0.400015819069928,1.00345507030943,10
"GOBP_ANTIGEN_RECEPTOR_MEDIATED_SIGNALING_PATHWAY",0.6640625,0.922977721894445,0.0531298054705469,-0.26102742644915,-0.887159129794672,45
"GOBP_ANTIMICROBIAL_HUMORAL_IMMUNE_RESPONSE_MEDIATED_BY_ANTIMICROBIAL_PEPTIDE",0.461300309597523,0.79496884048848,0.109250039480711,0.263047286751559,1.01194487347334,59
"GOBP_ANTIMICROBIAL_HUMORAL_RESPONSE",0.592261904761905,0.891034482758621,0.0916795246008379,0.234471930303379,0.942255523608168,69
"GOBP_AORTA_DEVELOPMENT",0.0363818082006445,0.276001922113003,0.321775918075361,-0.653000091969022,-1.5384039653822,10
"GOBP_AORTIC_VALVE_MORPHOGENESIS",0.0431503917632521,0.292032035250825,0.321775918075361,-0.642043985885968,-1.51259245746573,10
"GOBP_APICAL_JUNCTION_ASSEMBLY",0.0423579805622575,0.290498974709501,0.321775918075361,-0.639068508466774,-1.54749595853052,11
"GOBP_APOPTOTIC_CELL_CLEARANCE",0.14171974522293,0.470641386461265,0.14641623786055,-0.475891864192825,-1.30627702564828,18
"GOBP_APOPTOTIC_MITOCHONDRIAL_CHANGES",0.240208877284595,0.604970505753796,0.143758989039275,0.384792180661439,1.15988902085359,19
"GOBP_APPENDAGE_DEVELOPMENT",0.110183639398998,0.416249304396216,0.172324344900946,-0.565035129139794,-1.36822510761702,11
"GOBP_ARTERY_DEVELOPMENT",0.00204452799007307,0.0812323428592699,0.431707695803346,-0.612945876265831,-1.7688886661466,22
"GOBP_ARTERY_MORPHOGENESIS",0.00234649829483025,0.0856888152846872,0.431707695803346,-0.655949972626349,-1.76593791375681,17
"GOBP_ASTROCYTE_ACTIVATION",0.045994678318758,0.294715900748998,0.321775918075361,0.618679424136715,1.61274723460319,12
"GOBP_ASTROCYTE_DEVELOPMENT",0.0462299452155292,0.294715900748998,0.321775918075361,0.572685667296956,1.60813476044466,15
"GOBP_ASTROCYTE_DIFFERENTIATION",0.192105263157895,0.538951504497984,0.163180127180689,0.396782952865473,1.21999970714967,21
"GOBP_ATP_METABOLIC_PROCESS",0.00562553843276784,0.115489692841489,0.407017918923954,0.538505198109036,1.69739850435939,24
"GOBP_AXIS_SPECIFICATION",0.392857142857143,0.751004016064257,0.0833634065110386,-0.455204450319003,-1.07241689556087,10
"GOBP_AXON_EXTENSION",0.00135118004392457,0.0812323428592699,0.45505986738723,-0.635313276738579,-1.76838589123772,20
"GOBP_BICELLULAR_TIGHT_JUNCTION_ASSEMBLY",0.0369458560311135,0.276001922113003,0.321775918075361,-0.652866696675534,-1.53808969919604,10
"GOBP_BIOLOGICAL_PROCESS_INVOLVED_IN_INTERACTION_WITH_HOST",0.234513274336283,0.596942880128721,0.105125131597001,-0.321124769469627,-1.14799346911717,58
"GOBP_BIOLOGICAL_PROCESS_INVOLVED_IN_SYMBIOTIC_INTERACTION",0.396054628224583,0.755094805213223,0.0768736734126542,-0.286445226313485,-1.03421566446582,64
"GOBP_BIOMINERAL_TISSUE_DEVELOPMENT",0.0188021361432841,0.201875567012103,0.352487857583619,-0.496243230378743,-1.51380477958701,28
"GOBP_BLOOD_VESSEL_ENDOTHELIAL_CELL_MIGRATION",0.0131949250543397,0.173091331041865,0.380730400722792,-0.474183498584242,-1.49725152974899,33
"GOBP_BLOOD_VESSEL_REMODELING",0.800327332242226,0.985230543484395,0.0466948041282054,-0.301507721072863,-0.761826133356884,13
"GOBP_BODY_FLUID_SECRETION",0.689482470784641,0.935024661235012,0.0544555953940371,-0.344718659019161,-0.834731683058586,11
"GOBP_BONE_DEVELOPMENT",0.1703125,0.513647642679901,0.130777137971974,-0.358192861142768,-1.21739723412546,45
"GOBP_BONE_GROWTH",0.16156462585034,0.500219587176109,0.141225119642531,-0.549842289870651,-1.29537433374813,10
"GOBP_BONE_MINERALIZATION",0.0736497545008183,0.354667078770752,0.211400189384923,-0.538965457799644,-1.40002648248321,15
"GOBP_BONE_MORPHOGENESIS",0.0626003210272873,0.346485497778939,0.227987202850442,-0.541197842851023,-1.4570040847893,17
"GOBP_BONE_REMODELING",0.934383202099738,0.999752903385224,0.0614364107201271,0.215064076523116,0.677893998263424,24
"GOBP_BONE_RESORPTION",0.730870712401055,0.954070354012062,0.0738052724171275,0.283774886974395,0.827702830052182,17
"GOBP_BRANCHING_INVOLVED_IN_BLOOD_VESSEL_MORPHOGENESIS",0.121510673234811,0.435972968289725,0.161978948883402,-0.542842170938688,-1.34410323672071,12
"GOBP_BRANCHING_MORPHOGENESIS_OF_AN_EPITHELIAL_TUBE",0.568181818181818,0.882510201210075,0.062249042949858,-0.297381834904437,-0.944690028048383,34
"GOBP_B_CELL_ACTIVATION",0.899848254931715,0.999752903385224,0.0378487722705029,-0.209454346635807,-0.756238702488049,64
"GOBP_B_CELL_ACTIVATION_INVOLVED_IN_IMMUNE_RESPONSE",0.385026737967914,0.742997542997543,0.11146266692298,0.3619636687654,1.05548572575341,18
"GOBP_B_CELL_DIFFERENTIATION",0.871224165341812,0.999752903385224,0.041488040200221,-0.238742995941335,-0.739192960791133,30
"GOBP_B_CELL_HOMEOSTASIS",0.0363805070588474,0.276001922113003,0.321775918075361,0.640970760377246,1.60789980985277,10
"GOBP_B_CELL_MEDIATED_IMMUNITY",0.219839142091153,0.5838,0.153158808683073,0.346698002475637,1.17183753399829,30
"GOBP_B_CELL_PROLIFERATION",0.6032,0.89726,0.0587185879555941,-0.293570527155419,-0.924199182335789,32
"GOBP_B_CELL_RECEPTOR_SIGNALING_PATHWAY",0.973813420621931,0.999752903385224,0.0376923295943841,-0.226266952177016,-0.571713641926294,13
"GOBP_C21_STEROID_HORMONE_METABOLIC_PROCESS",0.964285714285714,0.999752903385224,0.0399218624292714,-0.237179487179487,-0.558771534754317,10
"GOBP_CALCIUM_ION_HOMEOSTASIS",0.197014925373134,0.547430564873205,0.172324344900946,0.305828609663602,1.16140858728241,54
"GOBP_CALCIUM_ION_IMPORT",0.639386189258312,0.911747516072472,0.0791316651768349,0.32090101644068,0.855463453368421,13
"GOBP_CALCIUM_ION_TRANSMEMBRANE_IMPORT_INTO_CYTOSOL",0.191601049868766,0.538595077190154,0.163180127180689,0.356197843835107,1.1992035854869,29
"GOBP_CALCIUM_ION_TRANSMEMBRANE_TRANSPORT",0.609947643979058,0.900312753388162,0.0828962134571565,0.26334728160083,0.922434600147149,36
"GOBP_CALCIUM_ION_TRANSPORT",0.328173374613003,0.685674456427036,0.132846300606183,0.278627069971894,1.07188041568836,59
"GOBP_CALCIUM_MEDIATED_SIGNALING",0.935656836461126,0.999752903385224,0.0623861492893626,0.205027640411223,0.659593644459973,26
"GOBP_CAMERA_TYPE_EYE_MORPHOGENESIS",0.0164417703853288,0.189345549276206,0.352487857583619,-0.659506213537317,-1.63296899855823,12
"GOBP_CANONICAL_NF_KAPPAB_SIGNAL_TRANSDUCTION",0.938438438438438,0.999752903385224,0.0353910624222457,-0.200430587807052,-0.735790597803368,69
"GOBP_CANONICAL_WNT_SIGNALING_PATHWAY",0.2224,0.5838,0.11378726182188,-0.343110417310197,-1.1575085043416,44
"GOBP_CARBOHYDRATE_BIOSYNTHETIC_PROCESS",0.0453422237930755,0.294715900748998,0.321775918075361,0.483268177229979,1.49470943157205,22
"GOBP_CARBOHYDRATE_CATABOLIC_PROCESS",0.0184233309222424,0.20102043260744,0.352487857583619,0.527496073969559,1.6184190893423,20
"GOBP_CARBOHYDRATE_DERIVATIVE_CATABOLIC_PROCESS",0.00160819830307971,0.0812323428592699,0.45505986738723,0.503439906965014,1.81325885281174,40
"GOBP_CARBOHYDRATE_HOMEOSTASIS",0.792,0.984313315926893,0.0461379160269737,-0.256746573060498,-0.800596020079429,31
"GOBP_CARBOHYDRATE_TRANSPORT",0.733974358974359,0.954457003711068,0.0496901392724606,-0.303761479018037,-0.808358555352878,16
"GOBP_CARDIAC_CHAMBER_DEVELOPMENT",0.00140544337183777,0.0812323428592699,0.45505986738723,-0.669819535502842,-1.8032773267501,17
"GOBP_CARDIAC_CHAMBER_MORPHOGENESIS",0.00140544337183777,0.0812323428592699,0.45505986738723,-0.669819535502842,-1.8032773267501,17
"GOBP_CARDIAC_MUSCLE_TISSUE_DEVELOPMENT",0.0179631081662326,0.19884742993318,0.352487857583619,-0.52871441650222,-1.57054565904441,25
"GOBP_CARDIAC_SEPTUM_DEVELOPMENT",0.00210475958388865,0.0812323428592699,0.431707695803346,-0.719334391284877,-1.81755789189476,13
"GOBP_CARDIAC_SEPTUM_MORPHOGENESIS",0.00210475958388865,0.0812323428592699,0.431707695803346,-0.719334391284877,-1.81755789189476,13
"GOBP_CARDIAC_VENTRICLE_DEVELOPMENT",0.00643332691773522,0.12560761717304,0.407017918923954,-0.672648378439428,-1.71203068694692,14
"GOBP_CARDIOCYTE_DIFFERENTIATION",0.0752864157119476,0.354667078770752,0.208955027549354,-0.537119753505464,-1.39523204741638,15
"GOBP_CARTILAGE_DEVELOPMENT",0.00250371367352194,0.0872025152631543,0.431707695803346,-0.509021157257096,-1.70499372138169,43
"GOBP_CD4_POSITIVE_ALPHA_BETA_T_CELL_ACTIVATION",0.328912466843501,0.685674456427036,0.121543282035469,0.314601839567375,1.07647615016706,31
"GOBP_CD4_POSITIVE_OR_CD8_POSITIVE_ALPHA_BETA_T_CELL_LINEAGE_COMMITMENT",0.417874396135266,0.772650965289093,0.0999276973731092,0.405559136794477,1.01736069606685,10
"GOBP_CELLULAR_COMPONENT_DISASSEMBLY",0.303625377643505,0.664288141352361,0.0911073131586733,-0.31735109404026,-1.1083385796388,53
"GOBP_CELLULAR_COMPONENT_MAINTENANCE",0.81074168797954,0.986127448392376,0.0670512579829467,0.280554704126132,0.747907559510216,13
"GOBP_CELLULAR_DEFENSE_RESPONSE",0.873015873015873,0.999752903385224,0.0650877566917313,0.247639060207338,0.708893721782449,16
"GOBP_CELLULAR_EXTRAVASATION",0.0725806451612903,0.354667078770752,0.211400189384923,-0.411179991651027,-1.3354333929346,37
"GOBP_CELLULAR_OXIDANT_DETOXIFICATION",0.203655352480418,0.560346518963462,0.157402899305283,0.395103914053309,1.19097194547706,19
"GOBP_CELLULAR_PROCESS_INVOLVED_IN_REPRODUCTION_IN_MULTICELLULAR_ORGANISM",0.22432859399684,0.585632965680966,0.112378519110475,-0.390110111340555,-1.17914271400638,27
"GOBP_CELLULAR_RESPIRATION",0.0461872452184438,0.294715900748998,0.321775918075361,0.46371854786074,1.45328811714919,23
"GOBP_CELLULAR_RESPONSE_TO_ABIOTIC_STIMULUS",0.985380116959064,0.999752903385224,0.0640703750499722,0.172889379478067,0.645290385776804,51
"GOBP_CELLULAR_RESPONSE_TO_ACID_CHEMICAL",0.734557595993322,0.954457003711068,0.051530912208539,-0.329419936420648,-0.797686028205904,11
"GOBP_CELLULAR_RESPONSE_TO_ALCOHOL",0.37192118226601,0.733276033057851,0.108394255853397,0.388766840433807,1.07776159569488,14
"GOBP_CELLULAR_RESPONSE_TO_AMYLOID_BETA",0.552429667519182,0.872643324355521,0.0870515867946735,0.346058907590522,0.92252979264407,13
"GOBP_CELLULAR_RESPONSE_TO_BIOTIC_STIMULUS",0.0930232558139535,0.382816165136385,0.252961123069611,0.310671521304087,1.2342108201111,66
"GOBP_CELLULAR_RESPONSE_TO_CARBOHYDRATE_STIMULUS",0.6032,0.89726,0.0587185879555941,-0.304917072723245,-0.892722876928275,23
"GOBP_CELLULAR_RESPONSE_TO_CHEMICAL_STRESS",0.145510835913313,0.473122529644269,0.206587922696891,0.316761712607031,1.21858467024625,59
"GOBP_CELLULAR_RESPONSE_TO_EXTERNAL_STIMULUS",0.906902086677368,0.999752903385224,0.0400845633477088,-0.236231613882916,-0.701725778856858,25
"GOBP_CELLULAR_RESPONSE_TO_HEAT",0.0561216884706522,0.328103429521089,0.321775918075361,0.603575207177891,1.57337420362648,12
"GOBP_CELLULAR_RESPONSE_TO_HYDROGEN_PEROXIDE",0.935960591133005,0.999752903385224,0.0396787203613389,-0.25901488697598,-0.641333276191955,12
"GOBP_CELLULAR_RESPONSE_TO_INSULIN_STIMULUS",0.0362566287927683,0.276001922113003,0.321775918075361,0.460967330396871,1.49656409253939,27
"GOBP_CELLULAR_RESPONSE_TO_INTERLEUKIN_1",0.8368,0.989269335233091,0.0436251240000606,-0.262941847002351,-0.769829645891383,23
"GOBP_CELLULAR_RESPONSE_TO_KETONE",0.66131621187801,0.922977721894445,0.0545680646670941,-0.322110271014569,-0.867180065146722,17
"GOBP_CELLULAR_RESPONSE_TO_LIGHT_STIMULUS",0.462915601023018,0.79496884048848,0.0972150808846466,0.359050242077316,1.00823402435738,15
"GOBP_CELLULAR_RESPONSE_TO_METAL_ION",0.103174603174603,0.406998158379374,0.227987202850442,0.475861729788191,1.36220591533883,16
"GOBP_CELLULAR_RESPONSE_TO_MOLECULE_OF_BACTERIAL_ORIGIN",0.0747774464553745,0.354667078770752,0.287805130535564,0.342306770358352,1.33232692029573,62
"GOBP_CELLULAR_RESPONSE_TO_NUTRIENT",0.285714285714286,0.646592709984152,0.101713902282311,-0.490373282671801,-1.15527120418166,10
"GOBP_CELLULAR_RESPONSE_TO_NUTRIENT_LEVELS",0.152623211446741,0.480660438638967,0.140406238523342,-0.398107227555529,-1.23261442325802,30
"GOBP_CELLULAR_RESPONSE_TO_OXIDATIVE_STRESS",0.175438596491228,0.517616354936929,0.181383128498408,0.313926218776187,1.16098668578858,49
"GOBP_CELLULAR_RESPONSE_TO_OXYGEN_LEVELS",0.248012718600954,0.609285269494223,0.106323255932708,-0.376198415762161,-1.16478064495973,30
"GOBP_CELLULAR_RESPONSE_TO_PEPTIDE_HORMONE_STIMULUS",0.10443864229765,0.407481915849848,0.224966093540314,0.347703997303859,1.27270945764187,43
"GOBP_CELLULAR_RESPONSE_TO_RADIATION",0.910526315789474,0.999752903385224,0.0628003977812234,0.223647590302429,0.687655537374364,21
"GOBP_CELLULAR_RESPONSE_TO_REACTIVE_OXYGEN_SPECIES",0.726541554959786,0.953229036422596,0.0749278818393739,0.249160425936838,0.84216100760576,30
"GOBP_CELLULAR_RESPONSE_TO_RETINOIC_ACID",0.751207729468599,0.965477544643469,0.0679922591544058,0.307818545408805,0.772174662601886,10
"GOBP_CELLULAR_RESPONSE_TO_STARVATION",0.662358642972536,0.922977721894445,0.0547939500773363,-0.312875416190967,-0.863981325247043,19
"GOBP_CELLULAR_RESPONSE_TO_STEROID_HORMONE_STIMULUS",0.936842105263158,0.999752903385224,0.0614364107201271,0.218813259995051,0.672791285982833,21
"GOBP_CELLULAR_RESPONSE_TO_TOPOLOGICALLY_INCORRECT_PROTEIN",0.1712158808933,0.513647642679901,0.16823816568964,0.501676091895022,1.28591306438634,11
"GOBP_CELLULAR_RESPONSE_TO_TOXIC_SUBSTANCE",0.0552778036762861,0.328103429521089,0.321775918075361,0.443985293853748,1.39946647941609,24
"GOBP_CELLULAR_RESPONSE_TO_TYPE_II_INTERFERON",0.144772117962467,0.473122529644269,0.191892240384838,0.394938001256308,1.27055354615556,26
"GOBP_CELLULAR_RESPONSE_TO_UNFOLDED_PROTEIN",0.1712158808933,0.513647642679901,0.16823816568964,0.501676091895022,1.28591306438634,11
"GOBP_CELLULAR_RESPONSE_TO_UV",0.462915601023018,0.79496884048848,0.0972150808846466,0.359050242077316,1.00823402435738,15
"GOBP_CELLULAR_RESPONSE_TO_VASCULAR_ENDOTHELIAL_GROWTH_FACTOR_STIMULUS",0.0602218700475436,0.342616854294391,0.231126709673834,-0.456667247416299,-1.3930770628186,28
"GOBP_CELLULAR_RESPONSE_TO_VIRUS",0.0248255647403782,0.220768384281269,0.352487857583619,0.548422193810453,1.65312320094381,19
"GOBP_CELLULAR_RESPONSE_TO_XENOBIOTIC_STIMULUS",0.33245382585752,0.6910393934855,0.120433371642259,0.335229734921016,1.06856045721318,25
"GOBP_CELLULAR_SENESCENCE",0.694630872483222,0.937513522116587,0.0543434390269162,-0.327892680824925,-0.83455539267031,14
"GOBP_CELL_ACTIVATION_INVOLVED_IN_IMMUNE_RESPONSE",0.166666666666667,0.508547008547009,0.191892240384838,0.276548252589434,1.14923469283113,84
"GOBP_CELL_ADHESION_MEDIATED_BY_INTEGRIN",0.0889967637540453,0.377873244785358,0.190023305279108,-0.420650582517892,-1.32821941304401,33
"GOBP_CELL_CELL_ADHESION_MEDIATED_BY_CADHERIN",0.075503355704698,0.354667078770752,0.211400189384923,-0.552404242440707,-1.40598423332603,14
"GOBP_CELL_CELL_ADHESION_MEDIATED_BY_INTEGRIN",0.587561374795417,0.891034482758621,0.0610363728309177,-0.353737356108735,-0.918874594334252,15
"GOBP_CELL_CELL_JUNCTION_ASSEMBLY",0.00316339204228318,0.0982026920952257,0.431707695803346,-0.609728864104281,-1.69717202558336,20
"GOBP_CELL_CELL_JUNCTION_ORGANIZATION",0.00456972659711559,0.115452502952358,0.407017918923954,-0.543846852249375,-1.66161620974242,29
"GOBP_CELL_CELL_RECOGNITION",0.956730769230769,0.999752903385224,0.037536290520292,-0.226069923144218,-0.601608726268894,16
"GOBP_CELL_CHEMOTAXIS",0.273972602739726,0.641032266146775,0.155241966228839,0.24445251701079,1.06777851377619,118
"GOBP_CELL_CYCLE_CHECKPOINT_SIGNALING",0.0104126403271309,0.159033870128277,0.380730400722792,0.695440375953966,1.74453893591371,10
"GOBP_CELL_CYCLE_G1_S_PHASE_TRANSITION",0.387596899224806,0.745941202281703,0.108820126769161,0.33915641569226,1.04057119003495,20
"GOBP_CELL_FATE_COMMITMENT",0.0208314665979083,0.20236281837968,0.352487857583619,-0.459038942000344,-1.44943204513952,33
"GOBP_CELL_JUNCTION_DISASSEMBLY",0.751207729468599,0.965477544643469,0.0679922591544058,0.308906732232932,0.774904421111571,10
"GOBP_CELL_KILLING",0.00168043203961825,0.0812323428592699,0.45505986738723,0.392323523554448,1.63694188256566,86
"GOBP_CELL_MATRIX_ADHESION",0.00369770641362043,0.107761729768367,0.431707695803346,-0.477093289148806,-1.66623310390513,53
"GOBP_CELL_MATURATION",0.712903225806452,0.947448462318351,0.0513223330421143,-0.268141142898109,-0.864134930764082,36
"GOBP_CELL_MIGRATION_INVOLVED_IN_SPROUTING_ANGIOGENESIS",0.00774383546247543,0.134856061468475,0.407017918923954,-0.62336259333013,-1.67820669794662,17
"GOBP_CELL_RECOGNITION",0.0820668693009119,0.37085914354969,0.191892240384838,-0.383345199587274,-1.32561249732609,48
"GOBP_CELL_SUBSTRATE_ADHESION",0.000713771985108429,0.0679510929823225,0.477270815362862,-0.44288480575495,-1.68121757188648,82
"GOBP_CELL_SUBSTRATE_JUNCTION_ORGANIZATION",0.105939004815409,0.408867294260553,0.172324344900946,-0.49921558215998,-1.34398012114358,17
"GOBP_CELL_SURFACE_PATTERN_RECOGNITION_RECEPTOR_SIGNALING_PATHWAY",0.148337595907928,0.475725611445084,0.184706471207739,0.46162654974487,1.29627427990777,15
"GOBP_CELL_SURFACE_RECEPTOR_PROTEIN_SERINE_THREONINE_KINASE_SIGNALING_PATHWAY",0.00484642619860238,0.115489692841489,0.407017918923954,-0.436583752345497,-1.60272054103225,69
"GOBP_CELL_SURFACE_RECEPTOR_SIGNALING_PATHWAY_VIA_JAK_STAT",0.471910112359551,0.802099574855461,0.101713902282311,0.270425394069801,0.995821122159597,46
"GOBP_CELL_SURFACE_RECEPTOR_SIGNALING_PATHWAY_VIA_STAT",0.561194029850746,0.880275559256596,0.0949751525905595,0.248411248236174,0.943361568416963,54
"GOBP_CELL_SURFACE_TOLL_LIKE_RECEPTOR_SIGNALING_PATHWAY",0.0661577608142494,0.352984797923619,0.282013350011725,0.561799098552869,1.46447401876661,12
"GOBP_CENTRAL_NERVOUS_SYSTEM_NEURON_DEVELOPMENT",0.0284985130071249,0.239387509259849,0.352487857583619,-0.619289048121074,-1.56477114178555,13
"GOBP_CENTRAL_NERVOUS_SYSTEM_NEURON_DIFFERENTIATION",0.0135874354467801,0.173179467581517,0.380730400722792,-0.596866542573626,-1.64820091244762,19
"GOBP_CEREBRAL_CORTEX_DEVELOPMENT",0.0721153846153846,0.354667078770752,0.211400189384923,-0.536097992626559,-1.42664369507317,16
"GOBP_CHEMOKINE_PRODUCTION",0.0184409500501223,0.20102043260744,0.352487857583619,0.428304721127211,1.51065768513196,37
"GOBP_CHOLESTEROL_EFFLUX",0.679465776293823,0.926721230704469,0.0551351763385257,-0.348367699076219,-0.843567785395032,11
"GOBP_CHONDROCYTE_DIFFERENTIATION",0.0192518894251096,0.202144838963651,0.352487857583619,-0.533240397854068,-1.56119792773536,23
"GOBP_CHROMOSOME_SEGREGATION",0.0763358778625954,0.356234096692112,0.261663521711573,0.557903901875451,1.45432018557827,12
"GOBP_CILIUM_ORGANIZATION",0.571428571428571,0.882510201210075,0.0870515867946735,0.325144412814824,0.930761216441735,16
"GOBP_CIRCADIAN_RHYTHM",0.404699738903394,0.76342302133956,0.106729884364606,0.340994422048074,1.02786830445984,19
"GOBP_COGNITION",0.321656050955414,0.681490861668147,0.0908241419007155,-0.334520295269028,-1.09032777883428,38
"GOBP_COLLAGEN_BIOSYNTHETIC_PROCESS",0.148580968280467,0.475725611445084,0.14641623786055,-0.541270649784954,-1.31067973451386,11
"GOBP_COLLAGEN_CATABOLIC_PROCESS",0.0829268292682927,0.371864240039351,0.197822021315103,-0.490378698107797,-1.36496245686706,20
"GOBP_COLLAGEN_METABOLIC_PROCESS",0.017367121450138,0.197668036842697,0.352487857583619,-0.507578318648162,-1.59792425898959,32
"GOBP_COLUMNAR_CUBOIDAL_EPITHELIAL_CELL_DIFFERENTIATION",0.729865771812081,0.954070354012062,0.0520570030732099,-0.318850925088854,-0.811542234859767,14
"GOBP_COMPLEMENT_ACTIVATION",0.188295165394402,0.536697597172068,0.161978948883402,0.48448441613249,1.26293338980246,12
"GOBP_CONNECTIVE_TISSUE_DEVELOPMENT",0.00935133266618973,0.148374478303544,0.380730400722792,-0.438140360319088,-1.54089682231107,55
"GOBP_CYTOKINESIS",0.992753623188406,0.999752903385224,0.0546808488785442,0.194444444444444,0.487771368954709,10
"GOBP_CYTOKINE_PRODUCTION_INVOLVED_IN_IMMUNE_RESPONSE",0.312997347480106,0.672120619852017,0.125033367555272,0.316752083598876,1.08383366091821,31
"GOBP_CYTOKINE_PRODUCTION_INVOLVED_IN_INFLAMMATORY_RESPONSE",0.75767366720517,0.967688652275008,0.0486034247259069,-0.292562367439785,-0.807888408157187,19
"GOBP_CYTOPLASMIC_PATTERN_RECOGNITION_RECEPTOR_SIGNALING_PATHWAY",0.0444398985013954,0.294715900748998,0.321775918075361,0.485217675356484,1.50073907178801,22
"GOBP_CYTOSKELETON_DEPENDENT_INTRACELLULAR_TRANSPORT",0.918114143920596,0.999752903385224,0.0596037042575973,0.255880256593015,0.655880896433747,11
"GOBP_CYTOSOLIC_TRANSPORT",0.572463768115942,0.882510201210075,0.0819778796501272,0.360569836209787,0.904503304860804,10
"GOBP_DEFENSE_RESPONSE_TO_BACTERIUM",0.898809523809524,0.999752903385224,0.0694481442003175,0.196992768952937,0.800512604516442,74
"GOBP_DEFENSE_RESPONSE_TO_GRAM_NEGATIVE_BACTERIUM",0.972624798711755,0.999752903385224,0.036993251998507,-0.201640803402355,-0.616073488507025,29
"GOBP_DEFENSE_RESPONSE_TO_GRAM_POSITIVE_BACTERIUM",0.613989637305699,0.90164662927421,0.0819778796501272,0.266888216084941,0.931385897436822,34
"GOBP_DEFENSE_RESPONSE_TO_VIRUS",0.00033079665800181,0.0580989493809801,0.49849310876659,0.532610241435859,1.90336783157987,39
"GOBP_DENDRITE_DEVELOPMENT",0.1008,0.400953760445682,0.176694268938498,-0.461626663176999,-1.3515303657405,23
"GOBP_DENDRITE_MORPHOGENESIS",0.389455782312925,0.746500479386385,0.0838361057159929,-0.456006555535721,-1.07430657652911,10
"GOBP_DENDRITIC_CELL_DIFFERENTIATION",0.865951742627346,0.999752903385224,0.066132620475844,0.243876587073523,0.754290582359052,22
"GOBP_DEPHOSPHORYLATION",0.120805369127517,0.435423571523267,0.16440575583821,-0.528518184866248,-1.34518922531229,14
"GOBP_DETECTION_OF_BIOTIC_STIMULUS",0.94147582697201,0.999752903385224,0.0596037042575973,0.242054767454611,0.63097808267934,12
"GOBP_DETOXIFICATION",0.13262599469496,0.452004583351798,0.199915231309662,0.40586380560092,1.27197208000811,23
"GOBP_DEVELOPMENTAL_CELL_GROWTH",0.00533814504064704,0.115489692841489,0.407017918923954,-0.540313516466925,-1.67291168655183,30
"GOBP_DEVELOPMENTAL_GROWTH_INVOLVED_IN_MORPHOGENESIS",0.00500170536601143,0.115489692841489,0.407017918923954,-0.504804925390138,-1.64534959710767,38
"GOBP_DEVELOPMENTAL_MATURATION",0.402402402402402,0.760093426760093,0.0755015292281669,-0.291418845946809,-1.02822783222455,56
"GOBP_DEVELOPMENT_OF_PRIMARY_FEMALE_SEXUAL_CHARACTERISTICS",0.758293838862559,0.967688652275008,0.0475434194201301,-0.273934946167042,-0.827992883277562,27
"GOBP_DEVELOPMENT_OF_PRIMARY_SEXUAL_CHARACTERISTICS",0.619741100323625,0.901794270718151,0.0579754757571486,-0.292036193274694,-0.922114831975593,33
"GOBP_DIGESTION",0.769726247987118,0.972716001881065,0.0477342401407188,-0.269627166117157,-0.823792337777009,29
"GOBP_DIGESTIVE_SYSTEM_DEVELOPMENT",0.878947368421053,0.999752903385224,0.0645031249656493,0.230915973235049,0.710003838845507,21
"GOBP_DIGESTIVE_SYSTEM_PROCESS",0.344992050874404,0.707828518173346,0.086794975677172,-0.380864717147763,-1.09913013136192,22
"GOBP_DISRUPTION_OF_ANATOMICAL_STRUCTURE_IN_ANOTHER_ORGANISM",0.00724017973091381,0.129683910880204,0.407017918923954,0.456548190375083,1.62001283500783,38
"GOBP_DITERPENOID_METABOLIC_PROCESS",0.595238095238095,0.892857142857143,0.0847985102819124,0.31692006508119,0.907218127281054,16
"GOBP_DNA_BIOSYNTHETIC_PROCESS",0.970540098199673,0.999752903385224,0.0378487722705029,-0.226366341937195,-0.58801332973872,15
"GOBP_DNA_DAMAGE_RESPONSE_SIGNAL_TRANSDUCTION_BY_P53_CLASS_MEDIATOR",0.442748091603053,0.78980749972182,0.0995791200495904,0.383107007300941,0.998667068076219,12
"GOBP_DNA_RECOMBINATION",0.953964194373402,0.999752903385224,0.059221919380382,0.215371555416752,0.604775890955067,15
"GOBP_DNA_REPLICATION",0.132992327365729,0.452173913043478,0.195789002148949,0.468158834773455,1.31461731731812,15
"GOBP_DNA_TEMPLATED_TRANSCRIPTION_INITIATION",0.016396822593742,0.189345549276206,0.352487857583619,0.678539729286238,1.70214301359826,10
"GOBP_D_GLUCOSE_IMPORT",0.743961352657005,0.964044293642652,0.0684714904492087,0.313257248013627,0.785817857307043,10
"GOBP_EAR_DEVELOPMENT",0.409235668789809,0.765908958102028,0.0776798560117236,-0.378811854014969,-1.03980181040138,18
"GOBP_EMBRYONIC_EPITHELIAL_TUBE_FORMATION",0.451718494271686,0.78980749972182,0.0739901439101341,-0.391811036498713,-1.01777547946553,15
"GOBP_EMBRYONIC_ORGAN_DEVELOPMENT",0.492447129909366,0.82217731750442,0.0656813601934011,-0.28154787987954,-0.983296995492375,53
"GOBP_EMBRYONIC_ORGAN_MORPHOGENESIS",0.12379421221865,0.440843229546712,0.158514105424824,-0.455973046761356,-1.29161957960113,21
"GOBP_EMBRYONIC_PATTERN_SPECIFICATION",0.206896551724138,0.565992865636147,0.120433371642259,-0.501110097522663,-1.24077262248978,12
"GOBP_EMBRYONIC_PLACENTA_DEVELOPMENT",0.954545454545455,0.999752903385224,0.0613026075396207,0.221003390728456,0.644445684431868,18
"GOBP_EMBRYO_IMPLANTATION",0.894991922455573,0.999752903385224,0.0409883873374721,-0.249525737905528,-0.689046075730282,19
"GOBP_ENDOCARDIAL_CUSHION_DEVELOPMENT",0.0834724540901502,0.371864240039351,0.199915231309662,-0.578971741438572,-1.40197243035665,11
"GOBP_ENDOCHONDRAL_BONE_MORPHOGENESIS",0.0290413255696642,0.242520543353687,0.352487857583619,-0.616910842432371,-1.55876207761398,13
"GOBP_ENDOCRINE_HORMONE_SECRETION",0.955665024630542,0.999752903385224,0.0573667426768556,0.220206424904085,0.610468803414576,14
"GOBP_ENDOCRINE_PROCESS",0.992042440318302,0.999752903385224,0.0590954798717342,0.160705216649553,0.503648134839798,23
"GOBP_ENDOCRINE_SYSTEM_DEVELOPMENT",0.88301282051282,0.999752903385224,0.0412376090540065,-0.259927546955559,-0.691709353775357,16
"GOBP_ENDODERM_DEVELOPMENT",0.183673469387755,0.533101045296167,0.131457611642763,-0.538491359434262,-1.26863265850355,10
"GOBP_ENDOSOMAL_TRANSPORT",0.0450684252312642,0.294715900748998,0.321775918075361,0.477703733395799,1.522702990205,25
"GOBP_ENDOSOME_ORGANIZATION",0.987277353689567,0.999752903385224,0.0573667426768556,0.19472182596291,0.507592582017358,12
"GOBP_ENDOTHELIAL_CELL_APOPTOTIC_PROCESS",0.917874396135266,0.999752903385224,0.0396787203613389,-0.228833404340001,-0.674012844029373,24
"GOBP_ENDOTHELIAL_CELL_CHEMOTAXIS",0.804674457429048,0.986127448392376,0.0473534245254193,-0.308925233634466,-0.748058375907731,11
"GOBP_ENDOTHELIAL_CELL_DEVELOPMENT",0.731587561374795,0.954070354012062,0.0508054139066364,-0.313491479118536,-0.814331171779731,15
"GOBP_ENDOTHELIAL_CELL_DIFFERENTIATION",0.209856915739269,0.569725619155277,0.117249716749792,-0.394224851313207,-1.17868808638637,26
"GOBP_ENDOTHELIAL_CELL_MIGRATION",0.0696969696969697,0.354667078770752,0.208955027549354,-0.366470504531963,-1.32962207933658,65
"GOBP_ENDOTHELIAL_CELL_PROLIFERATION",0.0725075528700906,0.354667078770752,0.204294756516886,-0.380274074958914,-1.32809508468231,53
"GOBP_ENDOTHELIUM_DEVELOPMENT",0.3136,0.672403603603604,0.0925528864684773,-0.352487278903727,-1.09913799142494,31
"GOBP_ENERGY_HOMEOSTASIS",0.932676518883415,0.999752903385224,0.0398406946073899,-0.259874050824654,-0.643460607065826,12
"GOBP_ENSHEATHMENT_OF_NEURONS",0.276972624798712,0.641032266146775,0.10027910675413,-0.384915950552211,-1.13374310578578,24
"GOBP_EOSINOPHIL_CHEMOTAXIS",0.489304812834225,0.818181818181818,0.0965629554309422,0.338759843704903,0.987823393183483,18
"GOBP_EOSINOPHIL_MIGRATION",0.475195822454308,0.802103586837768,0.096887770327544,0.326144118679252,0.983104650987899,19
"GOBP_EPHRIN_RECEPTOR_SIGNALING_PATHWAY",0.0771812080536913,0.359005749513587,0.208955027549354,-0.550192282128835,-1.40035433209737,14
"GOBP_EPIBOLY",0.0476190476190476,0.299958696705993,0.271288554688953,-0.624282136821174,-1.47074728872861,10
"GOBP_EPIDERMAL_CELL_DIFFERENTIATION",0.00553752763893982,0.115489692841489,0.407017918923954,-0.591250629699828,-1.67481585851604,21
"GOBP_EPIDERMIS_DEVELOPMENT",0.0195524261431748,0.20236281837968,0.352487857583619,-0.45026672011837,-1.49598983625633,41
"GOBP_EPIGENETIC_REGULATION_OF_GENE_EXPRESSION",0.0206581544610613,0.20236281837968,0.352487857583619,0.674236273583377,1.72822513707799,11
"GOBP_EPITHELIAL_CELL_DEVELOPMENT",0.3312,0.689436734693878,0.0894366833718621,-0.346078285436131,-1.0895006100354,32
"GOBP_EPITHELIAL_CELL_PROLIFERATION",0.00673783632893389,0.126141110212991,0.407017918923954,-0.39653830134565,-1.54658907970352,100
"GOBP_EPITHELIAL_TO_MESENCHYMAL_TRANSITION",0.00332704403454173,0.10108550811331,0.431707695803346,-0.557595525473117,-1.70096178620574,28
"GOBP_EPITHELIAL_TUBE_MORPHOGENESIS",0.412121212121212,0.768806345140155,0.0747385227439092,-0.295649301977062,-1.02532825147742,51
"GOBP_ERBB2_SIGNALING_PATHWAY",0.825944170771757,0.98851399856425,0.0454059226590179,-0.296952046846353,-0.735267502572312,12
"GOBP_ERBB_SIGNALING_PATHWAY",0.412398921832884,0.768806345140155,0.107554375265169,0.311568335816928,1.02865678181577,28
"GOBP_ERK1_AND_ERK2_CASCADE",0.715339233038348,0.948226036697887,0.0470699590082662,-0.230990799136669,-0.8810632030593,84
"GOBP_ERYTHROCYTE_HOMEOSTASIS",0.423137876386688,0.772996515679442,0.0756946307932749,-0.335006345609398,-1.0219468521282,28
"GOBP_ESTABLISHMENT_OF_CELL_POLARITY",0.276595744680851,0.641032266146775,0.101350743797099,-0.454729572020132,-1.14897512522212,13
"GOBP_ESTABLISHMENT_OF_ENDOTHELIAL_BARRIER",0.540229885057471,0.86291753452133,0.0652353056017703,-0.379234439867673,-0.939002651950701,12
"GOBP_ESTABLISHMENT_OF_ORGANELLE_LOCALIZATION",0.208994708994709,0.569550466497031,0.156312403073186,0.326375477998489,1.17365469169313,41
"GOBP_ESTABLISHMENT_OF_PROTEIN_LOCALIZATION_TO_MEMBRANE",0.18716577540107,0.535692073802778,0.166933848713193,0.412136897096997,1.2017908134977,18
"GOBP_ESTABLISHMENT_OF_PROTEIN_LOCALIZATION_TO_MITOCHONDRION",0.0219232338681113,0.207327006381874,0.352487857583619,0.670392446907647,1.71837251101226,11
"GOBP_ESTABLISHMENT_OF_PROTEIN_LOCALIZATION_TO_ORGANELLE",0.0989304812834225,0.397022332506204,0.234392647294686,0.367373931790846,1.30358743566481,38
"GOBP_ESTABLISHMENT_OR_MAINTENANCE_OF_CELL_POLARITY",0.280898876404494,0.641797752808989,0.0992333343771191,-0.418841833395963,-1.12759921385449,17
"GOBP_EXECUTION_PHASE_OF_APOPTOSIS",0.626984126984127,0.905271464646465,0.0819778796501272,0.307278793633795,0.879618940006896,16
"GOBP_EXOCRINE_SYSTEM_DEVELOPMENT",0.809682804674457,0.986127448392376,0.0470699590082662,-0.305762334378073,-0.740399457103784,11
"GOBP_EXOCYTOSIS",0.113756613756614,0.426109660574413,0.216542836735348,0.35356789551288,1.27143933099863,41
"GOBP_EXTERNAL_ENCAPSULATING_STRUCTURE_ORGANIZATION",0.00229746793070786,0.0856888152846872,0.431707695803346,-0.433969841422072,-1.62298977596713,76
"GOBP_EXTRACELLULAR_MATRIX_DISASSEMBLY",0.0588235294117647,0.337349397590361,0.234392647294686,-0.473670046805433,-1.41622030977461,26
"GOBP_EXTRINSIC_APOPTOTIC_SIGNALING_PATHWAY",0.857558139534884,0.99803832376187,0.070619624712259,0.205839471634008,0.817742489012953,66
"GOBP_EXTRINSIC_APOPTOTIC_SIGNALING_PATHWAY_VIA_DEATH_DOMAIN_RECEPTORS",0.98389694041868,0.999752903385224,0.0364548541965309,-0.190911005141126,-0.583290717687661,29
"GOBP_EYE_MORPHOGENESIS",0.00287116595594802,0.0929244923839212,0.431707695803346,-0.663097552510903,-1.76461011889501,16
"GOBP_FATTY_ACID_BIOSYNTHETIC_PROCESS",0.678048780487805,0.925742998834611,0.0540088272801684,-0.309315366892158,-0.860975129566181,20
"GOBP_FATTY_ACID_CATABOLIC_PROCESS",0.0992555831265509,0.397022332506204,0.224966093540314,0.545841564164329,1.3991194912092,11
"GOBP_FATTY_ACID_METABOLIC_PROCESS",0.942724458204334,0.999752903385224,0.0366082221336689,-0.207543238013989,-0.709315099679909,46
"GOBP_FATTY_ACID_TRANSPORT",0.606109324758842,0.899713218041192,0.0587185879555941,-0.320362857233435,-0.907481137138857,21
"GOBP_FAT_CELL_DIFFERENTIATION",0.967654986522911,0.999752903385224,0.0610363728309177,0.183731381418862,0.606597365015757,28
"GOBP_FC_GAMMA_RECEPTOR_SIGNALING_PATHWAY",0.696223316912972,0.937513522116587,0.0532386494755899,-0.335946011654242,-0.831818428636561,12
"GOBP_FC_RECEPTOR_SIGNALING_PATHWAY",0.839171974522293,0.989269335233091,0.0432768714901103,-0.26693503942562,-0.732710801714655,18
"GOBP_FEEDING_BEHAVIOR",0.817014446227929,0.988405797101449,0.0448645113168564,-0.280173656683447,-0.754278989893364,17
"GOBP_FEMALE_GAMETE_GENERATION",0.951342281879195,0.999752903385224,0.0399218624292714,-0.241631405893159,-0.615002421887897,14
"GOBP_FEMALE_SEX_DIFFERENTIATION",0.494435612082671,0.822906822906823,0.0679922591544058,-0.318078855286482,-0.984831617267819,30
"GOBP_FERTILIZATION",0.725593667546174,0.953217807963143,0.0741758965588009,0.269265199696359,0.858295416326754,25
"GOBP_FIBROBLAST_GROWTH_FACTOR_RECEPTOR_SIGNALING_PATHWAY",0.0121296307877409,0.163406724197113,0.380730400722792,-0.600827129271329,-1.61753708586294,17
"GOBP_FIBROBLAST_PROLIFERATION",0.194736842105263,0.545263157894737,0.161978948883402,0.393372916560859,1.20951477259552,21
"GOBP_FOAM_CELL_DIFFERENTIATION",0.320099255583127,0.681224645264836,0.118815039412263,0.439278559974178,1.12597360787489,11
"GOBP_FOCAL_ADHESION_ASSEMBLY",0.243288590604027,0.606944353625842,0.11101149245045,-0.472566601267614,-1.20278075281084,14
"GOBP_FOREBRAIN_DEVELOPMENT",0.00412150261698899,0.108990846982598,0.407017918923954,-0.487830987072841,-1.68172960505248,47
"GOBP_FORMATION_OF_PRIMARY_GERM_LAYER",0.0752864157119476,0.354667078770752,0.208955027549354,-0.536422184198558,-1.39342002868883,15
"GOBP_GASTRULATION",0.115755627009646,0.427817099202337,0.16440575583821,-0.460037994967199,-1.30313422225385,21
"GOBP_GENERATION_OF_PRECURSOR_METABOLITES_AND_ENERGY",0.0549845710538361,0.328103429521089,0.321775918075361,0.421308003731971,1.44035151314108,32
"GOBP_GLAND_DEVELOPMENT",0.830860534124629,0.989269335233091,0.0404934829859503,-0.216460433652646,-0.803068739247746,72
"GOBP_GLAND_MORPHOGENESIS",0.492845786963434,0.82217731750442,0.0681513438679483,-0.318907161368822,-0.987396207793428,30
"GOBP_GLIAL_CELL_ACTIVATION",0.0376247857535712,0.276001922113003,0.321775918075361,0.459119938448814,1.49056639970522,27
"GOBP_GLIAL_CELL_DEVELOPMENT",0.396782841823056,0.755474530831099,0.109684061970549,0.308994479779897,1.04439981372492,30
"GOBP_GLIAL_CELL_DIFFERENTIATION",0.798955613577023,0.985027125103298,0.0687943095604775,0.22653514514321,0.829192140290755,43
"GOBP_GLIAL_CELL_MIGRATION",0.591787439613527,0.891034482758621,0.0802023444698144,0.355208104172667,0.8910531937857,10
"GOBP_GLIAL_CELL_PROLIFERATION",0.347826086956522,0.709565217391304,0.115240003147781,0.413224315933038,1.10158049433672,13
"GOBP_GLIOGENESIS",0.75,0.965477544643469,0.0787113806986485,0.225434545403148,0.865084143157374,56
"GOBP_GLOMERULUS_DEVELOPMENT",0.69951534733441,0.940564826700899,0.0522693317499306,-0.305360680756483,-0.843229963063943,19
"GOBP_GLUCOSE_METABOLIC_PROCESS",0.294906166219839,0.659237798083352,0.130105630751129,0.355893770299797,1.10075068082063,22
"GOBP_GLUTATHIONE_METABOLIC_PROCESS",0.982188295165394,0.999752903385224,0.057609110864425,0.214244803431125,0.558484250132906,12
"GOBP_GLYCEROLIPID_BIOSYNTHETIC_PROCESS",0.662269129287599,0.922977721894445,0.0789209638180035,0.300381984372965,0.87614172350856,17
"GOBP_GLYCEROLIPID_CATABOLIC_PROCESS",0.998322147651007,0.999795136864333,0.0376923295943841,-0.156257674235587,-0.397708434208871,14
"GOBP_GLYCEROLIPID_METABOLIC_PROCESS",0.9616,0.999752903385224,0.0372254009247509,-0.206248822018238,-0.658628804233232,35
"GOBP_GLYCEROPHOSPHOLIPID_BIOSYNTHETIC_PROCESS",0.173697270471464,0.516749379652605,0.166933848713193,0.499859552171217,1.28125684855194,11
"GOBP_GLYCEROPHOSPHOLIPID_METABOLIC_PROCESS",0.0689655172413793,0.352984797923619,0.282013350011725,0.442783919389152,1.38767925389572,23
"GOBP_GLYCOPROTEIN_BIOSYNTHETIC_PROCESS",0.0114583097060875,0.159033870128277,0.380730400722792,0.541530663837166,1.66505956599881,21
"GOBP_GLYCOPROTEIN_CATABOLIC_PROCESS",0.913265306122449,0.999752903385224,0.0424170054438747,-0.274844820601989,-0.647507354254582,10
"GOBP_GLYCOPROTEIN_METABOLIC_PROCESS",0.0248905531297509,0.220768384281269,0.352487857583619,0.426845809558473,1.49512590853839,36
"GOBP_GLYCOSAMINOGLYCAN_METABOLIC_PROCESS",0.59846547314578,0.89487821534259,0.0826646449123753,0.332120741537217,0.885373189658404,13
"GOBP_GOLGI_VESICLE_TRANSPORT",0.64021164021164,0.911747516072472,0.0808589150280032,0.304758203729518,0.872403477483197,16
"GOBP_GRANULOCYTE_ACTIVATION",0.0152882030205657,0.188203050977309,0.380730400722792,0.518965070759918,1.62643002750318,23
"GOBP_GRANULOCYTE_CHEMOTAXIS",0.289473684210526,0.653030680967822,0.138022242496643,0.296542302137802,1.09637491320951,50
"GOBP_GRANULOCYTE_MIGRATION",0.626139817629179,0.905271464646465,0.0897104652742981,0.236439633230038,0.924364259998278,63
"GOBP_HEART_MORPHOGENESIS",0.00172217802896413,0.0812323428592699,0.45505986738723,-0.57052743408813,-1.77903832418226,31
"GOBP_HEART_PROCESS",0.764135702746365,0.968085106382979,0.0482149710025564,-0.292000802829897,-0.806337690808505,19
"GOBP_HEART_VALVE_DEVELOPMENT",0.0536912751677852,0.328103429521089,0.252961123069611,-0.576001962656212,-1.46604536250717,14
"GOBP_HEART_VALVE_MORPHOGENESIS",0.0251444572994371,0.221643734713557,0.352487857583619,-0.660741596429346,-1.59997705498044,11
"GOBP_HEMATOPOIETIC_OR_LYMPHOID_ORGAN_DEVELOPMENT",0.530026109660574,0.855228570164181,0.0905428948469474,0.314715740452469,0.948655794962232,19
"GOBP_HEMATOPOIETIC_PROGENITOR_CELL_DIFFERENTIATION",0.617886178861789,0.901794270718151,0.0583452776743612,-0.321326300434049,-0.894407400217144,20
"GOBP_HEMOSTASIS",0.904270986745214,0.999752903385224,0.0362254755857254,-0.205315554398145,-0.73603751484911,59
"GOBP_HEPATICOBILIARY_SYSTEM_DEVELOPMENT",0.225201072386059,0.585768909594339,0.151148761385484,0.358172470311503,1.15227529597548,26
"GOBP_HETEROPHILIC_CELL_CELL_ADHESION",0.135048231511254,0.455907504959978,0.151148761385484,-0.452233904298844,-1.28102783596671,21
"GOBP_HETEROTYPIC_CELL_CELL_ADHESION",0.123595505617978,0.440843229546712,0.158514105424824,-0.440956146482646,-1.30985980346228,25
"GOBP_HINDBRAIN_DEVELOPMENT",0.137820512820513,0.461135172099385,0.149207542435322,-0.493367608275655,-1.31293121291371,16
"GOBP_HOMEOSTASIS_OF_NUMBER_OF_CELLS",0.917159763313609,0.999752903385224,0.0681513438679483,0.191515410522758,0.775299427884445,71
"GOBP_HOMEOSTASIS_OF_NUMBER_OF_CELLS_WITHIN_A_TISSUE",0.620772946859903,0.901794270718151,0.0776798560117236,0.349219396351355,0.876030289836879,10
"GOBP_HOMOPHILIC_CELL_CELL_ADHESION",0.000462492371863177,0.0580989493809801,0.49849310876659,-0.555444148264339,-1.83495844165343,40
"GOBP_HOMOTYPIC_CELL_CELL_ADHESION",0.0747217806041336,0.354667078770752,0.206587922696891,-0.4369367006984,-1.35283773328757,30
"GOBP_HORMONE_BIOSYNTHETIC_PROCESS",0.903061224489796,0.999752903385224,0.0429311093452583,-0.27884425338406,-0.656929624368918,10
"GOBP_HORMONE_MEDIATED_SIGNALING_PATHWAY",0.879227053140097,0.999752903385224,0.0416556773979467,-0.242073856988873,-0.713011674518487,24
"GOBP_HORMONE_METABOLIC_PROCESS",0.892761394101877,0.999752903385224,0.0646484568421928,0.212391839394281,0.768036803805322,42
"GOBP_HORMONE_TRANSPORT",0.9808,0.999752903385224,0.0363018462359236,-0.18801032192412,-0.634266800283195,44
"GOBP_HUMORAL_IMMUNE_RESPONSE",0.324921135646688,0.684347170654086,0.135002033828631,0.249829343026666,1.0577082305611,95
"GOBP_HUMORAL_IMMUNE_RESPONSE_MEDIATED_BY_CIRCULATING_IMMUNOGLOBULIN",0.143920595533499,0.473122529644269,0.184706471207739,0.518625803505526,1.32935913636317,11
"GOBP_HYDROGEN_PEROXIDE_METABOLIC_PROCESS",0.0676328502415459,0.352984797923619,0.271288554688953,0.591420698109741,1.48360157251785,10
"GOBP_ICOSANOID_BIOSYNTHETIC_PROCESS",0.81342062193126,0.98772504091653,0.0459538081039063,-0.298117401296165,-0.753259738449536,13
"GOBP_ICOSANOID_METABOLIC_PROCESS",0.987281399046105,0.999752903385224,0.0356933083353341,-0.183703745694435,-0.54925359411843,26
"GOBP_ICOSANOID_SECRETION",0.572463768115942,0.882510201210075,0.0819778796501272,0.360321985720643,0.903881562374249,10
"GOBP_ICOSANOID_TRANSPORT",0.572463768115942,0.882510201210075,0.0819778796501272,0.360321985720643,0.903881562374249,10
"GOBP_IMMUNE_RESPONSE_INHIBITING_SIGNAL_TRANSDUCTION",0.89769820971867,0.999752903385224,0.0621124188949471,0.240591909369906,0.675596116043318,15
"GOBP_IMMUNE_RESPONSE_REGULATING_CELL_SURFACE_RECEPTOR_SIGNALING_PATHWAY",0.854938271604938,0.996252369824964,0.0738052724171275,0.199671561140139,0.841377072920719,91
"GOBP_IMMUNE_RESPONSE_TO_TUMOR_CELL",0.470588235294118,0.802099574855461,0.096240602328129,0.369403251957736,0.984761547689601,13
"GOBP_IMMUNE_SYSTEM_DEVELOPMENT",0.823248407643312,0.988405797101449,0.0441523058441465,-0.243879090045463,-0.794893913206512,38
"GOBP_IMMUNOGLOBULIN_PRODUCTION",0.94488188976378,0.999752903385224,0.0609039347452418,0.213234867027526,0.67212822762114,24
"GOBP_IMMUNOLOGICAL_MEMORY_PROCESS",0.208436724565757,0.569115951586808,0.151148761385484,0.484731223417109,1.24247940649016,11
"GOBP_IMPORT_ACROSS_PLASMA_MEMBRANE",0.24317617866005,0.606944353625842,0.13880510939114,0.469807642398628,1.204226780724,11
"GOBP_IMPORT_INTO_NUCLEUS",0.590690208667737,0.891034482758621,0.0598603117764473,-0.339998857023772,-0.9153394272558,17
"GOBP_INDUCTION_OF_POSITIVE_CHEMOTAXIS",0.960591133004926,0.999752903385224,0.0384786917635432,-0.238197671261627,-0.589788852197056,12
"GOBP_INFLAMMATORY_RESPONSE_TO_ANTIGENIC_STIMULUS",0.976127320954907,0.999752903385224,0.0598603117764473,0.19721947869955,0.618083374466377,23
"GOBP_INFLAMMATORY_RESPONSE_TO_WOUNDING",0.203208556149733,0.56019656019656,0.159646701919906,0.403792059118257,1.17745727361419,18
"GOBP_INNATE_IMMUNE_RESPONSE_ACTIVATING_CELL_SURFACE_RECEPTOR_SIGNALING_PATHWAY",0.122994652406417,0.440191387559809,0.208955027549354,0.444231579399507,1.29537887762146,18
"GOBP_INSULIN_LIKE_GROWTH_FACTOR_RECEPTOR_SIGNALING_PATHWAY",0.0591133004926108,0.337655172413793,0.237793834423688,-0.590141221151752,-1.46121795235759,12
"GOBP_INSULIN_RECEPTOR_SIGNALING_PATHWAY",0.836898395721925,0.989269335233091,0.0676760401641789,0.258918896999716,0.755007265903643,18
"GOBP_INSULIN_SECRETION",0.715817694369973,0.948226036697887,0.0756946307932749,0.266058661089863,0.855936309643045,26
"GOBP_INTEGRIN_MEDIATED_SIGNALING_PATHWAY",0.0641025641025641,0.350722074860006,0.224966093540314,-0.409098929388607,-1.35149418046574,40
"GOBP_INTERFERON_MEDIATED_SIGNALING_PATHWAY",0.203208556149733,0.56019656019656,0.159646701919906,0.403301939617906,1.17602808560121,18
"GOBP_INTERLEUKIN_10_PRODUCTION",0.648293963254593,0.914786343406679,0.0797705918628453,0.284616641863323,0.897127574461739,24
"GOBP_INTERLEUKIN_12_PRODUCTION",0.00863026697398177,0.138845825500177,0.380730400722792,0.590066758350569,1.72063412553228,18
"GOBP_INTERLEUKIN_13_PRODUCTION",0.46551724137931,0.798029556650246,0.0946646223153342,0.36028113799762,0.998791907647779,14
"GOBP_INTERLEUKIN_17_PRODUCTION",0.083969465648855,0.372386325921009,0.248911114434702,0.546576867361508,1.42479335330305,12
"GOBP_INTERLEUKIN_1_MEDIATED_SIGNALING_PATHWAY",0.58843537414966,0.891034482758621,0.0628003977812234,-0.386338918905133,-0.910176479505496,10
"GOBP_INTERLEUKIN_1_PRODUCTION",0.130890052356021,0.447368421052632,0.199915231309662,0.358430007659786,1.25548378090929,36
"GOBP_INTERLEUKIN_2_PRODUCTION",0.611382113821138,0.900312753388162,0.0588438169595807,-0.322646318043236,-0.898081651333465,20
"GOBP_INTERLEUKIN_4_PRODUCTION",0.551554828150573,0.872226239866022,0.0640703750499722,-0.365897921534284,-0.924522256922306,13
"GOBP_INTERLEUKIN_5_PRODUCTION",0.368956743002545,0.732962447844228,0.11101149245045,0.4147353704116,1.08111454111594,12
"GOBP_INTERLEUKIN_6_PRODUCTION",0.321637426900585,0.681490861668147,0.130105630751129,0.291738174373269,1.07861311287642,50
"GOBP_INTERLEUKIN_8_PRODUCTION",0.0689655172413793,0.352984797923619,0.282013350011725,0.400718308199208,1.36996025816128,32
"GOBP_INTRACELLULAR_GLUCOSE_HOMEOSTASIS",0.650238473767886,0.914818266542405,0.0549073703290958,-0.306568580175898,-0.884720344597957,22
"GOBP_INTRACELLULAR_IRON_ION_HOMEOSTASIS",0.80306905370844,0.986055553478635,0.0675188953767744,0.284522198928144,0.758484175446792,13
"GOBP_INTRACELLULAR_RECEPTOR_SIGNALING_PATHWAY",0.0561483024198923,0.328103429521089,0.321775918075361,0.376711151856354,1.3462375156508,39
"GOBP_INTRINSIC_APOPTOTIC_SIGNALING_PATHWAY",0.879518072289157,0.999752903385224,0.0711327399327894,0.20424980426292,0.794026606326902,60
"GOBP_INTRINSIC_APOPTOTIC_SIGNALING_PATHWAY_BY_P53_CLASS_MEDIATOR",0.80306905370844,0.986055553478635,0.0675188953767744,0.284413448572161,0.758194266875871,13
"GOBP_INTRINSIC_APOPTOTIC_SIGNALING_PATHWAY_IN_RESPONSE_TO_DNA_DAMAGE",0.506702412868633,0.837526205450734,0.0946646223153342,0.312845352674286,0.967605402751795,22
"GOBP_INTRINSIC_APOPTOTIC_SIGNALING_PATHWAY_IN_RESPONSE_TO_ENDOPLASMIC_RETICULUM_STRESS",0.992063492063492,0.999752903385224,0.0589694466690997,0.185062904925353,0.52976267688371,16
"GOBP_INTRINSIC_APOPTOTIC_SIGNALING_PATHWAY_IN_RESPONSE_TO_OXIDATIVE_STRESS",0.107416879795396,0.410137177400605,0.219250346703755,0.515940876230627,1.37540406886112,13
"GOBP_IN_UTERO_EMBRYONIC_DEVELOPMENT",0.378306878306878,0.740030441400304,0.111918316325105,0.288469656485811,1.03899224347109,40
"GOBP_ISOPRENOID_METABOLIC_PROCESS",0.637075718015666,0.911747516072472,0.080419996876154,0.293562875060451,0.884894165800171,19
"GOBP_JNK_CASCADE",0.522435897435897,0.84873545112453,0.0656813601934011,-0.292692455763891,-0.972456811501807,41
"GOBP_KERATINOCYTE_DIFFERENTIATION",0.0218963928388404,0.207327006381874,0.352487857583619,-0.613225091719512,-1.59292465909692,15
"GOBP_KERATINOCYTE_PROLIFERATION",0.0257523143562192,0.224233566467567,0.352487857583619,-0.605216726744857,-1.57212198448456,15
"GOBP_KETONE_METABOLIC_PROCESS",0.609164420485175,0.900312753388162,0.0845557442441281,0.276005216655356,0.911243554915949,28
"GOBP_KIDNEY_EPITHELIUM_DEVELOPMENT",0.255961844197138,0.621808143547274,0.104343952581949,-0.37854817656717,-1.13181658730214,26
"GOBP_KIDNEY_MORPHOGENESIS",0.451559934318555,0.78980749972182,0.0741758965588009,-0.40549813974555,-1.00403283181508,12
"GOBP_LABYRINTHINE_LAYER_DEVELOPMENT",0.616026711185309,0.901794270718151,0.0597317976364411,-0.369686860336753,-0.895191853007265,11
"GOBP_LAMELLIPODIUM_ORGANIZATION",0.607679465776294,0.900312753388162,0.0603786357920401,-0.373164899127954,-0.903613878035392,11
"GOBP_LEARNING",0.310897435897436,0.669772126400604,0.0931454575337804,-0.420616110648153,-1.11932767993106,16
"GOBP_LEARNING_OR_MEMORY",0.3488,0.71053694721826,0.0865399737444125,-0.33405102263294,-1.0667485197572,35
"GOBP_LENS_DEVELOPMENT_IN_CAMERA_TYPE_EYE",0.0425170068027211,0.290498974709501,0.287857117255149,-0.630342643320565,-1.48502524572364,10
"GOBP_LEUKOCYTE_ADHESION_TO_VASCULAR_ENDOTHELIAL_CELL",0.287781350482315,0.650240140013839,0.0978773277424561,-0.401429048349013,-1.1371146219079,21
"GOBP_LEUKOCYTE_APOPTOTIC_PROCESS",0.550955414012739,0.872226239866022,0.0628003977812234,-0.291483602510262,-0.950054969418334,38
"GOBP_LEUKOCYTE_CELL_CELL_ADHESION",0.643109540636042,0.912471962860571,0.096887770327544,0.209136355401659,0.931240016623622,135
"GOBP_LEUKOCYTE_CHEMOTAXIS",0.0381759165826829,0.276001922113003,0.321775918075361,0.313038268686825,1.3190823005337,91
"GOBP_LEUKOCYTE_DEGRANULATION",0.799472295514512,0.985027125103298,0.0692836467392548,0.254645785216922,0.811695348990792,25
"GOBP_LEUKOCYTE_HOMEOSTASIS",0.588541666666667,0.891034482758621,0.0845557442441281,0.271449632473601,0.932413609065832,33
"GOBP_LEUKOCYTE_MEDIATED_CYTOTOXICITY",0.02296018866046,0.210174034661134,0.352487857583619,0.408963123843643,1.50493722026765,48
"GOBP_LEUKOCYTE_MEDIATED_IMMUNITY",0.00490499540517387,0.115489692841489,0.407017918923954,0.34031695483817,1.48965095815432,114
"GOBP_LEUKOCYTE_MIGRATION",0.764084507042254,0.968085106382979,0.086794975677172,0.199701251561063,0.900691518020368,146
"GOBP_LEUKOCYTE_MIGRATION_INVOLVED_IN_INFLAMMATORY_RESPONSE",0.751207729468599,0.965477544643469,0.0679922591544058,0.307736701053875,0.771969352889082,10
"GOBP_LEUKOCYTE_PROLIFERATION",0.592715231788079,0.891034482758621,0.0978773277424561,0.218792755838848,0.95038114763231,111
"GOBP_LEUKOCYTE_TETHERING_OR_ROLLING",0.173486088379705,0.516749379652605,0.132846300606183,-0.48459839643359,-1.25880161438496,15
"GOBP_LIMBIC_SYSTEM_DEVELOPMENT",0.270134228187919,0.640661427163698,0.104343952581949,-0.458864344619566,-1.16790564627107,14
"GOBP_LIPID_CATABOLIC_PROCESS",0.0833983820477632,0.371864240039351,0.287805130535564,0.359622839543126,1.32337065356951,48
"GOBP_LIPID_EXPORT_FROM_CELL",0.949197860962567,0.999752903385224,0.0615706755421678,0.223600903046941,0.652020027967452,18
"GOBP_LIPID_HOMEOSTASIS",0.644736842105263,0.912471962860571,0.0802023444698144,0.287674770398808,0.884521709177076,21
"GOBP_LIPID_LOCALIZATION",0.819018404907976,0.988405797101449,0.0756946307932749,0.216200162342584,0.841494593167934,62
"GOBP_LIPID_MODIFICATION",0.389162561576355,0.746500479386385,0.105520936843198,0.381293285173335,1.05704297979119,14
"GOBP_LIPID_OXIDATION",0.451612903225806,0.78980749972182,0.096887770327544,0.388152690549396,0.994926056509428,11
"GOBP_LIPOPOLYSACCHARIDE_MEDIATED_SIGNALING_PATHWAY",0.551451187335092,0.872226239866022,0.0888945288620449,0.324608200930026,0.946803747972854,17
"GOBP_LIPOPROTEIN_METABOLIC_PROCESS",0.975186104218362,0.999752903385224,0.0567672387487446,0.226167465486967,0.579720068999609,11
"GOBP_LOCOMOTORY_BEHAVIOR",0.810026385224274,0.986127448392376,0.0686325631836726,0.252240224878195,0.80402751291411,25
"GOBP_LONG_CHAIN_FATTY_ACID_METABOLIC_PROCESS",0.706176961602671,0.944214139670987,0.053347785067549,-0.341060132473067,-0.825872609314145,11
"GOBP_LONG_CHAIN_FATTY_ACID_TRANSPORT",0.796327212020033,0.985027125103298,0.0478299633114229,-0.312000542746062,-0.755505196332109,11
"GOBP_LONG_TERM_SYNAPTIC_POTENTIATION",0.235294117647059,0.597864768683274,0.143758989039275,0.448637857994541,1.19598652434548,13
"GOBP_LOW_DENSITY_LIPOPROTEIN_PARTICLE_CLEARANCE",0.978297161936561,0.999752903385224,0.0383995813369433,-0.227057263063126,-0.549816165700576,11
"GOBP_LUNG_ALVEOLUS_DEVELOPMENT",0.409165302782324,0.765908958102028,0.0791316651768349,-0.411992602625761,-1.04099069275302,13
"GOBP_LYMPHOCYTE_ACTIVATION_INVOLVED_IN_IMMUNE_RESPONSE",0.0737463126843658,0.354667078770752,0.287857117255149,0.347485563492377,1.30394578945829,52
"GOBP_LYMPHOCYTE_APOPTOTIC_PROCESS",0.39268680445151,0.751004016064257,0.0797705918628453,-0.347208678558289,-1.03811500351475,26
"GOBP_LYMPHOCYTE_CHEMOTAXIS",0.0102435051535446,0.158997014774584,0.380730400722792,0.55428099293196,1.70059832496964,20
"GOBP_LYMPHOCYTE_COSTIMULATION",0.948553054662379,0.999752903385224,0.0380842053196415,-0.224379767454813,-0.635593053075054,21
"GOBP_LYMPHOCYTE_DIFFERENTIATION",0.845679012345679,0.991228623714268,0.0743625384422526,0.201642198743209,0.84968095600147,91
"GOBP_LYMPHOCYTE_HOMEOSTASIS",0.152815013404826,0.480660438638967,0.186432558434075,0.405240283516131,1.25337545976309,22
"GOBP_LYMPHOCYTE_MEDIATED_IMMUNITY",0.00566125945301416,0.115489692841489,0.407017918923954,0.372237180337488,1.54433631698677,82
"GOBP_LYMPHOCYTE_MIGRATION",0.114882506527415,0.426109660574413,0.213927855492356,0.343722474164869,1.25813579097682,43
"GOBP_LYMPH_VESSEL_DEVELOPMENT",0.829931972789116,0.989269335233091,0.046788296531803,-0.302325931282657,-0.712250147041589,10
"GOBP_LYSOSOMAL_TRANSPORT",0.0215105435845444,0.206154739857244,0.352487857583619,0.636087617482434,1.69569331980288,13
"GOBP_LYTIC_VACUOLE_ORGANIZATION",0.00186823499696748,0.0812323428592699,0.45505986738723,0.761002704572157,1.95062777687131,11
"GOBP_L_AMINO_ACID_CATABOLIC_PROCESS",0.086777342696484,0.376960033789135,0.287805130535564,0.586008727413894,1.50207731761637,11
"GOBP_L_AMINO_ACID_METABOLIC_PROCESS",0.0664961636828645,0.352984797923619,0.282013350011725,0.504453795703202,1.4165356848156,15
"GOBP_MACROAUTOPHAGY",0.00842110179585838,0.138845825500177,0.380730400722792,0.517349392197489,1.66436276774326,26
"GOBP_MACROPHAGE_ACTIVATION",0.103174603174603,0.406998158379374,0.227987202850442,0.360062326598026,1.29685031368249,40
"GOBP_MACROPHAGE_ACTIVATION_INVOLVED_IN_IMMUNE_RESPONSE",0.14975845410628,0.478422980903284,0.178219874951973,0.525343951295477,1.31784551123385,10
"GOBP_MACROPHAGE_CHEMOTAXIS",0.685421994884911,0.931286973069127,0.0755015292281669,0.298368214720451,0.837835351753223,15
"GOBP_MACROPHAGE_DIFFERENTIATION",0.245430809399478,0.609285269494223,0.142056643575821,0.382793489707199,1.15386431502429,19
"GOBP_MACROPHAGE_MIGRATION",0.951871657754011,0.999752903385224,0.0614364107201271,0.222578117316973,0.649037585718018,18
"GOBP_MAINTENANCE_OF_BLOOD_BRAIN_BARRIER",0.0901360544217687,0.378571428571429,0.193813302725311,-0.593325390819944,-1.39781624110805,10
"GOBP_MAINTENANCE_OF_CELL_NUMBER",0.700490998363339,0.940564826700899,0.052805004567129,-0.329856322781857,-0.83345516345001,13
"GOBP_MAINTENANCE_OF_LOCATION",0.191374663072776,0.538595077190154,0.165656695205483,0.363243199340804,1.19926365261304,28
"GOBP_MALE_SEX_DIFFERENTIATION",0.229166666666667,0.58967112024666,0.111918316325105,-0.451956056209002,-1.20272835733197,16
"GOBP_MAMMARY_GLAND_DEVELOPMENT",0.0561797752808989,0.328103429521089,0.241339976815091,-0.482350588357692,-1.43282195271766,25
"GOBP_MAMMARY_GLAND_EPITHELIUM_DEVELOPMENT",0.506711409395973,0.837526205450734,0.0694481442003175,-0.382050398198777,-0.972398100764169,14
"GOBP_MAMMARY_GLAND_MORPHOGENESIS",0.247078464106845,0.609285269494223,0.109684061970549,-0.491400912780609,-1.1899208245617,11
"GOBP_MAST_CELL_ACTIVATION",0.88130081300813,0.999752903385224,0.0419926218968594,-0.255354120854906,-0.71077473291187,20
"GOBP_MAST_CELL_ACTIVATION_INVOLVED_IN_IMMUNE_RESPONSE",0.711822660098522,0.947448462318351,0.0716527366829457,0.291580685339484,0.808336596697977,14
"GOBP_MATERNAL_PLACENTA_DEVELOPMENT",0.610544217687075,0.900312753388162,0.0610363728309177,-0.379100477603441,-0.893123424017968,10
"GOBP_MATERNAL_PROCESS_INVOLVED_IN_FEMALE_PREGNANCY",0.847790507364975,0.991519119178694,0.0440640346597561,-0.278647462431952,-0.723819719865053,15
"GOBP_MATURE_B_CELL_DIFFERENTIATION",0.213399503722084,0.57612323491656,0.149207542435322,0.483392292397476,1.23904741338092,11
"GOBP_MEGAKARYOCYTE_DIFFERENTIATION",0.806343906510851,0.986127448392376,0.0472587336673259,-0.307850906957505,-0.74545690803893,11
"GOBP_MEMBRANELESS_ORGANELLE_ASSEMBLY",0.453083109919571,0.789991063449509,0.101350743797099,0.309803426190409,0.99666742755887,26
"GOBP_MEMBRANE_DOCKING",0.650124069478908,0.914818266542405,0.0766746872490091,0.329070804278042,0.843485374658438,11
"GOBP_MEMBRANE_FUSION",0.752631578947368,0.965477544643469,0.0721797965581253,0.269805303900823,0.829577957846475,21
"GOBP_MEMBRANE_INVAGINATION",0.278523489932886,0.641502489716389,0.102449405629826,-0.451441082499336,-1.14901189293062,14
"GOBP_MEMBRANE_LIPID_CATABOLIC_PROCESS",0.086777342696484,0.376960033789135,0.287805130535564,0.58709671398298,1.50486608145357,11
"GOBP_MEMBRANE_LIPID_METABOLIC_PROCESS",0.0398215145250676,0.284325613708983,0.321775918075361,0.507645404331886,1.4802935328957,18
"GOBP_MEMBRANE_PROTEIN_ECTODOMAIN_PROTEOLYSIS",0.253298153034301,0.619366031734557,0.140406238523342,0.397024995336557,1.15802605278167,17
"GOBP_MEMBRANE_PROTEIN_PROTEOLYSIS",0.0736842105263158,0.354667078770752,0.271288554688953,0.46093685144373,1.41725550383336,21
"GOBP_MEMORY",0.923482849604222,0.999752903385224,0.062249042949858,0.219872682077149,0.641315527060155,17
"GOBP_MESENCHYMAL_CELL_DIFFERENTIATION",0.0329557762914089,0.265320670509269,0.321775918075361,-0.435514334217661,-1.45577806527196,42
"GOBP_MESENCHYMAL_CELL_MIGRATION",0.672667757774141,0.925742998834611,0.0546808488785442,-0.329294635939406,-0.855381739558931,15
"GOBP_MESENCHYME_DEVELOPMENT",0.0454545454545455,0.294715900748998,0.261663521711573,-0.407705450740705,-1.41045176398058,50
"GOBP_MESENCHYME_MORPHOGENESIS",0.00135631654782138,0.0812323428592699,0.45505986738723,-0.762303364193685,-1.79591171995638,10
"GOBP_MESODERM_DEVELOPMENT",0.496644295302013,0.825620551445023,0.0704500850658419,-0.384738363111451,-0.979239533172897,14
"GOBP_MESONEPHROS_DEVELOPMENT",0.214634146341463,0.57612323491656,0.117249716749792,-0.426129901868349,-1.18612680371952,20
"GOBP_METANEPHROS_DEVELOPMENT",0.708674304418985,0.944899072558647,0.0522693317499306,-0.327241582957362,-0.826848443319788,13
"GOBP_METENCEPHALON_DEVELOPMENT",0.267651888341544,0.637011494252874,0.103576326612592,-0.47382977917952,-1.17322524657316,12
"GOBP_MICROTUBULE_BASED_TRANSPORT",0.864734299516908,0.999752903385224,0.0611692626746689,0.27372257285178,0.686643603807691,10
"GOBP_MICROTUBULE_CYTOSKELETON_ORGANIZATION_INVOLVED_IN_MITOSIS",0.865353037766831,0.999752903385224,0.0432768714901103,-0.282828714004909,-0.700297453446169,12
"GOBP_MIRNA_METABOLIC_PROCESS",0.509138381201044,0.839549201333824,0.0928481214159878,0.320549194785528,0.966239727210894,19
"GOBP_MIRNA_TRANSCRIPTION",0.713903743315508,0.947448462318351,0.0756946307932749,0.290017429972843,0.845690559497625,18
"GOBP_MITOCHONDRION_ORGANIZATION",0.144385026737968,0.473122529644269,0.191892240384838,0.347170798231092,1.23189875884125,38
"GOBP_MITOTIC_CELL_CYCLE_PHASE_TRANSITION",0.0324324282768019,0.264648614738703,0.321775918075361,0.457524568307768,1.51053780482255,28
"GOBP_MITOTIC_NUCLEAR_DIVISION",0.9024,0.999752903385224,0.0401660980049421,-0.241727745952836,-0.707719928153279,23
"GOBP_MODIFIED_AMINO_ACID_METABOLIC_PROCESS",0.871313672922252,0.999752903385224,0.0658311958368866,0.228901855693247,0.73639929190784,26
"GOBP_MODULATION_BY_SYMBIONT_OF_ENTRY_INTO_HOST",0.0678967682132306,0.352984797923619,0.287805130535564,0.60327691254348,1.54633971164934,11
"GOBP_MODULATION_OF_PROCESS_OF_ANOTHER_ORGANISM",0.145780051150895,0.473122529644269,0.186432558434075,0.497064892345394,1.32508414610334,13
"GOBP_MOLTING_CYCLE",0.881219903691814,0.999752903385224,0.0414044273760278,-0.265180294255156,-0.71391410191143,17
"GOBP_MOLTING_CYCLE_PROCESS",0.881219903691814,0.999752903385224,0.0414044273760278,-0.265180294255156,-0.71391410191143,17
"GOBP_MONOCARBOXYLIC_ACID_BIOSYNTHETIC_PROCESS",0.965023847376789,0.999752903385224,0.0367619553883609,-0.207598479057164,-0.620696166671147,26
"GOBP_MONOCARBOXYLIC_ACID_CATABOLIC_PROCESS",0.0112897050429002,0.159033870128277,0.380730400722792,0.613222696137381,1.75541660908555,16
"GOBP_MONOCARBOXYLIC_ACID_TRANSPORT",0.873994638069705,0.999752903385224,0.0656813601934011,0.226716403987406,0.72936848351266,26
"GOBP_MONOCYTE_CHEMOTAXIS",0.016024137131498,0.189345549276206,0.352487857583619,0.474022916988036,1.59588271375995,29
"GOBP_MONOCYTE_DIFFERENTIATION",0.247078464106845,0.609285269494223,0.109684061970549,-0.491406441246042,-1.18993421166778,11
"GOBP_MONONUCLEAR_CELL_MIGRATION",0.190332326283988,0.537549407114625,0.176694268938498,0.277561790072064,1.13744391507653,79
"GOBP_MONOSACCHARIDE_BIOSYNTHETIC_PROCESS",0.0713122656883582,0.354667078770752,0.287805130535564,0.588988894754709,1.53535122418705,12
"GOBP_MONOSACCHARIDE_METABOLIC_PROCESS",0.0359336321065065,0.276001922113003,0.321775918075361,0.432471370593771,1.47979146185047,31
"GOBP_MONOSACCHARIDE_TRANSMEMBRANE_TRANSPORT",0.733974358974359,0.954457003711068,0.0496901392724606,-0.303761479018037,-0.808358555352878,16
"GOBP_MORPHOGENESIS_OF_AN_EPITHELIAL_SHEET",0.0673234811165846,0.352984797923619,0.222056046145248,-0.581997065874068,-1.44105263349491,12
"GOBP_MORPHOGENESIS_OF_A_BRANCHING_STRUCTURE",0.3696,0.73304,0.0833634065110386,-0.314523093283293,-1.06106704116214,44
"GOBP_MORPHOGENESIS_OF_EMBRYONIC_EPITHELIUM",0.351524879614767,0.714050537823453,0.0862865626267245,-0.398466552951515,-1.07274521318091,17
"GOBP_MRNA_CATABOLIC_PROCESS",0.272264631043257,0.641032266146775,0.132147260608774,0.448368463466105,1.16878785899053,12
"GOBP_MULTICELLULAR_ORGANISMAL_LEVEL_CHEMICAL_HOMEOSTASIS",0.242966751918159,0.606944353625842,0.141225119642531,0.445466011265284,1.18753096073692,13
"GOBP_MULTICELLULAR_ORGANISMAL_RESPONSE_TO_STRESS",0.189655172413793,0.537549407114625,0.158514105424824,0.453734208339782,1.25786783629994,14
"GOBP_MULTICELLULAR_ORGANISM_GROWTH",0.617414248021108,0.901794270718151,0.0826646449123753,0.288250942040442,0.918813357924341,25
"GOBP_MULTI_MULTICELLULAR_ORGANISM_PROCESS",0.958904109589041,0.999752903385224,0.0350150690873584,-0.191538310824049,-0.66030173636028,47
"GOBP_MUSCLE_ADAPTATION",0.959871589085072,0.999752903385224,0.0374584205912161,-0.230898509890415,-0.621621236163546,17
"GOBP_MUSCLE_CELL_APOPTOTIC_PROCESS",0.798029556650246,0.985027125103298,0.065981614400873,0.267160271913612,0.740636934576515,14
"GOBP_MUSCLE_CELL_DEVELOPMENT",0.0273225355005123,0.230867341388945,0.352487857583619,-0.563739306439271,-1.55672260544103,19
"GOBP_MUSCLE_CELL_DIFFERENTIATION",0.447488584474886,0.78980749972182,0.0707899094502623,-0.292041179707965,-1.00677142457947,47
"GOBP_MUSCLE_CELL_MIGRATION",0.0842607313195548,0.372521127939085,0.193813302725311,-0.478248607155132,-1.38016841870427,22
"GOBP_MUSCLE_CELL_PROLIFERATION",0.41400304414003,0.770790543718336,0.0747385227439092,-0.298257018606376,-1.02819966627117,47
"GOBP_MUSCLE_CONTRACTION",0.118780096308186,0.431597907196157,0.161978948883402,-0.444448413055415,-1.32023357791385,25
"GOBP_MUSCLE_HYPERTROPHY",0.92512077294686,0.999752903385224,0.0579754757571486,0.254311943438402,0.637951293218477,10
"GOBP_MUSCLE_ORGAN_DEVELOPMENT",0.0540540540540541,0.328103429521089,0.245041785430996,-0.455841475501126,-1.41137045130268,30
"GOBP_MUSCLE_TISSUE_DEVELOPMENT",0.00709271336250178,0.129683910880204,0.407017918923954,-0.495996970430166,-1.59844290611058,36
"GOBP_MYELOID_CELL_ACTIVATION_INVOLVED_IN_IMMUNE_RESPONSE",0.113989637305699,0.426109660574413,0.213927855492356,0.367768975975921,1.28343934686774,34
"GOBP_MYELOID_CELL_DEVELOPMENT",0.978609625668449,0.999752903385224,0.0601186142531851,0.201671698863744,0.588074488705338,18
"GOBP_MYELOID_CELL_DIFFERENTIATION",0.982378854625551,0.999752903385224,0.0321428397352941,-0.177645229654677,-0.689292623365429,97
"GOBP_MYELOID_CELL_HOMEOSTASIS",0.776699029126214,0.974006372631226,0.0475434194201301,-0.262413194488274,-0.82857914298358,33
"GOBP_MYELOID_LEUKOCYTE_ACTIVATION",0.277777777777778,0.641502489716389,0.14551614609036,0.260990244723859,1.08713674066711,85
"GOBP_MYELOID_LEUKOCYTE_DIFFERENTIATION",0.912280701754386,0.999752903385224,0.0678338263479455,0.198250421178216,0.785658669390276,65
"GOBP_MYELOID_LEUKOCYTE_MEDIATED_IMMUNITY",0.183246073298429,0.532943773258976,0.166933848713193,0.332507870731343,1.17277616965137,37
"GOBP_MYELOID_LEUKOCYTE_MIGRATION",0.801261829652997,0.985531346033143,0.0782955249944794,0.203246738890508,0.86049038897824,95
"GOBP_MYOBLAST_DIFFERENTIATION",0.371019108280255,0.733276033057851,0.0828962134571565,-0.388568094631819,-1.06658174494828,18
"GOBP_MYOBLAST_FUSION",0.241545893719807,0.606565820143465,0.137250779610133,0.479846025355011,1.20371221375657,10
"GOBP_MYOTUBE_DIFFERENTIATION",0.291005291005291,0.653773584905661,0.130105630751129,0.394828663724064,1.13023995753902,16
"GOBP_NATURAL_KILLER_CELL_ACTIVATION",0.471849865951743,0.802099574855461,0.0988903007520636,0.293154260168527,0.990859949765988,30
"GOBP_NATURAL_KILLER_CELL_MEDIATED_IMMUNITY",0.00818879927442364,0.138845825500177,0.380730400722792,0.501244242878983,1.69420306235373,30
"GOBP_NECROPTOTIC_PROCESS",0.985221674876847,0.999752903385224,0.0373029764832679,-0.216048464917533,-0.534946355553122,12
"GOBP_NEGATIVE_CHEMOTAXIS",0.206896551724138,0.565992865636147,0.120433371642259,-0.499728768335397,-1.23735238520723,12
"GOBP_NEGATIVE_REGULATION_OF_ADAPTIVE_IMMUNE_RESPONSE",0.0719651616207923,0.354667078770752,0.287805130535564,0.420848736411204,1.38945090711128,28
"GOBP_NEGATIVE_REGULATION_OF_ANTIGEN_RECEPTOR_MEDIATED_SIGNALING_PATHWAY",0.399477806788512,0.757920698159742,0.107554375265169,0.343037530367464,1.03402689870155,19
"GOBP_NEGATIVE_REGULATION_OF_APOPTOTIC_SIGNALING_PATHWAY",0.851458885941645,0.993690851735016,0.066436413766281,0.214952736869256,0.786780416483196,44
"GOBP_NEGATIVE_REGULATION_OF_AUTOPHAGY",0.124681933842239,0.440920259102077,0.20207170902116,0.515904388934874,1.34483763984126,12
"GOBP_NEGATIVE_REGULATION_OF_BLOOD_PRESSURE",0.702233250620347,0.941585992381085,0.0727141077934447,0.314439168733371,0.805981073368813,11
"GOBP_NEGATIVE_REGULATION_OF_BMP_SIGNALING_PATHWAY",0.324058919803601,0.684347170654086,0.0919686140000427,-0.437482752662518,-1.10539721067597,13
"GOBP_NEGATIVE_REGULATION_OF_CALCIUM_ION_TRANSPORT",0.647783251231527,0.914786343406679,0.0764767053228531,0.30468625762651,0.844668611241188,14
"GOBP_NEGATIVE_REGULATION_OF_CANONICAL_NF_KAPPAB_SIGNAL_TRANSDUCTION",0.816326530612245,0.988405797101449,0.0475434194201301,-0.31277647245232,-0.736870593766675,10
"GOBP_NEGATIVE_REGULATION_OF_CANONICAL_WNT_SIGNALING_PATHWAY",0.665056360708535,0.922977721894445,0.0544555953940371,-0.293152904578021,-0.863461449258192,24
"GOBP_NEGATIVE_REGULATION_OF_CATABOLIC_PROCESS",0.00115695489160765,0.0812323428592699,0.45505986738723,0.529213760755351,1.81781831176797,33
"GOBP_NEGATIVE_REGULATION_OF_CATALYTIC_ACTIVITY",0.0750670241286863,0.354667078770752,0.271288554688953,0.441423979873314,1.36528870951237,22
"GOBP_NEGATIVE_REGULATION_OF_CELLULAR_RESPONSE_TO_GROWTH_FACTOR_STIMULUS",0.6912,0.936464516129032,0.0523759084097997,-0.289029494553295,-0.84620792004302,23
"GOBP_NEGATIVE_REGULATION_OF_CELL_ACTIVATION",0.306547619047619,0.666286149162862,0.135002033828631,0.262034112106262,1.06481882898174,74
"GOBP_NEGATIVE_REGULATION_OF_CELL_ADHESION",0.412307692307692,0.768806345140155,0.116234148779716,0.241404474706723,1.00724292977898,86
"GOBP_NEGATIVE_REGULATION_OF_CELL_CELL_ADHESION",0.374233128834356,0.735082404367896,0.122679189568808,0.269119183003472,1.04746608402795,62
"GOBP_NEGATIVE_REGULATION_OF_CELL_CYCLE",0.243967828418231,0.606944353625842,0.144630528034484,0.356031456278226,1.14538744784819,26
"GOBP_NEGATIVE_REGULATION_OF_CELL_CYCLE_PROCESS",0.591029023746702,0.891034482758621,0.0850427463764322,0.31567843878043,0.920757787804501,17
"GOBP_NEGATIVE_REGULATION_OF_CELL_DEVELOPMENT",0.569254185692542,0.882510201210075,0.0590954798717342,-0.271552161577613,-0.936138378952291,47
"GOBP_NEGATIVE_REGULATION_OF_CELL_GROWTH",0.224165341812401,0.585632965680966,0.112843355675562,-0.381054876775311,-1.17981715642312,30
"GOBP_NEGATIVE_REGULATION_OF_CELL_KILLING",0.0664961636828645,0.352984797923619,0.282013350011725,0.504732232819093,1.41731755247919,15
"GOBP_NEGATIVE_REGULATION_OF_CELL_PROJECTION_ORGANIZATION",0.0882825040128411,0.377873244785358,0.190023305279108,-0.45475722340933,-1.35085588902533,25
"GOBP_NEGATIVE_REGULATION_OF_CELL_SUBSTRATE_ADHESION",0.0382691740744921,0.276001922113003,0.321775918075361,-0.587659210502769,-1.52651426074303,15
"GOBP_NEGATIVE_REGULATION_OF_CHEMOTAXIS",0.026294548871658,0.226196480654986,0.352487857583619,-0.577129208066529,-1.53583441321376,16
"GOBP_NEGATIVE_REGULATION_OF_COAGULATION",0.943850267379679,0.999752903385224,0.0618406035753285,0.227260988105186,0.662692832636487,18
"GOBP_NEGATIVE_REGULATION_OF_CYTOKINE_PRODUCTION",0.0337071192902565,0.268037360607951,0.321775918075361,0.326497619311135,1.33234926036911,76
"GOBP_NEGATIVE_REGULATION_OF_CYTOKINE_PRODUCTION_INVOLVED_IN_IMMUNE_RESPONSE",0.0967741935483871,0.394838709677419,0.227987202850442,0.546767914576143,1.40149394380121,11
"GOBP_NEGATIVE_REGULATION_OF_DEFENSE_RESPONSE",0.145061728395062,0.473122529644269,0.206587922696891,0.285337434530683,1.18575935973432,84
"GOBP_NEGATIVE_REGULATION_OF_DEVELOPMENTAL_GROWTH",0.480769230769231,0.808643653166621,0.0697792517076235,-0.375237207063017,-0.998567058590394,16
"GOBP_NEGATIVE_REGULATION_OF_DNA_METABOLIC_PROCESS",0.846153846153846,0.991228623714268,0.0635007968065945,0.277467345437901,0.711213650009566,11
"GOBP_NEGATIVE_REGULATION_OF_ENDOTHELIAL_CELL_APOPTOTIC_PROCESS",0.932885906040268,0.999752903385224,0.0408229003677776,-0.25240318157176,-0.642418841975698,14
"GOBP_NEGATIVE_REGULATION_OF_ENDOTHELIAL_CELL_MIGRATION",0.261744966442953,0.630597560740003,0.106323255932708,-0.464053255423979,-1.18111250859875,14
"GOBP_NEGATIVE_REGULATION_OF_ENDOTHELIAL_CELL_PROLIFERATION",0.0491255154559272,0.305005374222018,0.321775918075361,-0.578425101854677,-1.50252757205572,15
"GOBP_NEGATIVE_REGULATION_OF_EPITHELIAL_CELL_DIFFERENTIATION",0.929883138564274,0.999752903385224,0.0407403526717903,-0.263082564894476,-0.637050958606591,11
"GOBP_NEGATIVE_REGULATION_OF_EPITHELIAL_CELL_PROLIFERATION",0.0015242058390525,0.0812323428592699,0.45505986738723,-0.582872333383577,-1.76178377623532,27
"GOBP_NEGATIVE_REGULATION_OF_ERK1_AND_ERK2_CASCADE",0.419354838709677,0.772695109261186,0.101350743797099,0.404833140237748,1.03768194725373,11
"GOBP_NEGATIVE_REGULATION_OF_ESTABLISHMENT_OF_PROTEIN_LOCALIZATION",0.308724832214765,0.666957731320249,0.096240602328129,-0.439161586226556,-1.11775800886117,14
"GOBP_NEGATIVE_REGULATION_OF_EXTRINSIC_APOPTOTIC_SIGNALING_PATHWAY",0.442276422764228,0.78980749972182,0.0747385227439092,-0.365758314580091,-1.01808330911439,20
"GOBP_NEGATIVE_REGULATION_OF_FAT_CELL_DIFFERENTIATION",0.466183574879227,0.798213603030619,0.0934449219410994,0.390702538808889,0.980092348502874,10
"GOBP_NEGATIVE_REGULATION_OF_GROWTH",0.42258064516129,0.772996515679442,0.0766746872490091,-0.315836929069963,-1.02577749493199,37
"GOBP_NEGATIVE_REGULATION_OF_G_PROTEIN_COUPLED_RECEPTOR_SIGNALING_PATHWAY",0.640394088669951,0.911747516072472,0.0770736734944102,0.306583096006353,0.849927134722136,14
"GOBP_NEGATIVE_REGULATION_OF_HEMOPOIESIS",0.378016085790885,0.740030441400304,0.112843355675562,0.338267636647712,1.04623447335393,22
"GOBP_NEGATIVE_REGULATION_OF_HORMONE_SECRETION",0.342062193126023,0.70383978643222,0.0888945288620449,-0.428880835052972,-1.08366255788295,13
"GOBP_NEGATIVE_REGULATION_OF_HUMORAL_IMMUNE_RESPONSE",0.640096618357488,0.911747516072472,0.0760837160951725,0.340383670400028,0.853865531387228,10
"GOBP_NEGATIVE_REGULATION_OF_IMMUNE_EFFECTOR_PROCESS",0.00257027564945643,0.0873893720815187,0.431707695803346,0.469475721336875,1.71368054324837,47
"GOBP_NEGATIVE_REGULATION_OF_IMMUNE_RESPONSE",0.0109259876611406,0.159033870128277,0.380730400722792,0.385359534405315,1.52138568073101,64
"GOBP_NEGATIVE_REGULATION_OF_INFLAMMATORY_RESPONSE",0.892128279883382,0.999752903385224,0.0687943095604775,0.201928931663964,0.797208211373188,64
"GOBP_NEGATIVE_REGULATION_OF_INFLAMMATORY_RESPONSE_TO_ANTIGENIC_STIMULUS",0.417302798982188,0.772650965289093,0.103197466945307,0.394203054415819,1.02759177221442,12
"GOBP_NEGATIVE_REGULATION_OF_INNATE_IMMUNE_RESPONSE",0.0214039977266634,0.206154739857244,0.352487857583619,0.524927048624395,1.62355695540197,22
"GOBP_NEGATIVE_REGULATION_OF_INTERLEUKIN_10_PRODUCTION",0.270531400966184,0.640661427163698,0.128788713061714,0.467761084038545,1.1733966735697,10
"GOBP_NEGATIVE_REGULATION_OF_INTERLEUKIN_1_BETA_PRODUCTION",0.372448979591837,0.733276033057851,0.0862865626267245,-0.460262119475353,-1.08433226644889,10
"GOBP_NEGATIVE_REGULATION_OF_INTERLEUKIN_1_PRODUCTION",0.677852348993289,0.925742998834611,0.0554793308704233,-0.334173369451885,-0.850541057705972,14
"GOBP_NEGATIVE_REGULATION_OF_INTERLEUKIN_6_PRODUCTION",1,1,0.0552495663125249,0.140187343807551,0.38863534551882,14
"GOBP_NEGATIVE_REGULATION_OF_INTRINSIC_APOPTOTIC_SIGNALING_PATHWAY",0.146981627296588,0.474863718958207,0.188204146308491,0.397086304823835,1.25163824281804,24
"GOBP_NEGATIVE_REGULATION_OF_KINASE_ACTIVITY",0.317617866004963,0.677964592907454,0.119348440591015,0.440740748397318,1.12972153851437,11
"GOBP_NEGATIVE_REGULATION_OF_LEUKOCYTE_APOPTOTIC_PROCESS",0.791599353796446,0.984313315926893,0.0466015072985992,-0.283260833988303,-0.782202941091484,19
"GOBP_NEGATIVE_REGULATION_OF_LEUKOCYTE_CELL_CELL_ADHESION",0.255072463768116,0.621808143547274,0.147331213699377,0.306881726271634,1.12017985060576,47
"GOBP_NEGATIVE_REGULATION_OF_LEUKOCYTE_MEDIATED_IMMUNITY",0.00395231913225296,0.108613605633435,0.407017918923954,0.520725640235674,1.75311576314499,29
"GOBP_NEGATIVE_REGULATION_OF_LEUKOCYTE_MIGRATION",0.675282714054927,0.925742998834611,0.0538979025357319,-0.31115785521075,-0.859238413100262,19
"GOBP_NEGATIVE_REGULATION_OF_LEUKOCYTE_PROLIFERATION",0.312335958005249,0.671710463902855,0.124434168630393,0.302787485201417,1.08205947670788,39
"GOBP_NEGATIVE_REGULATION_OF_LIPID_LOCALIZATION",0.328502415458937,0.685674456427036,0.115240003147781,0.443444911975968,1.11239862053409,10
"GOBP_NEGATIVE_REGULATION_OF_LIPID_METABOLIC_PROCESS",0.442748091603053,0.78980749972182,0.0995791200495904,0.383781493447103,1.00042528990252,12
"GOBP_NEGATIVE_REGULATION_OF_LOCOMOTION",0.00240024692674194,0.0856888152846872,0.431707695803346,-0.44999403662532,-1.66075575418289,71
"GOBP_NEGATIVE_REGULATION_OF_LYMPHOCYTE_ACTIVATION",0.291176470588235,0.653773584905661,0.138022242496643,0.285250557642223,1.09109502276962,55
"GOBP_NEGATIVE_REGULATION_OF_LYMPHOCYTE_APOPTOTIC_PROCESS",0.722871452420701,0.953217807963143,0.0522693317499306,-0.334832371980675,-0.810792169478682,11
"GOBP_NEGATIVE_REGULATION_OF_LYMPHOCYTE_DIFFERENTIATION",0.353689567430025,0.716409506794434,0.11378726182188,0.418141007637632,1.08999221152822,12
"GOBP_NEGATIVE_REGULATION_OF_MAPK_CASCADE",0.94750656167979,0.999752903385224,0.0607719451853533,0.210006576128856,0.661952474142283,24
"GOBP_NEGATIVE_REGULATION_OF_MITOTIC_CELL_CYCLE",0.46031746031746,0.79496884048848,0.0995791200495904,0.350606678307537,1.00364971850207,16
"GOBP_NEGATIVE_REGULATION_OF_MITOTIC_CELL_CYCLE_PHASE_TRANSITION",0.461352657004831,0.79496884048848,0.0940503465727813,0.39163458505856,0.982430422374976,10
"GOBP_NEGATIVE_REGULATION_OF_MOLECULAR_FUNCTION",0.0354632966077302,0.276001922113003,0.321775918075361,0.398629855808911,1.40599256906608,37
"GOBP_NEGATIVE_REGULATION_OF_MONOATOMIC_ION_TRANSMEMBRANE_TRANSPORT",0.894088669950739,0.999752903385224,0.0605092988656667,0.245,0.679202965588842,14
"GOBP_NEGATIVE_REGULATION_OF_MONOATOMIC_ION_TRANSPORT",0.600522193211488,0.897014322077411,0.0835990603684159,0.299343585587805,0.902319111031347,19
"GOBP_NEGATIVE_REGULATION_OF_MYELOID_CELL_DIFFERENTIATION",0.450127877237852,0.78980749972182,0.0988903007520636,0.378252378503168,1.0083517015564,13
"GOBP_NEGATIVE_REGULATION_OF_MYELOID_LEUKOCYTE_DIFFERENTIATION",0.483091787439614,0.811594202898551,0.0913924325943768,0.38545433833186,0.966927035713694,10
"GOBP_NEGATIVE_REGULATION_OF_NATURAL_KILLER_CELL_MEDIATED_IMMUNITY",0.0361207928382075,0.276001922113003,0.321775918075361,0.640996027217679,1.643022617453,11
"GOBP_NEGATIVE_REGULATION_OF_NERVOUS_SYSTEM_DEVELOPMENT",0.1168,0.429872164948454,0.163180127180689,-0.444690353611534,-1.30194497891779,23
"GOBP_NEGATIVE_REGULATION_OF_NEURON_APOPTOTIC_PROCESS",0.731078904991948,0.954070354012062,0.0500922874402106,-0.261457289160195,-0.858270873156339,39
"GOBP_NEGATIVE_REGULATION_OF_NEURON_PROJECTION_DEVELOPMENT",0.104065040650407,0.407481915849848,0.175204047558551,-0.478948465107192,-1.33314655829872,20
"GOBP_NEGATIVE_REGULATION_OF_ORGANELLE_ORGANIZATION",0.31496062992126,0.674308515033822,0.12384217120105,0.340611913910685,1.07362780390826,24
"GOBP_NEGATIVE_REGULATION_OF_OSSIFICATION",0.360544217687075,0.724131002612015,0.0880945010398517,-0.46531169600758,-1.09622857191074,10
"GOBP_NEGATIVE_REGULATION_OF_OSTEOBLAST_DIFFERENTIATION",0.578231292517007,0.886911155439619,0.0636424081651019,-0.390076092466118,-0.91898089269969,10
"GOBP_NEGATIVE_REGULATION_OF_PHOSPHATIDYLINOSITOL_3_KINASE_PROTEIN_KINASE_B_SIGNAL_TRANSDUCTION",0.98330550918197,0.999752903385224,0.0381628909049257,-0.218977822870663,-0.530251907910716,11
"GOBP_NEGATIVE_REGULATION_OF_PHOSPHORUS_METABOLIC_PROCESS",0.295514511873351,0.659237798083352,0.128788713061714,0.346659061883722,1.10499197140385,25
"GOBP_NEGATIVE_REGULATION_OF_PHOSPHORYLATION",0.927807486631016,0.999752903385224,0.0626618230932491,0.233109438707164,0.679746909221622,18
"GOBP_NEGATIVE_REGULATION_OF_PRODUCTION_OF_MOLECULAR_MEDIATOR_OF_IMMUNE_RESPONSE",0.291005291005291,0.653773584905661,0.130105630751129,0.395275563101071,1.13151925557206,16
"GOBP_NEGATIVE_REGULATION_OF_PROTEIN_CATABOLIC_PROCESS",0.0877688484282021,0.377873244785358,0.287805130535564,0.536323178395117,1.50602677046242,15
"GOBP_NEGATIVE_REGULATION_OF_PROTEIN_CONTAINING_COMPLEX_ASSEMBLY",0.753180661577608,0.965477544643469,0.0704500850658419,0.305064966190382,0.795230391384626,12
"GOBP_NEGATIVE_REGULATION_OF_PROTEIN_LOCALIZATION",0.868292682926829,0.999752903385224,0.0426733861156084,-0.26144547829997,-0.72772994376412,20
"GOBP_NEGATIVE_REGULATION_OF_PROTEIN_MODIFICATION_PROCESS",0.364611260053619,0.728638290843015,0.115240003147781,0.34333652667734,1.06191214072759,22
"GOBP_NEGATIVE_REGULATION_OF_PROTEOLYSIS",0.134048257372654,0.45393596116056,0.199915231309662,0.415961020408281,1.28653383290064,22
"GOBP_NEGATIVE_REGULATION_OF_REPRODUCTIVE_PROCESS",0.399659863945578,0.757920698159742,0.0824344091527096,-0.451949969127238,-1.06474965809452,10
"GOBP_NEGATIVE_REGULATION_OF_RESPONSE_TO_BIOTIC_STIMULUS",0.00835799318770541,0.138845825500177,0.380730400722792,0.500496136886726,1.68500953126137,29
"GOBP_NEGATIVE_REGULATION_OF_RESPONSE_TO_CYTOKINE_STIMULUS",0.395498392282958,0.755042385267466,0.0799858801499946,-0.37133119177326,-1.05185743152486,21
"GOBP_NEGATIVE_REGULATION_OF_RESPONSE_TO_EXTERNAL_STIMULUS",0.668515950069348,0.925742998834611,0.0473534245254193,-0.227601682483253,-0.918183852296035,124
"GOBP_NEGATIVE_REGULATION_OF_RESPONSE_TO_WOUNDING",0.544,0.865069042316258,0.0636424081651019,-0.303807387102931,-0.956426183066581,32
"GOBP_NEGATIVE_REGULATION_OF_SECRETION",0.4453125,0.78980749972182,0.100633389423036,0.294789817831558,1.01258578048329,33
"GOBP_NEGATIVE_REGULATION_OF_SMALL_MOLECULE_METABOLIC_PROCESS",0.381679389312977,0.742493175614195,0.108820126769161,0.411074501076211,1.07157154248602,12
"GOBP_NEGATIVE_REGULATION_OF_SMOOTH_MUSCLE_CELL_PROLIFERATION",0.619127516778524,0.901794270718151,0.0597317976364411,-0.349229578638331,-0.888862256392412,14
"GOBP_NEGATIVE_REGULATION_OF_SUPRAMOLECULAR_FIBER_ORGANIZATION",0.273789649415693,0.641032266146775,0.103197466945307,-0.476564416498261,-1.15399444463293,11
"GOBP_NEGATIVE_REGULATION_OF_SYNAPTIC_TRANSMISSION",0.918367346938776,0.999752903385224,0.0421619430092452,-0.271744384858225,-0.640203032706576,10
"GOBP_NEGATIVE_REGULATION_OF_TRANSFORMING_GROWTH_FACTOR_BETA_RECEPTOR_SIGNALING_PATHWAY",0.0388119902017044,0.278510160844391,0.321775918075361,-0.608180284788928,-1.53670238724225,13
"GOBP_NEGATIVE_REGULATION_OF_TRANSMEMBRANE_RECEPTOR_PROTEIN_SERINE_THREONINE_KINASE_SIGNALING_PATHWAY",0.1056,0.408663414634146,0.172324344900946,-0.414872814653606,-1.29367072086514,31
"GOBP_NEGATIVE_REGULATION_OF_TRANSMEMBRANE_TRANSPORT",0.516971279373368,0.843697127937337,0.0919686140000427,0.317755491793382,0.957818596036799,19
"GOBP_NEGATIVE_REGULATION_OF_TRANSPORT",0.875379939209726,0.999752903385224,0.0718276293603809,0.204541824942685,0.79965930444449,63
"GOBP_NEGATIVE_REGULATION_OF_TUMOR_NECROSIS_FACTOR_SUPERFAMILY_CYTOKINE_PRODUCTION",0.385012919896641,0.742997542997543,0.109250039480711,0.340746322071474,1.04544920706932,20
"GOBP_NEGATIVE_REGULATION_OF_TYPE_II_INTERFERON_PRODUCTION",0.617647058823529,0.901794270718151,0.0833634065110386,0.310531774227807,0.905510368508178,18
"GOBP_NEGATIVE_REGULATION_OF_T_CELL_MEDIATED_IMMUNITY",0.16256157635468,0.500297265160523,0.172324344900946,0.469483997200822,1.30153029875633,14
"GOBP_NEGATIVE_REGULATION_OF_T_CELL_PROLIFERATION",0.647214854111406,0.914786343406679,0.080419996876154,0.263207528788458,0.899843722413033,32
"GOBP_NEGATIVE_REGULATION_OF_T_CELL_RECEPTOR_SIGNALING_PATHWAY",0.197044334975369,0.547430564873205,0.155241966228839,0.451188836851948,1.25081141236908,14
"GOBP_NEGATIVE_REGULATION_OF_VASCULATURE_DEVELOPMENT",0.0187133839394454,0.201875567012103,0.352487857583619,-0.505553872523564,-1.5915510325245,32
"GOBP_NEGATIVE_REGULATION_OF_WNT_SIGNALING_PATHWAY",0.729857819905213,0.954070354012062,0.0492917662312669,-0.280058568386908,-0.846502079307038,27
"GOBP_NEGATIVE_REGULATION_OF_WOUND_HEALING",0.839228295819936,0.989269335233091,0.0437125833579551,-0.265090571917731,-0.750913185523885,21
"GOBP_NEPHRON_DEVELOPMENT",0.8944,0.999752903385224,0.0405756447890657,-0.23439324602699,-0.730893104690007,31
"GOBP_NEPHRON_EPITHELIUM_DEVELOPMENT",0.792937399678973,0.984621397166585,0.0462302524077616,-0.285572526949538,-0.768813741158269,17
"GOBP_NEPHRON_MORPHOGENESIS",0.520408163265306,0.846404165310771,0.0687943095604775,-0.411603247674533,-0.969696752227616,10
"GOBP_NERVE_DEVELOPMENT",0.238916256157635,0.604297539565671,0.139599673451922,0.436238366680311,1.20936486674653,14
"GOBP_NEURAL_CREST_CELL_DIFFERENTIATION",0.635350318471338,0.911747516072472,0.0560595875032335,-0.316412537741779,-0.868521737349313,18
"GOBP_NEURAL_PRECURSOR_CELL_PROLIFERATION",0.696,0.937513522116587,0.0520570030732099,-0.288075766797222,-0.843415637608311,23
"GOBP_NEURAL_TUBE_DEVELOPMENT",0.271268057784912,0.641032266146775,0.101350743797099,-0.423771036496551,-1.14086953476796,17
"GOBP_NEURAL_TUBE_FORMATION",0.275167785234899,0.641032266146775,0.103197466945307,-0.455630805027566,-1.15967561229432,14
"GOBP_NEUROINFLAMMATORY_RESPONSE",0.0916230366492147,0.38109640831758,0.241339976815091,0.375104587654446,1.3138903436674,36
"GOBP_NEUROMUSCULAR_JUNCTION_DEVELOPMENT",0.681972789115646,0.927482993197279,0.055826471778749,-0.354213033914187,-0.83449105546144,10
"GOBP_NEUROMUSCULAR_PROCESS",0.760834670947031,0.968085106382979,0.0481183992657975,-0.294034192866413,-0.791594101368247,17
"GOBP_NEURON_APOPTOTIC_PROCESS",0.883582089552239,0.999752903385224,0.0704500850658419,0.199193234121009,0.803387875999128,70
"GOBP_NEURON_CELLULAR_HOMEOSTASIS",0.520408163265306,0.846404165310771,0.0687943095604775,-0.411547579153092,-0.969565602668551,10
"GOBP_NEURON_MATURATION",0.72264631043257,0.953217807963143,0.0725351864394589,0.31227074381117,0.814014106306625,12
"GOBP_NEURON_MIGRATION",0.0016614261914096,0.0812323428592699,0.45505986738723,-0.600888810848544,-1.76987611364508,24
"GOBP_NEURON_PROJECTION_EXTENSION",0.000569597542950786,0.0580989493809801,0.477270815362862,-0.63134981425671,-1.85959687621619,24
"GOBP_NEURON_PROJECTION_GUIDANCE",0.000388954865857039,0.0580989493809801,0.49849310876659,-0.539834025581226,-1.84497663874717,46
"GOBP_NEURON_PROJECTION_REGENERATION",0.359872611464968,0.72380012559433,0.0845557442441281,-0.395193641195987,-1.08476822786665,18
"GOBP_NEURON_RECOGNITION",0.00201019823340002,0.0812323428592699,0.431707695803346,-0.702831346184528,-1.78885264721482,14
"GOBP_NEUROPEPTIDE_SIGNALING_PATHWAY",0.0918367346938776,0.38109640831758,0.191892240384838,-0.591270199072542,-1.39297441156972,10
"GOBP_NEUROTRANSMITTER_TRANSPORT",0.573717948717949,0.882833222811671,0.0611692626746689,-0.347615984237081,-0.925062505436281,16
"GOBP_NEUROTROPHIN_SIGNALING_PATHWAY",0.310965630114566,0.669772126400604,0.0943563635421779,-0.443781203418809,-1.12131164354267,13
"GOBP_NEUTRAL_LIPID_METABOLIC_PROCESS",0.445859872611465,0.78980749972182,0.0732558655828455,-0.367303703355002,-1.00821305264795,18
"GOBP_NEUTROPHIL_CHEMOTAXIS",0.536193029490617,0.859594866244008,0.0913924325943768,0.282110542986145,0.953532240299055,30
"GOBP_NEUTROPHIL_MEDIATED_IMMUNITY",0.995073891625616,0.999795136864333,0.0554793308704233,0.172857142857143,0.479204424701165,14
"GOBP_NEUTROPHIL_MIGRATION",0.842607313195548,0.990323656990324,0.0430173196927508,-0.234536831437962,-0.783977811704198,42
"GOBP_NON_CANONICAL_NF_KAPPAB_SIGNAL_TRANSDUCTION",0.239583333333333,0.60446113074205,0.143758989039275,0.33134483243701,1.13815011736275,33
"GOBP_NOTCH_SIGNALING_PATHWAY",0.00650907820084379,0.12560761717304,0.407017918923954,-0.535606280060823,-1.65833720237712,30
"GOBP_NUCLEAR_CHROMOSOME_SEGREGATION",0.0818858560794045,0.37085914354969,0.248911114434702,0.559519139063151,1.43417831210114,11
"GOBP_NUCLEAR_RECEPTOR_MEDIATED_SIGNALING_PATHWAY",0.725593667546174,0.953217807963143,0.0741758965588009,0.28462135090158,0.830171760955611,17
"GOBP_NUCLEAR_TRANSPORT",0.820349761526232,0.988405797101449,0.0442407423477375,-0.26268123396095,-0.785387425363133,26
"GOBP_NUCLEOSIDE_DIPHOSPHATE_CATABOLIC_PROCESS",0.0453388359759111,0.294715900748998,0.321775918075361,0.585007539743592,1.62179124851298,14
"GOBP_NUCLEOSIDE_DIPHOSPHATE_METABOLIC_PROCESS",0.00680172653109268,0.126141110212991,0.407017918923954,0.615068149012316,1.79400528722045,17
"GOBP_NUCLEOSIDE_MONOPHOSPHATE_METABOLIC_PROCESS",0.00432755448432745,0.112359050974902,0.407017918923954,0.733641278236016,1.8403673688353,10
"GOBP_NUCLEOSIDE_PHOSPHATE_BIOSYNTHETIC_PROCESS",0.000835894150014483,0.0727791434658678,0.477270815362862,0.592256514537761,1.92280401404291,27
"GOBP_NUCLEOSIDE_PHOSPHATE_CATABOLIC_PROCESS",0.00126693780863268,0.0812323428592699,0.45505986738723,0.625313371121725,1.93404374122273,22
"GOBP_NUCLEOSIDE_TRIPHOSPHATE_BIOSYNTHETIC_PROCESS",0.741545893719807,0.96266139657444,0.0686325631836726,0.314821800451691,0.789742597284552,10
"GOBP_NUCLEOSIDE_TRIPHOSPHATE_METABOLIC_PROCESS",0.000558153853895121,0.0580989493809801,0.477270815362862,0.586347688969621,1.98185228931637,30
"GOBP_NUCLEOTIDE_BIOSYNTHETIC_PROCESS",0.00156995007406009,0.0812323428592699,0.45505986738723,0.617576932189594,1.91011556059035,22
"GOBP_NUTRIENT_STORAGE",0.543269230769231,0.864870079753023,0.0637845390312975,-0.354502596504325,-0.943388897451557,16
"GOBP_ODONTOGENESIS",0.164781906300485,0.506039918703424,0.135740943810425,-0.458854586762427,-1.26709154331484,19
"GOBP_ODONTOGENESIS_OF_DENTIN_CONTAINING_TOOTH",0.325503355704698,0.684563758389262,0.0931454575337804,-0.433830244186901,-1.10418862927584,14
"GOBP_OLEFINIC_COMPOUND_METABOLIC_PROCESS",0.939632545931758,0.999752903385224,0.0611692626746689,0.214398638287365,0.67579649972474,24
"GOBP_OLIGODENDROCYTE_DIFFERENTIATION",0.105090311986864,0.408663414634146,0.175204047558551,-0.552204680991919,-1.36728526041024,12
"GOBP_OOGENESIS",0.823038397328882,0.988405797101449,0.0463227785794633,-0.301208583251405,-0.729372608853071,11
"GOBP_ORGANELLE_FUSION",0.767263427109974,0.970462510108985,0.0697792517076235,0.27662616154396,0.776782398146789,15
"GOBP_ORGANELLE_MEMBRANE_FUSION",0.694789081885856,0.937513522116587,0.0732558655828455,0.316464718460442,0.811173030686863,11
"GOBP_ORGANIC_ACID_BIOSYNTHETIC_PROCESS",0.282722513089005,0.64483772410215,0.131457611642763,0.311915515320296,1.09255604198825,36
"GOBP_ORGANIC_ACID_CATABOLIC_PROCESS",0.00556860685887489,0.115489692841489,0.407017918923954,0.513206308221063,1.75604297697358,31
"GOBP_ORGANIC_ACID_TRANSPORT",0.586387434554974,0.891034482758621,0.0850427463764322,0.267018570613324,0.935294136769962,36
"GOBP_ORGANIC_ANION_TRANSPORT",0.597883597883598,0.89487821534259,0.0845557442441281,0.256854457892482,0.923655298604272,41
"GOBP_ORGANIC_HYDROXY_COMPOUND_TRANSPORT",0.233160621761658,0.594559585492228,0.14551614609036,0.326697297137184,1.14010749424567,34
"GOBP_ORGANOPHOSPHATE_CATABOLIC_PROCESS",0.000502159577271638,0.0580989493809801,0.477270815362862,0.558781662290043,1.95003499082032,34
"GOBP_ORGANOPHOSPHATE_ESTER_TRANSPORT",0.77504105090312,0.974006372631226,0.0483117581055019,-0.313280523076669,-0.775697592434221,12
"GOBP_ORGAN_GROWTH",0.118780096308186,0.431597907196157,0.161978948883402,-0.444807051361648,-1.32129891265306,25
"GOBP_ORGAN_OR_TISSUE_SPECIFIC_IMMUNE_RESPONSE",0.943734015345269,0.999752903385224,0.0597317976364411,0.233317269783125,0.62198119393012,13
"GOBP_OSSIFICATION",0.15015015015015,0.478603603603604,0.137250779610133,-0.324990205626846,-1.2090306557004,74
"GOBP_OSTEOBLAST_DIFFERENTIATION",0.1056,0.408663414634146,0.172324344900946,-0.381192386778411,-1.28598085987979,44
"GOBP_OSTEOCLAST_DIFFERENTIATION",0.808,0.986127448392376,0.0452247443372884,-0.253672106045542,-0.791009110985772,31
"GOBP_OUTFLOW_TRACT_MORPHOGENESIS",0.0132063460124351,0.173091331041865,0.380730400722792,-0.63106155314608,-1.63925697592652,15
"GOBP_OVARIAN_FOLLICLE_DEVELOPMENT",0.605704697986577,0.899713218041192,0.0607719451853533,-0.354235220932996,-0.901602662065026,14
"GOBP_OVULATION_CYCLE",0.276527331189711,0.641032266146775,0.10027910675413,-0.402244943154704,-1.1394257798007,21
"GOBP_OVULATION_CYCLE_PROCESS",0.818910256410256,0.988405797101449,0.0446854397644147,-0.280987660985262,-0.747753732436045,16
"GOBP_P38MAPK_CASCADE",0.423895253682488,0.772996515679442,0.077274697304471,-0.405138475796525,-1.02367222103603,13
"GOBP_PALLIUM_DEVELOPMENT",0.0759289176090469,0.355496702772849,0.206587922696891,-0.511154915206274,-1.41151486563874,19
"GOBP_PATTERN_SPECIFICATION_PROCESS",0.0356488596904824,0.276001922113003,0.321775918075361,-0.442193236092606,-1.44127449288735,38
"GOBP_PEPTIDE_METABOLIC_PROCESS",0.343915343915344,0.706634692246203,0.118287526124085,0.377024933512192,1.07927484500411,16
"GOBP_PEPTIDE_TRANSPORT",0.661290322580645,0.922977721894445,0.0547939500773363,-0.279005936119684,-0.899148756829034,36
"GOBP_PEPTIDYL_AMINO_ACID_MODIFICATION",0.866863905325444,0.999752903385224,0.0383995813369433,-0.21609375637287,-0.78025503097158,62
"GOBP_PEPTIDYL_SERINE_MODIFICATION",0.285024154589372,0.646054750402576,0.125033367555272,0.462598820516988,1.16044693693922,10
"GOBP_PEPTIDYL_TYROSINE_MODIFICATION",0.687306501547988,0.932959775865519,0.0511147954416412,-0.255239797125368,-0.872326383035697,46
"GOBP_PERIPHERAL_NERVOUS_SYSTEM_DEVELOPMENT",0.274478330658106,0.641032266146775,0.100633389423036,-0.421560380276377,-1.13491804182429,17
"GOBP_PHAGOCYTOSIS",0.345697329376855,0.708257943113556,0.0828962134571565,-0.288845868808328,-1.0716188810425,72
"GOBP_PHAGOCYTOSIS_ENGULFMENT",0.216748768472906,0.579169370538611,0.117249716749792,-0.493105450130085,-1.22095273183801,12
"GOBP_PHAGOCYTOSIS_RECOGNITION",0.137931034482759,0.461135172099385,0.188204146308491,0.477403514320728,1.32348523554765,14
"GOBP_PHENOL_CONTAINING_COMPOUND_METABOLIC_PROCESS",0.0138252516136505,0.173179467581517,0.380730400722792,-0.644014117517415,-1.63915050917817,14
"GOBP_PHOSPHATIDYLCHOLINE_METABOLIC_PROCESS",0.265984654731458,0.634100312114394,0.134273452883202,0.43764371452894,1.16667814745024,13
"GOBP_PHOSPHATIDYLINOSITOL_3_KINASE_PROTEIN_KINASE_B_SIGNAL_TRANSDUCTION",0.443298969072165,0.78980749972182,0.0696133438850965,-0.259227957757279,-0.998548293916898,92
"GOBP_PHOSPHOLIPASE_C_ACTIVATING_G_PROTEIN_COUPLED_RECEPTOR_SIGNALING_PATHWAY",0.377551020408163,0.740030441400304,0.0855356947987884,-0.458687105614944,-1.08062168876569,10
"GOBP_PHOSPHOLIPID_BIOSYNTHETIC_PROCESS",0.246031746031746,0.609285269494223,0.142901149386948,0.40864810147272,1.16979959990878,16
"GOBP_PHOSPHOLIPID_CATABOLIC_PROCESS",0.202046035805627,0.560077519379845,0.156312403073186,0.470399418670287,1.25399886738149,13
"GOBP_PHOSPHOLIPID_METABOLIC_PROCESS",0.0848806366047745,0.372952458681902,0.252961123069611,0.379091755073101,1.32037724720308,35
"GOBP_PHOSPHOLIPID_TRANSPORT",0.77504105090312,0.974006372631226,0.0483117581055019,-0.313280523076669,-0.775697592434221,12
"GOBP_PLACENTA_DEVELOPMENT",0.986979166666667,0.999752903385224,0.0584693210386381,0.184373386605294,0.633311798044342,33
"GOBP_PLASMA_LIPOPROTEIN_PARTICLE_CLEARANCE",0.516025641025641,0.843697127937337,0.0662842187012672,-0.363509315317352,-0.967357236793675,16
"GOBP_PLASMA_MEMBRANE_ORGANIZATION",0.231527093596059,0.592510196514646,0.142056643575821,0.439968240070953,1.21970503437182,14
"GOBP_PLATELET_ACTIVATION",0.7632,0.968085106382979,0.0478299633114229,-0.26183221246351,-0.836127136713218,35
"GOBP_PLATELET_AGGREGATION",0.54140127388535,0.863822367718749,0.0636424081651019,-0.342224394696212,-0.939372782021164,18
"GOBP_PLATELET_DERIVED_GROWTH_FACTOR_RECEPTOR_SIGNALING_PATHWAY",0.894060995184591,0.999752903385224,0.0407403526717903,-0.260263247665586,-0.700676508560426,17
"GOBP_POLYOL_METABOLIC_PROCESS",0.21227621483376,0.575200066001155,0.152144922367565,0.43267829341564,1.21498588748646,15
"GOBP_POLYSACCHARIDE_METABOLIC_PROCESS",0.946859903381642,0.999752903385224,0.0568864160475701,0.241452991452991,0.60569411749321,10
"GOBP_POSITIVE_CHEMOTAXIS",0.439102564102564,0.78980749972182,0.0743625384422526,-0.307236365104291,-1.0149822686812,40
"GOBP_POSITIVE_REGULATION_OF_ACTIN_FILAMENT_BUNDLE_ASSEMBLY",0.347245409015025,0.709565217391304,0.0891647117820678,-0.450260417694146,-1.09029965870111,11
"GOBP_POSITIVE_REGULATION_OF_ACTIVATED_T_CELL_PROLIFERATION",0.990074441687345,0.999752903385224,0.0560595875032335,0.204445816443538,0.524042406188432,11
"GOBP_POSITIVE_REGULATION_OF_ACUTE_INFLAMMATORY_RESPONSE",0.839732888146911,0.989269335233091,0.0454059226590179,-0.297627873239972,-0.720701966820253,11
"GOBP_POSITIVE_REGULATION_OF_ADAPTIVE_IMMUNE_RESPONSE",0.96816976127321,0.999752903385224,0.0602484086158019,0.188640467690096,0.657035079519787,35
"GOBP_POSITIVE_REGULATION_OF_ALPHA_BETA_T_CELL_ACTIVATION",0.585561497326203,0.891034482758621,0.0862865626267245,0.319375193386338,0.931297770654149,18
"GOBP_POSITIVE_REGULATION_OF_ALPHA_BETA_T_CELL_DIFFERENTIATION",0.114503816793893,0.426109660574413,0.211400189384923,0.518965666009593,1.35281764684326,12
"GOBP_POSITIVE_REGULATION_OF_AMYLOID_PRECURSOR_PROTEIN_CATABOLIC_PROCESS",0.840579710144927,0.989269335233091,0.0625237414724762,0.280340413670969,0.703244712083749,10
"GOBP_POSITIVE_REGULATION_OF_APOPTOTIC_SIGNALING_PATHWAY",0.514588859416446,0.843697127937337,0.0931454575337804,0.276567026189687,0.963283436847801,35
"GOBP_POSITIVE_REGULATION_OF_AUTOPHAGY",0.0661375661375661,0.352984797923619,0.287857117255149,0.512804571872224,1.46795881553255,16
"GOBP_POSITIVE_REGULATION_OF_AXONOGENESIS",0.0560897435897436,0.328103429521089,0.241339976815091,-0.55323827152413,-1.47225675678454,16
"GOBP_POSITIVE_REGULATION_OF_BLOOD_VESSEL_ENDOTHELIAL_CELL_MIGRATION",0.448717948717949,0.78980749972182,0.0732558655828455,-0.382693333361937,-1.01840901979959,16
"GOBP_POSITIVE_REGULATION_OF_B_CELL_ACTIVATION",0.966613672496025,0.999752903385224,0.0366850427613443,-0.20813433232144,-0.60065084983085,22
"GOBP_POSITIVE_REGULATION_OF_B_CELL_MEDIATED_IMMUNITY",0.749582637729549,0.965477544643469,0.0506004243853618,-0.325747981186092,-0.788794437069591,11
"GOBP_POSITIVE_REGULATION_OF_B_CELL_PROLIFERATION",0.963141025641026,0.999752903385224,0.0372254009247509,-0.223126478881997,-0.59377574376149,16
"GOBP_POSITIVE_REGULATION_OF_CALCIUM_ION_IMPORT",0.340579710144928,0.702814777582307,0.112843355675562,0.434653525072965,1.09034508829284,10
"GOBP_POSITIVE_REGULATION_OF_CALCIUM_ION_TRANSMEMBRANE_TRANSPORT",0.0722964694685279,0.354667078770752,0.287805130535564,0.549826295432456,1.52425979761817,14
"GOBP_POSITIVE_REGULATION_OF_CALCIUM_ION_TRANSPORT",0.0112691626394489,0.159033870128277,0.380730400722792,0.496522832882289,1.6392923177882,28
"GOBP_POSITIVE_REGULATION_OF_CALCIUM_MEDIATED_SIGNALING",0.603053435114504,0.89726,0.0819778796501272,0.333849958986495,0.870265887505709,12
"GOBP_POSITIVE_REGULATION_OF_CANONICAL_NF_KAPPAB_SIGNAL_TRANSDUCTION",0.949852507374631,0.999752903385224,0.0339723613634993,-0.197964553182803,-0.707706274249428,58
"GOBP_POSITIVE_REGULATION_OF_CANONICAL_WNT_SIGNALING_PATHWAY",0.143312101910828,0.473122529644269,0.14551614609036,-0.473271815671974,-1.29908524649342,18
"GOBP_POSITIVE_REGULATION_OF_CARBOHYDRATE_METABOLIC_PROCESS",0.379227053140097,0.740197331240753,0.105920292736253,0.416833357591435,1.04564251264301,10
"GOBP_POSITIVE_REGULATION_OF_CATALYTIC_ACTIVITY",0.994152046783626,0.999752903385224,0.0636424081651019,0.165173433078176,0.61649147375543,51
"GOBP_POSITIVE_REGULATION_OF_CD4_POSITIVE_ALPHA_BETA_T_CELL_ACTIVATION",0.572890025575448,0.882510201210075,0.0850427463764322,0.339052137768785,0.903851025044187,13
"GOBP_POSITIVE_REGULATION_OF_CELLULAR_EXTRAVASATION",0.214285714285714,0.57612323491656,0.120433371642259,-0.52473251005136,-1.23621816314578,10
"GOBP_POSITIVE_REGULATION_OF_CELL_ACTIVATION",0.949080622347949,0.999752903385224,0.0319980480340634,-0.192656843046723,-0.770509615407551,119
"GOBP_POSITIVE_REGULATION_OF_CELL_ADHESION",0.916323731138546,0.999752903385224,0.0322153154599285,-0.195714978785597,-0.798124339486053,137
"GOBP_POSITIVE_REGULATION_OF_CELL_CELL_ADHESION",0.997063142437592,0.999795136864333,0.0314209215415833,-0.163418440925232,-0.634090350022952,97
"GOBP_POSITIVE_REGULATION_OF_CELL_CYCLE",0.0885416666666667,0.377873244785358,0.245041785430996,0.384983377611528,1.32239538244366,33
"GOBP_POSITIVE_REGULATION_OF_CELL_CYCLE_PROCESS",0.308310991957105,0.666957731320249,0.126875729929857,0.352472501173457,1.09016897179853,22
"GOBP_POSITIVE_REGULATION_OF_CELL_DEVELOPMENT",0.625730994152047,0.905271464646465,0.052805004567129,-0.2388329530588,-0.923320215946335,94
"GOBP_POSITIVE_REGULATION_OF_CELL_DIVISION",0.668276972624799,0.925742998834611,0.0542315935495841,-0.291950150662847,-0.859918821426509,24
"GOBP_POSITIVE_REGULATION_OF_CELL_GROWTH",0.186009538950715,0.535692073802778,0.12563992130984,-0.423212984291714,-1.22134217761671,22
"GOBP_POSITIVE_REGULATION_OF_CELL_JUNCTION_ASSEMBLY",0.000138710591152623,0.0580989493809801,0.518848077743792,-0.618823211442114,-1.94813802177911,32
"GOBP_POSITIVE_REGULATION_OF_CELL_KILLING",0.91869918699187,0.999752903385224,0.0400845633477088,-0.242285145156955,-0.674397416266092,20
"GOBP_POSITIVE_REGULATION_OF_CELL_MATRIX_ADHESION",0.264331210191083,0.632269628396761,0.102449405629826,-0.427105804438774,-1.17236402182606,18
"GOBP_POSITIVE_REGULATION_OF_CELL_PROJECTION_ORGANIZATION",0.1703125,0.513647642679901,0.130777137971974,-0.359034073376459,-1.22025627895215,45
"GOBP_POSITIVE_REGULATION_OF_CELL_SUBSTRATE_ADHESION",0.3072,0.666689361702128,0.0937465422491719,-0.35608743340355,-1.11036411736645,31
"GOBP_POSITIVE_REGULATION_OF_CELL_SUBSTRATE_JUNCTION_ORGANIZATION",0.446633825944171,0.78980749972182,0.0747385227439092,-0.410152916813242,-1.01555828296432,12
"GOBP_POSITIVE_REGULATION_OF_CHEMOKINE_PRODUCTION",0.016024137131498,0.189345549276206,0.352487857583619,0.474038012336458,1.59593353494336,29
"GOBP_POSITIVE_REGULATION_OF_CHEMOTAXIS",0.0238504087060913,0.215559390077837,0.352487857583619,0.383336660808441,1.47080281852145,58
"GOBP_POSITIVE_REGULATION_OF_COAGULATION",0.627551020408163,0.905271464646465,0.0597317976364411,-0.37056183572187,-0.873007223896192,10
"GOBP_POSITIVE_REGULATION_OF_COLD_INDUCED_THERMOGENESIS",0.776886035313002,0.974006372631226,0.0471642455670861,-0.289751705558858,-0.780064858259486,17
"GOBP_POSITIVE_REGULATION_OF_CYTOKINE_PRODUCTION_INVOLVED_IN_IMMUNE_RESPONSE",0.568421052631579,0.882510201210075,0.0870515867946735,0.300271330480584,0.923252706816662,21
"GOBP_POSITIVE_REGULATION_OF_CYTOKINE_PRODUCTION_INVOLVED_IN_INFLAMMATORY_RESPONSE",0.440065681444992,0.78980749972182,0.0755015292281669,-0.412035175241403,-1.02021884505967,12
"GOBP_POSITIVE_REGULATION_OF_CYTOSKELETON_ORGANIZATION",0.695024077046549,0.937513522116587,0.0522693317499306,-0.285691945844469,-0.848647646754866,25
"GOBP_POSITIVE_REGULATION_OF_CYTOSOLIC_CALCIUM_ION_CONCENTRATION",0.841017488076312,0.989269335233091,0.0431036828790402,-0.261815165728666,-0.755567330192591,22
"GOBP_POSITIVE_REGULATION_OF_DEVELOPMENTAL_GROWTH",0.298887122416534,0.659676678223819,0.0949751525905595,-0.36682822924839,-1.09677525941095,26
"GOBP_POSITIVE_REGULATION_OF_DNA_BINDING_TRANSCRIPTION_FACTOR_ACTIVITY",0.166219839142091,0.508269658019071,0.178219874951973,0.400363479117493,1.23829189772853,22
"GOBP_POSITIVE_REGULATION_OF_DNA_METABOLIC_PROCESS",0.357723577235772,0.721510265950117,0.117249716749792,0.330082115734478,1.07163568744091,27
"GOBP_POSITIVE_REGULATION_OF_ENDOCYTOSIS",0.114882506527415,0.426109660574413,0.213927855492356,0.343885093887294,1.25873103192986,43
"GOBP_POSITIVE_REGULATION_OF_ENDOTHELIAL_CELL_MIGRATION",0.673740053050398,0.925742998834611,0.0782955249944794,0.255732915362614,0.874289803041235,32
"GOBP_POSITIVE_REGULATION_OF_ENDOTHELIAL_CELL_PROLIFERATION",0.101941747572816,0.404368932038835,0.176694268938498,-0.414456607740253,-1.30866171388591,33
"GOBP_POSITIVE_REGULATION_OF_EPITHELIAL_CELL_DIFFERENTIATION",0.284013605442177,0.645296459249948,0.102080107662747,-0.49191204895784,-1.15889638614618,10
"GOBP_POSITIVE_REGULATION_OF_EPITHELIAL_CELL_PROLIFERATION",0.214177978883861,0.57612323491656,0.112378519110475,-0.335182683465714,-1.16861714191179,52
"GOBP_POSITIVE_REGULATION_OF_EPITHELIAL_TO_MESENCHYMAL_TRANSITION",0.0404404393059409,0.285920437694831,0.321775918075361,-0.605865735483849,-1.53085416504323,13
"GOBP_POSITIVE_REGULATION_OF_ERK1_AND_ERK2_CASCADE",0.980597014925373,0.999752903385224,0.0330162512586498,-0.182390142652336,-0.654009871549871,60
"GOBP_POSITIVE_REGULATION_OF_ESTABLISHMENT_OF_PROTEIN_LOCALIZATION",0.986910994764398,0.999752903385224,0.0587185879555941,0.17191595899019,0.606358398202729,37
"GOBP_POSITIVE_REGULATION_OF_EXOCYTOSIS",0.806451612903226,0.986127448392376,0.0658311958368866,0.28765565206182,0.737328660876803,11
"GOBP_POSITIVE_REGULATION_OF_EXTRINSIC_APOPTOTIC_SIGNALING_PATHWAY",0.620320855614973,0.901794270718151,0.083129129135339,0.308413893466676,0.899334630153427,18
"GOBP_POSITIVE_REGULATION_OF_FIBROBLAST_PROLIFERATION",0.117647058823529,0.430769230769231,0.208955027549354,0.477104828766136,1.33973819029939,15
"GOBP_POSITIVE_REGULATION_OF_FOCAL_ADHESION_ASSEMBLY",0.431972789115646,0.781821473836683,0.0782955249944794,-0.438883053153055,-1.03396528976559,10
"GOBP_POSITIVE_REGULATION_OF_GLIOGENESIS",0.89002557544757,0.999752903385224,0.0625237414724762,0.242315939957112,0.680437294500675,15
"GOBP_POSITIVE_REGULATION_OF_GROWTH",0.409017713365539,0.765908958102028,0.0782955249944794,-0.313697645466384,-1.02975729973456,39
"GOBP_POSITIVE_REGULATION_OF_GTPASE_ACTIVITY",0.910669975186104,0.999752903385224,0.059989249649033,0.257280641607591,0.659470410493731,11
"GOBP_POSITIVE_REGULATION_OF_HEMOPOIESIS",0.835294117647059,0.989269335233091,0.0725351864394589,0.214087479878704,0.811061930290569,53
"GOBP_POSITIVE_REGULATION_OF_HORMONE_SECRETION",0.883905013192612,0.999752903385224,0.0643583367917361,0.242530258654114,0.707402207438499,17
"GOBP_POSITIVE_REGULATION_OF_HYDROLASE_ACTIVITY",0.46031746031746,0.79496884048848,0.0995791200495904,0.350991858123464,1.00475233758421,16
"GOBP_POSITIVE_REGULATION_OF_IMMUNE_EFFECTOR_PROCESS",0.152238805970149,0.480660438638967,0.197822021315103,0.294290904428759,1.18693662301428,70
"GOBP_POSITIVE_REGULATION_OF_IMMUNOGLOBULIN_PRODUCTION",0.879679144385027,0.999752903385224,0.0652353056017703,0.247503109863638,0.721718841097179,18
"GOBP_POSITIVE_REGULATION_OF_INFLAMMATORY_RESPONSE",0.0835913312693498,0.371864240039351,0.276500599254472,0.33154098575425,1.27544064424121,59
"GOBP_POSITIVE_REGULATION_OF_INTERLEUKIN_10_PRODUCTION",0.873015873015873,0.999752903385224,0.0650877566917313,0.247433423010244,0.708305062958342,16
"GOBP_POSITIVE_REGULATION_OF_INTERLEUKIN_12_PRODUCTION",0.0920716112531969,0.38109640831758,0.237793834423688,0.523912432241769,1.3966547800918,13
"GOBP_POSITIVE_REGULATION_OF_INTERLEUKIN_13_PRODUCTION",0.772946859903382,0.974006372631226,0.0665892104103933,0.301931091268367,0.757405757406654,10
"GOBP_POSITIVE_REGULATION_OF_INTERLEUKIN_17_PRODUCTION",0.229468599033816,0.58967112024666,0.141225119642531,0.484334975794057,1.21497291861795,10
"GOBP_POSITIVE_REGULATION_OF_INTERLEUKIN_1_PRODUCTION",0.0111391036057679,0.159033870128277,0.380730400722792,0.552210189837985,1.69424486108063,20
"GOBP_POSITIVE_REGULATION_OF_INTERLEUKIN_2_PRODUCTION",0.0935960591133005,0.384066587395957,0.186432558434075,-0.559066924108129,-1.38427650331186,12
"GOBP_POSITIVE_REGULATION_OF_INTERLEUKIN_4_PRODUCTION",0.811414392059553,0.986127448392376,0.0655321029282414,0.284947377809575,0.730386721049158,11
"GOBP_POSITIVE_REGULATION_OF_INTERLEUKIN_6_PRODUCTION",0.124668435013263,0.440920259102077,0.206587922696891,0.368300743506695,1.28279213500817,35
"GOBP_POSITIVE_REGULATION_OF_INTERLEUKIN_8_PRODUCTION",0.0412817612878832,0.287562707898035,0.321775918075361,0.455273471316586,1.46465855808197,26
"GOBP_POSITIVE_REGULATION_OF_INTRACELLULAR_TRANSPORT",0.757033248081841,0.967688652275008,0.0704500850658419,0.298860965098131,0.79670870511913,13
"GOBP_POSITIVE_REGULATION_OF_INTRINSIC_APOPTOTIC_SIGNALING_PATHWAY",0.998330550918197,0.999795136864333,0.0374584205912161,-0.192294359264723,-0.465638252969627,11
"GOBP_POSITIVE_REGULATION_OF_JNK_CASCADE",0.627575277337559,0.905271464646465,0.0564118388217596,-0.297525971820601,-0.90761185366608,28
"GOBP_POSITIVE_REGULATION_OF_KINASE_ACTIVITY",0.9568,0.999752903385224,0.0374584205912161,-0.212018550260201,-0.667462679885304,32
"GOBP_POSITIVE_REGULATION_OF_LEUKOCYTE_CELL_CELL_ADHESION",0.892966360856269,0.999752903385224,0.0711327399327894,0.193060708169566,0.80694902494775,87
"GOBP_POSITIVE_REGULATION_OF_LEUKOCYTE_CHEMOTAXIS",0.00182494630934628,0.0812323428592699,0.45505986738723,0.498646266682247,1.75875673969553,37
"GOBP_POSITIVE_REGULATION_OF_LEUKOCYTE_MEDIATED_IMMUNITY",0.663185378590078,0.922977721894445,0.0782955249944794,0.246351040328476,0.901724746787906,43
"GOBP_POSITIVE_REGULATION_OF_LEUKOCYTE_MIGRATION",0.0783132530120482,0.360273609436441,0.282013350011725,0.328603972288802,1.27745677839743,60
"GOBP_POSITIVE_REGULATION_OF_LEUKOCYTE_PROLIFERATION",0.511695906432749,0.841459012701419,0.0992333343771191,0.246579990936578,0.977186865108083,65
"GOBP_POSITIVE_REGULATION_OF_LIPID_BIOSYNTHETIC_PROCESS",0.97708674304419,0.999752903385224,0.037536290520292,-0.222192566169251,-0.56141880195651,13
"GOBP_POSITIVE_REGULATION_OF_LIPID_LOCALIZATION",0.962085308056872,0.999752903385224,0.0366082221336689,-0.204624570996908,-0.618496073245978,27
"GOBP_POSITIVE_REGULATION_OF_LIPID_METABOLIC_PROCESS",0.847133757961783,0.991519119178694,0.042845050912155,-0.26487906734117,-0.727067357685944,18
"GOBP_POSITIVE_REGULATION_OF_LIPID_TRANSPORT",0.9856,0.999752903385224,0.0360729976388226,-0.185175384082317,-0.542148395095957,23
"GOBP_POSITIVE_REGULATION_OF_LYMPHOCYTE_DIFFERENTIATION",0.63395225464191,0.911747516072472,0.0815265143256594,0.264280901853268,0.904292512023781,31
"GOBP_POSITIVE_REGULATION_OF_LYMPHOCYTE_MIGRATION",0.0298928926337275,0.246745957693427,0.352487857583619,0.503542839709621,1.54825733451138,21
"GOBP_POSITIVE_REGULATION_OF_MACROPHAGE_ACTIVATION",0.217391304347826,0.579169370538611,0.150169802128406,0.459112602982979,1.22391027983978,13
"GOBP_POSITIVE_REGULATION_OF_MACROPHAGE_MIGRATION",0.272952853598015,0.641032266146775,0.130105630751129,0.453787360205602,1.16316305355025,11
"GOBP_POSITIVE_REGULATION_OF_MAPK_CASCADE",0.22746185852982,0.588433938370621,0.103197466945307,-0.275451627654427,-1.11746013205593,133
"GOBP_POSITIVE_REGULATION_OF_MAP_KINASE_ACTIVITY",0.474489795918367,0.802099574855461,0.0734381410838857,-0.425248332827065,-1.00184323025235,10
"GOBP_POSITIVE_REGULATION_OF_MIRNA_METABOLIC_PROCESS",0.280788177339901,0.641797752808989,0.127505315300183,0.421557531232285,1.16866581787461,14
"GOBP_POSITIVE_REGULATION_OF_MITOTIC_CELL_CYCLE",0.0158786706104318,0.189345549276206,0.352487857583619,0.649719248945044,1.8011887374842,14
"GOBP_POSITIVE_REGULATION_OF_MITOTIC_NUCLEAR_DIVISION",0.784641068447412,0.979907773386034,0.048505983646947,-0.317028324738425,-0.767679904067623,11
"GOBP_POSITIVE_REGULATION_OF_MOLECULAR_FUNCTION",0.577039274924471,0.886034499561446,0.0940503465727813,0.233974999017127,0.958825920682279,79
"GOBP_POSITIVE_REGULATION_OF_MONOATOMIC_ION_TRANSMEMBRANE_TRANSPORT",0.0158416060227653,0.189345549276206,0.352487857583619,0.530986051894414,1.63263775102601,21
"GOBP_POSITIVE_REGULATION_OF_MONOATOMIC_ION_TRANSPORT",0.0204335459780894,0.20236281837968,0.352487857583619,0.416858815650581,1.47917929799545,38
"GOBP_POSITIVE_REGULATION_OF_MONONUCLEAR_CELL_MIGRATION",0.00735602015496954,0.129683910880204,0.407017918923954,0.455590022134957,1.61661287662485,38
"GOBP_POSITIVE_REGULATION_OF_MORPHOGENESIS_OF_AN_EPITHELIUM",0.229591836734694,0.58967112024666,0.115734447701689,-0.517807963622656,-1.21990461309363,10
"GOBP_POSITIVE_REGULATION_OF_MYELOID_CELL_DIFFERENTIATION",0.932614555256065,0.999752903385224,0.0628003977812234,0.21158972878728,0.698572943585269,28
"GOBP_POSITIVE_REGULATION_OF_MYELOID_LEUKOCYTE_DIFFERENTIATION",0.945736434108527,0.999752903385224,0.0601186142531851,0.204629004258165,0.627825500638007,20
"GOBP_POSITIVE_REGULATION_OF_NATURAL_KILLER_CELL_ACTIVATION",0.829931972789116,0.989269335233091,0.046788296531803,-0.302099759391569,-0.711717308320144,10
"GOBP_POSITIVE_REGULATION_OF_NATURAL_KILLER_CELL_MEDIATED_CYTOTOXICITY",0.442748091603053,0.78980749972182,0.0995791200495904,0.383770753154124,1.00039729256315,12
"GOBP_POSITIVE_REGULATION_OF_NATURAL_KILLER_CELL_MEDIATED_IMMUNITY",0.442748091603053,0.78980749972182,0.0995791200495904,0.383770753154124,1.00039729256315,12
"GOBP_POSITIVE_REGULATION_OF_NERVOUS_SYSTEM_DEVELOPMENT",0.00727663573623257,0.129683910880204,0.407017918923954,-0.441789635273216,-1.54030314323218,52
"GOBP_POSITIVE_REGULATION_OF_NEURAL_PRECURSOR_CELL_PROLIFERATION",0.158163265306122,0.493137866500312,0.142901149386948,-0.551165837544836,-1.29849248183935,10
"GOBP_POSITIVE_REGULATION_OF_NEUROGENESIS",0.584935897435897,0.891034482758621,0.0602484086158019,-0.281643430162648,-0.930433764273322,40
"GOBP_POSITIVE_REGULATION_OF_NEUROINFLAMMATORY_RESPONSE",0.0845410628019324,0.372606906423332,0.241339976815091,0.569237694315515,1.42795465414406,10
"GOBP_POSITIVE_REGULATION_OF_NEURON_APOPTOTIC_PROCESS",0.172323759791123,0.515887482141977,0.172324344900946,0.411684393636275,1.24095091385348,19
"GOBP_POSITIVE_REGULATION_OF_NEURON_DIFFERENTIATION",0.0886699507389163,0.377873244785358,0.191892240384838,-0.563683353859195,-1.39570700466692,12
"GOBP_POSITIVE_REGULATION_OF_NEURON_PROJECTION_DEVELOPMENT",0.588859416445623,0.891034482758621,0.0855356947987884,0.298461263213773,0.935373858257171,23
"GOBP_POSITIVE_REGULATION_OF_NEUTROPHIL_MIGRATION",0.119476268412439,0.433025663180107,0.163180127180689,-0.538067356858129,-1.3595465233931,13
"GOBP_POSITIVE_REGULATION_OF_NF_KAPPAB_TRANSCRIPTION_FACTOR_ACTIVITY",0.0887728459530026,0.377873244785358,0.245041785430996,0.462720732977799,1.39479107132507,19
"GOBP_POSITIVE_REGULATION_OF_NITRIC_OXIDE_BIOSYNTHETIC_PROCESS",0.270531400966184,0.640661427163698,0.128788713061714,0.468743039735765,1.17585994721094,10
"GOBP_POSITIVE_REGULATION_OF_NON_CANONICAL_NF_KAPPAB_SIGNAL_TRANSDUCTION",0.0330721844192227,0.265320670509269,0.321775918075361,0.519264858172518,1.51417584962563,18
"GOBP_POSITIVE_REGULATION_OF_NOTCH_SIGNALING_PATHWAY",0.020034012993992,0.20236281837968,0.352487857583619,-0.654031060230143,-1.6194122565148,12
"GOBP_POSITIVE_REGULATION_OF_NUCLEAR_DIVISION",0.816091954022989,0.988405797101449,0.0459538081039063,-0.299734135456342,-0.742156087331791,12
"GOBP_POSITIVE_REGULATION_OF_OSTEOBLAST_DIFFERENTIATION",0.273322422258592,0.641032266146775,0.102080107662747,-0.440578450659094,-1.14445460206738,15
"GOBP_POSITIVE_REGULATION_OF_OSTEOCLAST_DIFFERENTIATION",0.770531400966184,0.972872538089929,0.0667426134241917,0.302164048924423,0.757990140648497,10
"GOBP_POSITIVE_REGULATION_OF_PEPTIDE_SECRETION",0.989795918367347,0.999752903385224,0.0387166740042594,-0.198702653926387,-0.468123901499883,10
"GOBP_POSITIVE_REGULATION_OF_PEPTIDYL_TYROSINE_PHOSPHORYLATION",0.146981627296588,0.474863718958207,0.188204146308491,0.398084315654352,1.25478402877703,24
"GOBP_POSITIVE_REGULATION_OF_PHAGOCYTOSIS",0.275862068965517,0.641032266146775,0.134273452883202,0.353729727130489,1.10858453148513,23
"GOBP_POSITIVE_REGULATION_OF_PHOSPHATIDYLINOSITOL_3_KINASE_PROTEIN_KINASE_B_SIGNAL_TRANSDUCTION",0.822289156626506,0.988405797101449,0.0416556773979467,-0.220918585455829,-0.815325942435095,71
"GOBP_POSITIVE_REGULATION_OF_PHOSPHORUS_METABOLIC_PROCESS",0.903903903903904,0.999752903385224,0.0696133438850965,0.192622468015338,0.803037563874107,83
"GOBP_POSITIVE_REGULATION_OF_PHOSPHORYLATION",0.902439024390244,0.999752903385224,0.0704500850658419,0.196451876622461,0.796222912906648,73
"GOBP_POSITIVE_REGULATION_OF_PRODUCTION_OF_MOLECULAR_MEDIATOR_OF_IMMUNE_RESPONSE",0.706036745406824,0.944214139670987,0.0753093764172773,0.243803115575892,0.871269403635729,39
"GOBP_POSITIVE_REGULATION_OF_PROTEASOMAL_PROTEIN_CATABOLIC_PROCESS",0.318840579710145,0.679558728098637,0.117249716749792,0.446330813644201,1.11963801588635,10
"GOBP_POSITIVE_REGULATION_OF_PROTEIN_CATABOLIC_PROCESS",0.00963427408615775,0.151183993352014,0.380730400722792,0.506000386393644,1.67058288417042,28
"GOBP_POSITIVE_REGULATION_OF_PROTEIN_CONTAINING_COMPLEX_ASSEMBLY",0.955497382198953,0.999752903385224,0.0602484086158019,0.199450761806384,0.698622300551348,36
"GOBP_POSITIVE_REGULATION_OF_PROTEIN_LOCALIZATION",0.974963181148748,0.999752903385224,0.0326513265618535,-0.182750374873374,-0.655143406712866,59
"GOBP_POSITIVE_REGULATION_OF_PROTEIN_LOCALIZATION_TO_CELL_PERIPHERY",0.304232804232804,0.664288141352361,0.126875729929857,0.38685015536274,1.10740061029793,16
"GOBP_POSITIVE_REGULATION_OF_PROTEIN_LOCALIZATION_TO_MEMBRANE",0.566844919786096,0.882510201210075,0.0880945010398517,0.324482470642105,0.9461905864423,18
"GOBP_POSITIVE_REGULATION_OF_PROTEIN_LOCALIZATION_TO_NUCLEUS",0.839607201309329,0.989269335233091,0.0445070537769277,-0.282272567426361,-0.733236358576326,15
"GOBP_POSITIVE_REGULATION_OF_PROTEIN_LOCALIZATION_TO_PLASMA_MEMBRANE",0.324808184143222,0.684347170654086,0.119887845115423,0.40146905252885,1.12734851853671,15
"GOBP_POSITIVE_REGULATION_OF_PROTEIN_MODIFICATION_PROCESS",0.459940652818991,0.79496884048848,0.106729884364606,0.241989809215902,0.987495541333256,76
"GOBP_POSITIVE_REGULATION_OF_PROTEIN_POLYMERIZATION",0.592775041050903,0.891034482758621,0.0607719451853533,-0.364775728435737,-0.903202189357917,12
"GOBP_POSITIVE_REGULATION_OF_PROTEIN_SECRETION",0.700813008130081,0.940564826700899,0.0524827622635459,-0.301568510273104,-0.839411859210955,20
"GOBP_POSITIVE_REGULATION_OF_PROTEIN_SERINE_THREONINE_KINASE_ACTIVITY",0.474489795918367,0.802099574855461,0.0734381410838857,-0.425248332827065,-1.00184323025235,10
"GOBP_POSITIVE_REGULATION_OF_PROTEIN_TRANSPORT",0.992,0.999752903385224,0.0357690767485421,-0.176211222136403,-0.54946791092123,31
"GOBP_POSITIVE_REGULATION_OF_PROTEOLYSIS",0.0734590423845916,0.354667078770752,0.287805130535564,0.407731622544389,1.39393710607239,32
"GOBP_POSITIVE_REGULATION_OF_PROTEOLYSIS_INVOLVED_IN_PROTEIN_CATABOLIC_PROCESS",0.12807881773399,0.446089150546678,0.195789002148949,0.481623365427123,1.33518374732645,14
"GOBP_POSITIVE_REGULATION_OF_REACTIVE_OXYGEN_SPECIES_METABOLIC_PROCESS",0.764705882352941,0.968085106382979,0.0474483193656297,-0.28532353035813,-0.823409665646473,22
"GOBP_POSITIVE_REGULATION_OF_RECEPTOR_INTERNALIZATION",0.364764267990074,0.728638290843015,0.110122263835536,0.420679340156737,1.07829946087638,11
"GOBP_POSITIVE_REGULATION_OF_RECEPTOR_MEDIATED_ENDOCYTOSIS",0.542199488491049,0.864130434782609,0.0880945010398517,0.3386356977513,0.950908793041124,15
"GOBP_POSITIVE_REGULATION_OF_RECEPTOR_SIGNALING_PATHWAY_VIA_STAT",0.855325914149444,0.996252369824964,0.042331839351853,-0.257471364910079,-0.743031639304502,22
"GOBP_POSITIVE_REGULATION_OF_RELEASE_OF_SEQUESTERED_CALCIUM_ION_INTO_CYTOSOL",0.0245925618169827,0.220768384281269,0.352487857583619,0.663071326253463,1.66333992953794,10
"GOBP_POSITIVE_REGULATION_OF_RESPONSE_TO_BIOTIC_STIMULUS",0.0308023901283507,0.252792029329223,0.352487857583619,0.359076492412406,1.44299493732858,69
"GOBP_POSITIVE_REGULATION_OF_RESPONSE_TO_CYTOKINE_STIMULUS",0.221932114882507,0.5838,0.150169802128406,0.38878955771667,1.17193841788293,19
"GOBP_POSITIVE_REGULATION_OF_RESPONSE_TO_WOUNDING",0.297560975609756,0.659676678223819,0.0965629554309422,-0.409571157743956,-1.14003576397844,20
"GOBP_POSITIVE_REGULATION_OF_SECRETION",0.986068111455108,0.999752903385224,0.0344919215094074,-0.187154071650206,-0.639631578741769,46
"GOBP_POSITIVE_REGULATION_OF_SMAD_PROTEIN_SIGNAL_TRANSDUCTION",0.0555594977928083,0.328103429521089,0.321775918075361,-0.634051958192145,-1.49376402658672,10
"GOBP_POSITIVE_REGULATION_OF_SMALL_GTPASE_MEDIATED_SIGNAL_TRANSDUCTION",0.450406504065041,0.78980749972182,0.0738052724171275,-0.364296161225327,-1.01401342507756,20
"GOBP_POSITIVE_REGULATION_OF_SMALL_MOLECULE_METABOLIC_PROCESS",0.523684210526316,0.849796650717703,0.0916795246008379,0.30862217847287,0.948929294057782,21
"GOBP_POSITIVE_REGULATION_OF_SMOOTH_MUSCLE_CELL_PROLIFERATION",0.91304347826087,0.999752903385224,0.0399218624292714,-0.231477452283277,-0.681800702970411,24
"GOBP_POSITIVE_REGULATION_OF_STRESS_FIBER_ASSEMBLY",0.369047619047619,0.732962447844228,0.086794975677172,-0.460814551733821,-1.08563374249381,10
"GOBP_POSITIVE_REGULATION_OF_SYNAPSE_ASSEMBLY",0.00199682589401674,0.0812323428592699,0.431707695803346,-0.690004633672718,-1.79236859468097,15
"GOBP_POSITIVE_REGULATION_OF_SYNAPTIC_TRANSMISSION",0.421188630490956,0.772996515679442,0.103576326612592,0.329353131646525,1.01049357842646,20
"GOBP_POSITIVE_REGULATION_OF_TRANSLATION",0.470588235294118,0.802099574855461,0.096240602328129,0.368957023593101,0.983571984434127,13
"GOBP_POSITIVE_REGULATION_OF_TRANSMEMBRANE_RECEPTOR_PROTEIN_SERINE_THREONINE_KINASE_SIGNALING_PATHWAY",0.0222492723446599,0.207659875216825,0.352487857583619,-0.585766210042318,-1.5588188760966,16
"GOBP_POSITIVE_REGULATION_OF_TRANSMEMBRANE_TRANSPORT",0.153638814016173,0.481781376518219,0.186432558434075,0.381646596705068,1.26002329128931,28
"GOBP_POSITIVE_REGULATION_OF_TUMOR_NECROSIS_FACTOR_SUPERFAMILY_CYTOKINE_PRODUCTION",0.00596593818267293,0.118324440623013,0.407017918923954,0.463773222750444,1.64565009615176,38
"GOBP_POSITIVE_REGULATION_OF_TYPE_II_INTERFERON_PRODUCTION",0.062468305649501,0.346485497778939,0.321775918075361,0.433601302437213,1.40771828482327,27
"GOBP_POSITIVE_REGULATION_OF_T_CELL_MEDIATED_CYTOTOXICITY",0.826530612244898,0.98851399856425,0.0469758727821845,-0.308382890129907,-0.726519746117247,10
"GOBP_POSITIVE_REGULATION_OF_T_CELL_MEDIATED_IMMUNITY",0.976114649681529,0.999752903385224,0.0363018462359236,-0.2101096837459,-0.576730710051155,18
"GOBP_POSITIVE_REGULATION_OF_T_CELL_MIGRATION",0.0573196922065824,0.331386722554655,0.321775918075361,0.495129381131574,1.44417285960039,17
"GOBP_POSITIVE_REGULATION_OF_T_CELL_PROLIFERATION",0.947513812154696,0.999752903385224,0.0632191170859458,0.195092677279527,0.716790178656116,45
"GOBP_POSITIVE_REGULATION_OF_VASCULATURE_DEVELOPMENT",0.010767848670602,0.159033870128277,0.380730400722792,-0.434304017411878,-1.5525995594287,58
"GOBP_POSITIVE_REGULATION_OF_VIRAL_LIFE_CYCLE",0.0966921119592875,0.394838709677419,0.231126709673834,0.532559560543121,1.38825363349665,12
"GOBP_POSITIVE_REGULATION_OF_VIRAL_PROCESS",0.137203166226913,0.461002638522427,0.195789002148949,0.443511213767718,1.29361512820739,17
"GOBP_POSITIVE_REGULATION_OF_WNT_SIGNALING_PATHWAY",0.167471819645733,0.508829273306609,0.134273452883202,-0.423260251741015,-1.24668357254641,24
"GOBP_POSITIVE_T_CELL_SELECTION",0.470588235294118,0.802099574855461,0.096240602328129,0.369980167265222,0.986299498446869,13
"GOBP_POSTSYNAPSE_ASSEMBLY",0.298850574712644,0.659676678223819,0.096887770327544,-0.461767373350965,-1.14335815152274,12
"GOBP_POSTSYNAPSE_ORGANIZATION",0.5008,0.831560930232558,0.0676760401641789,-0.313607361121698,-0.977901290711612,31
"GOBP_POST_EMBRYONIC_DEVELOPMENT",0.324829931972789,0.684347170654086,0.0940503465727813,-0.477036571318867,-1.12385122448664,10
"GOBP_PRIMARY_ALCOHOL_METABOLIC_PROCESS",0.723785166240409,0.953217807963143,0.0727141077934447,0.287208378213494,0.806497879851015,15
"GOBP_PRODUCTION_OF_MOLECULAR_MEDIATOR_INVOLVED_IN_INFLAMMATORY_RESPONSE",0.300268096514745,0.660682344873738,0.128788713061714,0.344867320755157,1.10947134979362,26
"GOBP_PRODUCTION_OF_MOLECULAR_MEDIATOR_OF_IMMUNE_RESPONSE",0.758208955223881,0.967688652275008,0.0782955249944794,0.225590578917252,0.856698252830885,54
"GOBP_PROGRAMMED_NECROTIC_CELL_DEATH",0.998394863563403,0.999795136864333,0.0356176233437444,-0.178417932461518,-0.480333873887321,17
"GOBP_PROSTANOID_METABOLIC_PROCESS",0.725040916530278,0.953217807963143,0.051218434854034,-0.314755355200493,-0.817614239293074,15
"GOBP_PROTEIN_AUTOPHOSPHORYLATION",0.334405144694534,0.693077716435115,0.0891647117820678,-0.387702028852375,-1.09823055348027,21
"GOBP_PROTEIN_CATABOLIC_PROCESS_IN_THE_VACUOLE",0.0207280076115215,0.20236281837968,0.352487857583619,0.668972741097622,1.67814385569551,10
"GOBP_PROTEIN_COMPLEX_OLIGOMERIZATION",0.336814621409922,0.697059825178795,0.118815039412263,0.361123387107144,1.08854356437034,19
"GOBP_PROTEIN_CONTAINING_COMPLEX_DISASSEMBLY",0.641221374045801,0.912016057905781,0.0787113806986485,0.329255260929406,0.858288623843277,12
"GOBP_PROTEIN_CONTAINING_COMPLEX_REMODELING",0.536945812807882,0.859594866244008,0.0655321029282414,-0.379481001343138,-0.939613149983028,12
"GOBP_PROTEIN_DEPHOSPHORYLATION",0.0379284545778782,0.276001922113003,0.321775918075361,-0.644759562506075,-1.56127677077352,11
"GOBP_PROTEIN_FOLDING",0.0751295336787565,0.354667078770752,0.266350657088526,0.389894610618687,1.36065333698094,34
"GOBP_PROTEIN_HOMOOLIGOMERIZATION",0.732348111658456,0.95419078781777,0.0509082865515105,-0.327189193677334,-0.810136127562229,12
"GOBP_PROTEIN_K63_LINKED_UBIQUITINATION",0.947890818858561,0.999752903385224,0.0580983576873206,0.245585228223837,0.629492332792719,11
"GOBP_PROTEIN_LIPID_COMPLEX_ORGANIZATION",0.434563758389262,0.784522183286809,0.077274697304471,-0.401793225488815,-1.02264772189023,14
"GOBP_PROTEIN_LOCALIZATION_TO_CELL_JUNCTION",0.11744966442953,0.430769230769231,0.166933848713193,-0.531308614915737,-1.35229145290643,14
"GOBP_PROTEIN_LOCALIZATION_TO_CELL_PERIPHERY",0.892761394101877,0.999752903385224,0.0646484568421928,0.212443637277782,0.768224111759346,42
"GOBP_PROTEIN_LOCALIZATION_TO_EXTRACELLULAR_REGION",0.663636363636364,0.922977721894445,0.0517405459873163,-0.257714226447548,-0.893767295972919,51
"GOBP_PROTEIN_LOCALIZATION_TO_MEMBRANE",0.830838323353293,0.989269335233091,0.0409055783172035,-0.225843967691286,-0.801029024275108,57
"GOBP_PROTEIN_LOCALIZATION_TO_NUCLEUS",0.627604166666667,0.905271464646465,0.0810802057550866,0.265597286624481,0.912311143407824,33
"GOBP_PROTEIN_LOCALIZATION_TO_PLASMA_MEMBRANE",0.787798408488064,0.982511901590354,0.0702812841717392,0.237951673046537,0.828786094184428,35
"GOBP_PROTEIN_O_LINKED_GLYCOSYLATION",0.0224810769690811,0.208460895531479,0.352487857583619,0.651948988504692,1.69947292134439,12
"GOBP_PROTEIN_POLYMERIZATION",0.462639109697933,0.79496884048848,0.0713052987340038,-0.332908530431674,-0.995359164621655,26
"GOBP_PROTEIN_POLYUBIQUITINATION",0.41688654353562,0.772650965289093,0.105520936843198,0.350027362289609,1.0209453043988,17
"GOBP_PROTEIN_PROCESSING",0.445619335347432,0.78980749972182,0.070619624712259,-0.286223860127643,-1.00662133983523,55
"GOBP_PROTEIN_STABILIZATION",0.121052631578947,0.435423571523267,0.208955027549354,0.430335006982815,1.32316315180327,21
"GOBP_PROTEIN_TARGETING",0.967845659163987,0.999752903385224,0.0371479221137289,-0.210788385293033,-0.597093199983551,21
"GOBP_PROTEOGLYCAN_METABOLIC_PROCESS",0.0689655172413793,0.352984797923619,0.271288554688953,0.521138523401893,1.44472992072308,14
"GOBP_PURINE_CONTAINING_COMPOUND_BIOSYNTHETIC_PROCESS",0.00292829282722441,0.0929244923839212,0.431707695803346,0.583329404841158,1.85938975756379,25
"GOBP_PURINE_CONTAINING_COMPOUND_CATABOLIC_PROCESS",0.089440585950596,0.377873244785358,0.287805130535564,0.534882301562946,1.50198070426651,15
"GOBP_PYRIDINE_CONTAINING_COMPOUND_CATABOLIC_PROCESS",0.161835748792271,0.500219587176109,0.170932335370056,0.521515617510427,1.30824198866222,10
"GOBP_PYRIDINE_CONTAINING_COMPOUND_METABOLIC_PROCESS",0.00269385291087562,0.089460975737916,0.431707695803346,0.624454112602381,1.88230817993584,19
"GOBP_PYRUVATE_METABOLIC_PROCESS",0.165394402035623,0.506830914392425,0.173747838999571,0.497545769886867,1.29698117178089,12
"GOBP_RAS_PROTEIN_SIGNAL_TRANSDUCTION",0.12962962962963,0.447368421052632,0.20207170902116,0.452883582009208,1.29642847019318,16
"GOBP_REACTIVE_NITROGEN_SPECIES_METABOLIC_PROCESS",0.145502645502645,0.473122529644269,0.190023305279108,0.444081055861109,1.2712302824881,16
"GOBP_REACTIVE_OXYGEN_SPECIES_BIOSYNTHETIC_PROCESS",0.724489795918367,0.953217807963143,0.0530212512043078,-0.344172794217791,-0.810837238636164,10
"GOBP_REACTIVE_OXYGEN_SPECIES_METABOLIC_PROCESS",0.962292609351433,0.999752903385224,0.0344174840212229,-0.194526281167601,-0.678217455550815,52
"GOBP_RECEPTOR_CLUSTERING",0.298850574712644,0.659676678223819,0.096887770327544,-0.461838692562082,-1.1435347413082,12
"GOBP_RECEPTOR_INTERNALIZATION",0.53099730458221,0.85582861280293,0.0922597260527354,0.289587582616482,0.956086343007305,28
"GOBP_RECEPTOR_MEDIATED_ENDOCYTOSIS",0.754437869822485,0.966221774086555,0.0780892306943345,0.223891092907581,0.873324649282234,61
"GOBP_REGENERATION",0.176090468497577,0.518468430957814,0.130777137971974,-0.359431970106137,-1.20393669999318,43
"GOBP_REGULATED_EXOCYTOSIS",0.932975871313673,0.999752903385224,0.0625237414724762,0.210821385738859,0.712575241317366,30
"GOBP_REGULATION_OF_ACTIN_FILAMENT_BASED_PROCESS",0.271875,0.641032266146775,0.0995791200495904,-0.329367324188479,-1.11942730572327,45
"GOBP_REGULATION_OF_ACTIN_FILAMENT_BUNDLE_ASSEMBLY",0.382978723404255,0.742997542997543,0.0826646449123753,-0.417558457151122,-1.0550540587484,13
"GOBP_REGULATION_OF_ACTIN_FILAMENT_LENGTH",0.623567921440262,0.904933934773063,0.0582216241124161,-0.343520224124606,-0.892334386337985,15
"GOBP_REGULATION_OF_ACTIN_FILAMENT_ORGANIZATION",0.516693163751987,0.843697127937337,0.0658311958368866,-0.313586309609434,-0.970921855737799,30
"GOBP_REGULATION_OF_ACTIN_FILAMENT_POLYMERIZATION",0.263502454991817,0.631344808268984,0.104343952581949,-0.459261731257064,-1.16042663079201,13
"GOBP_REGULATION_OF_ACTOMYOSIN_STRUCTURE_ORGANIZATION",0.38423645320197,0.742997542997543,0.0826646449123753,-0.427152863912008,-1.05765096688388,12
"GOBP_REGULATION_OF_ACUTE_INFLAMMATORY_RESPONSE",0.703764320785597,0.942753705517667,0.0525898950623616,-0.328411413006047,-0.829804278412511,13
"GOBP_REGULATION_OF_ADAPTIVE_IMMUNE_RESPONSE",0.180758017492711,0.528939444630311,0.178219874951973,0.293851527717628,1.16011533805809,64
"GOBP_REGULATION_OF_ALPHA_BETA_T_CELL_ACTIVATION",0.24390243902439,0.606944353625842,0.14551614609036,0.351605106295103,1.14151164765128,27
"GOBP_REGULATION_OF_ALPHA_BETA_T_CELL_DIFFERENTIATION",0.125615763546798,0.440920259102077,0.197822021315103,0.486257910309703,1.34803189683014,14
"GOBP_REGULATION_OF_AMIDE_METABOLIC_PROCESS",0.474631751227496,0.802099574855461,0.0714786287425507,-0.392311687302604,-0.991262494854094,13
"GOBP_REGULATION_OF_AMYLOID_PRECURSOR_PROTEIN_CATABOLIC_PROCESS",0.908180300500835,0.999752903385224,0.0418238690062304,-0.273063482909249,-0.661219619846593,11
"GOBP_REGULATION_OF_ANIMAL_ORGAN_MORPHOGENESIS",0.432692307692308,0.782132424537488,0.0751181635276301,-0.386361961595626,-1.02817183445502,16
"GOBP_REGULATION_OF_ANTIGEN_RECEPTOR_MEDIATED_SIGNALING_PATHWAY",0.429708222811671,0.779151033620246,0.103958471559957,0.325920978681914,1.02143226237805,23
"GOBP_REGULATION_OF_APOPTOTIC_SIGNALING_PATHWAY",0.613293051359517,0.90164662927421,0.0905428948469474,0.228709187575554,0.937246706985023,79
"GOBP_REGULATION_OF_AUTOPHAGY",0.0046083982270899,0.115452502952358,0.407017918923954,0.489727100208864,1.68218394256805,33
"GOBP_REGULATION_OF_AXONOGENESIS",0.0137349944003139,0.173179467581517,0.380730400722792,-0.506507324934667,-1.54511570625704,28
"GOBP_REGULATION_OF_AXON_EXTENSION",0.0107590665484216,0.159033870128277,0.380730400722792,-0.606892784023341,-1.63386694354317,17
"GOBP_REGULATION_OF_BEHAVIOR",0.84072249589491,0.989269335233091,0.0445961615888961,-0.292243257028298,-0.723608313264045,12
"GOBP_REGULATION_OF_BINDING",0.92962356792144,0.999752903385224,0.0398406946073899,-0.250330513205411,-0.650263097178803,15
"GOBP_REGULATION_OF_BIOLOGICAL_PROCESS_INVOLVED_IN_SYMBIOTIC_INTERACTION",0.0132121534198622,0.173091331041865,0.380730400722792,0.625773824301961,1.75720940212489,15
"GOBP_REGULATION_OF_BIOMINERAL_TISSUE_DEVELOPMENT",0.0608974358974359,0.34508547008547,0.231126709673834,-0.544857659354619,-1.44995458875382,16
"GOBP_REGULATION_OF_BLOOD_CIRCULATION",0.615136876006441,0.901794270718151,0.0580983576873206,-0.30297148569109,-0.89238139562459,24
"GOBP_REGULATION_OF_BLOOD_PRESSURE",0.887096774193548,0.999752903385224,0.0413209506074822,-0.231535890330755,-0.746167665274682,36
"GOBP_REGULATION_OF_BMP_SIGNALING_PATHWAY",0.0114709304084121,0.159033870128277,0.380730400722792,-0.560979708091758,-1.61892050506492,22
"GOBP_REGULATION_OF_BODY_FLUID_LEVELS",0.9375,0.999752903385224,0.0673623868166279,0.186555596935596,0.758099434734644,74
"GOBP_REGULATION_OF_BONE_MINERALIZATION",0.100340136054422,0.40023942537909,0.183023938384487,-0.585855814936754,-1.38021865528877,10
"GOBP_REGULATION_OF_BONE_REMODELING",0.644230769230769,0.912471962860571,0.0557104226766671,-0.326442111989714,-0.868715397710711,16
"GOBP_REGULATION_OF_B_CELL_ACTIVATION",0.928,0.999752903385224,0.038875878582578,-0.218806623062189,-0.698730509563918,35
"GOBP_REGULATION_OF_B_CELL_MEDIATED_IMMUNITY",0.672823218997362,0.925742998834611,0.0780892306943345,0.297970924611319,0.869109244315574,17
"GOBP_REGULATION_OF_B_CELL_PROLIFERATION",0.931637519872814,0.999752903385224,0.0383995813369433,-0.229304458477492,-0.685594610442167,26
"GOBP_REGULATION_OF_CALCIUM_ION_IMPORT",0.639386189258312,0.911747516072472,0.0791316651768349,0.32090101644068,0.855463453368421,13
"GOBP_REGULATION_OF_CALCIUM_ION_TRANSMEMBRANE_TRANSPORT",0.159891598915989,0.496359137504419,0.183023938384487,0.382110600630988,1.24054996216469,27
"GOBP_REGULATION_OF_CALCIUM_ION_TRANSPORT",0.0683697817529668,0.352984797923619,0.287805130535564,0.359724116445977,1.33036008071881,49
"GOBP_REGULATION_OF_CALCIUM_MEDIATED_SIGNALING",0.662404092071611,0.922977721894445,0.077274697304471,0.303103307917593,0.851131769664659,15
"GOBP_REGULATION_OF_CANONICAL_WNT_SIGNALING_PATHWAY",0.279809220985692,0.641797752808989,0.0988903007520636,-0.337556942642296,-1.12833942368777,42
"GOBP_REGULATION_OF_CARBOHYDRATE_BIOSYNTHETIC_PROCESS",0.424936386768448,0.77300529975203,0.102080107662747,0.389291853604046,1.01478946261956,12
"GOBP_REGULATION_OF_CARBOHYDRATE_METABOLIC_PROCESS",0.444736842105263,0.78980749972182,0.101350743797099,0.32482907255319,0.998761087205661,21
"GOBP_REGULATION_OF_CARTILAGE_DEVELOPMENT",0.0190130575423274,0.202144838963651,0.352487857583619,-0.594802788099477,-1.5828666757295,16
"GOBP_REGULATION_OF_CD4_POSITIVE_ALPHA_BETA_T_CELL_ACTIVATION",0.27807486631016,0.641502489716389,0.134273452883202,0.383336789426975,1.11780972597708,18
"GOBP_REGULATION_OF_CD4_POSITIVE_ALPHA_BETA_T_CELL_DIFFERENTIATION",0.115942028985507,0.427817099202337,0.204294756516886,0.544648304232123,1.36627122319284,10
"GOBP_REGULATION_OF_CELLULAR_COMPONENT_SIZE",0.3728,0.733276033057851,0.0828962134571565,-0.314378934526811,-1.0605807108784,44
"GOBP_REGULATION_OF_CELLULAR_EXTRAVASATION",0.0710823909531502,0.354667078770752,0.213927855492356,-0.513248844086311,-1.41729708870622,19
"GOBP_REGULATION_OF_CELLULAR_RESPONSE_TO_GROWTH_FACTOR_STIMULUS",0.000414172380068057,0.0580989493809801,0.49849310876659,-0.512707378508251,-1.85124511791558,62
"GOBP_REGULATION_OF_CELLULAR_RESPONSE_TO_INSULIN_STIMULUS",0.785024154589372,0.979907773386034,0.0658311958368866,0.297008547008547,0.745057365765984,10
"GOBP_REGULATION_OF_CELLULAR_RESPONSE_TO_TRANSFORMING_GROWTH_FACTOR_BETA_STIMULUS",0.0557324840764331,0.328103429521089,0.241339976815091,-0.533469382330892,-1.46432173033172,18
"GOBP_REGULATION_OF_CELLULAR_RESPONSE_TO_VASCULAR_ENDOTHELIAL_GROWTH_FACTOR_STIMULUS",0.0442401575287968,0.294715900748998,0.321775918075361,-0.602423304077008,-1.52215609854368,13
"GOBP_REGULATION_OF_CELL_ADHESION_MEDIATED_BY_INTEGRIN",0.746701846965699,0.965477544643469,0.0727141077934447,0.278713860233133,0.812941036993692,17
"GOBP_REGULATION_OF_CELL_CYCLE_G1_S_PHASE_TRANSITION",0.181818181818182,0.52987012987013,0.169570644405628,0.415224246680931,1.21079352204955,18
"GOBP_REGULATION_OF_CELL_CYCLE_PHASE_TRANSITION",0.00545244648392132,0.115489692841489,0.407017918923954,0.512159478679562,1.72427625209869,29
"GOBP_REGULATION_OF_CELL_DIVISION",0.665086887835703,0.922977721894445,0.0535669384770951,-0.294064826080586,-0.888837246301924,27
"GOBP_REGULATION_OF_CELL_GROWTH",0.283132530120482,0.64483772410215,0.0949751525905595,-0.301386520019987,-1.11230228984814,71
"GOBP_REGULATION_OF_CELL_JUNCTION_ASSEMBLY",6.10481453231073e-05,0.0580989493809801,0.538434096309916,-0.562216532818518,-1.9449808655054,50
"GOBP_REGULATION_OF_CELL_KILLING",0.402116402116402,0.760093426760093,0.107972360317345,0.283835839304663,1.02230244611935,40
"GOBP_REGULATION_OF_CELL_MATRIX_ADHESION",0.0473933649289099,0.299958696705993,0.261663521711573,-0.484701363244166,-1.46505323580138,27
"GOBP_REGULATION_OF_CELL_MIGRATION_INVOLVED_IN_SPROUTING_ANGIOGENESIS",0.151919866444073,0.480660438638967,0.144630528034484,-0.536260231457677,-1.29854707266418,11
"GOBP_REGULATION_OF_CELL_MORPHOGENESIS",0.423592493297587,0.772996515679442,0.105520936843198,0.315562336029111,1.01519439456199,26
"GOBP_REGULATION_OF_CELL_PROJECTION_ASSEMBLY",0.549363057324841,0.871656050955414,0.0629394692018967,-0.340350565182546,-0.934229301689062,18
"GOBP_REGULATION_OF_CELL_SHAPE",0.260053619302949,0.628776990371115,0.139599673451922,0.367427569696465,1.13642379060178,22
"GOBP_REGULATION_OF_CELL_SIZE",0.108108108108108,0.411675675675676,0.169570644405628,-0.442642069924309,-1.32345013921681,26
"GOBP_REGULATION_OF_CELL_SUBSTRATE_ADHESION",0.0380517503805175,0.276001922113003,0.287857117255149,-0.418285335771519,-1.44198062682977,47
"GOBP_REGULATION_OF_CELL_SUBSTRATE_JUNCTION_ORGANIZATION",0.248322147651007,0.609285269494223,0.109684061970549,-0.469168426114761,-1.19413168692771,14
"GOBP_REGULATION_OF_CHEMOTAXIS",0.130952380952381,0.447368421052632,0.213927855492356,0.294634114218663,1.19729431392949,74
"GOBP_REGULATION_OF_CHONDROCYTE_DIFFERENTIATION",0.0135777060408936,0.173179467581517,0.380730400722792,-0.68340880597868,-1.61004390355368,10
"GOBP_REGULATION_OF_CHROMOSOME_ORGANIZATION",0.0476825099105465,0.299958696705993,0.321775918075361,0.615770429653034,1.60516419138888,12
"GOBP_REGULATION_OF_COAGULATION",0.9552,0.999752903385224,0.037536290520292,-0.220890838663439,-0.646714541818084,23
"GOBP_REGULATION_OF_COLLAGEN_METABOLIC_PROCESS",0.175122749590835,0.517616354936929,0.132147260608774,-0.497337176410133,-1.25663268831381,13
"GOBP_REGULATION_OF_CYTOPLASMIC_PATTERN_RECOGNITION_RECEPTOR_SIGNALING_PATHWAY",0.16256157635468,0.500297265160523,0.172324344900946,0.468052285279042,1.29756122535575,14
"GOBP_REGULATION_OF_DEFENSE_RESPONSE_TO_VIRUS",0.0777725485370289,0.359414884501221,0.287805130535564,0.596252665099023,1.52833492389437,11
"GOBP_REGULATION_OF_DEFENSE_RESPONSE_TO_VIRUS_BY_HOST",0.0777725485370289,0.359414884501221,0.287805130535564,0.596252665099023,1.52833492389437,11
"GOBP_REGULATION_OF_DEVELOPMENTAL_GROWTH",0.320668693009119,0.681420972644377,0.0883594442500905,-0.310499999446196,-1.07371288365882,48
"GOBP_REGULATION_OF_DNA_BINDING_TRANSCRIPTION_FACTOR_ACTIVITY",0.0659630606860158,0.352984797923619,0.287857117255149,0.432104336864089,1.37735278128618,25
"GOBP_REGULATION_OF_DNA_BIOSYNTHETIC_PROCESS",0.640394088669951,0.911747516072472,0.0571258510018113,-0.350678459799267,-0.868296676452692,12
"GOBP_REGULATION_OF_DNA_RECOMBINATION",0.951653944020356,0.999752903385224,0.0590954798717342,0.236147819112706,0.615580100733127,12
"GOBP_REGULATION_OF_DNA_REPLICATION",0.826086956521739,0.98851399856425,0.0633597010643758,0.281969770891981,0.707332017352254,10
"GOBP_REGULATION_OF_D_GLUCOSE_TRANSMEMBRANE_TRANSPORT",0.821018062397373,0.988405797101449,0.0456790414930062,-0.298748683165321,-0.739716060220955,12
"GOBP_REGULATION_OF_ENDOCRINE_PROCESS",0.930946291560102,0.999752903385224,0.0603786357920401,0.245582847584357,0.654678982362776,13
"GOBP_REGULATION_OF_ENDOCYTOSIS",0.20414201183432,0.560605370960401,0.16823816568964,0.296437552675191,1.15630424757902,61
"GOBP_REGULATION_OF_ENDOTHELIAL_CELL_DIFFERENTIATION",0.260229132569558,0.628776990371115,0.105125131597001,-0.44508536356686,-1.15616184106351,15
"GOBP_REGULATION_OF_ENDOTHELIAL_CELL_MIGRATION",0.656534954407295,0.920954729757973,0.0523759084097997,-0.257715924108921,-0.891184890606541,48
"GOBP_REGULATION_OF_EPITHELIAL_CELL_DIFFERENTIATION",0.526570048309179,0.85278080697928,0.0655321029282414,-0.317162057527237,-0.969025772095237,29
"GOBP_REGULATION_OF_EPITHELIAL_CELL_MIGRATION",0.086848635235732,0.376960033789135,0.241339976815091,0.552699506911221,1.41669800115918,11
"GOBP_REGULATION_OF_EPITHELIAL_CELL_PROLIFERATION",0.0237003690809253,0.215559390077837,0.352487857583619,-0.370977349571413,-1.39956431163776,79
"GOBP_REGULATION_OF_EPITHELIAL_TO_MESENCHYMAL_TRANSITION",0.0221571286117246,0.207659875216825,0.352487857583619,-0.573227607979225,-1.58292381817495,19
"GOBP_REGULATION_OF_ERBB_SIGNALING_PATHWAY",0.106699751861042,0.409589370047226,0.216542836735348,0.542119448637287,1.38957883926125,11
"GOBP_REGULATION_OF_EXECUTION_PHASE_OF_APOPTOSIS",0.809178743961353,0.986127448392376,0.0643583367917361,0.288578329680659,0.723909841297705,10
"GOBP_REGULATION_OF_EXOCYTOSIS",0.173228346456693,0.516749379652605,0.172324344900946,0.385185047688306,1.21412481466028,24
"GOBP_REGULATION_OF_EXTENT_OF_CELL_GROWTH",0.0581583198707593,0.334879357965501,0.237793834423688,-0.525834087507085,-1.45205026753251,19
"GOBP_REGULATION_OF_EXTRACELLULAR_MATRIX_ORGANIZATION",0.263242375601926,0.631344808268984,0.103197466945307,-0.427790391292855,-1.15169037678312,17
"GOBP_REGULATION_OF_EXTRINSIC_APOPTOTIC_SIGNALING_PATHWAY",0.93312101910828,0.999752903385224,0.0383995813369433,-0.218684777343639,-0.712776148168237,38
"GOBP_REGULATION_OF_EXTRINSIC_APOPTOTIC_SIGNALING_PATHWAY_VIA_DEATH_DOMAIN_RECEPTORS",0.673913043478261,0.925742998834611,0.0734381410838857,0.329461018095417,0.826465637898586,10
"GOBP_REGULATION_OF_FAT_CELL_DIFFERENTIATION",0.718346253229974,0.950693651169975,0.0736212741014394,0.27038818085748,0.829582275635171,20
"GOBP_REGULATION_OF_GENERATION_OF_PRECURSOR_METABOLITES_AND_ENERGY",0.185990338164251,0.535692073802778,0.158514105424824,0.514341082359218,1.29024439123887,10
"GOBP_REGULATION_OF_GLIAL_CELL_DIFFERENTIATION",0.55810147299509,0.879222211085497,0.0635007968065945,-0.36136963302707,-0.938700335766623,15
"GOBP_REGULATION_OF_GLIOGENESIS",1,1,0.0358449292332649,-0.151701675763286,-0.418912474696197,19
"GOBP_REGULATION_OF_GLUCOSE_METABOLIC_PROCESS",0.905797101449275,0.999752903385224,0.0589694466690997,0.260508515553441,0.653495632744428,10
"GOBP_REGULATION_OF_GRANULOCYTE_CHEMOTAXIS",0.678100263852243,0.925742998834611,0.0776798560117236,0.297393187827439,0.867424125607077,17
"GOBP_REGULATION_OF_GTPASE_ACTIVITY",0.814814814814815,0.988405797101449,0.0684714904492087,0.264750164797831,0.757876118205727,16
"GOBP_REGULATION_OF_G_PROTEIN_COUPLED_RECEPTOR_SIGNALING_PATHWAY",0.983914209115281,0.999752903385224,0.059989249649033,0.186373889861662,0.576439385212051,22
"GOBP_REGULATION_OF_HEART_CONTRACTION",0.903846153846154,0.999752903385224,0.0401660980049421,-0.250340436885282,-0.666196499178156,16
"GOBP_REGULATION_OF_HEMOPOIESIS",0.798136645962733,0.985027125103298,0.0776798560117236,0.206859836900043,0.869608603758036,90
"GOBP_REGULATION_OF_HOMOTYPIC_CELL_CELL_ADHESION",0.539408866995074,0.862570954164575,0.0862865626267245,0.332295210715264,0.921207724770515,14
"GOBP_REGULATION_OF_HORMONE_SECRETION",0.931034482758621,0.999752903385224,0.0621124188949471,0.207585206388462,0.723019637603113,35
"GOBP_REGULATION_OF_HUMORAL_IMMUNE_RESPONSE",0.844327176781003,0.991194914154738,0.0665892104103933,0.25482439250548,0.743261227559382,17
"GOBP_REGULATION_OF_HYDROLASE_ACTIVITY",0.305630026809651,0.665304387628327,0.127505315300183,0.34323564518936,1.10422209251855,26
"GOBP_REGULATION_OF_IMMUNE_EFFECTOR_PROCESS",0.0059324753526873,0.118324440623013,0.407017918923954,0.328412893810633,1.42654367929297,111
"GOBP_REGULATION_OF_IMMUNOGLOBULIN_PRODUCTION",0.981432360742706,0.999752903385224,0.0596037042575973,0.18230243330261,0.571333541149684,23
"GOBP_REGULATION_OF_INFLAMMATORY_RESPONSE",0.371527777777778,0.733276033057851,0.132147260608774,0.232040157718349,1.02954909513866,127
"GOBP_REGULATION_OF_INFLAMMATORY_RESPONSE_TO_ANTIGENIC_STIMULUS",0.678100263852243,0.925742998834611,0.0776798560117236,0.297345248027038,0.867284296783999,17
"GOBP_REGULATION_OF_INSULIN_RECEPTOR_SIGNALING_PATHWAY",0.785024154589372,0.979907773386034,0.0658311958368866,0.297008547008547,0.745057365765984,10
"GOBP_REGULATION_OF_INSULIN_SECRETION",0.534883720930233,0.859594866244008,0.0894366833718621,0.310108043695967,0.951447418175693,20
"GOBP_REGULATION_OF_INTRACELLULAR_PROTEIN_TRANSPORT",0.76006711409396,0.968085106382979,0.0501934252649434,-0.309805503186147,-0.788519745889015,14
"GOBP_REGULATION_OF_INTRACELLULAR_TRANSPORT",0.796246648793566,0.985027125103298,0.0702812841717392,0.261314185828337,0.808223666619193,22
"GOBP_REGULATION_OF_INTRINSIC_APOPTOTIC_SIGNALING_PATHWAY",0.535433070866142,0.859594866244008,0.0902635484340068,0.266558285262011,0.952588639754693,39
"GOBP_REGULATION_OF_JNK_CASCADE",0.1968,0.547430564873205,0.122107920287081,-0.37232001600699,-1.18895557577099,35
"GOBP_REGULATION_OF_KETONE_METABOLIC_PROCESS",0.961636828644501,0.999752903385224,0.0588438169595807,0.210777549337313,0.591875653900227,15
"GOBP_REGULATION_OF_KINASE_ACTIVITY",0.936231884057971,0.999752903385224,0.066132620475844,0.198821270137917,0.725737512579047,47
"GOBP_REGULATION_OF_LEUKOCYTE_ADHESION_TO_VASCULAR_ENDOTHELIAL_CELL",0.653530377668309,0.917641474248127,0.0561766586307176,-0.346179473159384,-0.857156969870623,12
"GOBP_REGULATION_OF_LEUKOCYTE_APOPTOTIC_PROCESS",0.506738544474393,0.837526205450734,0.0949751525905595,0.295179566024619,0.974548526083449,28
"GOBP_REGULATION_OF_LEUKOCYTE_CHEMOTAXIS",0.0112571939734399,0.159033870128277,0.380730400722792,0.423947407348733,1.56115435968893,46
"GOBP_REGULATION_OF_LEUKOCYTE_DEGRANULATION",0.355498721227621,0.719054070698362,0.11378726182188,0.390637376251858,1.09693253970293,15
"GOBP_REGULATION_OF_LEUKOCYTE_DIFFERENTIATION",0.712121212121212,0.947448462318351,0.0824344091527096,0.2171239269026,0.89045215856368,80
"GOBP_REGULATION_OF_LEUKOCYTE_MEDIATED_IMMUNITY",0.0722991646745164,0.354667078770752,0.287805130535564,0.306686683910363,1.25499194368526,78
"GOBP_REGULATION_OF_LEUKOCYTE_MIGRATION",0.226190476190476,0.587272727272727,0.159646701919906,0.267703940740086,1.1077866628736,81
"GOBP_REGULATION_OF_LEUKOCYTE_PROLIFERATION",0.473684210526316,0.802099574855461,0.107554375265169,0.230051735765053,0.984136932888214,99
"GOBP_REGULATION_OF_LIPID_BIOSYNTHETIC_PROCESS",0.707774798927614,0.944899072558647,0.0762797180809272,0.26960253284258,0.867337286019621,26
"GOBP_REGULATION_OF_LIPID_CATABOLIC_PROCESS",0.985507246376812,0.999752903385224,0.0550211117163117,0.217236467236467,0.54494603491277,10
"GOBP_REGULATION_OF_LIPID_LOCALIZATION",0.821989528795812,0.988405797101449,0.0675188953767744,0.231286730812132,0.815762843918363,37
"GOBP_REGULATION_OF_LIPID_METABOLIC_PROCESS",0.863636363636364,0.999752903385224,0.066132620475844,0.219223446624654,0.777891150931561,38
"GOBP_REGULATION_OF_LIPID_STORAGE",0.789081885856079,0.983253868239513,0.0668966276500666,0.290958082579371,0.745793562065747,11
"GOBP_REGULATION_OF_LIPOPOLYSACCHARIDE_MEDIATED_SIGNALING_PATHWAY",0.823671497584541,0.988405797101449,0.0635007968065945,0.284222320096852,0.712982623685786,10
"GOBP_REGULATION_OF_LYMPHOCYTE_APOPTOTIC_PROCESS",0.579634464751958,0.88810945886888,0.0855356947987884,0.305848041420019,0.921925660450942,19
"GOBP_REGULATION_OF_LYMPHOCYTE_CHEMOTAXIS",0.0382086773210433,0.276001922113003,0.321775918075361,0.635224718489248,1.62822940443689,11
"GOBP_REGULATION_OF_LYMPHOCYTE_DIFFERENTIATION",0.590643274853801,0.891034482758621,0.0908241419007155,0.251227261752624,0.929108461023021,49
"GOBP_REGULATION_OF_LYMPHOCYTE_MEDIATED_IMMUNITY",0.213622291021672,0.57612323491656,0.16823816568964,0.29869553470796,1.14908394916302,59
"GOBP_REGULATION_OF_LYMPHOCYTE_MIGRATION",0.0516826166306581,0.319466345744847,0.321775918075361,0.441762451110329,1.43421404982151,27
"GOBP_REGULATION_OF_MACROAUTOPHAGY",0.129770992366412,0.447368421052632,0.197822021315103,0.507287421635113,1.32237529562681,12
"GOBP_REGULATION_OF_MACROPHAGE_ACTIVATION",0.0292380202174986,0.242743563201093,0.352487857583619,0.48535460622615,1.52109525289879,23
"GOBP_REGULATION_OF_MACROPHAGE_CHEMOTAXIS",0.222222222222222,0.5838,0.143758989039275,0.487598105605906,1.22315860528002,10
"GOBP_REGULATION_OF_MACROPHAGE_DERIVED_FOAM_CELL_DIFFERENTIATION",0.294685990338164,0.659237798083352,0.122679189568808,0.460753372116919,1.15581755863526,10
"GOBP_REGULATION_OF_MACROPHAGE_MIGRATION",0.567774936061381,0.882510201210075,0.0855356947987884,0.329301193193619,0.924696959730213,15
"GOBP_REGULATION_OF_MAP_KINASE_ACTIVITY",0.798690671031097,0.985027125103298,0.046788296531803,-0.294510809350254,-0.76502663853682,15
"GOBP_REGULATION_OF_MEMBRANE_POTENTIAL",0.7616,0.968085106382979,0.047925896705813,-0.265337987456577,-0.835319381090894,32
"GOBP_REGULATION_OF_MEMBRANE_PROTEIN_ECTODOMAIN_PROTEOLYSIS",0.219948849104859,0.5838,0.149207542435322,0.456463943147505,1.2168494368584,13
"GOBP_REGULATION_OF_MICROTUBULE_BASED_PROCESS",0.561576354679803,0.880275559256596,0.0633597010643758,-0.374928924206559,-0.928341988786215,12
"GOBP_REGULATION_OF_MIRNA_METABOLIC_PROCESS",0.509138381201044,0.839549201333824,0.0928481214159878,0.320549194785528,0.966239727210894,19
"GOBP_REGULATION_OF_MITOCHONDRIAL_MEMBRANE_POTENTIAL",0.0731133700852728,0.354667078770752,0.287805130535564,0.549518865831407,1.52340752375391,14
"GOBP_REGULATION_OF_MITOCHONDRION_ORGANIZATION",0.379679144385027,0.740197331240753,0.112378519110475,0.364023319381179,1.06149166505778,18
"GOBP_REGULATION_OF_MITOTIC_CELL_CYCLE_PHASE_TRANSITION",0.00856159110946733,0.138845825500177,0.380730400722792,0.541641849959718,1.69749876930426,23
"GOBP_REGULATION_OF_MITOTIC_NUCLEAR_DIVISION",0.44991789819376,0.78980749972182,0.0743625384422526,-0.408865167943572,-1.01236975503397,12
"GOBP_REGULATION_OF_MONOATOMIC_ION_TRANSMEMBRANE_TRANSPORT",0.0899470899470899,0.378571428571429,0.245041785430996,0.361667034944577,1.30056404665123,41
"GOBP_REGULATION_OF_MONOATOMIC_ION_TRANSPORT",0.0925373134328358,0.381917004572513,0.257206466468838,0.309874911201509,1.23357768156633,67
"GOBP_REGULATION_OF_MONOCYTE_CHEMOTAXIS",0.238916256157635,0.604297539565671,0.139599673451922,0.435921484103773,1.20848638680478,14
"GOBP_REGULATION_OF_MONONUCLEAR_CELL_MIGRATION",0.087719298245614,0.377873244785358,0.261663521711573,0.34655865101713,1.28167051877433,49
"GOBP_REGULATION_OF_MORPHOGENESIS_OF_AN_EPITHELIUM",0.597883597883598,0.89487821534259,0.0845557442441281,0.315851261440169,0.904158560707415,16
"GOBP_REGULATION_OF_MORPHOGENESIS_OF_A_BRANCHING_STRUCTURE",0.463175122749591,0.79496884048848,0.0727141077934447,-0.394958783385836,-0.99795097024881,13
"GOBP_REGULATION_OF_MRNA_CATABOLIC_PROCESS",0.421836228287841,0.772996515679442,0.100990587455923,0.403111326210595,1.03326853551709,11
"GOBP_REGULATION_OF_MRNA_METABOLIC_PROCESS",0.304232804232804,0.664288141352361,0.126875729929857,0.386809145418876,1.1072832148769,16
"GOBP_REGULATION_OF_MULTICELLULAR_ORGANISM_GROWTH",0.150895140664962,0.479907039798586,0.183023938384487,0.457190722688306,1.28381821877628,15
"GOBP_REGULATION_OF_MUSCLE_ADAPTATION",0.946859903381642,0.999752903385224,0.0568864160475701,0.241452991452991,0.60569411749321,10
"GOBP_REGULATION_OF_MUSCLE_CELL_DIFFERENTIATION",0.328025477707006,0.685674456427036,0.0897104652742981,-0.407036023632955,-1.11727441944148,18
"GOBP_REGULATION_OF_MUSCLE_CONTRACTION",0.476268412438625,0.802964926756029,0.0713052987340038,-0.382260217385255,-0.992966097909177,15
"GOBP_REGULATION_OF_MUSCLE_SYSTEM_PROCESS",0.791732909379968,0.984313315926893,0.0458620343117985,-0.268236329057333,-0.801996536602668,26
"GOBP_REGULATION_OF_MYELOID_CELL_DIFFERENTIATION",0.592493297587131,0.891034482758621,0.0857844408075645,0.256364786511637,0.927048759510546,42
"GOBP_REGULATION_OF_MYELOID_LEUKOCYTE_DIFFERENTIATION",0.763925729442971,0.968085106382979,0.0718276293603809,0.23701357645284,0.810991641587774,31
"GOBP_REGULATION_OF_MYELOID_LEUKOCYTE_MEDIATED_IMMUNITY",0.0119862770943763,0.163406724197113,0.380730400722792,0.575466418552085,1.67805954808639,18
"GOBP_REGULATION_OF_MYOBLAST_DIFFERENTIATION",0.179802955665025,0.527225093818594,0.163180127180689,0.459971618183577,1.27515953941626,14
"GOBP_REGULATION_OF_NATURAL_KILLER_CELL_ACTIVATION",0.9923273657289,0.999752903385224,0.0573667426768556,0.189269182060061,0.531478903930537,15
"GOBP_REGULATION_OF_NATURAL_KILLER_CELL_MEDIATED_IMMUNITY",0.0698009451601199,0.354667078770752,0.287805130535564,0.457415978115693,1.41475066816973,22
"GOBP_REGULATION_OF_NERVOUS_SYSTEM_DEVELOPMENT",0.00665113892180525,0.126141110212991,0.407017918923954,-0.431095253279726,-1.59936444598731,72
"GOBP_REGULATION_OF_NERVOUS_SYSTEM_PROCESS",0.297770700636943,0.659676678223819,0.0952879846194844,-0.418013840612699,-1.14740746266283,18
"GOBP_REGULATION_OF_NEURAL_PRECURSOR_CELL_PROLIFERATION",0.418789808917197,0.772650965289093,0.0764767053228531,-0.37586277332182,-1.03170686983588,18
"GOBP_REGULATION_OF_NEUROGENESIS",0.241691842900302,0.606565820143465,0.104732821580651,-0.324032506467484,-1.1395906535011,55
"GOBP_REGULATION_OF_NEUROINFLAMMATORY_RESPONSE",0.112271540469974,0.42190463102927,0.216542836735348,0.446873355702509,1.34702191219263,19
"GOBP_REGULATION_OF_NEURON_APOPTOTIC_PROCESS",0.775147928994083,0.974006372631226,0.0766746872490091,0.220987885630947,0.862000203795222,61
"GOBP_REGULATION_OF_NEURON_DIFFERENTIATION",0.0177214366913134,0.197704778087466,0.352487857583619,-0.544850392692243,-1.54337946102981,21
"GOBP_REGULATION_OF_NEURON_PROJECTION_DEVELOPMENT",0.0253802870173093,0.222349999145507,0.352487857583619,-0.402482391562299,-1.45855163977966,63
"GOBP_REGULATION_OF_NEURON_PROJECTION_REGENERATION",0.58843537414966,0.891034482758621,0.0628003977812234,-0.385782977269983,-0.90886673571441,10
"GOBP_REGULATION_OF_NEUTROPHIL_CHEMOTAXIS",0.671768707482993,0.925742998834611,0.0565299525056311,-0.356673128181562,-0.840286795496837,10
"GOBP_REGULATION_OF_NEUTROPHIL_MIGRATION",0.0977564102564103,0.397022332506204,0.179782316298324,-0.51436032413629,-1.36879623411684,16
"GOBP_REGULATION_OF_NITRIC_OXIDE_METABOLIC_PROCESS",0.181585677749361,0.52987012987013,0.165656695205483,0.477671684179884,1.2733853979561,13
"GOBP_REGULATION_OF_NON_CANONICAL_NF_KAPPAB_SIGNAL_TRANSDUCTION",0.0689655172413793,0.352984797923619,0.282013350011725,0.450269180580289,1.41113796865497,23
"GOBP_REGULATION_OF_NOTCH_SIGNALING_PATHWAY",0.00399872530278233,0.108613605633435,0.407017918923954,-0.641600694322237,-1.72730701864324,17
"GOBP_REGULATION_OF_NUCLEAR_DIVISION",0.536912751677852,0.859594866244008,0.0665892104103933,-0.374565674396922,-0.953347914600295,14
"GOBP_REGULATION_OF_NUCLEOCYTOPLASMIC_TRANSPORT",0.696308724832215,0.937513522116587,0.0542315935495841,-0.326035873720448,-0.829829430571092,14
"GOBP_REGULATION_OF_NUCLEOTIDE_METABOLIC_PROCESS",0.0676328502415459,0.352984797923619,0.271288554688953,0.594088129080611,1.49029292572144,10
"GOBP_REGULATION_OF_ORGANELLE_ASSEMBLY",0.379947229551451,0.740197331240753,0.11146266692298,0.363770624235292,1.06103108129003,17
"GOBP_REGULATION_OF_ORGANIC_ACID_TRANSPORT",0.938618925831202,0.999752903385224,0.059989249649033,0.238638984984396,0.636167913917543,13
"GOBP_REGULATION_OF_ORGAN_GROWTH",0.36734693877551,0.731619844590556,0.0870515867946735,-0.461655396212018,-1.08761468935039,10
"GOBP_REGULATION_OF_OSSIFICATION",0.189710610932476,0.537549407114625,0.125033367555272,-0.429142247589557,-1.21561687331665,21
"GOBP_REGULATION_OF_OSTEOBLAST_DIFFERENTIATION",0.190174326465927,0.537549407114625,0.12384217120105,-0.394524154990968,-1.20350770534851,28
"GOBP_REGULATION_OF_OSTEOCLAST_DIFFERENTIATION",0.808785529715762,0.986127448392376,0.0676760401641789,0.253022409894264,0.776302077705893,20
"GOBP_REGULATION_OF_OXIDATIVE_STRESS_INDUCED_INTRINSIC_APOPTOTIC_SIGNALING_PATHWAY",0.0893300248138958,0.377873244785358,0.237793834423688,0.551403155880174,1.41337515051155,11
"GOBP_REGULATION_OF_P38MAPK_CASCADE",0.460884353741497,0.79496884048848,0.0749278818393739,-0.431026268326702,-1.01545547777526,10
"GOBP_REGULATION_OF_PATTERN_RECOGNITION_RECEPTOR_SIGNALING_PATHWAY",0.170603674540682,0.513647642679901,0.173747838999571,0.385273738366958,1.21440437264008,24
"GOBP_REGULATION_OF_PEPTIDE_TRANSPORT",0.696569920844327,0.937513522116587,0.0762797180809272,0.274845456651119,0.876082746332995,25
"GOBP_REGULATION_OF_PEPTIDYL_TYROSINE_PHOSPHORYLATION",0.223097112860892,0.584555370945604,0.150169802128406,0.347496817665492,1.16991002865996,29
"GOBP_REGULATION_OF_PHAGOCYTOSIS",0.364829396325459,0.728638290843015,0.11378726182188,0.315072179992851,1.06074670151432,29
"GOBP_REGULATION_OF_PHOSPHORYLATION",0.851735015772871,0.993690851735016,0.0751181635276301,0.199026881025608,0.842624679764784,95
"GOBP_REGULATION_OF_PLASMA_LIPOPROTEIN_PARTICLE_LEVELS",0.611556982343499,0.900312753388162,0.0582216241124161,-0.306736785419266,-0.911161322205866,25
"GOBP_REGULATION_OF_PLATELET_ACTIVATION",0.96260162601626,0.999752903385224,0.0379271467108098,-0.219329694238327,-0.610501229899748,20
"GOBP_REGULATION_OF_PLATELET_AGGREGATION",0.456575682382134,0.794141381780374,0.096240602328129,0.385051595967363,0.986977226375086,11
"GOBP_REGULATION_OF_POSITIVE_CHEMOTAXIS",0.746388443017656,0.965477544643469,0.0489954089862481,-0.299812374333276,-0.807150028116814,17
"GOBP_REGULATION_OF_POSTSYNAPSE_ORGANIZATION",0.65008025682183,0.914818266542405,0.0553642837725362,-0.324447240626661,-0.87347161696243,17
"GOBP_REGULATION_OF_POST_TRANSLATIONAL_PROTEIN_MODIFICATION",0.0784629499542948,0.360273609436441,0.287805130535564,0.544974610024811,1.53032049514561,15
"GOBP_REGULATION_OF_PRODUCTION_OF_MOLECULAR_MEDIATOR_OF_IMMUNE_RESPONSE",0.681286549707602,0.927432977104343,0.0828962134571565,0.240465160707893,0.897509475639956,51
"GOBP_REGULATION_OF_PROTEASOMAL_UBIQUITIN_DEPENDENT_PROTEIN_CATABOLIC_PROCESS",0.15136476426799,0.480330851943755,0.179782316298324,0.51521658041596,1.32062050085491,11
"GOBP_REGULATION_OF_PROTEIN_BINDING",0.619047619047619,0.901794270718151,0.0603786357920401,-0.374359664921202,-0.881954535806178,10
"GOBP_REGULATION_OF_PROTEIN_CATABOLIC_PROCESS",0.000866418374593664,0.0727791434658678,0.477270815362862,0.487513291600316,1.79523093524211,46
"GOBP_REGULATION_OF_PROTEIN_CONTAINING_COMPLEX_ASSEMBLY",0.994029850746269,0.999752903385224,0.0646484568421928,0.161892996626532,0.614801593316447,54
"GOBP_REGULATION_OF_PROTEIN_LOCALIZATION_TO_CELL_PERIPHERY",0.444736842105263,0.78980749972182,0.101350743797099,0.325133225419805,0.999696274580822,21
"GOBP_REGULATION_OF_PROTEIN_LOCALIZATION_TO_MEMBRANE",0.638069705093834,0.911747516072472,0.0817515582532145,0.280752148190975,0.903206671275308,26
"GOBP_REGULATION_OF_PROTEIN_LOCALIZATION_TO_NUCLEUS",0.796344647519582,0.985027125103298,0.0689567351672811,0.262899795832926,0.7924656531406,19
"GOBP_REGULATION_OF_PROTEIN_LOCALIZATION_TO_PLASMA_MEMBRANE",0.402088772845953,0.760093426760093,0.107140237276725,0.341331867163533,1.02888547399766,19
"GOBP_REGULATION_OF_PROTEIN_MATURATION",0.526717557251908,0.85278080697928,0.0894366833718621,0.356016831699553,0.928049549404065,12
"GOBP_REGULATION_OF_PROTEIN_POLYMERIZATION",0.349593495934959,0.711138906260858,0.0873098257637931,-0.396417887760168,-1.10342381533103,20
"GOBP_REGULATION_OF_PROTEIN_SECRETION",0.9824,0.999752903385224,0.0362254755857254,-0.191371404886005,-0.611119706435743,35
"GOBP_REGULATION_OF_PROTEIN_SERINE_THREONINE_KINASE_ACTIVITY",0.82051282051282,0.988405797101449,0.0445961615888961,-0.279301390939469,-0.743266294389066,16
"GOBP_REGULATION_OF_PROTEIN_STABILITY",0.091644204851752,0.38109640831758,0.245041785430996,0.412910020846216,1.36324088296547,28
"GOBP_REGULATION_OF_PROTEIN_TRANSPORT",0.989393939393939,0.999752903385224,0.0333092817548776,-0.176629311815386,-0.609761181902195,49
"GOBP_REGULATION_OF_PROTEIN_UBIQUITINATION",0.0621359041048393,0.346485497778939,0.321775918075361,0.612535452328361,1.57007151282317,11
"GOBP_REGULATION_OF_PROTEOLYSIS",0.0162580114404778,0.189345549276206,0.352487857583619,0.38415096203734,1.47783161527414,59
"GOBP_REGULATION_OF_PROTEOLYSIS_INVOLVED_IN_PROTEIN_CATABOLIC_PROCESS",0.0195726579052766,0.20236281837968,0.352487857583619,0.529983188986997,1.63919518908549,22
"GOBP_REGULATION_OF_REACTIVE_OXYGEN_SPECIES_METABOLIC_PROCESS",0.982142857142857,0.999752903385224,0.0369160593316849,-0.187338502460799,-0.595116427340309,34
"GOBP_REGULATION_OF_RECEPTOR_INTERNALIZATION",0.534526854219949,0.859594866244008,0.0888945288620449,0.343133285164718,0.963538280857352,15
"GOBP_REGULATION_OF_RECEPTOR_MEDIATED_ENDOCYTOSIS",0.548302872062663,0.870941603231905,0.0886261133285098,0.312126198231439,0.940850070880089,19
"GOBP_REGULATION_OF_RECEPTOR_SIGNALING_PATHWAY_VIA_JAK_STAT",0.763925729442971,0.968085106382979,0.0718276293603809,0.263058875045831,0.824423217441693,23
"GOBP_REGULATION_OF_RECEPTOR_SIGNALING_PATHWAY_VIA_STAT",0.777777777777778,0.974269005847953,0.072003313661988,0.254879513714991,0.827484949576256,27
"GOBP_REGULATION_OF_REGULATED_SECRETORY_PATHWAY",0.569190600522193,0.882510201210075,0.0865399737444125,0.308092700289861,0.928691793728952,19
"GOBP_REGULATION_OF_RELEASE_OF_CYTOCHROME_C_FROM_MITOCHONDRIA",0.528985507246377,0.855228570164181,0.0862865626267245,0.373621198477121,0.93724314918009,10
"GOBP_REGULATION_OF_RELEASE_OF_SEQUESTERED_CALCIUM_ION_INTO_CYTOSOL",0.0376193457193826,0.276001922113003,0.321775918075361,0.563706947686951,1.6136723980694,16
"GOBP_REGULATION_OF_REPRODUCTIVE_PROCESS",0.635772357723577,0.911747516072472,0.0570059526582387,-0.319398569743167,-0.889041587978239,20
"GOBP_REGULATION_OF_RESPONSE_TO_CYTOKINE_STIMULUS",0.838120104438642,0.989269335233091,0.066436413766281,0.217740316096918,0.797000212120949,43
"GOBP_REGULATION_OF_RESPONSE_TO_ENDOPLASMIC_RETICULUM_STRESS",0.751918158567775,0.965477544643469,0.0707899094502623,0.299743991981348,0.799062693384147,13
"GOBP_REGULATION_OF_RESPONSE_TO_TUMOR_CELL",0.305343511450382,0.665304387628327,0.12384217120105,0.435795108453154,1.13601217139575,12
"GOBP_REGULATION_OF_RESPONSE_TO_WOUNDING",0.120060790273556,0.434042553191489,0.156312403073186,-0.365838340657185,-1.26507356006631,48
"GOBP_REGULATION_OF_RHO_PROTEIN_SIGNAL_TRANSDUCTION",0.118589743589744,0.431597907196157,0.161978948883402,-0.503368942578439,-1.33954638536656,16
"GOBP_REGULATION_OF_RNA_SPLICING",0.0404453280212577,0.285920437694831,0.321775918075361,0.632351430581635,1.58627788948426,10
"GOBP_REGULATION_OF_SIGNAL_TRANSDUCTION_BY_P53_CLASS_MEDIATOR",0.103864734299517,0.407481915849848,0.216542836735348,0.556500102858534,1.39600191597297,10
"GOBP_REGULATION_OF_SMAD_PROTEIN_SIGNAL_TRANSDUCTION",0.0490998363338789,0.305005374222018,0.261663521711573,-0.564953891532331,-1.46753451094307,15
"GOBP_REGULATION_OF_SMALL_GTPASE_MEDIATED_SIGNAL_TRANSDUCTION",0.279032258064516,0.641639395356085,0.0999276973731092,-0.347292005560309,-1.1192133737336,36
"GOBP_REGULATION_OF_SMALL_MOLECULE_METABOLIC_PROCESS",0.224867724867725,0.585768909594339,0.150169802128406,0.319661486896407,1.14951100539271,41
"GOBP_REGULATION_OF_SMOOTH_MUSCLE_CELL_DIFFERENTIATION",0.258764607679466,0.62736139179334,0.106729884364606,-0.485359862923348,-1.17529250206491,11
"GOBP_REGULATION_OF_SPROUTING_ANGIOGENESIS",0.486394557823129,0.815224681421864,0.0721797965581253,-0.422816333188862,-0.99611367839894,10
"GOBP_REGULATION_OF_STEROID_BIOSYNTHETIC_PROCESS",0.72264631043257,0.953217807963143,0.0725351864394589,0.311934340350513,0.813137184059466,12
"GOBP_REGULATION_OF_STEROID_HORMONE_SECRETION",0.971014492753623,0.999752903385224,0.0557104226766671,0.231615121723398,0.581015442824399,10
"GOBP_REGULATION_OF_STEROID_METABOLIC_PROCESS",0.451871657754011,0.78980749972182,0.101350743797099,0.345821108540305,1.00841403495964,18
"GOBP_REGULATION_OF_SUBSTRATE_ADHESION_DEPENDENT_CELL_SPREADING",0.202380952380952,0.560077519379845,0.124434168630393,-0.528754297811921,-1.24569309938984,10
"GOBP_REGULATION_OF_SUPEROXIDE_METABOLIC_PROCESS",0.967687074829932,0.999752903385224,0.03975964750879,-0.236283872351195,-0.556661554341993,10
"GOBP_REGULATION_OF_SUPRAMOLECULAR_FIBER_ORGANIZATION",0.397456279809221,0.755749091301688,0.0791316651768349,-0.308157646783078,-1.03006745722501,42
"GOBP_REGULATION_OF_SYNAPSE_ASSEMBLY",8.37710652015442e-05,0.0580989493809801,0.538434096309916,-0.650120596831266,-1.98321227685061,28
"GOBP_REGULATION_OF_SYNAPSE_STRUCTURE_OR_ACTIVITY",0.000208620730763035,0.0580989493809801,0.518848077743792,-0.542655728560847,-1.87731051471664,50
"GOBP_REGULATION_OF_SYNAPTIC_PLASTICITY",0.838862559241706,0.989269335233091,0.0429311093452583,-0.255792982573947,-0.773157175187206,27
"GOBP_REGULATION_OF_SYSTEMIC_ARTERIAL_BLOOD_PRESSURE",0.947535771065183,0.999752903385224,0.0376142599562161,-0.221050085727044,-0.660914961786999,26
"GOBP_REGULATION_OF_SYSTEMIC_ARTERIAL_BLOOD_PRESSURE_MEDIATED_BY_A_CHEMICAL_SIGNAL",0.878411910669975,0.999752903385224,0.0617054053637522,0.263076741189404,0.674327168260645,11
"GOBP_REGULATION_OF_TISSUE_REMODELING",0.939968404423381,0.999752903385224,0.0376923295943841,-0.216174186944877,-0.653405820772955,27
"GOBP_REGULATION_OF_TRANSFERASE_ACTIVITY",0.947674418604651,0.999752903385224,0.0656813601934011,0.19746268843873,0.72663996365397,48
"GOBP_REGULATION_OF_TRANSLATION",0.0750670241286863,0.354667078770752,0.271288554688953,0.429053682803697,1.38030697588798,26
"GOBP_REGULATION_OF_TRANSLATIONAL_INITIATION",0.0378963013546445,0.276001922113003,0.321775918075361,0.626904797626528,1.63418878871303,12
"GOBP_REGULATION_OF_TRANSMEMBRANE_RECEPTOR_PROTEIN_SERINE_THREONINE_KINASE_SIGNALING_PATHWAY",0.00544035873053961,0.115489692841489,0.407017918923954,-0.481274501624759,-1.65912703167087,47
"GOBP_REGULATION_OF_TRANSMEMBRANE_TRANSPORT",0.209580838323353,0.569725619155277,0.166933848713193,0.298924303418638,1.14852344096982,57
"GOBP_REGULATION_OF_TUBE_SIZE",0.167471819645733,0.508829273306609,0.134273452883202,-0.422985316259425,-1.24587376924691,24
"GOBP_REGULATION_OF_TUMOR_NECROSIS_FACTOR_MEDIATED_SIGNALING_PATHWAY",0.652173913043478,0.916638137624101,0.0751181635276301,0.337323628626597,0.846189298882107,10
"GOBP_REGULATION_OF_TYROSINE_PHOSPHORYLATION_OF_STAT_PROTEIN",0.221635883905013,0.5838,0.151148761385484,0.407305646148252,1.18801222901574,17
"GOBP_REGULATION_OF_T_CELL_ACTIVATION",0.862857142857143,0.999752903385224,0.036993251998507,-0.207269965958088,-0.821756691860674,111
"GOBP_REGULATION_OF_T_CELL_APOPTOTIC_PROCESS",0.504926108374384,0.83743842364532,0.0899860794997137,0.345130108646096,0.956789360434398,14
"GOBP_REGULATION_OF_T_CELL_MEDIATED_CYTOTOXICITY",0.743386243386243,0.964044293642652,0.0730744399126987,0.282303791791363,0.808125283098402,16
"GOBP_REGULATION_OF_T_CELL_MEDIATED_IMMUNITY",0.341145833333333,0.702967171717172,0.11776578836269,0.311623040458938,1.07040691554682,33
"GOBP_REGULATION_OF_T_CELL_MIGRATION",0.110526315789474,0.416442160810998,0.219250346703755,0.438608421735663,1.3486016528848,21
"GOBP_REGULATION_OF_T_CELL_RECEPTOR_SIGNALING_PATHWAY",0.18716577540107,0.535692073802778,0.166933848713193,0.410711368149722,1.19763397239641,18
"GOBP_REGULATION_OF_T_HELPER_1_TYPE_IMMUNE_RESPONSE",0.185185185185185,0.535692073802778,0.166933848713193,0.433355813527066,1.24052811075141,16
"GOBP_REGULATION_OF_UBIQUITIN_DEPENDENT_PROTEIN_CATABOLIC_PROCESS",0.127877237851662,0.446089150546678,0.199915231309662,0.509768854255966,1.35895058644068,13
"GOBP_REGULATION_OF_VASCULAR_ENDOTHELIAL_GROWTH_FACTOR_RECEPTOR_SIGNALING_PATHWAY",0.418367346938776,0.772650965289093,0.0799858801499946,-0.445048840867309,-1.0484912789438,10
"GOBP_REGULATION_OF_VASCULAR_PERMEABILITY",0.48489932885906,0.813673609413323,0.0716527366829457,-0.388804830404229,-0.989589542205631,14
"GOBP_REGULATION_OF_VASCULATURE_DEVELOPMENT",0.00198233969620944,0.0812323428592699,0.431707695803346,-0.416241864665437,-1.61206333550763,96
"GOBP_REGULATION_OF_VIRAL_LIFE_CYCLE",0.0361880279964578,0.276001922113003,0.321775918075361,0.485863323245697,1.54871206443803,25
"GOBP_REGULATION_OF_VIRAL_PROCESS",0.0197848276386671,0.20236281837968,0.352487857583619,0.492236186391835,1.59808071641067,27
"GOBP_REGULATION_OF_WNT_SIGNALING_PATHWAY",0.221212121212121,0.5838,0.110564716336619,-0.336162718346194,-1.16050373714004,49
"GOBP_REGULATION_OF_WOUND_HEALING",0.216,0.578701688555347,0.115734447701689,-0.372688755088953,-1.17327391838829,32
"GOBP_REGULATORY_T_CELL_DIFFERENTIATION",0.0911330049261084,0.38109640831758,0.234392647294686,0.504293183138886,1.3980303082211,14
"GOBP_RELEASE_OF_CYTOCHROME_C_FROM_MITOCHONDRIA",0.300254452926209,0.660682344873738,0.125033367555272,0.437787056785353,1.14120469766848,12
"GOBP_RENAL_SYSTEM_DEVELOPMENT",0.643712574850299,0.912471962860571,0.0525898950623616,-0.254820059368144,-0.903802149811707,57
"GOBP_RENAL_SYSTEM_PROCESS",0.713831478537361,0.947448462318351,0.0506004243853618,-0.294156467534496,-0.848900468448257,22
"GOBP_RENAL_SYSTEM_VASCULATURE_DEVELOPMENT",0.072013093289689,0.354667078770752,0.213927855492356,-0.539569672562554,-1.4015960017482,15
"GOBP_RENAL_TUBULE_DEVELOPMENT",0.833892617449664,0.989269335233091,0.0459538081039063,-0.289547411176489,-0.736958668376283,14
"GOBP_REPRODUCTIVE_SYSTEM_DEVELOPMENT",0.1390625,0.462893356643357,0.14641623786055,-0.364519945946251,-1.23890122366691,45
"GOBP_RESPIRATORY_BURST",0.256038647342995,0.621808143547274,0.132846300606183,0.473745419100897,1.18840860828446,10
"GOBP_RESPIRATORY_SYSTEM_DEVELOPMENT",0.572538860103627,0.882510201210075,0.0857844408075645,0.270529901212583,0.944094642021153,34
"GOBP_RESPONSE_TO_ACID_CHEMICAL",0.635772357723577,0.911747516072472,0.0570059526582387,-0.318924757902512,-0.887722739144453,20
"GOBP_RESPONSE_TO_ACTIVITY",0.923076923076923,0.999752903385224,0.0401660980049421,-0.254592907152371,-0.661335169272037,15
"GOBP_RESPONSE_TO_ALCOHOL",0.405970149253731,0.763801545631526,0.115240003147781,0.270622895851257,1.02771207540917,54
"GOBP_RESPONSE_TO_ALKALOID",0.0164206262536821,0.189345549276206,0.352487857583619,0.685837583628201,1.75796200592953,11
"GOBP_RESPONSE_TO_AMINE",0.0990338164251208,0.397022332506204,0.222056046145248,0.558269405171174,1.40044027888735,10
"GOBP_RESPONSE_TO_AMYLOID_BETA",0.863563402889246,0.999752903385224,0.042331839351853,-0.269308053637753,-0.725026789001585,17
"GOBP_RESPONSE_TO_AXON_INJURY",0.4736,0.802099574855461,0.0704500850658419,-0.332763420276647,-0.974250196070491,23
"GOBP_RESPONSE_TO_BMP",0.000439103268826869,0.0580989493809801,0.49849310876659,-0.578659794088933,-1.82713920769212,33
"GOBP_RESPONSE_TO_CALCIUM_ION",0.00790172556951802,0.135947760400864,0.380730400722792,0.712662974547756,1.82672175190512,11
"GOBP_RESPONSE_TO_CAMP",0.370843989769821,0.733276033057851,0.11101149245045,0.386655798275703,1.08575203648709,15
"GOBP_RESPONSE_TO_CARBOHYDRATE",0.448387096774194,0.78980749972182,0.0736212741014394,-0.315873673381833,-1.01796192828837,36
"GOBP_RESPONSE_TO_CHEMOKINE",0.0795755968169761,0.364211385431545,0.261663521711573,0.386674136437907,1.34678669478333,35
"GOBP_RESPONSE_TO_CORTICOSTEROID",0.918635170603675,0.999752903385224,0.062249042949858,0.210947961010945,0.710193942983502,29
"GOBP_RESPONSE_TO_ENDOPLASMIC_RETICULUM_STRESS",0.941644562334218,0.999752903385224,0.0615706755421678,0.201915556892825,0.690301098771257,32
"GOBP_RESPONSE_TO_EPIDERMAL_GROWTH_FACTOR",0.414965986394558,0.771577380952381,0.080419996876154,-0.447996556305496,-1.05543580647863,10
"GOBP_RESPONSE_TO_ESTRADIOL",0.680965147453083,0.927432977104343,0.0782955249944794,0.28063241701892,0.867973395077131,22
"GOBP_RESPONSE_TO_ESTROGEN",0.197044334975369,0.547430564873205,0.155241966228839,0.451395211302802,1.25138353538557,14
"GOBP_RESPONSE_TO_ETHANOL",0.108753315649867,0.411935635936368,0.222056046145248,0.384461823792637,1.31551673229765,31
"GOBP_RESPONSE_TO_FIBROBLAST_GROWTH_FACTOR",0.0410742496050553,0.287519747235387,0.282013350011725,-0.492609017812176,-1.48895482921742,27
"GOBP_RESPONSE_TO_FUNGUS",0.51510333863275,0.843697127937337,0.065981614400873,-0.328735640928897,-0.948691837100106,22
"GOBP_RESPONSE_TO_GROWTH_HORMONE",0.964941569282137,0.999752903385224,0.0390355298112393,-0.237969379448912,-0.576239711505596,11
"GOBP_RESPONSE_TO_HEAT",0.186842105263158,0.535692073802778,0.165656695205483,0.399409970366086,1.22807707175992,21
"GOBP_RESPONSE_TO_HYDROGEN_PEROXIDE",0.934725848563969,0.999752903385224,0.0611692626746689,0.221870917847349,0.668791245226151,19
"GOBP_RESPONSE_TO_INSULIN",0.0989304812834225,0.397022332506204,0.234392647294686,0.368519564346978,1.30765259129189,38
"GOBP_RESPONSE_TO_INTERLEUKIN_1",0.89920424403183,0.999752903385224,0.0637845390312975,0.214895936538836,0.734677918814231,32
"GOBP_RESPONSE_TO_INTERLEUKIN_4",0.827586206896552,0.988948203722407,0.0453152441270267,-0.296319567437928,-0.733701453238759,12
"GOBP_RESPONSE_TO_INTERLEUKIN_6",0.358843537414966,0.722748337698972,0.0883594442500905,-0.466119969644922,-1.09813278507103,10
"GOBP_RESPONSE_TO_IONIZING_RADIATION",0.0268636427235643,0.229559853720654,0.352487857583619,0.539750547382507,1.57432202811881,17
"GOBP_RESPONSE_TO_KETONE",0.8656,0.999752903385224,0.042077210988939,-0.237529200343362,-0.747773609514931,32
"GOBP_RESPONSE_TO_LEUKEMIA_INHIBITORY_FACTOR",0.969949916527546,0.999752903385224,0.0387962208304479,-0.234793602055036,-0.568549608461705,11
"GOBP_RESPONSE_TO_LIGHT_STIMULUS",0.951219512195122,0.999752903385224,0.0621124188949471,0.198538139893716,0.644568566081869,27
"GOBP_RESPONSE_TO_MECHANICAL_STIMULUS",0.98297213622291,0.999752903385224,0.0346410167413251,-0.188233629706109,-0.64332115609134,46
"GOBP_RESPONSE_TO_METAL_ION",0.19047619047619,0.537549407114625,0.16440575583821,0.32852383601155,1.18325692057029,40
"GOBP_RESPONSE_TO_MOLECULE_OF_BACTERIAL_ORIGIN",0.0562922550648927,0.328103429521089,0.321775918075361,0.308608327871164,1.28991130110051,87
"GOBP_RESPONSE_TO_MONOSACCHARIDE",0.338632750397456,0.699808346696914,0.0878312634480124,-0.349597390259847,-1.08241889556638,30
"GOBP_RESPONSE_TO_NERVE_GROWTH_FACTOR",0.487179487179487,0.815583010190279,0.069119845655101,-0.373795827069355,-0.994731312684899,16
"GOBP_RESPONSE_TO_NUTRIENT",0.519893899204244,0.846404165310771,0.0925528864684773,0.282181711403363,0.964711924293623,32
"GOBP_RESPONSE_TO_ORGANOPHOSPHORUS",0.389033942558747,0.746500479386385,0.109250039480711,0.346893098383538,1.04564883707699,19
"GOBP_RESPONSE_TO_OSMOTIC_STRESS",0.559796437659033,0.880275559256596,0.0860347242455604,0.346519088888651,0.903291237012104,12
"GOBP_RESPONSE_TO_OXIDATIVE_STRESS",0.0448931797640844,0.294715900748998,0.321775918075361,0.326805570367891,1.32454872748561,73
"GOBP_RESPONSE_TO_OXYGEN_LEVELS",0.405731523378582,0.763801545631526,0.0753093764172773,-0.28231737468385,-1.03214181628502,68
"GOBP_RESPONSE_TO_PEPTIDE_HORMONE",0.783536585365854,0.979907773386034,0.0776798560117236,0.213629189650364,0.865842864877227,73
"GOBP_RESPONSE_TO_PURINE_CONTAINING_COMPOUND",0.248062015503876,0.609285269494223,0.140406238523342,0.383815694613386,1.17759103357294,20
"GOBP_RESPONSE_TO_RADIATION",0.154450261780105,0.482614822367592,0.183023938384487,0.342993836591356,1.20976083064406,37
"GOBP_RESPONSE_TO_REACTIVE_OXYGEN_SPECIES",0.934554973821989,0.999752903385224,0.0613026075396207,0.203495443554385,0.712789731360812,36
"GOBP_RESPONSE_TO_RETINOIC_ACID",0.844736842105263,0.991194914154738,0.066436413766281,0.241312740892683,0.741971072835817,21
"GOBP_RESPONSE_TO_STARVATION",0.248,0.609285269494223,0.106729884364606,-0.398271778808826,-1.16604270466766,23
"GOBP_RESPONSE_TO_STEROID_HORMONE",0.947513812154696,0.999752903385224,0.0632191170859458,0.194039452170592,0.71292052334908,45
"GOBP_RESPONSE_TO_TEMPERATURE_STIMULUS",0.138211382113821,0.461135172099385,0.197822021315103,0.397333898806879,1.28997351111868,27
"GOBP_RESPONSE_TO_TOPOLOGICALLY_INCORRECT_PROTEIN",0.423076923076923,0.772996515679442,0.0762797180809272,-0.389393425546084,-1.03623905162659,16
"GOBP_RESPONSE_TO_TOXIC_SUBSTANCE",0.0704960835509138,0.354667078770752,0.276500599254472,0.367290307278407,1.344401707769,43
"GOBP_RESPONSE_TO_TRANSFORMING_GROWTH_FACTOR_BETA",0.0175457870010187,0.197668036842697,0.352487857583619,-0.446848395521396,-1.54044781006567,47
"GOBP_RESPONSE_TO_TUMOR_CELL",0.642857142857143,0.912471962860571,0.0806388495950661,0.302412803369076,0.865689514067282,16
"GOBP_RESPONSE_TO_TUMOR_NECROSIS_FACTOR",0.771771771771772,0.973577818100786,0.0444181153081573,-0.238418966035586,-0.841225679181832,56
"GOBP_RESPONSE_TO_TYPE_II_INTERFERON",0.0142681217550617,0.177172851010679,0.380730400722792,0.450473122046199,1.57206009018635,34
"GOBP_RESPONSE_TO_TYPE_I_INTERFERON",0.221674876847291,0.5838,0.14551614609036,0.445164925050437,1.23411158069547,14
"GOBP_RESPONSE_TO_UV",0.276485788113695,0.641032266146775,0.132147260608774,0.372935735793267,1.14421005897491,20
"GOBP_RESPONSE_TO_VIRUS",0.000410462249127018,0.0580989493809801,0.49849310876659,0.446425016700378,1.7890164334047,68
"GOBP_RESPONSE_TO_VITAMIN",0.478947368421053,0.806529294935452,0.096887770327544,0.319377232291101,0.981998160585094,21
"GOBP_RESPONSE_TO_VITAMIN_D",0.67741935483871,0.925742998834611,0.0745500777420554,0.320193993610879,0.820732034422766,11
"GOBP_RESPONSE_TO_XENOBIOTIC_STIMULUS",0.494082840236686,0.822906822906823,0.102080107662747,0.251901420774607,0.982583617305801,61
"GOBP_RETINA_DEVELOPMENT_IN_CAMERA_TYPE_EYE",0.0668789808917197,0.352984797923619,0.219250346703755,-0.523367514406851,-1.43659308233794,18
"GOBP_RHO_PROTEIN_SIGNAL_TRANSDUCTION",0.239095315024233,0.604297539565671,0.109684061970549,-0.427339039485897,-1.18006379075648,19
"GOBP_RHYTHMIC_PROCESS",0.363929146537842,0.728638290843015,0.0845557442441281,-0.320080877371962,-1.05071116963338,39
"GOBP_RIBONUCLEOTIDE_CATABOLIC_PROCESS",0.0206370266332425,0.20236281837968,0.352487857583619,0.606272771373556,1.70244930794013,15
"GOBP_RIBOSE_PHOSPHATE_BIOSYNTHETIC_PROCESS",0.935960591133005,0.999752903385224,0.0583452776743612,0.231786808136671,0.642572601921628,14
"GOBP_RIBOSE_PHOSPHATE_METABOLIC_PROCESS",0.00509289556545591,0.115489692841489,0.407017918923954,0.470229603649591,1.6585293822125,37
"GOBP_RNA_SPLICING",0.0086535563512015,0.138845825500177,0.380730400722792,0.623040640126856,1.78352154071113,16
"GOBP_RNA_SPLICING_VIA_TRANSESTERIFICATION_REACTIONS",0.051902095387118,0.319466345744847,0.321775918075361,0.611236359049075,1.59334496879516,12
"GOBP_SALIVARY_GLAND_DEVELOPMENT",0.731292517006803,0.954070354012062,0.0525898950623616,-0.342340041245077,-0.806519452964361,10
"GOBP_SCHWANN_CELL_DIFFERENTIATION",0.614357262103506,0.90164662927421,0.0598603117764473,-0.369902280277813,-0.89571348955133,11
"GOBP_SEMAPHORIN_PLEXIN_SIGNALING_PATHWAY",0.561576354679803,0.880275559256596,0.0840745577910723,0.326961991569641,0.906422670648709,14
"GOBP_SEMI_LUNAR_VALVE_DEVELOPMENT",0.0459770114942529,0.294715900748998,0.271288554688953,-0.603342987321137,-1.49390615822785,12
"GOBP_SENSORY_ORGAN_MORPHOGENESIS",0.0561797752808989,0.328103429521089,0.241339976815091,-0.481703956309238,-1.4309011328478,25
"GOBP_SENSORY_PERCEPTION_OF_LIGHT_STIMULUS",0.175170068027211,0.517616354936929,0.135002033828631,-0.541886762937652,-1.27663189507017,10
"GOBP_SENSORY_PERCEPTION_OF_MECHANICAL_STIMULUS",0.601910828025478,0.89726,0.0585937568945671,-0.327272207458793,-0.898330477789802,18
"GOBP_SENSORY_PERCEPTION_OF_PAIN",0.570951585976628,0.882510201210075,0.0633597010643758,-0.383632976905433,-0.928962190211027,11
"GOBP_SENSORY_SYSTEM_DEVELOPMENT",0.0420032310177706,0.289761419774765,0.282013350011725,-0.428048621415007,-1.43377186105854,43
"GOBP_SEQUESTERING_OF_CALCIUM_ION",0.0981432360742706,0.397022332506204,0.234392647294686,0.426906808217652,1.33792058647419,23
"GOBP_SEX_DIFFERENTIATION",0.357487922705314,0.721510265950117,0.0855356947987884,-0.321045295570352,-1.05387701003461,39
"GOBP_SIGNALING_RECEPTOR_LIGAND_PRECURSOR_PROCESSING",0.0689655172413793,0.352984797923619,0.271288554688953,0.518821769452362,1.43830728336365,14
"GOBP_SIGNAL_TRANSDUCTION_BY_P53_CLASS_MEDIATOR",0.611260053619303,0.900312753388162,0.0840745577910723,0.290589389044195,0.89876950518184,22
"GOBP_SIGNAL_TRANSDUCTION_IN_ABSENCE_OF_LIGAND",0.174142480211082,0.516996801957224,0.172324344900946,0.422933807508372,1.2335958024045,17
"GOBP_SIGNAL_TRANSDUCTION_IN_RESPONSE_TO_DNA_DAMAGE",0.130548302872063,0.447368421052632,0.199915231309662,0.43782781268403,1.31975569795523,19
"GOBP_SINGLE_FERTILIZATION",0.529715762273902,0.855228570164181,0.0899860794997137,0.312265756225651,0.958067530285862,20
"GOBP_SKELETAL_MUSCLE_ORGAN_DEVELOPMENT",0.158756137479542,0.493907983269685,0.139599673451922,-0.507774874561448,-1.28300584783181,13
"GOBP_SKELETAL_SYSTEM_MORPHOGENESIS",0.0450885668276973,0.294715900748998,0.271288554688953,-0.510662880549416,-1.50412192420972,24
"GOBP_SKIN_DEVELOPMENT",0.0538623531849889,0.328103429521089,0.321775918075361,-0.455697789938229,-1.45521165911048,35
"GOBP_SKIN_EPIDERMIS_DEVELOPMENT",0.635350318471338,0.911747516072472,0.0560595875032335,-0.31732522407571,-0.871026972843642,18
"GOBP_SMAD_PROTEIN_SIGNAL_TRANSDUCTION",0.0429936305732484,0.292032035250825,0.276500599254472,-0.546600119531865,-1.50036433081733,18
"GOBP_SMALL_MOLECULE_CATABOLIC_PROCESS",0.00517434186901322,0.115489692841489,0.407017918923954,0.444524349630129,1.64397498699321,49
"GOBP_SMOOTH_MUSCLE_CELL_DIFFERENTIATION",0.0620805369127517,0.346485497778939,0.234392647294686,-0.560996950639945,-1.42785447131755,14
"GOBP_SMOOTH_MUSCLE_CELL_MIGRATION",0.382165605095541,0.742493175614195,0.0813027345384498,-0.386329904429384,-1.06043812985322,18
"GOBP_SMOOTH_MUSCLE_CELL_PROLIFERATION",0.748387096774194,0.965477544643469,0.0490939668192139,-0.262064870599814,-0.844553008030998,36
"GOBP_SMOOTH_MUSCLE_CONTRACTION",0.297208538587849,0.659676678223819,0.0972150808846466,-0.46227040098392,-1.14460367205488,12
"GOBP_SPECIFICATION_OF_SYMMETRY",0.42687074829932,0.77553616866594,0.0789209638180035,-0.440996077262073,-1.03894336665753,10
"GOBP_SPHINGOLIPID_METABOLIC_PROCESS",0.0624936708295375,0.346485497778939,0.321775918075361,0.565283992846606,1.56711250751558,14
"GOBP_SPINDLE_ORGANIZATION",0.0676328502415459,0.352984797923619,0.271288554688953,0.595712611902465,1.49436800337215,10
"GOBP_SPROUTING_ANGIOGENESIS",0.00399231708915608,0.108613605633435,0.407017918923954,-0.507453866666091,-1.67641833890646,40
"GOBP_STEM_CELL_DEVELOPMENT",0.670947030497592,0.925742998834611,0.0538979025357319,-0.320591013463148,-0.863089944523538,17
"GOBP_STEM_CELL_DIFFERENTIATION",0.232,0.59265831842576,0.11101149245045,-0.359737308370217,-1.14877433447357,35
"GOBP_STEM_CELL_PROLIFERATION",0.510204081632653,0.840336134453782,0.0697792517076235,-0.414443404285909,-0.976387881749622,10
"GOBP_STEROID_BIOSYNTHETIC_PROCESS",0.387596899224806,0.745941202281703,0.108820126769161,0.340395345735639,1.04437237099441,20
"GOBP_STEROID_HORMONE_RECEPTOR_SIGNALING_PATHWAY",0.965260545905707,0.999752903385224,0.0572461135202884,0.233780706206958,0.599234584166505,11
"GOBP_STEROID_HORMONE_SECRETION",0.971014492753623,0.999752903385224,0.0557104226766671,0.231615121723398,0.581015442824399,10
"GOBP_STEROID_METABOLIC_PROCESS",0.107238605898123,0.410137177400605,0.224966093540314,0.353905851043525,1.27977006771377,42
"GOBP_STEROL_HOMEOSTASIS",0.263427109974425,0.631344808268984,0.135002033828631,0.415687757694528,1.16727547206667,15
"GOBP_STEROL_METABOLIC_PROCESS",0.125668449197861,0.440920259102077,0.206587922696891,0.441485531222349,1.28737140365838,18
"GOBP_STEROL_TRANSPORT",0.455026455026455,0.792411924119241,0.10027910675413,0.352460572678137,1.00895669260812,16
"GOBP_STRESS_FIBER_ASSEMBLY",0.126022913256956,0.441080196399345,0.158514105424824,-0.509613082025348,-1.3237802169515,15
"GOBP_STRIATED_MUSCLE_CELL_DIFFERENTIATION",0.586151368760064,0.891034482758621,0.0603786357920401,-0.304988241221017,-0.931831090494751,29
"GOBP_STRIATED_MUSCLE_CELL_PROLIFERATION",0.0834697217675941,0.371864240039351,0.197822021315103,-0.564448426829733,-1.42620414814238,13
"GOBP_STRIATED_MUSCLE_CONTRACTION",0.187192118226601,0.535692073802778,0.127505315300183,-0.508070614172188,-1.25800719537069,12
"GOBP_SUBSTRATE_ADHESION_DEPENDENT_CELL_SPREADING",0.0136758090106616,0.173179467581517,0.380730400722792,-0.569038332736902,-1.58391048326768,20
"GOBP_SULFUR_COMPOUND_METABOLIC_PROCESS",0.452574525745257,0.789991063449509,0.102080107662747,0.3074830657194,0.998266221650458,27
"GOBP_SUPEROXIDE_ANION_GENERATION",0.895674300254453,0.999752903385224,0.0619762736001998,0.259237671000853,0.675769745526901,12
"GOBP_SUPEROXIDE_METABOLIC_PROCESS",0.796791443850267,0.985027125103298,0.070113215764256,0.273042406756555,0.796191407385933,18
"GOBP_SYMBIONT_ENTRY_INTO_HOST",0.226726726726727,0.587596671081245,0.108394255853397,-0.32872035717517,-1.15984063819949,56
"GOBP_SYNAPSE_ASSEMBLY",0.000187821020651289,0.0580989493809801,0.518848077743792,-0.551475696256266,-1.87431146776038,45
"GOBP_SYNCYTIUM_FORMATION",0.307888040712468,0.666957731320249,0.123257226381337,0.433633978419846,1.13037862945325,12
"GOBP_TAXIS",0.726937269372694,0.953229036422596,0.0922597260527354,0.202979874612109,0.916088861624081,152
"GOBP_TELENCEPHALON_DEVELOPMENT",0.00368507013825688,0.107761729768367,0.431707695803346,-0.55350477891645,-1.71375430188465,30
"GOBP_TELOMERE_ORGANIZATION",0.328502415458937,0.685674456427036,0.115240003147781,0.444523427998197,1.11510411946519,10
"GOBP_TEMPERATURE_HOMEOSTASIS",0.512064343163539,0.841459012701419,0.0940503465727813,0.285612437177394,0.965368625349138,30
"GOBP_TIGHT_JUNCTION_ORGANIZATION",0.0616564595647597,0.346485497778939,0.321775918075361,-0.615012258814558,-1.48924406750318,11
"GOBP_TISSUE_HOMEOSTASIS",0.169184290030211,0.512940904804972,0.128788713061714,-0.344764449953997,-1.20407885130369,53
"GOBP_TISSUE_MIGRATION",0.347826086956522,0.709565217391304,0.115240003147781,0.412987622642999,1.10094951328988,13
"GOBP_TISSUE_REGENERATION",0.25531914893617,0.621808143547274,0.106323255932708,-0.463588452072456,-1.1713590506225,13
"GOBP_TISSUE_REMODELING",0.883040935672515,0.999752903385224,0.0694481442003175,0.211824377906786,0.783385610268379,49
"GOBP_TOLERANCE_INDUCTION",0.810147299509002,0.986127448392376,0.0461379160269737,-0.299634529665461,-0.757093099781954,13
"GOBP_TOLL_LIKE_RECEPTOR_SIGNALING_PATHWAY",0.962233169129721,0.999752903385224,0.0383995813369433,-0.236842906113133,-0.586434388747878,12
"GOBP_TOR_SIGNALING",0.516624040920716,0.843697127937337,0.0908241419007155,0.355504072312382,0.947708875341332,13
"GOBP_TRANSFORMING_GROWTH_FACTOR_BETA_PRODUCTION",0.575447570332481,0.884541582814621,0.0847985102819124,0.326094780872833,0.915693166892665,15
"GOBP_TRANSFORMING_GROWTH_FACTOR_BETA_RECEPTOR_SIGNALING_PATHWAY",0.0270070416141946,0.229559853720654,0.352487857583619,-0.4468834175108,-1.45139124133052,37
"GOBP_TRANSITION_METAL_ION_TRANSPORT",0.099236641221374,0.397022332506204,0.227987202850442,0.530544002538886,1.38299956253405,12
"GOBP_TRANSLATIONAL_INITIATION",0.033786221925372,0.268037360607951,0.321775918075361,0.608140476873064,1.62119135130605,13
"GOBP_TRIGLYCERIDE_METABOLIC_PROCESS",0.261865793780687,0.630597560740003,0.104732821580651,-0.444448120351079,-1.15450652648821,15
"GOBP_TUBE_CLOSURE",0.250409165302782,0.613352123588976,0.107554375265169,-0.4641726115533,-1.17283505912063,13
"GOBP_TUBE_FORMATION",0.302737520128824,0.66406939899226,0.0949751525905595,-0.376884712279319,-1.11008765318697,24
"GOBP_TUMOR_NECROSIS_FACTOR_MEDIATED_SIGNALING_PATHWAY",0.826086956521739,0.98851399856425,0.0445070537769277,-0.254635089702311,-0.77798702128842,29
"GOBP_TUMOR_NECROSIS_FACTOR_SUPERFAMILY_CYTOKINE_PRODUCTION",0.0808383233532934,0.368808708461671,0.276500599254472,0.337505119001454,1.29675819659804,57
"GOBP_TYPE_II_INTERFERON_PRODUCTION",0.148541114058355,0.475725611445084,0.188204146308491,0.32935522507359,1.20552194370026,44
"GOBP_TYPE_I_INTERFERON_MEDIATED_SIGNALING_PATHWAY",0.130952380952381,0.447368421052632,0.158514105424824,-0.572576401878596,-1.34893366473843,10
"GOBP_TYPE_I_INTERFERON_PRODUCTION",0.0852976101884368,0.373634930518674,0.287805130535564,0.484708001847518,1.46106786446755,19
"GOBP_TYROSINE_PHOSPHORYLATION_OF_STAT_PROTEIN",0.125668449197861,0.440920259102077,0.206587922696891,0.442564177745812,1.29051673593035,18
"GOBP_T_CELL_ACTIVATION_INVOLVED_IN_IMMUNE_RESPONSE",0.0368396701604317,0.276001922113003,0.321775918075361,0.404547871404044,1.41179025357902,34
"GOBP_T_CELL_APOPTOTIC_PROCESS",0.611382113821138,0.900312753388162,0.0588438169595807,-0.322704503062812,-0.898243608546492,20
"GOBP_T_CELL_CHEMOTAXIS",0.063716970367049,0.349953206477485,0.287805130535564,0.592782187536207,1.5452394186295,12
"GOBP_T_CELL_CYTOKINE_PRODUCTION",0.897651006711409,0.999752903385224,0.0425877779273254,-0.267046737577556,-0.679689752084949,14
"GOBP_T_CELL_DIFFERENTIATION",0.407975460122699,0.765908958102028,0.116739204791222,0.261723975182172,1.01868244515576,62
"GOBP_T_CELL_DIFFERENTIATION_INVOLVED_IN_IMMUNE_RESPONSE",0.0261134106198306,0.225999699182534,0.352487857583619,0.495148052338169,1.55178779027129,23
"GOBP_T_CELL_DIFFERENTIATION_IN_THYMUS",0.176759410801964,0.51936715766503,0.131457611642763,-0.482892133097094,-1.25436939368767,15
"GOBP_T_CELL_HOMEOSTASIS",0.229007633587786,0.58967112024666,0.14551614609036,0.464573496741477,1.21103045116656,12
"GOBP_T_CELL_LINEAGE_COMMITMENT",0.280397022332506,0.641797752808989,0.128142916898415,0.452189510900933,1.15906739236769,11
"GOBP_T_CELL_MEDIATED_CYTOTOXICITY",0.284237726098191,0.645296459249948,0.130105630751129,0.371386193302615,1.13945588302864,20
"GOBP_T_CELL_MEDIATED_IMMUNITY",0.18798955613577,0.536697597172068,0.16440575583821,0.321510946222087,1.17683439122112,43
"GOBP_T_CELL_MIGRATION",0.153846153846154,0.481781376518219,0.184706471207739,0.360033021470142,1.23086697300245,32
"GOBP_T_CELL_PROLIFERATION",0.676691729323308,0.925742998834611,0.0504983044100709,-0.240993100027625,-0.902824918872626,77
"GOBP_T_CELL_RECEPTOR_SIGNALING_PATHWAY",0.558441558441558,0.879222211085497,0.0630790410571939,-0.299182486496386,-0.95041014072255,34
"GOBP_T_CELL_SELECTION",0.585751978891821,0.891034482758621,0.0855356947987884,0.31619375779708,0.922260848956278,17
"GOBP_T_HELPER_17_CELL_DIFFERENTIATION",0.565217391304348,0.882510201210075,0.0826646449123753,0.362673722519766,0.9097809846036,10
"GOBP_T_HELPER_17_TYPE_IMMUNE_RESPONSE",0.973890339425587,0.999752903385224,0.059221919380382,0.197703072427398,0.595941483798822,19
"GOBP_T_HELPER_1_TYPE_IMMUNE_RESPONSE",0.142118863049096,0.470871778269393,0.190023305279108,0.420455377179991,1.29000582606039,20
"GOBP_UNSATURATED_FATTY_ACID_METABOLIC_PROCESS",0.878836833602585,0.999752903385224,0.0418238690062304,-0.253363713669319,-0.699644349723922,19
"GOBP_VACUOLAR_LOCALIZATION",0.749360613810742,0.965477544643469,0.0709609456938284,0.300192209385956,0.800257559056616,13
"GOBP_VACUOLAR_TRANSPORT",0.0175797203634612,0.197668036842697,0.352487857583619,0.613497404848655,1.7227365001753,15
"GOBP_VACUOLE_ORGANIZATION",0.00403117723989639,0.108613605633435,0.407017918923954,0.633946433727083,1.84906868571756,17
"GOBP_VASCULAR_ASSOCIATED_SMOOTH_MUSCLE_CELL_DIFFERENTIATION",0.295918367346939,0.659237798083352,0.0995791200495904,-0.485250057567295,-1.1432013899301,10
"GOBP_VASCULAR_ASSOCIATED_SMOOTH_MUSCLE_CELL_PROLIFERATION",0.869782971619366,0.999752903385224,0.0438002031299891,-0.287556087886418,-0.696313271518702,11
"GOBP_VASCULAR_ENDOTHELIAL_GROWTH_FACTOR_PRODUCTION",0.985111662531017,0.999752903385224,0.0562940749700968,0.213670859388989,0.547688347134652,11
"GOBP_VASCULAR_ENDOTHELIAL_GROWTH_FACTOR_RECEPTOR_SIGNALING_PATHWAY",0.265040650406504,0.632906436087772,0.103576326612592,-0.41465551685732,-1.15418800862885,20
"GOBP_VASCULAR_ENDOTHELIAL_GROWTH_FACTOR_SIGNALING_PATHWAY",0.0483091787439614,0.302568014238495,0.261663521711573,-0.50186355544351,-1.47820412537578,24
"GOBP_VASCULAR_PROCESS_IN_CIRCULATORY_SYSTEM",0.333333333333333,0.691860465116279,0.0891647117820678,-0.325477798752189,-1.08138455965023,41
"GOBP_VASCULOGENESIS",0.019166636359309,0.202144838963651,0.352487857583619,-0.581202367405489,-1.60494550112311,19
"GOBP_VASOCONSTRICTION",0.0634390651085142,0.349772142760457,0.231126709673834,-0.597283009255727,-1.44631292369531,11
"GOBP_VASODILATION",0.956594323873122,0.999752903385224,0.0394366509525593,-0.247218112422882,-0.59863539633301,11
"GOBP_VENTRICULAR_SEPTUM_DEVELOPMENT",0.00541563844305402,0.115489692841489,0.407017918923954,-0.715024439550582,-1.68452722546016,10
"GOBP_VESICLE_LOCALIZATION",0.0226286722365484,0.208475767443814,0.352487857583619,0.55190536753707,1.66362262158246,19
"GOBP_VESICLE_MEDIATED_TRANSPORT_IN_SYNAPSE",0.217391304347826,0.579169370538611,0.150169802128406,0.431616866239831,1.21200533806018,15
"GOBP_VESICLE_MEDIATED_TRANSPORT_TO_THE_PLASMA_MEMBRANE",0.0818858560794045,0.37085914354969,0.248911114434702,0.560855615437898,1.4376040133819,11
"GOBP_VESICLE_ORGANIZATION",0.958664546899841,0.999752903385224,0.0370705393657621,-0.212843940803448,-0.659004642915742,30
"GOBP_VIRAL_GENOME_REPLICATION",0.108675838579807,0.411935635936368,0.287805130535564,0.527188331219938,1.46150154280986,14
"GOBP_VIRAL_LIFE_CYCLE",0.564759036144578,0.882510201210075,0.0589694466690997,-0.256866575208391,-0.947996213536008,71
"GOBP_VIRAL_PROCESS",0.134146341463415,0.45393596116056,0.213927855492356,0.291204508408674,1.19163736539838,78
"GOBP_WNT_SIGNALING_PATHWAY",0.129129129129129,0.447368421052632,0.149207542435322,-0.352652808446539,-1.24428271472556,56
"GOBP_WOUND_HEALING",0.106259097525473,0.408997281041444,0.163180127180689,-0.308734499517381,-1.21370203577645,103
"GOBP_XENOBIOTIC_METABOLIC_PROCESS",0.450127877237852,0.78980749972182,0.0988903007520636,0.378089460664663,1.00791739237818,13
"GOBP_ZYMOGEN_ACTIVATION",0.327176781002639,0.685674456427036,0.121543282035469,0.378779322725847,1.10480783105279,17
