"ID","Description","NES","p.adjust","EntrezID","UniProt","Protein","t"
"GO:0009056","catabolic process",1.93056787467095,1.29117359079791e-06,"725","P20851","OID21481",14.7071366513125
"GO:0009056","catabolic process",1.93056787467095,1.29117359079791e-06,"1890","P19971","OID20234",12.1032527972381
"GO:0009056","catabolic process",1.93056787467095,1.29117359079791e-06,"1200","O14773","OID20750",10.6503038859215
"GO:0009056","catabolic process",1.93056787467095,1.29117359079791e-06,"3002","P10144","OID20604",10.5720694432236
"GO:0009056","catabolic process",1.93056787467095,1.29117359079791e-06,"5641","Q99538","OID20773",10.0886761433417
"GO:0009056","catabolic process",1.93056787467095,1.29117359079791e-06,"5045","P09958","OID21514",9.715771230116
"GO:0009056","catabolic process",1.93056787467095,1.29117359079791e-06,"957","O75356","OID20104",9.58099759560054
"GO:0009056","catabolic process",1.93056787467095,1.29117359079791e-06,"27074","Q9UQV4","OID20638",9.18334374882524
"GO:0009056","catabolic process",1.93056787467095,1.29117359079791e-06,"3458","P01579","OID20495",8.06056826450646
"GO:0009056","catabolic process",1.93056787467095,1.29117359079791e-06,"6609","P17405","OID21028",7.99610189060309
"GO:0009056","catabolic process",1.93056787467095,1.29117359079791e-06,"2203","P09467","OID20227",7.14073376601889
"GO:0009056","catabolic process",1.93056787467095,1.29117359079791e-06,"4745","Q92832","OID21494",6.81581189591156
"GO:0009056","catabolic process",1.93056787467095,1.29117359079791e-06,"5721","Q9UL46","OID20989",6.66786318987345
"GO:0009056","catabolic process",1.93056787467095,1.29117359079791e-06,"1519","P43234","OID20660",6.39051310201438
"GO:0009056","catabolic process",1.93056787467095,1.29117359079791e-06,"6737","P19474","OID20533",6.38534772676743
"GO:0009056","catabolic process",1.93056787467095,1.29117359079791e-06,"1512","P09668","OID20113",6.35581925354662
"GO:0009056","catabolic process",1.93056787467095,1.29117359079791e-06,"5720","Q06323","OID20969",6.29833990292236
"GO:0009056","catabolic process",1.93056787467095,1.29117359079791e-06,"8804","O75629","OID21515",6.23675246710672
"GO:0009056","catabolic process",1.93056787467095,1.29117359079791e-06,"634","P13688","OID21528",5.91618772455958
"GO:0009056","catabolic process",1.93056787467095,1.29117359079791e-06,"255738","Q8NBP7","OID20235",5.78433553413356
"GO:0009056","catabolic process",1.93056787467095,1.29117359079791e-06,"10924","Q92484","OID20676",5.68323688523939
"GO:0009056","catabolic process",1.93056787467095,1.29117359079791e-06,"7430","P15311","OID21017",5.64261481978391
"GO:0009056","catabolic process",1.93056787467095,1.29117359079791e-06,"1075","P53634","OID20679",5.61085487928516
"GO:0009056","catabolic process",1.93056787467095,1.29117359079791e-06,"79077","Q9H773","OID20148",5.4787498037154
"GO:0009056","catabolic process",1.93056787467095,1.29117359079791e-06,"5320","P14555","OID20274",5.35868935182619
"GO:0009056","catabolic process",1.93056787467095,1.29117359079791e-06,"6652","Q00796","OID21453",5.33989437962113
"GO:0009056","catabolic process",1.93056787467095,1.29117359079791e-06,"6470","P34896","OID20714",5.18275569062277
"GO:0009056","catabolic process",1.93056787467095,1.29117359079791e-06,"2720","P16278","OID20949",5.04026253387245
"GO:0009056","catabolic process",1.93056787467095,1.29117359079791e-06,"642","Q13867","OID20336",4.94858541477943
"GO:0009056","catabolic process",1.93056787467095,1.29117359079791e-06,"27429","O43464","OID21471",4.89401313940154
"GO:0009056","catabolic process",1.93056787467095,1.29117359079791e-06,"4907","P21589","OID21498",4.86352520974635
"GO:0009056","catabolic process",1.93056787467095,1.29117359079791e-06,"411","P15848","OID21331",4.71463911138309
"GO:0009056","catabolic process",1.93056787467095,1.29117359079791e-06,"8942","Q16719","OID20669",4.6802559696959
"GO:0009056","catabolic process",1.93056787467095,1.29117359079791e-06,"5601","P45984","OID20557",4.5209359754487
"GO:0009056","catabolic process",1.93056787467095,1.29117359079791e-06,"4869","P06748","OID20961",4.51961420338449
"GO:0009056","catabolic process",1.93056787467095,1.29117359079791e-06,"6419","Q53H47","OID20948",4.45830523187038
"GO:0009056","catabolic process",1.93056787467095,1.29117359079791e-06,"5657","P24158","OID20329",4.45569579641553
"GO:0009056","catabolic process",1.93056787467095,1.29117359079791e-06,"51540","Q96I15","OID21425",4.4090298691078
"GO:0009056","catabolic process",1.93056787467095,1.29117359079791e-06,"1956","P00533","OID20319",4.32158870905545
"GO:0009056","catabolic process",1.93056787467095,1.29117359079791e-06,"83636","Q9NSK7","OID20804",4.27946350242418
"GO:0009056","catabolic process",1.93056787467095,1.29117359079791e-06,"23659","Q8NCC3","OID21473",4.24550729480589
"GO:0009056","catabolic process",1.93056787467095,1.29117359079791e-06,"2521","P35637","OID21256",4.16880604353025
"GO:0009056","catabolic process",1.93056787467095,1.29117359079791e-06,"3920","P13473","OID21035",4.13745321993218
"GO:0009056","catabolic process",1.93056787467095,1.29117359079791e-06,"51181","Q7Z4W1","OID21480",4.11521085893052
"GO:0009056","catabolic process",1.93056787467095,1.29117359079791e-06,"3162","P09601","OID20217",4.05127157177302
"GO:0009056","catabolic process",1.93056787467095,1.29117359079791e-06,"216","P00352","OID21128",4.03223317602903
"GO:0009056","catabolic process",1.93056787467095,1.29117359079791e-06,"1066","P23141","OID20244",4.0193367046469
"GO:0009056","catabolic process",1.93056787467095,1.29117359079791e-06,"3964","O00214","OID21041",4.01221183656991
"GO:0009056","catabolic process",1.93056787467095,1.29117359079791e-06,"3001","P12544","OID20663",3.97153063593525
"GO:0009056","catabolic process",1.93056787467095,1.29117359079791e-06,"100","P00813","OID20645",3.96406576086133
"GO:0009056","catabolic process",1.93056787467095,1.29117359079791e-06,"3303","P0DMV8","OID20718",3.960347639697
"GO:0009056","catabolic process",1.93056787467095,1.29117359079791e-06,"2517","P04066","OID20261",3.68104275733915
"GO:0009056","catabolic process",1.93056787467095,1.29117359079791e-06,"127","P08319","OID20117",3.6563116109904
"GO:0009056","catabolic process",1.93056787467095,1.29117359079791e-06,"29952","Q9UHL4","OID20142",3.61934240900759
"GO:0009056","catabolic process",1.93056787467095,1.29117359079791e-06,"2023","P06733","OID21037",3.57440741903417
"GO:0009056","catabolic process",1.93056787467095,1.29117359079791e-06,"3952","P41159","OID20187",3.57219301174491
"GO:0009056","catabolic process",1.93056787467095,1.29117359079791e-06,"4233","P08581","OID20269",3.41068781244366
"GO:0009056","catabolic process",1.93056787467095,1.29117359079791e-06,"2678","P19440","OID21075",3.39278808324074
"GO:0009056","catabolic process",1.93056787467095,1.29117359079791e-06,"4025","P22079","OID20963",3.33018492137094
"GO:0009056","catabolic process",1.93056787467095,1.29117359079791e-06,"5052","Q06830","OID20962",3.3023690627499
"GO:0009056","catabolic process",1.93056787467095,1.29117359079791e-06,"3791","P35968","OID21497",3.17086706761658
"GO:0009056","catabolic process",1.93056787467095,1.29117359079791e-06,"7124","P01375","OID20848",3.13476110169608
"GO:0009056","catabolic process",1.93056787467095,1.29117359079791e-06,"30","P09110","OID21269",3.03118242194383
"GO:0009056","catabolic process",1.93056787467095,1.29117359079791e-06,"1208","P04118","OID21156",2.9345376200865
"GO:0009056","catabolic process",1.93056787467095,1.29117359079791e-06,"7078","P35625","OID20684",2.89288484370079
"GO:0009056","catabolic process",1.93056787467095,1.29117359079791e-06,"4048","P09960","OID21452",2.80967620327353
"GO:0009056","catabolic process",1.93056787467095,1.29117359079791e-06,"3290","P28845","OID20575",2.80505771712092
"GO:0009056","catabolic process",1.93056787467095,1.29117359079791e-06,"2938","P08263","OID20166",2.80354773136752
"GO:0009056","catabolic process",1.93056787467095,1.29117359079791e-06,"148811","Q6GTS8","OID20149",2.77399212010553
"GO:0009056","catabolic process",1.93056787467095,1.29117359079791e-06,"64080","Q9H477","OID20986",2.77349193520989
"GO:0009056","catabolic process",1.93056787467095,1.29117359079791e-06,"3569","P05231","OID20911",2.74901615322299
"GO:0009056","catabolic process",1.93056787467095,1.29117359079791e-06,"87178","Q8TCS8","OID20445",2.72830726113994
"GO:0009056","catabolic process",1.93056787467095,1.29117359079791e-06,"189","P21549","OID20139",2.693170185324
"GO:0009056","catabolic process",1.93056787467095,1.29117359079791e-06,"2053","P34913","OID20119",2.65008773268757
"GO:0009056","catabolic process",1.93056787467095,1.29117359079791e-06,"279","P04746","OID20333",2.63286405491563
"GO:0009056","catabolic process",1.93056787467095,1.29117359079791e-06,"8530","O76096","OID20704",2.47279963217593
"GO:0009056","catabolic process",1.93056787467095,1.29117359079791e-06,"2332","Q06787","OID21233",2.41676428477177
"GO:0009056","catabolic process",1.93056787467095,1.29117359079791e-06,"3949","P01130","OID20240",2.40143635456913
"GO:0009056","catabolic process",1.93056787467095,1.29117359079791e-06,"11164","Q9UKK9","OID21115",2.35169910343019
"GO:0009056","catabolic process",1.93056787467095,1.29117359079791e-06,"3315","P04792","OID20230",2.34441930507197
"GO:0009056","catabolic process",1.93056787467095,1.29117359079791e-06,"10296","Q7L5Y9","OID21206",2.33943929811468
"GO:0009056","catabolic process",1.93056787467095,1.29117359079791e-06,"1514","P07711","OID20228",2.32873158834691
"GO:0009056","catabolic process",1.93056787467095,1.29117359079791e-06,"841","Q14790","OID21414",2.31840737920585
"GO:0007155","cell adhesion",-1.8536736504912,1.41748581057642e-06,"50937","Q4KMG0","OID20754",-12.216602328919
"GO:0007155","cell adhesion",-1.8536736504912,1.41748581057642e-06,"91653","Q9BWV1","OID20116",-10.8593968856439
"GO:0007155","cell adhesion",-1.8536736504912,1.41748581057642e-06,"1311","P49747","OID20405",-10.5504681525752
"GO:0007155","cell adhesion",-1.8536736504912,1.41748581057642e-06,"91179","Q96GP6","OID21048",-9.99407018246112
"GO:0007155","cell adhesion",-1.8536736504912,1.41748581057642e-06,"1824","Q02487","OID21079",-9.86290148331041
"GO:0007155","cell adhesion",-1.8536736504912,1.41748581057642e-06,"7148","P22105","OID21107",-9.55961565114896
"GO:0007155","cell adhesion",-1.8536736504912,1.41748581057642e-06,"64084","Q9H4D0","OID20664",-9.40173943151263
"GO:0007155","cell adhesion",-1.8536736504912,1.41748581057642e-06,"1004","P55285","OID20157",-8.89234806438759
"GO:0007155","cell adhesion",-1.8536736504912,1.41748581057642e-06,"22918","Q9NPY3","OID20397",-8.8629087059826
"GO:0007155","cell adhesion",-1.8536736504912,1.41748581057642e-06,"23768","O43155","OID20946",-8.69786012907057
"GO:0007155","cell adhesion",-1.8536736504912,1.41748581057642e-06,"652","P12644","OID20994",-8.52335376779355
"GO:0007155","cell adhesion",-1.8536736504912,1.41748581057642e-06,"84466","Q96KG7","OID20746",-8.37101850505051
"GO:0007155","cell adhesion",-1.8536736504912,1.41748581057642e-06,"4162","P43121","OID20343",-8.25769875245774
"GO:0007155","cell adhesion",-1.8536736504912,1.41748581057642e-06,"10457","Q14956","OID20173",-8.2127605660059
"GO:0007155","cell adhesion",-1.8536736504912,1.41748581057642e-06,"152330","Q8IWV2","OID21117",-8.0808427316484
"GO:0007155","cell adhesion",-1.8536736504912,1.41748581057642e-06,"7087","Q9UMF0","OID20145",-8.06709644984207
"GO:0007155","cell adhesion",-1.8536736504912,1.41748581057642e-06,"4321","P39900","OID21439",-7.96302931737763
"GO:0007155","cell adhesion",-1.8536736504912,1.41748581057642e-06,"10418","Q9HCB6","OID20759",-7.76756313164114
"GO:0007155","cell adhesion",-1.8536736504912,1.41748581057642e-06,"5802","Q13332","OID20306",-7.72487790462016
"GO:0007155","cell adhesion",-1.8536736504912,1.41748581057642e-06,"7060","P35443","OID20368",-7.64953913682972
"GO:0007155","cell adhesion",-1.8536736504912,1.41748581057642e-06,"3685","P06756","OID21416",-7.59881747905576
"GO:0007155","cell adhesion",-1.8536736504912,1.41748581057642e-06,"3688","P05556","OID20376",-7.58571385299735
"GO:0007155","cell adhesion",-1.8536736504912,1.41748581057642e-06,"4856","P48745","OID20299",-7.51617467769149
"GO:0007155","cell adhesion",-1.8536736504912,1.41748581057642e-06,"8829","O14786","OID20390",-7.3640005146002
"GO:0007155","cell adhesion",-1.8536736504912,1.41748581057642e-06,"3695","P26010","OID21393",-7.11893297490259
"GO:0007155","cell adhesion",-1.8536736504912,1.41748581057642e-06,"8751","Q13444","OID20109",-7.06830909308609
"GO:0007155","cell adhesion",-1.8536736504912,1.41748581057642e-06,"27242","O75509","OID21052",-6.98740739075159
"GO:0007155","cell adhesion",-1.8536736504912,1.41748581057642e-06,"6092","Q9HCK4","OID21007",-6.97622877331884
"GO:0007155","cell adhesion",-1.8536736504912,1.41748581057642e-06,"1003","P33151","OID20243",-6.95999694935435
"GO:0007155","cell adhesion",-1.8536736504912,1.41748581057642e-06,"58494","P57087","OID21064",-6.95281237235602
"GO:0007155","cell adhesion",-1.8536736504912,1.41748581057642e-06,"1830","P32926","OID21460",-6.93015039679083
"GO:0007155","cell adhesion",-1.8536736504912,1.41748581057642e-06,"50856","Q9UMR7","OID20573",-6.7920973519528
"GO:0007155","cell adhesion",-1.8536736504912,1.41748581057642e-06,"965","P19256","OID20716",-6.77498664366647
"GO:0007155","cell adhesion",-1.8536736504912,1.41748581057642e-06,"2191","Q12884","OID20330",-6.67803683875475
"GO:0007155","cell adhesion",-1.8536736504912,1.41748581057642e-06,"283659","Q2VWP7","OID21443",-6.60810795338098
"GO:0007155","cell adhesion",-1.8536736504912,1.41748581057642e-06,"3575","P16871","OID21136",-6.59187192777301
"GO:0007155","cell adhesion",-1.8536736504912,1.41748581057642e-06,"1293","P12111","OID20292",-6.55478753542385
"GO:0007155","cell adhesion",-1.8536736504912,1.41748581057642e-06,"53616","Q9P0K1","OID21001",-6.52822879066226
"GO:0007155","cell adhesion",-1.8536736504912,1.41748581057642e-06,"10085","O43854","OID20081",-6.50401571494271
"GO:0007155","cell adhesion",-1.8536736504912,1.41748581057642e-06,"22801","Q9UKX5","OID20581",-6.49608786168923
"GO:0007155","cell adhesion",-1.8536736504912,1.41748581057642e-06,"8745","O75077","OID20651",-6.33177213123595
"GO:0007155","cell adhesion",-1.8536736504912,1.41748581057642e-06,"375033","Q5VY43","OID20257",-6.27449769776181
"GO:0007155","cell adhesion",-1.8536736504912,1.41748581057642e-06,"11126","O95971","OID20647",-6.25532913077991
"GO:0007155","cell adhesion",-1.8536736504912,1.41748581057642e-06,"94025","Q8WXI7","OID21378",-6.23148662083148
"GO:0007155","cell adhesion",-1.8536736504912,1.41748581057642e-06,"266727","Q8NFP4","OID20951",-6.21553243912832
"GO:0007155","cell adhesion",-1.8536736504912,1.41748581057642e-06,"1272","Q12860","OID20307",-6.12369443398093
"GO:0007155","cell adhesion",-1.8536736504912,1.41748581057642e-06,"1001","P22223","OID21008",-6.10987101569559
"GO:0007155","cell adhesion",-1.8536736504912,1.41748581057642e-06,"4179","P15529","OID20380",-6.04082602348119
"GO:0007155","cell adhesion",-1.8536736504912,1.41748581057642e-06,"4340","Q16653","OID21384",-6.00725028367607
"GO:0007155","cell adhesion",-1.8536736504912,1.41748581057642e-06,"3556","Q9NPH3","OID21126",-5.97112288341666
"GO:0007155","cell adhesion",-1.8536736504912,1.41748581057642e-06,"8404","Q14515","OID20361",-5.94770072888706
"GO:0007155","cell adhesion",-1.8536736504912,1.41748581057642e-06,"23308","O75144","OID21351",-5.88538329805782
"GO:0007155","cell adhesion",-1.8536736504912,1.41748581057642e-06,"2064","P04626","OID21520",-5.86849340251866
"GO:0007155","cell adhesion",-1.8536736504912,1.41748581057642e-06,"4267","P14209","OID21110",-5.65364703963001
"GO:0007155","cell adhesion",-1.8536736504912,1.41748581057642e-06,"923","P30203","OID20649",-5.38767064795264
"GO:0007155","cell adhesion",-1.8536736504912,1.41748581057642e-06,"94","P37023","OID20999",-5.37010232052286
"GO:0007155","cell adhesion",-1.8536736504912,1.41748581057642e-06,"7301","Q06418","OID20161",-5.36907092015606
"GO:0007155","cell adhesion",-1.8536736504912,1.41748581057642e-06,"10752","O00533","OID20366",-5.28481246825281
"GO:0007155","cell adhesion",-1.8536736504912,1.41748581057642e-06,"3897","P32004","OID21484",-5.27690758239557
"GO:0007155","cell adhesion",-1.8536736504912,1.41748581057642e-06,"8639","Q16853","OID20389",-5.17004060374388
"GO:0007155","cell adhesion",-1.8536736504912,1.41748581057642e-06,"2022","P17813","OID20287",-5.16300733039203
"GO:0007155","cell adhesion",-1.8536736504912,1.41748581057642e-06,"5133","Q15116","OID21396",-5.13039997705631
"GO:0007155","cell adhesion",-1.8536736504912,1.41748581057642e-06,"4685","O15394","OID21095",-5.01836649067545
"GO:0007155","cell adhesion",-1.8536736504912,1.41748581057642e-06,"3491","O00622","OID21368",-4.96101855035174
"GO:0007155","cell adhesion",-1.8536736504912,1.41748581057642e-06,"2041","P21709","OID20677",-4.9271278476225
"GO:0007155","cell adhesion",-1.8536736504912,1.41748581057642e-06,"1829","Q14126","OID21113",-4.89344350051089
"GO:0007155","cell adhesion",-1.8536736504912,1.41748581057642e-06,"3960","P56470","OID20748",-4.88884514246413
"GO:0007155","cell adhesion",-1.8536736504912,1.41748581057642e-06,"999","P12830","OID20353",-4.83870788885727
"GO:0007155","cell adhesion",-1.8536736504912,1.41748581057642e-06,"80781","P39060","OID20332",-4.8383142897742
"GO:0007155","cell adhesion",-1.8536736504912,1.41748581057642e-06,"7499","P55808","OID20259",-4.83466043626685
"GO:0007155","cell adhesion",-1.8536736504912,1.41748581057642e-06,"347902","Q86SJ2","OID21370",-4.82790107978317
"GO:0007155","cell adhesion",-1.8536736504912,1.41748581057642e-06,"214","Q13740","OID20273",-4.79428882232677
"GO:0007155","cell adhesion",-1.8536736504912,1.41748581057642e-06,"7048","P37173","OID21493",-4.75556822418844
"GO:0007155","cell adhesion",-1.8536736504912,1.41748581057642e-06,"6366","O00585","OID20686",-4.74929320566612
"GO:0007155","cell adhesion",-1.8536736504912,1.41748581057642e-06,"921","P06127","OID21449",-4.74751033220078
"GO:0007155","cell adhesion",-1.8536736504912,1.41748581057642e-06,"30835","Q9NNX6","OID20262",-4.7217177981271
"GO:0007155","cell adhesion",-1.8536736504912,1.41748581057642e-06,"6441","P35247","OID20214",-4.69259693565883
"GO:0007155","cell adhesion",-1.8536736504912,1.41748581057642e-06,"3694","P18564","OID20493",-4.68484848519217
"GO:0007155","cell adhesion",-1.8536736504912,1.41748581057642e-06,"90952","Q96AP7","OID20270",-4.63717398754972
"GO:0007155","cell adhesion",-1.8536736504912,1.41748581057642e-06,"3490","Q16270","OID20236",-4.60472155556648
"GO:0007155","cell adhesion",-1.8536736504912,1.41748581057642e-06,"83692","Q8TCZ2","OID21122",-4.59845683766281
"GO:0007155","cell adhesion",-1.8536736504912,1.41748581057642e-06,"1015","Q12864","OID20134",-4.5781026129001
"GO:0007155","cell adhesion",-1.8536736504912,1.41748581057642e-06,"3815","P10721","OID20370",-4.57472325313938
"GO:0007155","cell adhesion",-1.8536736504912,1.41748581057642e-06,"81607","Q96NY8","OID21490",-4.53703201351686
"GO:0007155","cell adhesion",-1.8536736504912,1.41748581057642e-06,"1088","P31997","OID20102",-4.52744445473649
"GO:0007155","cell adhesion",-1.8536736504912,1.41748581057642e-06,"285704","Q6NW40","OID21045",-4.49733054526556
"GO:0007155","cell adhesion",-1.8536736504912,1.41748581057642e-06,"6091","Q9Y6N7","OID20734",-4.4175996724262
"GO:0007155","cell adhesion",-1.8536736504912,1.41748581057642e-06,"3910","Q16363","OID20769",-4.40494973643515
"GO:0007155","cell adhesion",-1.8536736504912,1.41748581057642e-06,"80381","Q5ZPR3","OID20680",-4.37786653560281
"GO:0007155","cell adhesion",-1.8536736504912,1.41748581057642e-06,"1604","P08174","OID20377",-4.35204220152651
"GO:0007155","cell adhesion",-1.8536736504912,1.41748581057642e-06,"947","P28906","OID21025",-4.31968766261698
"GO:0007155","cell adhesion",-1.8536736504912,1.41748581057642e-06,"53942","O94779","OID21006",-4.28764482386469
"GO:0007155","cell adhesion",-1.8536736504912,1.41748581057642e-06,"7058","P35442","OID21104",-4.2873481361052
"GO:0007155","cell adhesion",-1.8536736504912,1.41748581057642e-06,"945","P20138","OID21472",-4.27258746352347
"GO:0007155","cell adhesion",-1.8536736504912,1.41748581057642e-06,"10653","O43291","OID20720",-4.25153684429497
"GO:0007155","cell adhesion",-1.8536736504912,1.41748581057642e-06,"3678","P08648","OID21139",-4.24486826823183
"GO:0007155","cell adhesion",-1.8536736504912,1.41748581057642e-06,"682","P35613","OID20626",-4.24376731072008
"GO:0007155","cell adhesion",-1.8536736504912,1.41748581057642e-06,"51330","Q9NP84","OID21482",-4.23048852995828
"GO:0007155","cell adhesion",-1.8536736504912,1.41748581057642e-06,"10669","Q99674","OID20152",-4.20125586229254
"GO:0007155","cell adhesion",-1.8536736504912,1.41748581057642e-06,"3689","P05107","OID20315",-4.14304051009773
"GO:0007155","cell adhesion",-1.8536736504912,1.41748581057642e-06,"8840","O95388","OID21444",-4.12455517582469
"GO:0007155","cell adhesion",-1.8536736504912,1.41748581057642e-06,"56477","Q9NRJ3","OID20569",-4.10347341669241
"GO:0007155","cell adhesion",-1.8536736504912,1.41748581057642e-06,"151887","Q76M96","OID20226",-4.0803833167319
"GO:0007155","cell adhesion",-1.8536736504912,1.41748581057642e-06,"4852","P01303","OID21388",-3.96221657668416
"GO:0007155","cell adhesion",-1.8536736504912,1.41748581057642e-06,"7070","P04216","OID21050",-3.94642091055303
"GO:0007155","cell adhesion",-1.8536736504912,1.41748581057642e-06,"8578","Q14162","OID20297",-3.91668341470393
"GO:0007155","cell adhesion",-1.8536736504912,1.41748581057642e-06,"940","P10747","OID21265",-3.90035103866158
"GO:0007155","cell adhesion",-1.8536736504912,1.41748581057642e-06,"8764","Q92956","OID20783",-3.89245965518582
"GO:0007155","cell adhesion",-1.8536736504912,1.41748581057642e-06,"4254","P21583","OID20196",-3.84285636064276
"GO:0007155","cell adhesion",-1.8536736504912,1.41748581057642e-06,"1013","P55291","OID21005",-3.8395198325998
"GO:0007155","cell adhesion",-1.8536736504912,1.41748581057642e-06,"6422","Q8N474","OID20984",-3.82955340118134
"GO:0007155","cell adhesion",-1.8536736504912,1.41748581057642e-06,"5797","P28827","OID20598",-3.8020800339255
"GO:0007155","cell adhesion",-1.8536736504912,1.41748581057642e-06,"1969","P29317","OID21342",-3.7754203052328
"GO:0007155","cell adhesion",-1.8536736504912,1.41748581057642e-06,"4072","P16422","OID20743",-3.7070190616462
"GO:0007155","cell adhesion",-1.8536736504912,1.41748581057642e-06,"780","Q08345","OID21009",-3.69909337803067
"GO:0007155","cell adhesion",-1.8536736504912,1.41748581057642e-06,"26047","Q9UHC6","OID20556",-3.66571412704432
"GO:0007155","cell adhesion",-1.8536736504912,1.41748581057642e-06,"1041","Q15517","OID20667",-3.63869884804306
"GO:0007155","cell adhesion",-1.8536736504912,1.41748581057642e-06,"6900","Q02246","OID21426",-3.57224256361149
"GO:0007155","cell adhesion",-1.8536736504912,1.41748581057642e-06,"27329","Q9Y5C1","OID20407",-3.48246218760067
"GO:0007155","cell adhesion",-1.8536736504912,1.41748581057642e-06,"4345","P41217","OID20603",-3.45519929007419
"GO:0007155","cell adhesion",-1.8536736504912,1.41748581057642e-06,"1942","P20827","OID21125",-3.40853319557729
"GO:0007155","cell adhesion",-1.8536736504912,1.41748581057642e-06,"8581","Q14210","OID20708",-3.38277606520273
"GO:0007155","cell adhesion",-1.8536736504912,1.41748581057642e-06,"147409","Q86SJ6","OID21325",-3.35852069910564
"GO:0007155","cell adhesion",-1.8536736504912,1.41748581057642e-06,"10272","O95633","OID20782",-3.30374993759063
"GO:0007155","cell adhesion",-1.8536736504912,1.41748581057642e-06,"3693","P18084","OID21522",-3.22816765327682
"GO:0007155","cell adhesion",-1.8536736504912,1.41748581057642e-06,"3373","Q12794","OID20357",-3.21319813430487
"GO:0007155","cell adhesion",-1.8536736504912,1.41748581057642e-06,"654","P22004","OID20111",-3.1985810895569
"GO:0007155","cell adhesion",-1.8536736504912,1.41748581057642e-06,"5068","Q06141","OID20258",-3.09547899243602
"GO:0007155","cell adhesion",-1.8536736504912,1.41748581057642e-06,"1490","P29279","OID20709",-3.07801757657505
"GO:0007155","cell adhesion",-1.8536736504912,1.41748581057642e-06,"6403","P16109","OID20379",-3.06967250420713
"GO:0007155","cell adhesion",-1.8536736504912,1.41748581057642e-06,"3572","P40189","OID20147",-3.03697414663037
"GO:0007155","cell adhesion",-1.8536736504912,1.41748581057642e-06,"2056","P01588","OID20522",-2.97145777086488
"GO:0007155","cell adhesion",-1.8536736504912,1.41748581057642e-06,"51206","Q9HCN6","OID21091",-2.9416762218453
"GO:0007155","cell adhesion",-1.8536736504912,1.41748581057642e-06,"10232","Q13421","OID21380",-2.9232480957923
"GO:0007155","cell adhesion",-1.8536736504912,1.41748581057642e-06,"5175","P16284","OID21131",-2.92154651445503
"GO:0009653","anatomical structure morphogenesis",-1.84802278744999,4.65331327853869e-06,"91653","Q9BWV1","OID20116",-10.8593968856439
"GO:0009653","anatomical structure morphogenesis",-1.84802278744999,4.65331327853869e-06,"1311","P49747","OID20405",-10.5504681525752
"GO:0009653","anatomical structure morphogenesis",-1.84802278744999,4.65331327853869e-06,"1004","P55285","OID20157",-8.89234806438759
"GO:0009653","anatomical structure morphogenesis",-1.84802278744999,4.65331327853869e-06,"22918","Q9NPY3","OID20397",-8.8629087059826
"GO:0009653","anatomical structure morphogenesis",-1.84802278744999,4.65331327853869e-06,"8076","Q13361","OID20239",-8.75438977070456
"GO:0009653","anatomical structure morphogenesis",-1.84802278744999,4.65331327853869e-06,"23768","O43155","OID20946",-8.69786012907057
"GO:0009653","anatomical structure morphogenesis",-1.84802278744999,4.65331327853869e-06,"652","P12644","OID20994",-8.52335376779355
"GO:0009653","anatomical structure morphogenesis",-1.84802278744999,4.65331327853869e-06,"6369","O00175","OID20772",-8.2607624901256
"GO:0009653","anatomical structure morphogenesis",-1.84802278744999,4.65331327853869e-06,"4162","P43121","OID20343",-8.25769875245774
"GO:0009653","anatomical structure morphogenesis",-1.84802278744999,4.65331327853869e-06,"10457","Q14956","OID20173",-8.2127605660059
"GO:0009653","anatomical structure morphogenesis",-1.84802278744999,4.65331327853869e-06,"7049","Q03167","OID20255",-8.19065443371906
"GO:0009653","anatomical structure morphogenesis",-1.84802278744999,4.65331327853869e-06,"152330","Q8IWV2","OID21117",-8.0808427316484
"GO:0009653","anatomical structure morphogenesis",-1.84802278744999,4.65331327853869e-06,"4321","P39900","OID21439",-7.96302931737763
"GO:0009653","anatomical structure morphogenesis",-1.84802278744999,4.65331327853869e-06,"11202","O60259","OID21517",-7.78625020020305
"GO:0009653","anatomical structure morphogenesis",-1.84802278744999,4.65331327853869e-06,"5802","Q13332","OID20306",-7.72487790462016
"GO:0009653","anatomical structure morphogenesis",-1.84802278744999,4.65331327853869e-06,"7060","P35443","OID20368",-7.64953913682972
"GO:0009653","anatomical structure morphogenesis",-1.84802278744999,4.65331327853869e-06,"3685","P06756","OID21416",-7.59881747905576
"GO:0009653","anatomical structure morphogenesis",-1.84802278744999,4.65331327853869e-06,"3688","P05556","OID20376",-7.58571385299735
"GO:0009653","anatomical structure morphogenesis",-1.84802278744999,4.65331327853869e-06,"1368","P14384","OID21054",-7.53473791407719
"GO:0009653","anatomical structure morphogenesis",-1.84802278744999,4.65331327853869e-06,"4856","P48745","OID20299",-7.51617467769149
"GO:0009653","anatomical structure morphogenesis",-1.84802278744999,4.65331327853869e-06,"2676","O60609","OID20933",-7.50999125463663
"GO:0009653","anatomical structure morphogenesis",-1.84802278744999,4.65331327853869e-06,"8829","O14786","OID20390",-7.3640005146002
"GO:0009653","anatomical structure morphogenesis",-1.84802278744999,4.65331327853869e-06,"3339","P98160","OID20383",-7.27498579969711
"GO:0009653","anatomical structure morphogenesis",-1.84802278744999,4.65331327853869e-06,"1297","P20849","OID20550",-7.1945725988196
"GO:0009653","anatomical structure morphogenesis",-1.84802278744999,4.65331327853869e-06,"8751","Q13444","OID20109",-7.06830909308609
"GO:0009653","anatomical structure morphogenesis",-1.84802278744999,4.65331327853869e-06,"6092","Q9HCK4","OID21007",-6.97622877331884
"GO:0009653","anatomical structure morphogenesis",-1.84802278744999,4.65331327853869e-06,"1003","P33151","OID20243",-6.95999694935435
"GO:0009653","anatomical structure morphogenesis",-1.84802278744999,4.65331327853869e-06,"4879","P16860","OID20049",-6.91149481655409
"GO:0009653","anatomical structure morphogenesis",-1.84802278744999,4.65331327853869e-06,"2191","Q12884","OID20330",-6.67803683875475
"GO:0009653","anatomical structure morphogenesis",-1.84802278744999,4.65331327853869e-06,"9622","Q9Y5K2","OID21391",-6.36688975594688
"GO:0009653","anatomical structure morphogenesis",-1.84802278744999,4.65331327853869e-06,"11126","O95971","OID20647",-6.25532913077991
"GO:0009653","anatomical structure morphogenesis",-1.84802278744999,4.65331327853869e-06,"7252","P01222","OID20129",-6.1985372111826
"GO:0009653","anatomical structure morphogenesis",-1.84802278744999,4.65331327853869e-06,"1272","Q12860","OID20307",-6.12369443398093
"GO:0009653","anatomical structure morphogenesis",-1.84802278744999,4.65331327853869e-06,"1001","P22223","OID21008",-6.10987101569559
"GO:0009653","anatomical structure morphogenesis",-1.84802278744999,4.65331327853869e-06,"2202","Q12805","OID20414",-6.06028533376678
"GO:0009653","anatomical structure morphogenesis",-1.84802278744999,4.65331327853869e-06,"350","P02749","OID21072",-6.02403833560993
"GO:0009653","anatomical structure morphogenesis",-1.84802278744999,4.65331327853869e-06,"2064","P04626","OID21520",-5.86849340251866
"GO:0009653","anatomical structure morphogenesis",-1.84802278744999,4.65331327853869e-06,"285","O15123","OID21463",-5.63325841568532
"GO:0009653","anatomical structure morphogenesis",-1.84802278744999,4.65331327853869e-06,"4322","P45452","OID20807",-5.52672195208912
"GO:0009653","anatomical structure morphogenesis",-1.84802278744999,4.65331327853869e-06,"56963","Q96B86","OID21065",-5.51382550933122
"GO:0009653","anatomical structure morphogenesis",-1.84802278744999,4.65331327853869e-06,"5159","P09619","OID20268",-5.49149870497418
"GO:0009653","anatomical structure morphogenesis",-1.84802278744999,4.65331327853869e-06,"4915","Q16620","OID20136",-5.40548089987011
"GO:0009653","anatomical structure morphogenesis",-1.84802278744999,4.65331327853869e-06,"94","P37023","OID20999",-5.37010232052286
"GO:0009653","anatomical structure morphogenesis",-1.84802278744999,4.65331327853869e-06,"3897","P32004","OID21484",-5.27690758239557
"GO:0009653","anatomical structure morphogenesis",-1.84802278744999,4.65331327853869e-06,"4681","P41271","OID21486",-5.26703621422589
"GO:0009653","anatomical structure morphogenesis",-1.84802278744999,4.65331327853869e-06,"2022","P17813","OID20287",-5.16300733039203
"GO:0009653","anatomical structure morphogenesis",-1.84802278744999,4.65331327853869e-06,"577","O60242","OID20974",-5.13222005662944
"GO:0009653","anatomical structure morphogenesis",-1.84802278744999,4.65331327853869e-06,"57125","Q8IUK5","OID21258",-5.06715187552943
"GO:0009653","anatomical structure morphogenesis",-1.84802278744999,4.65331327853869e-06,"51738","Q9UBU3","OID20175",-5.02436044788424
"GO:0009653","anatomical structure morphogenesis",-1.84802278744999,4.65331327853869e-06,"1282","P02462","OID20208",-4.98379016084157
"GO:0009653","anatomical structure morphogenesis",-1.84802278744999,4.65331327853869e-06,"9982","Q14512","OID21507",-4.93667426953613
"GO:0009653","anatomical structure morphogenesis",-1.84802278744999,4.65331327853869e-06,"2041","P21709","OID20677",-4.9271278476225
"GO:0009653","anatomical structure morphogenesis",-1.84802278744999,4.65331327853869e-06,"1829","Q14126","OID21113",-4.89344350051089
"GO:0009653","anatomical structure morphogenesis",-1.84802278744999,4.65331327853869e-06,"161198","Q86T13","OID21090",-4.86768472061645
"GO:0009653","anatomical structure morphogenesis",-1.84802278744999,4.65331327853869e-06,"999","P12830","OID20353",-4.83870788885727
"GO:0009653","anatomical structure morphogenesis",-1.84802278744999,4.65331327853869e-06,"80781","P39060","OID20332",-4.8383142897742
"GO:0009653","anatomical structure morphogenesis",-1.84802278744999,4.65331327853869e-06,"4090","Q99717","OID21353",-4.82630997222269
"GO:0009653","anatomical structure morphogenesis",-1.84802278744999,4.65331327853869e-06,"214","Q13740","OID20273",-4.79428882232677
"GO:0009653","anatomical structure morphogenesis",-1.84802278744999,4.65331327853869e-06,"7048","P37173","OID21493",-4.75556822418844
"GO:0009653","anatomical structure morphogenesis",-1.84802278744999,4.65331327853869e-06,"3934","P80188","OID20392",-4.73713127311129
"GO:0009653","anatomical structure morphogenesis",-1.84802278744999,4.65331327853869e-06,"8742","O43508","OID20624",-4.71149046881674
"GO:0009653","anatomical structure morphogenesis",-1.84802278744999,4.65331327853869e-06,"3694","P18564","OID20493",-4.68484848519217
"GO:0009653","anatomical structure morphogenesis",-1.84802278744999,4.65331327853869e-06,"2277","O43915","OID20662",-4.63095742637358
"GO:0009653","anatomical structure morphogenesis",-1.84802278744999,4.65331327853869e-06,"3490","Q16270","OID20236",-4.60472155556648
"GO:0009653","anatomical structure morphogenesis",-1.84802278744999,4.65331327853869e-06,"59","P62736","OID20079",-4.58780577909265
"GO:0009653","anatomical structure morphogenesis",-1.84802278744999,4.65331327853869e-06,"1015","Q12864","OID20134",-4.5781026129001
"GO:0009653","anatomical structure morphogenesis",-1.84802278744999,4.65331327853869e-06,"3815","P10721","OID20370",-4.57472325313938
"GO:0009653","anatomical structure morphogenesis",-1.84802278744999,4.65331327853869e-06,"64094","Q9H3U7","OID20730",-4.51723671813497
"GO:0009653","anatomical structure morphogenesis",-1.84802278744999,4.65331327853869e-06,"1277","P02452","OID20335",-4.49682140316631
"GO:0009653","anatomical structure morphogenesis",-1.84802278744999,4.65331327853869e-06,"25805","Q13145","OID21267",-4.47776284464619
"GO:0009653","anatomical structure morphogenesis",-1.84802278744999,4.65331327853869e-06,"6091","Q9Y6N7","OID20734",-4.4175996724262
"GO:0009653","anatomical structure morphogenesis",-1.84802278744999,4.65331327853869e-06,"4880","P23582","OID20568",-4.37001974945235
"GO:0009653","anatomical structure morphogenesis",-1.84802278744999,4.65331327853869e-06,"84957","Q969Z4","OID21142",-4.34430524018694
"GO:0009653","anatomical structure morphogenesis",-1.84802278744999,4.65331327853869e-06,"947","P28906","OID21025",-4.31968766261698
"GO:0009653","anatomical structure morphogenesis",-1.84802278744999,4.65331327853869e-06,"53942","O94779","OID21006",-4.28764482386469
"GO:0009653","anatomical structure morphogenesis",-1.84802278744999,4.65331327853869e-06,"7058","P35442","OID21104",-4.2873481361052
"GO:0009653","anatomical structure morphogenesis",-1.84802278744999,4.65331327853869e-06,"10653","O43291","OID20720",-4.25153684429497
"GO:0009653","anatomical structure morphogenesis",-1.84802278744999,4.65331327853869e-06,"3678","P08648","OID21139",-4.24486826823183
"GO:0009653","anatomical structure morphogenesis",-1.84802278744999,4.65331327853869e-06,"682","P35613","OID20626",-4.24376731072008
"GO:0009653","anatomical structure morphogenesis",-1.84802278744999,4.65331327853869e-06,"51330","Q9NP84","OID21482",-4.23048852995828
"GO:0009653","anatomical structure morphogenesis",-1.84802278744999,4.65331327853869e-06,"3689","P05107","OID20315",-4.14304051009773
"GO:0009653","anatomical structure morphogenesis",-1.84802278744999,4.65331327853869e-06,"374946","Q8NBI3","OID20917",-3.97156592822286
"GO:0009653","anatomical structure morphogenesis",-1.84802278744999,4.65331327853869e-06,"7070","P04216","OID21050",-3.94642091055303
"GO:0009653","anatomical structure morphogenesis",-1.84802278744999,4.65331327853869e-06,"170689","Q8TE58","OID21275",-3.89729363090039
"GO:0009653","anatomical structure morphogenesis",-1.84802278744999,4.65331327853869e-06,"2263","P21802","OID21478",-3.88113271722818
"GO:0009653","anatomical structure morphogenesis",-1.84802278744999,4.65331327853869e-06,"4884","Q15818","OID21074",-3.86372689418962
"GO:0009653","anatomical structure morphogenesis",-1.84802278744999,4.65331327853869e-06,"1013","P55291","OID21005",-3.8395198325998
"GO:0009653","anatomical structure morphogenesis",-1.84802278744999,4.65331327853869e-06,"126393","O14558","OID21408",-3.82969186555791
"GO:0009653","anatomical structure morphogenesis",-1.84802278744999,4.65331327853869e-06,"6422","Q8N474","OID20984",-3.82955340118134
"GO:0009653","anatomical structure morphogenesis",-1.84802278744999,4.65331327853869e-06,"5797","P28827","OID20598",-3.8020800339255
"GO:0009653","anatomical structure morphogenesis",-1.84802278744999,4.65331327853869e-06,"1969","P29317","OID21342",-3.7754203052328
"GO:0009653","anatomical structure morphogenesis",-1.84802278744999,4.65331327853869e-06,"2658","Q9UK05","OID20202",-3.77449029585196
"GO:0009653","anatomical structure morphogenesis",-1.84802278744999,4.65331327853869e-06,"2149","P25116","OID20691",-3.7344595767938
"GO:0009653","anatomical structure morphogenesis",-1.84802278744999,4.65331327853869e-06,"780","Q08345","OID21009",-3.69909337803067
"GO:0009653","anatomical structure morphogenesis",-1.84802278744999,4.65331327853869e-06,"133","P35318","OID21467",-3.69230303777457
"GO:0009653","anatomical structure morphogenesis",-1.84802278744999,4.65331327853869e-06,"26047","Q9UHC6","OID20556",-3.66571412704432
"GO:0009653","anatomical structure morphogenesis",-1.84802278744999,4.65331327853869e-06,"1041","Q15517","OID20667",-3.63869884804306
"GO:0009653","anatomical structure morphogenesis",-1.84802278744999,4.65331327853869e-06,"2069","O14944","OID20905",-3.61796892045157
"GO:0009653","anatomical structure morphogenesis",-1.84802278744999,4.65331327853869e-06,"7857","P13521","OID21400",-3.61470431164747
"GO:0009653","anatomical structure morphogenesis",-1.84802278744999,4.65331327853869e-06,"6900","Q02246","OID21426",-3.57224256361149
"GO:0009653","anatomical structure morphogenesis",-1.84802278744999,4.65331327853869e-06,"2348","P15328","OID21529",-3.57107711097675
"GO:0009653","anatomical structure morphogenesis",-1.84802278744999,4.65331327853869e-06,"793","P05937","OID21306",-3.56941462679376
"GO:0009653","anatomical structure morphogenesis",-1.84802278744999,4.65331327853869e-06,"2051","O15197","OID20982",-3.5538557762115
"GO:0009653","anatomical structure morphogenesis",-1.84802278744999,4.65331327853869e-06,"27329","Q9Y5C1","OID20407",-3.48246218760067
"GO:0009653","anatomical structure morphogenesis",-1.84802278744999,4.65331327853869e-06,"2817","P35052","OID21438",-3.4650702102704
"GO:0009653","anatomical structure morphogenesis",-1.84802278744999,4.65331327853869e-06,"1942","P20827","OID21125",-3.40853319557729
"GO:0009653","anatomical structure morphogenesis",-1.84802278744999,4.65331327853869e-06,"5617","P01236","OID21033",-3.40543671458326
"GO:0009653","anatomical structure morphogenesis",-1.84802278744999,4.65331327853869e-06,"7483","O14904","OID20460",-3.40379690406885
"GO:0009653","anatomical structure morphogenesis",-1.84802278744999,4.65331327853869e-06,"140862","B1AKI9","OID20538",-3.31765953231565
"GO:0009653","anatomical structure morphogenesis",-1.84802278744999,4.65331327853869e-06,"4854","Q9UM47","OID20253",-3.26235344299799
"GO:0009653","anatomical structure morphogenesis",-1.84802278744999,4.65331327853869e-06,"1945","P52798","OID20935",-3.24217299775487
"GO:0009653","anatomical structure morphogenesis",-1.84802278744999,4.65331327853869e-06,"3693","P18084","OID21522",-3.22816765327682
"GO:0009653","anatomical structure morphogenesis",-1.84802278744999,4.65331327853869e-06,"3373","Q12794","OID20357",-3.21319813430487
"GO:0009653","anatomical structure morphogenesis",-1.84802278744999,4.65331327853869e-06,"51129","Q9BY76","OID20703",-3.11600484467924
"GO:0009653","anatomical structure morphogenesis",-1.84802278744999,4.65331327853869e-06,"356","P48023","OID20665",-3.08313844996858
"GO:0048731","system development",-1.72508515985087,1.05538118585151e-05,"50937","Q4KMG0","OID20754",-12.216602328919
"GO:0048731","system development",-1.72508515985087,1.05538118585151e-05,"55118","Q9NQ79","OID20279",-11.0450249759854
"GO:0048731","system development",-1.72508515985087,1.05538118585151e-05,"91653","Q9BWV1","OID20116",-10.8593968856439
"GO:0048731","system development",-1.72508515985087,1.05538118585151e-05,"1311","P49747","OID20405",-10.5504681525752
"GO:0048731","system development",-1.72508515985087,1.05538118585151e-05,"7148","P22105","OID21107",-9.55961565114896
"GO:0048731","system development",-1.72508515985087,1.05538118585151e-05,"64084","Q9H4D0","OID20664",-9.40173943151263
"GO:0048731","system development",-1.72508515985087,1.05538118585151e-05,"22918","Q9NPY3","OID20397",-8.8629087059826
"GO:0048731","system development",-1.72508515985087,1.05538118585151e-05,"8076","Q13361","OID20239",-8.75438977070456
"GO:0048731","system development",-1.72508515985087,1.05538118585151e-05,"23768","O43155","OID20946",-8.69786012907057
"GO:0048731","system development",-1.72508515985087,1.05538118585151e-05,"1178","Q05315","OID20126",-8.63302936165
"GO:0048731","system development",-1.72508515985087,1.05538118585151e-05,"652","P12644","OID20994",-8.52335376779355
"GO:0048731","system development",-1.72508515985087,1.05538118585151e-05,"6369","O00175","OID20772",-8.2607624901256
"GO:0048731","system development",-1.72508515985087,1.05538118585151e-05,"4162","P43121","OID20343",-8.25769875245774
"GO:0048731","system development",-1.72508515985087,1.05538118585151e-05,"10457","Q14956","OID20173",-8.2127605660059
"GO:0048731","system development",-1.72508515985087,1.05538118585151e-05,"7049","Q03167","OID20255",-8.19065443371906
"GO:0048731","system development",-1.72508515985087,1.05538118585151e-05,"23413","P62166","OID21458",-8.15903328589692
"GO:0048731","system development",-1.72508515985087,1.05538118585151e-05,"152330","Q8IWV2","OID21117",-8.0808427316484
"GO:0048731","system development",-1.72508515985087,1.05538118585151e-05,"7087","Q9UMF0","OID20145",-8.06709644984207
"GO:0048731","system development",-1.72508515985087,1.05538118585151e-05,"11202","O60259","OID21517",-7.78625020020305
"GO:0048731","system development",-1.72508515985087,1.05538118585151e-05,"5802","Q13332","OID20306",-7.72487790462016
"GO:0048731","system development",-1.72508515985087,1.05538118585151e-05,"7060","P35443","OID20368",-7.64953913682972
"GO:0048731","system development",-1.72508515985087,1.05538118585151e-05,"3685","P06756","OID21416",-7.59881747905576
"GO:0048731","system development",-1.72508515985087,1.05538118585151e-05,"3688","P05556","OID20376",-7.58571385299735
"GO:0048731","system development",-1.72508515985087,1.05538118585151e-05,"4856","P48745","OID20299",-7.51617467769149
"GO:0048731","system development",-1.72508515985087,1.05538118585151e-05,"2676","O60609","OID20933",-7.50999125463663
"GO:0048731","system development",-1.72508515985087,1.05538118585151e-05,"8829","O14786","OID20390",-7.3640005146002
"GO:0048731","system development",-1.72508515985087,1.05538118585151e-05,"3339","P98160","OID20383",-7.27498579969711
"GO:0048731","system development",-1.72508515985087,1.05538118585151e-05,"8751","Q13444","OID20109",-7.06830909308609
"GO:0048731","system development",-1.72508515985087,1.05538118585151e-05,"27242","O75509","OID21052",-6.98740739075159
"GO:0048731","system development",-1.72508515985087,1.05538118585151e-05,"6092","Q9HCK4","OID21007",-6.97622877331884
"GO:0048731","system development",-1.72508515985087,1.05538118585151e-05,"1003","P33151","OID20243",-6.95999694935435
"GO:0048731","system development",-1.72508515985087,1.05538118585151e-05,"58494","P57087","OID21064",-6.95281237235602
"GO:0048731","system development",-1.72508515985087,1.05538118585151e-05,"4879","P16860","OID20049",-6.91149481655409
"GO:0048731","system development",-1.72508515985087,1.05538118585151e-05,"2191","Q12884","OID20330",-6.67803683875475
"GO:0048731","system development",-1.72508515985087,1.05538118585151e-05,"283659","Q2VWP7","OID21443",-6.60810795338098
"GO:0048731","system development",-1.72508515985087,1.05538118585151e-05,"79827","Q9H6B4","OID21419",-6.5338110480709
"GO:0048731","system development",-1.72508515985087,1.05538118585151e-05,"53616","Q9P0K1","OID21001",-6.52822879066226
"GO:0048731","system development",-1.72508515985087,1.05538118585151e-05,"558","P30530","OID20363",-6.34128502701485
"GO:0048731","system development",-1.72508515985087,1.05538118585151e-05,"8745","O75077","OID20651",-6.33177213123595
"GO:0048731","system development",-1.72508515985087,1.05538118585151e-05,"11126","O95971","OID20647",-6.25532913077991
"GO:0048731","system development",-1.72508515985087,1.05538118585151e-05,"266727","Q8NFP4","OID20951",-6.21553243912832
"GO:0048731","system development",-1.72508515985087,1.05538118585151e-05,"4969","P20774","OID21123",-6.18877382062777
"GO:0048731","system development",-1.72508515985087,1.05538118585151e-05,"4916","Q16288","OID21057",-6.1562016767798
"GO:0048731","system development",-1.72508515985087,1.05538118585151e-05,"1272","Q12860","OID20307",-6.12369443398093
"GO:0048731","system development",-1.72508515985087,1.05538118585151e-05,"2202","Q12805","OID20414",-6.06028533376678
"GO:0048731","system development",-1.72508515985087,1.05538118585151e-05,"10218","O43827","OID21412",-6.05019987648683
"GO:0048731","system development",-1.72508515985087,1.05538118585151e-05,"350","P02749","OID21072",-6.02403833560993
"GO:0048731","system development",-1.72508515985087,1.05538118585151e-05,"4340","Q16653","OID21384",-6.00725028367607
"GO:0048731","system development",-1.72508515985087,1.05538118585151e-05,"3556","Q9NPH3","OID21126",-5.97112288341666
"GO:0048731","system development",-1.72508515985087,1.05538118585151e-05,"2064","P04626","OID21520",-5.86849340251866
"GO:0048731","system development",-1.72508515985087,1.05538118585151e-05,"2675","O00451","OID21330",-5.73586991237783
"GO:0048731","system development",-1.72508515985087,1.05538118585151e-05,"285","O15123","OID21463",-5.63325841568532
"GO:0048731","system development",-1.72508515985087,1.05538118585151e-05,"8074","Q9GZV9","OID21411",-5.62560851847717
"GO:0048731","system development",-1.72508515985087,1.05538118585151e-05,"4322","P45452","OID20807",-5.52672195208912
"GO:0048731","system development",-1.72508515985087,1.05538118585151e-05,"56963","Q96B86","OID21065",-5.51382550933122
"GO:0048731","system development",-1.72508515985087,1.05538118585151e-05,"5159","P09619","OID20268",-5.49149870497418
"GO:0048731","system development",-1.72508515985087,1.05538118585151e-05,"4915","Q16620","OID20136",-5.40548089987011
"GO:0048731","system development",-1.72508515985087,1.05538118585151e-05,"94","P37023","OID20999",-5.37010232052286
"GO:0048731","system development",-1.72508515985087,1.05538118585151e-05,"7301","Q06418","OID20161",-5.36907092015606
"GO:0048731","system development",-1.72508515985087,1.05538118585151e-05,"10752","O00533","OID20366",-5.28481246825281
"GO:0048731","system development",-1.72508515985087,1.05538118585151e-05,"3897","P32004","OID21484",-5.27690758239557
"GO:0048731","system development",-1.72508515985087,1.05538118585151e-05,"4681","P41271","OID21486",-5.26703621422589
"GO:0048731","system development",-1.72508515985087,1.05538118585151e-05,"2022","P17813","OID20287",-5.16300733039203
"GO:0048731","system development",-1.72508515985087,1.05538118585151e-05,"577","O60242","OID20974",-5.13222005662944
"GO:0048731","system development",-1.72508515985087,1.05538118585151e-05,"57125","Q8IUK5","OID21258",-5.06715187552943
"GO:0048731","system development",-1.72508515985087,1.05538118585151e-05,"51738","Q9UBU3","OID20175",-5.02436044788424
"GO:0048731","system development",-1.72508515985087,1.05538118585151e-05,"3482","P11717","OID21146",-4.98876592780659
"GO:0048731","system development",-1.72508515985087,1.05538118585151e-05,"1282","P02462","OID20208",-4.98379016084157
"GO:0048731","system development",-1.72508515985087,1.05538118585151e-05,"9982","Q14512","OID21507",-4.93667426953613
"GO:0048731","system development",-1.72508515985087,1.05538118585151e-05,"2041","P21709","OID20677",-4.9271278476225
"GO:0048731","system development",-1.72508515985087,1.05538118585151e-05,"1829","Q14126","OID21113",-4.89344350051089
"GO:0048731","system development",-1.72508515985087,1.05538118585151e-05,"161198","Q86T13","OID21090",-4.86768472061645
"GO:0048731","system development",-1.72508515985087,1.05538118585151e-05,"2250","P12034","OID20490",-4.8542162564003
"GO:0048731","system development",-1.72508515985087,1.05538118585151e-05,"999","P12830","OID20353",-4.83870788885727
"GO:0048731","system development",-1.72508515985087,1.05538118585151e-05,"80781","P39060","OID20332",-4.8383142897742
"GO:0048731","system development",-1.72508515985087,1.05538118585151e-05,"347902","Q86SJ2","OID21370",-4.82790107978317
"GO:0048731","system development",-1.72508515985087,1.05538118585151e-05,"4090","Q99717","OID21353",-4.82630997222269
"GO:0048731","system development",-1.72508515985087,1.05538118585151e-05,"214","Q13740","OID20273",-4.79428882232677
"GO:0048731","system development",-1.72508515985087,1.05538118585151e-05,"7048","P37173","OID21493",-4.75556822418844
"GO:0048731","system development",-1.72508515985087,1.05538118585151e-05,"8742","O43508","OID20624",-4.71149046881674
"GO:0048731","system development",-1.72508515985087,1.05538118585151e-05,"25884","Q6WN34","OID20223",-4.6944236163694
"GO:0048731","system development",-1.72508515985087,1.05538118585151e-05,"6441","P35247","OID20214",-4.69259693565883
"GO:0048731","system development",-1.72508515985087,1.05538118585151e-05,"2688","P01241","OID20220",-4.68852923586237
"GO:0048731","system development",-1.72508515985087,1.05538118585151e-05,"5653","Q92876","OID21526",-4.6503365493497
"GO:0048731","system development",-1.72508515985087,1.05538118585151e-05,"2277","O43915","OID20662",-4.63095742637358
"GO:0048731","system development",-1.72508515985087,1.05538118585151e-05,"3490","Q16270","OID20236",-4.60472155556648
"GO:0048731","system development",-1.72508515985087,1.05538118585151e-05,"59","P62736","OID20079",-4.58780577909265
"GO:0048731","system development",-1.72508515985087,1.05538118585151e-05,"1015","Q12864","OID20134",-4.5781026129001
"GO:0048731","system development",-1.72508515985087,1.05538118585151e-05,"3815","P10721","OID20370",-4.57472325313938
"GO:0048731","system development",-1.72508515985087,1.05538118585151e-05,"3459","P15260","OID20678",-4.52066626499859
"GO:0048731","system development",-1.72508515985087,1.05538118585151e-05,"64094","Q9H3U7","OID20730",-4.51723671813497
"GO:0048731","system development",-1.72508515985087,1.05538118585151e-05,"1277","P02452","OID20335",-4.49682140316631
"GO:0048731","system development",-1.72508515985087,1.05538118585151e-05,"6091","Q9Y6N7","OID20734",-4.4175996724262
"GO:0048731","system development",-1.72508515985087,1.05538118585151e-05,"3910","Q16363","OID20769",-4.40494973643515
"GO:0048731","system development",-1.72508515985087,1.05538118585151e-05,"4880","P23582","OID20568",-4.37001974945235
"GO:0048731","system development",-1.72508515985087,1.05538118585151e-05,"441549","Q49AH0","OID21318",-4.34072080133271
"GO:0048731","system development",-1.72508515985087,1.05538118585151e-05,"947","P28906","OID21025",-4.31968766261698
"GO:0048731","system development",-1.72508515985087,1.05538118585151e-05,"53942","O94779","OID21006",-4.28764482386469
"GO:0048731","system development",-1.72508515985087,1.05538118585151e-05,"7058","P35442","OID21104",-4.2873481361052
"GO:0048731","system development",-1.72508515985087,1.05538118585151e-05,"3601","Q13261","OID20498",-4.27172380296278
"GO:0048731","system development",-1.72508515985087,1.05538118585151e-05,"3678","P08648","OID21139",-4.24486826823183
"GO:0048731","system development",-1.72508515985087,1.05538118585151e-05,"682","P35613","OID20626",-4.24376731072008
"GO:0048731","system development",-1.72508515985087,1.05538118585151e-05,"26470","Q6UXD5","OID21289",-4.24293291780296
"GO:0048731","system development",-1.72508515985087,1.05538118585151e-05,"51330","Q9NP84","OID21482",-4.23048852995828
"GO:0048731","system development",-1.72508515985087,1.05538118585151e-05,"10406","Q14508","OID21505",-4.18871283555539
"GO:0048731","system development",-1.72508515985087,1.05538118585151e-05,"1081","P01215","OID21069",-4.18651688852221
"GO:0048731","system development",-1.72508515985087,1.05538118585151e-05,"3689","P05107","OID20315",-4.14304051009773
"GO:0048731","system development",-1.72508515985087,1.05538118585151e-05,"8840","O95388","OID21444",-4.12455517582469
"GO:0048731","system development",-1.72508515985087,1.05538118585151e-05,"374946","Q8NBI3","OID20917",-3.97156592822286
"GO:0048731","system development",-1.72508515985087,1.05538118585151e-05,"4852","P01303","OID21388",-3.96221657668416
"GO:0048731","system development",-1.72508515985087,1.05538118585151e-05,"7070","P04216","OID21050",-3.94642091055303
"GO:0048731","system development",-1.72508515985087,1.05538118585151e-05,"8578","Q14162","OID20297",-3.91668341470393
"GO:0048731","system development",-1.72508515985087,1.05538118585151e-05,"8764","Q92956","OID20783",-3.89245965518582
"GO:0048731","system development",-1.72508515985087,1.05538118585151e-05,"8792","Q9Y6Q6","OID20646",-3.88795688080976
"GO:0048731","system development",-1.72508515985087,1.05538118585151e-05,"2263","P21802","OID21478",-3.88113271722818
"GO:0048731","system development",-1.72508515985087,1.05538118585151e-05,"4055","P36941","OID20768",-3.86672786952175
"GO:0048731","system development",-1.72508515985087,1.05538118585151e-05,"4884","Q15818","OID21074",-3.86372689418962
"GO:0048731","system development",-1.72508515985087,1.05538118585151e-05,"4254","P21583","OID20196",-3.84285636064276
"GO:0048731","system development",-1.72508515985087,1.05538118585151e-05,"126393","O14558","OID21408",-3.82969186555791
"GO:0048731","system development",-1.72508515985087,1.05538118585151e-05,"6422","Q8N474","OID20984",-3.82955340118134
"GO:0048731","system development",-1.72508515985087,1.05538118585151e-05,"5797","P28827","OID20598",-3.8020800339255
"GO:0048731","system development",-1.72508515985087,1.05538118585151e-05,"1969","P29317","OID21342",-3.7754203052328
"GO:0048731","system development",-1.72508515985087,1.05538118585151e-05,"2658","Q9UK05","OID20202",-3.77449029585196
"GO:0048731","system development",-1.72508515985087,1.05538118585151e-05,"4072","P16422","OID20743",-3.7070190616462
"GO:0048731","system development",-1.72508515985087,1.05538118585151e-05,"780","Q08345","OID21009",-3.69909337803067
"GO:0048731","system development",-1.72508515985087,1.05538118585151e-05,"133","P35318","OID21467",-3.69230303777457
"GO:0048731","system development",-1.72508515985087,1.05538118585151e-05,"26047","Q9UHC6","OID20556",-3.66571412704432
"GO:0048731","system development",-1.72508515985087,1.05538118585151e-05,"2069","O14944","OID20905",-3.61796892045157
"GO:0048731","system development",-1.72508515985087,1.05538118585151e-05,"7857","P13521","OID21400",-3.61470431164747
"GO:0048731","system development",-1.72508515985087,1.05538118585151e-05,"23544","Q9BYH1","OID21488",-3.60151563539925
"GO:0048731","system development",-1.72508515985087,1.05538118585151e-05,"6900","Q02246","OID21426",-3.57224256361149
"GO:0048731","system development",-1.72508515985087,1.05538118585151e-05,"2348","P15328","OID21529",-3.57107711097675
"GO:0048731","system development",-1.72508515985087,1.05538118585151e-05,"793","P05937","OID21306",-3.56941462679376
"GO:0048731","system development",-1.72508515985087,1.05538118585151e-05,"2051","O15197","OID20982",-3.5538557762115
"GO:0048731","system development",-1.72508515985087,1.05538118585151e-05,"27329","Q9Y5C1","OID20407",-3.48246218760067
"GO:0048731","system development",-1.72508515985087,1.05538118585151e-05,"2817","P35052","OID21438",-3.4650702102704
"GO:0048731","system development",-1.72508515985087,1.05538118585151e-05,"1942","P20827","OID21125",-3.40853319557729
"GO:0048731","system development",-1.72508515985087,1.05538118585151e-05,"5617","P01236","OID21033",-3.40543671458326
"GO:0048731","system development",-1.72508515985087,1.05538118585151e-05,"7483","O14904","OID20460",-3.40379690406885
"GO:0048731","system development",-1.72508515985087,1.05538118585151e-05,"140862","B1AKI9","OID20538",-3.31765953231565
"GO:0048731","system development",-1.72508515985087,1.05538118585151e-05,"4854","Q9UM47","OID20253",-3.26235344299799
"GO:0048731","system development",-1.72508515985087,1.05538118585151e-05,"1945","P52798","OID20935",-3.24217299775487
"GO:0048731","system development",-1.72508515985087,1.05538118585151e-05,"3373","Q12794","OID20357",-3.21319813430487
"GO:0048731","system development",-1.72508515985087,1.05538118585151e-05,"654","P22004","OID20111",-3.1985810895569
"GO:0048731","system development",-1.72508515985087,1.05538118585151e-05,"93185","Q969P0","OID20167",-3.15026669882417
"GO:0048731","system development",-1.72508515985087,1.05538118585151e-05,"51129","Q9BY76","OID20703",-3.11600484467924
"GO:0048731","system development",-1.72508515985087,1.05538118585151e-05,"356","P48023","OID20665",-3.08313844996858
"GO:0048731","system development",-1.72508515985087,1.05538118585151e-05,"3572","P40189","OID20147",-3.03697414663037
"GO:0048731","system development",-1.72508515985087,1.05538118585151e-05,"11005","Q9NQ38","OID21148",-2.98114497291081
"GO:0048731","system development",-1.72508515985087,1.05538118585151e-05,"2056","P01588","OID20522",-2.97145777086488
"GO:0048731","system development",-1.72508515985087,1.05538118585151e-05,"51206","Q9HCN6","OID21091",-2.9416762218453
"GO:0048731","system development",-1.72508515985087,1.05538118585151e-05,"5175","P16284","OID21131",-2.92154651445503
"GO:0048731","system development",-1.72508515985087,1.05538118585151e-05,"7132","P19438","OID21155",-2.87560572311813
"GO:0048731","system development",-1.72508515985087,1.05538118585151e-05,"26254","Q9UBM4","OID21362",-2.86684784709363
"GO:0048731","system development",-1.72508515985087,1.05538118585151e-05,"162466","Q8TCT1","OID20922",-2.83936584036546
"GO:0048731","system development",-1.72508515985087,1.05538118585151e-05,"4747","P07196","OID20871",-2.82208231542232
"GO:0048731","system development",-1.72508515985087,1.05538118585151e-05,"56955","Q9NQ76","OID20753",-2.79887505925267
"GO:0044281","small molecule metabolic process",1.99799108872484,2.94643482285522e-05,"65220","O95544","OID20178",14.1292015697534
"GO:0044281","small molecule metabolic process",1.99799108872484,2.94643482285522e-05,"1890","P19971","OID20234",12.1032527972381
"GO:0044281","small molecule metabolic process",1.99799108872484,2.94643482285522e-05,"6241","P31350","OID21187",9.8862632397509
"GO:0044281","small molecule metabolic process",1.99799108872484,2.94643482285522e-05,"957","O75356","OID20104",9.58099759560054
"GO:0044281","small molecule metabolic process",1.99799108872484,2.94643482285522e-05,"2350","P14207","OID21062",9.00177104234037
"GO:0044281","small molecule metabolic process",1.99799108872484,2.94643482285522e-05,"3458","P01579","OID20495",8.06056826450646
"GO:0044281","small molecule metabolic process",1.99799108872484,2.94643482285522e-05,"6480","P15907","OID20302",7.84877103896662
"GO:0044281","small molecule metabolic process",1.99799108872484,2.94643482285522e-05,"2203","P09467","OID20227",7.14073376601889
"GO:0044281","small molecule metabolic process",1.99799108872484,2.94643482285522e-05,"6482","Q11201","OID21322",6.9336203995468
"GO:0044281","small molecule metabolic process",1.99799108872484,2.94643482285522e-05,"634","P13688","OID21528",5.91618772455958
"GO:0044281","small molecule metabolic process",1.99799108872484,2.94643482285522e-05,"255738","Q8NBP7","OID20235",5.78433553413356
"GO:0044281","small molecule metabolic process",1.99799108872484,2.94643482285522e-05,"10924","Q92484","OID20676",5.68323688523939
"GO:0044281","small molecule metabolic process",1.99799108872484,2.94643482285522e-05,"79077","Q9H773","OID20148",5.4787498037154
"GO:0044281","small molecule metabolic process",1.99799108872484,2.94643482285522e-05,"5805","Q03393","OID20847",5.34145931745638
"GO:0044281","small molecule metabolic process",1.99799108872484,2.94643482285522e-05,"6652","Q00796","OID21453",5.33989437962113
"GO:0044281","small molecule metabolic process",1.99799108872484,2.94643482285522e-05,"6470","P34896","OID20714",5.18275569062277
"GO:0044281","small molecule metabolic process",1.99799108872484,2.94643482285522e-05,"2720","P16278","OID20949",5.04026253387245
"GO:0044281","small molecule metabolic process",1.99799108872484,2.94643482285522e-05,"10135","P43490","OID21227",5.02511441207671
"GO:0044281","small molecule metabolic process",1.99799108872484,2.94643482285522e-05,"642","Q13867","OID20336",4.94858541477943
"GO:0044281","small molecule metabolic process",1.99799108872484,2.94643482285522e-05,"4907","P21589","OID21498",4.86352520974635
"GO:0044281","small molecule metabolic process",1.99799108872484,2.94643482285522e-05,"50484","Q7LG56","OID21174",4.81348215519544
"GO:0044281","small molecule metabolic process",1.99799108872484,2.94643482285522e-05,"8942","Q16719","OID20669",4.6802559696959
"GO:0044281","small molecule metabolic process",1.99799108872484,2.94643482285522e-05,"51540","Q96I15","OID21425",4.4090298691078
"GO:0044281","small molecule metabolic process",1.99799108872484,2.94643482285522e-05,"23659","Q8NCC3","OID21473",4.24550729480589
"GO:0044281","small molecule metabolic process",1.99799108872484,2.94643482285522e-05,"51181","Q7Z4W1","OID21480",4.11521085893052
"GO:0044281","small molecule metabolic process",1.99799108872484,2.94643482285522e-05,"117","P41586","OID21188",4.05003597925345
"GO:0044281","small molecule metabolic process",1.99799108872484,2.94643482285522e-05,"3612","P29218","OID20907",4.04520423338198
"GO:0044281","small molecule metabolic process",1.99799108872484,2.94643482285522e-05,"216","P00352","OID21128",4.03223317602903
"GO:0044281","small molecule metabolic process",1.99799108872484,2.94643482285522e-05,"834","P29466","OID20854",4.02362870669535
"GO:0044281","small molecule metabolic process",1.99799108872484,2.94643482285522e-05,"1066","P23141","OID20244",4.0193367046469
"GO:0044281","small molecule metabolic process",1.99799108872484,2.94643482285522e-05,"100","P00813","OID20645",3.96406576086133
"GO:0044281","small molecule metabolic process",1.99799108872484,2.94643482285522e-05,"3303","P0DMV8","OID20718",3.960347639697
"GO:0044281","small molecule metabolic process",1.99799108872484,2.94643482285522e-05,"23516","Q15043","OID20852",3.93880463470275
"GO:0044281","small molecule metabolic process",1.99799108872484,2.94643482285522e-05,"3930","Q14739","OID21034",3.74791600684154
"GO:0044281","small molecule metabolic process",1.99799108872484,2.94643482285522e-05,"142","P09874","OID20500",3.74157321650091
"GO:0044281","small molecule metabolic process",1.99799108872484,2.94643482285522e-05,"2517","P04066","OID20261",3.68104275733915
"GO:0044281","small molecule metabolic process",1.99799108872484,2.94643482285522e-05,"127","P08319","OID20117",3.6563116109904
"GO:0044281","small molecule metabolic process",1.99799108872484,2.94643482285522e-05,"60490","Q96CD2","OID21027",3.65051300199223
"GO:0044281","small molecule metabolic process",1.99799108872484,2.94643482285522e-05,"2023","P06733","OID21037",3.57440741903417
"GO:0044281","small molecule metabolic process",1.99799108872484,2.94643482285522e-05,"3952","P41159","OID20187",3.57219301174491
"GO:0044281","small molecule metabolic process",1.99799108872484,2.94643482285522e-05,"80146","Q8NBZ7","OID21189",3.44505803604144
"GO:0044281","small molecule metabolic process",1.99799108872484,2.94643482285522e-05,"2678","P19440","OID21075",3.39278808324074
"GO:0044281","small molecule metabolic process",1.99799108872484,2.94643482285522e-05,"4025","P22079","OID20963",3.33018492137094
"GO:0044281","small molecule metabolic process",1.99799108872484,2.94643482285522e-05,"1357","P15085","OID20280",3.31607065807598
"GO:0044281","small molecule metabolic process",1.99799108872484,2.94643482285522e-05,"7124","P01375","OID20848",3.13476110169608
"GO:0044281","small molecule metabolic process",1.99799108872484,2.94643482285522e-05,"30","P09110","OID21269",3.03118242194383
"GO:0044281","small molecule metabolic process",1.99799108872484,2.94643482285522e-05,"4048","P09960","OID21452",2.80967620327353
"GO:0044281","small molecule metabolic process",1.99799108872484,2.94643482285522e-05,"2938","P08263","OID20166",2.80354773136752
"GO:0044281","small molecule metabolic process",1.99799108872484,2.94643482285522e-05,"148811","Q6GTS8","OID20149",2.77399212010553
"GO:0044281","small molecule metabolic process",1.99799108872484,2.94643482285522e-05,"64080","Q9H477","OID20986",2.77349193520989
"GO:0044281","small molecule metabolic process",1.99799108872484,2.94643482285522e-05,"189","P21549","OID20139",2.693170185324
"GO:0044281","small molecule metabolic process",1.99799108872484,2.94643482285522e-05,"10020","Q9Y223","OID21231",2.6732261252624
"GO:0044281","small molecule metabolic process",1.99799108872484,2.94643482285522e-05,"2053","P34913","OID20119",2.65008773268757
"GO:0019637","organophosphate metabolic process",2.15334696497631,9.93373125755147e-05,"65220","O95544","OID20178",14.1292015697534
"GO:0019637","organophosphate metabolic process",2.15334696497631,9.93373125755147e-05,"1890","P19971","OID20234",12.1032527972381
"GO:0019637","organophosphate metabolic process",2.15334696497631,9.93373125755147e-05,"6241","P31350","OID21187",9.8862632397509
"GO:0019637","organophosphate metabolic process",2.15334696497631,9.93373125755147e-05,"957","O75356","OID20104",9.58099759560054
"GO:0019637","organophosphate metabolic process",2.15334696497631,9.93373125755147e-05,"3458","P01579","OID20495",8.06056826450646
"GO:0019637","organophosphate metabolic process",2.15334696497631,9.93373125755147e-05,"6609","P17405","OID21028",7.99610189060309
"GO:0019637","organophosphate metabolic process",2.15334696497631,9.93373125755147e-05,"2203","P09467","OID20227",7.14073376601889
"GO:0019637","organophosphate metabolic process",2.15334696497631,9.93373125755147e-05,"10924","Q92484","OID20676",5.68323688523939
"GO:0019637","organophosphate metabolic process",2.15334696497631,9.93373125755147e-05,"79077","Q9H773","OID20148",5.4787498037154
"GO:0019637","organophosphate metabolic process",2.15334696497631,9.93373125755147e-05,"5320","P14555","OID20274",5.35868935182619
"GO:0019637","organophosphate metabolic process",2.15334696497631,9.93373125755147e-05,"6652","Q00796","OID21453",5.33989437962113
"GO:0019637","organophosphate metabolic process",2.15334696497631,9.93373125755147e-05,"6470","P34896","OID20714",5.18275569062277
"GO:0019637","organophosphate metabolic process",2.15334696497631,9.93373125755147e-05,"10135","P43490","OID21227",5.02511441207671
"GO:0019637","organophosphate metabolic process",2.15334696497631,9.93373125755147e-05,"4907","P21589","OID21498",4.86352520974635
"GO:0019637","organophosphate metabolic process",2.15334696497631,9.93373125755147e-05,"50484","Q7LG56","OID21174",4.81348215519544
"GO:0019637","organophosphate metabolic process",2.15334696497631,9.93373125755147e-05,"8942","Q16719","OID20669",4.6802559696959
"GO:0019637","organophosphate metabolic process",2.15334696497631,9.93373125755147e-05,"23659","Q8NCC3","OID21473",4.24550729480589
"GO:0019637","organophosphate metabolic process",2.15334696497631,9.93373125755147e-05,"51181","Q7Z4W1","OID21480",4.11521085893052
"GO:0019637","organophosphate metabolic process",2.15334696497631,9.93373125755147e-05,"117","P41586","OID21188",4.05003597925345
"GO:0019637","organophosphate metabolic process",2.15334696497631,9.93373125755147e-05,"3612","P29218","OID20907",4.04520423338198
"GO:0019637","organophosphate metabolic process",2.15334696497631,9.93373125755147e-05,"100","P00813","OID20645",3.96406576086133
"GO:0019637","organophosphate metabolic process",2.15334696497631,9.93373125755147e-05,"3303","P0DMV8","OID20718",3.960347639697
"GO:0019637","organophosphate metabolic process",2.15334696497631,9.93373125755147e-05,"142","P09874","OID20500",3.74157321650091
"GO:0019637","organophosphate metabolic process",2.15334696497631,9.93373125755147e-05,"60490","Q96CD2","OID21027",3.65051300199223
"GO:0019637","organophosphate metabolic process",2.15334696497631,9.93373125755147e-05,"2023","P06733","OID21037",3.57440741903417
"GO:0019637","organophosphate metabolic process",2.15334696497631,9.93373125755147e-05,"80146","Q8NBZ7","OID21189",3.44505803604144
"GO:1901135","carbohydrate derivative metabolic process",1.98465085312181,0.0003745096765092,"65220","O95544","OID20178",14.1292015697534
"GO:0048513","animal organ development",-1.78097834084111,0.0003745096765092,"50937","Q4KMG0","OID20754",-12.216602328919
"GO:1901135","carbohydrate derivative metabolic process",1.98465085312181,0.0003745096765092,"1890","P19971","OID20234",12.1032527972381
"GO:0048513","animal organ development",-1.78097834084111,0.0003745096765092,"4919","Q01973","OID20224",-11.701736973759
"GO:0048513","animal organ development",-1.78097834084111,0.0003745096765092,"1311","P49747","OID20405",-10.5504681525752
"GO:1901135","carbohydrate derivative metabolic process",1.98465085312181,0.0003745096765092,"6241","P31350","OID21187",9.8862632397509
"GO:1901135","carbohydrate derivative metabolic process",1.98465085312181,0.0003745096765092,"957","O75356","OID20104",9.58099759560054
"GO:0001944","vasculature development",-1.82490292505898,0.0003745096765092,"22918","Q9NPY3","OID20397",-8.8629087059826
"GO:0048513","animal organ development",-1.78097834084111,0.0003745096765092,"8076","Q13361","OID20239",-8.75438977070456
"GO:0048513","animal organ development",-1.78097834084111,0.0003745096765092,"23768","O43155","OID20946",-8.69786012907057
"GO:0001944","vasculature development",-1.82490292505898,0.0003745096765092,"652","P12644","OID20994",-8.52335376779355
"GO:0048513","animal organ development",-1.78097834084111,0.0003745096765092,"652","P12644","OID20994",-8.52335376779355
"GO:0048513","animal organ development",-1.78097834084111,0.0003745096765092,"84466","Q96KG7","OID20746",-8.37101850505051
"GO:0001944","vasculature development",-1.82490292505898,0.0003745096765092,"6369","O00175","OID20772",-8.2607624901256
"GO:0001944","vasculature development",-1.82490292505898,0.0003745096765092,"4162","P43121","OID20343",-8.25769875245774
"GO:0001944","vasculature development",-1.82490292505898,0.0003745096765092,"10457","Q14956","OID20173",-8.2127605660059
"GO:0001944","vasculature development",-1.82490292505898,0.0003745096765092,"7049","Q03167","OID20255",-8.19065443371906
"GO:0048513","animal organ development",-1.78097834084111,0.0003745096765092,"7049","Q03167","OID20255",-8.19065443371906
"GO:0048513","animal organ development",-1.78097834084111,0.0003745096765092,"152330","Q8IWV2","OID21117",-8.0808427316484
"GO:1901135","carbohydrate derivative metabolic process",1.98465085312181,0.0003745096765092,"3458","P01579","OID20495",8.06056826450646
"GO:1901135","carbohydrate derivative metabolic process",1.98465085312181,0.0003745096765092,"6609","P17405","OID21028",7.99610189060309
"GO:1901135","carbohydrate derivative metabolic process",1.98465085312181,0.0003745096765092,"6480","P15907","OID20302",7.84877103896662
"GO:0001944","vasculature development",-1.82490292505898,0.0003745096765092,"7060","P35443","OID20368",-7.64953913682972
"GO:0001944","vasculature development",-1.82490292505898,0.0003745096765092,"3685","P06756","OID21416",-7.59881747905576
"GO:0001944","vasculature development",-1.82490292505898,0.0003745096765092,"3688","P05556","OID20376",-7.58571385299735
"GO:0048513","animal organ development",-1.78097834084111,0.0003745096765092,"3688","P05556","OID20376",-7.58571385299735
"GO:0001944","vasculature development",-1.82490292505898,0.0003745096765092,"4856","P48745","OID20299",-7.51617467769149
"GO:0048513","animal organ development",-1.78097834084111,0.0003745096765092,"4856","P48745","OID20299",-7.51617467769149
"GO:0001944","vasculature development",-1.82490292505898,0.0003745096765092,"8829","O14786","OID20390",-7.3640005146002
"GO:0048513","animal organ development",-1.78097834084111,0.0003745096765092,"8829","O14786","OID20390",-7.3640005146002
"GO:0048513","animal organ development",-1.78097834084111,0.0003745096765092,"114990","Q6EMK4","OID20345",-7.29840484161876
"GO:0001944","vasculature development",-1.82490292505898,0.0003745096765092,"3339","P98160","OID20383",-7.27498579969711
"GO:0048513","animal organ development",-1.78097834084111,0.0003745096765092,"3339","P98160","OID20383",-7.27498579969711
"GO:0048513","animal organ development",-1.78097834084111,0.0003745096765092,"1297","P20849","OID20550",-7.1945725988196
"GO:1901135","carbohydrate derivative metabolic process",1.98465085312181,0.0003745096765092,"2203","P09467","OID20227",7.14073376601889
"GO:0001944","vasculature development",-1.82490292505898,0.0003745096765092,"8751","Q13444","OID20109",-7.06830909308609
"GO:0048513","animal organ development",-1.78097834084111,0.0003745096765092,"8751","Q13444","OID20109",-7.06830909308609
"GO:0001944","vasculature development",-1.82490292505898,0.0003745096765092,"6092","Q9HCK4","OID21007",-6.97622877331884
"GO:0048513","animal organ development",-1.78097834084111,0.0003745096765092,"6092","Q9HCK4","OID21007",-6.97622877331884
"GO:0001944","vasculature development",-1.82490292505898,0.0003745096765092,"1003","P33151","OID20243",-6.95999694935435
"GO:1901135","carbohydrate derivative metabolic process",1.98465085312181,0.0003745096765092,"6482","Q11201","OID21322",6.9336203995468
"GO:0001944","vasculature development",-1.82490292505898,0.0003745096765092,"4879","P16860","OID20049",-6.91149481655409
"GO:0048513","animal organ development",-1.78097834084111,0.0003745096765092,"4879","P16860","OID20049",-6.91149481655409
"GO:0001944","vasculature development",-1.82490292505898,0.0003745096765092,"2191","Q12884","OID20330",-6.67803683875475
"GO:0048513","animal organ development",-1.78097834084111,0.0003745096765092,"1293","P12111","OID20292",-6.55478753542385
"GO:0048513","animal organ development",-1.78097834084111,0.0003745096765092,"22801","Q9UKX5","OID20581",-6.49608786168923
"GO:0048513","animal organ development",-1.78097834084111,0.0003745096765092,"9622","Q9Y5K2","OID21391",-6.36688975594688
"GO:0001944","vasculature development",-1.82490292505898,0.0003745096765092,"11126","O95971","OID20647",-6.25532913077991
"GO:0048513","animal organ development",-1.78097834084111,0.0003745096765092,"266727","Q8NFP4","OID20951",-6.21553243912832
"GO:0048513","animal organ development",-1.78097834084111,0.0003745096765092,"4969","P20774","OID21123",-6.18877382062777
"GO:0048513","animal organ development",-1.78097834084111,0.0003745096765092,"4916","Q16288","OID21057",-6.1562016767798
"GO:0048513","animal organ development",-1.78097834084111,0.0003745096765092,"1272","Q12860","OID20307",-6.12369443398093
"GO:0048513","animal organ development",-1.78097834084111,0.0003745096765092,"1001","P22223","OID21008",-6.10987101569559
"GO:0048513","animal organ development",-1.78097834084111,0.0003745096765092,"2202","Q12805","OID20414",-6.06028533376678
"GO:0001944","vasculature development",-1.82490292505898,0.0003745096765092,"10218","O43827","OID21412",-6.05019987648683
"GO:0048513","animal organ development",-1.78097834084111,0.0003745096765092,"10218","O43827","OID21412",-6.05019987648683
"GO:0001944","vasculature development",-1.82490292505898,0.0003745096765092,"350","P02749","OID21072",-6.02403833560993
"GO:0001944","vasculature development",-1.82490292505898,0.0003745096765092,"2064","P04626","OID21520",-5.86849340251866
"GO:0001944","vasculature development",-1.82490292505898,0.0003745096765092,"285","O15123","OID21463",-5.63325841568532
"GO:0048513","animal organ development",-1.78097834084111,0.0003745096765092,"285","O15123","OID21463",-5.63325841568532
"GO:0048513","animal organ development",-1.78097834084111,0.0003745096765092,"8074","Q9GZV9","OID21411",-5.62560851847717
"GO:0048513","animal organ development",-1.78097834084111,0.0003745096765092,"4322","P45452","OID20807",-5.52672195208912
"GO:0001944","vasculature development",-1.82490292505898,0.0003745096765092,"5159","P09619","OID20268",-5.49149870497418
"GO:0048513","animal organ development",-1.78097834084111,0.0003745096765092,"5159","P09619","OID20268",-5.49149870497418
"GO:1901135","carbohydrate derivative metabolic process",1.98465085312181,0.0003745096765092,"79077","Q9H773","OID20148",5.4787498037154
"GO:1901135","carbohydrate derivative metabolic process",1.98465085312181,0.0003745096765092,"2590","Q10471","OID21423",5.45044439091567
"GO:0048513","animal organ development",-1.78097834084111,0.0003745096765092,"4915","Q16620","OID20136",-5.40548089987011
"GO:0001944","vasculature development",-1.82490292505898,0.0003745096765092,"94","P37023","OID20999",-5.37010232052286
"GO:0048513","animal organ development",-1.78097834084111,0.0003745096765092,"94","P37023","OID20999",-5.37010232052286
"GO:0048513","animal organ development",-1.78097834084111,0.0003745096765092,"7301","Q06418","OID20161",-5.36907092015606
"GO:1901135","carbohydrate derivative metabolic process",1.98465085312181,0.0003745096765092,"6652","Q00796","OID21453",5.33989437962113
"GO:1901135","carbohydrate derivative metabolic process",1.98465085312181,0.0003745096765092,"6470","P34896","OID20714",5.18275569062277
"GO:0001944","vasculature development",-1.82490292505898,0.0003745096765092,"2022","P17813","OID20287",-5.16300733039203
"GO:0048513","animal organ development",-1.78097834084111,0.0003745096765092,"2022","P17813","OID20287",-5.16300733039203
"GO:0001944","vasculature development",-1.82490292505898,0.0003745096765092,"577","O60242","OID20974",-5.13222005662944
"GO:0001944","vasculature development",-1.82490292505898,0.0003745096765092,"57125","Q8IUK5","OID21258",-5.06715187552943
"GO:1901135","carbohydrate derivative metabolic process",1.98465085312181,0.0003745096765092,"2720","P16278","OID20949",5.04026253387245
"GO:0001944","vasculature development",-1.82490292505898,0.0003745096765092,"51738","Q9UBU3","OID20175",-5.02436044788424
"GO:0048513","animal organ development",-1.78097834084111,0.0003745096765092,"51738","Q9UBU3","OID20175",-5.02436044788424
"GO:0048513","animal organ development",-1.78097834084111,0.0003745096765092,"3482","P11717","OID21146",-4.98876592780659
"GO:0001944","vasculature development",-1.82490292505898,0.0003745096765092,"1282","P02462","OID20208",-4.98379016084157
"GO:0048513","animal organ development",-1.78097834084111,0.0003745096765092,"1282","P02462","OID20208",-4.98379016084157
"GO:0048513","animal organ development",-1.78097834084111,0.0003745096765092,"3491","O00622","OID21368",-4.96101855035174
"GO:1901135","carbohydrate derivative metabolic process",1.98465085312181,0.0003745096765092,"5806","P26022","OID20570",4.93809528138953
"GO:0001944","vasculature development",-1.82490292505898,0.0003745096765092,"9982","Q14512","OID21507",-4.93667426953613
"GO:0001944","vasculature development",-1.82490292505898,0.0003745096765092,"2041","P21709","OID20677",-4.9271278476225
"GO:0001944","vasculature development",-1.82490292505898,0.0003745096765092,"1829","Q14126","OID21113",-4.89344350051089
"GO:0048513","animal organ development",-1.78097834084111,0.0003745096765092,"1829","Q14126","OID21113",-4.89344350051089
"GO:0001944","vasculature development",-1.82490292505898,0.0003745096765092,"161198","Q86T13","OID21090",-4.86768472061645
"GO:1901135","carbohydrate derivative metabolic process",1.98465085312181,0.0003745096765092,"4907","P21589","OID21498",4.86352520974635
"GO:0048513","animal organ development",-1.78097834084111,0.0003745096765092,"999","P12830","OID20353",-4.83870788885727
"GO:0001944","vasculature development",-1.82490292505898,0.0003745096765092,"80781","P39060","OID20332",-4.8383142897742
"GO:0048513","animal organ development",-1.78097834084111,0.0003745096765092,"80781","P39060","OID20332",-4.8383142897742
"GO:0048513","animal organ development",-1.78097834084111,0.0003745096765092,"347902","Q86SJ2","OID21370",-4.82790107978317
"GO:0048513","animal organ development",-1.78097834084111,0.0003745096765092,"4090","Q99717","OID21353",-4.82630997222269
"GO:1901135","carbohydrate derivative metabolic process",1.98465085312181,0.0003745096765092,"50484","Q7LG56","OID21174",4.81348215519544
"GO:0001944","vasculature development",-1.82490292505898,0.0003745096765092,"7048","P37173","OID21493",-4.75556822418844
"GO:0048513","animal organ development",-1.78097834084111,0.0003745096765092,"7048","P37173","OID21493",-4.75556822418844
"GO:1901135","carbohydrate derivative metabolic process",1.98465085312181,0.0003745096765092,"411","P15848","OID21331",4.71463911138309
"GO:0001944","vasculature development",-1.82490292505898,0.0003745096765092,"8742","O43508","OID20624",-4.71149046881674
"GO:0048513","animal organ development",-1.78097834084111,0.0003745096765092,"25884","Q6WN34","OID20223",-4.6944236163694
"GO:0048513","animal organ development",-1.78097834084111,0.0003745096765092,"6441","P35247","OID20214",-4.69259693565883
"GO:0048513","animal organ development",-1.78097834084111,0.0003745096765092,"2688","P01241","OID20220",-4.68852923586237
"GO:0048513","animal organ development",-1.78097834084111,0.0003745096765092,"3694","P18564","OID20493",-4.68484848519217
"GO:0001944","vasculature development",-1.82490292505898,0.0003745096765092,"2277","O43915","OID20662",-4.63095742637358
"GO:0001944","vasculature development",-1.82490292505898,0.0003745096765092,"3490","Q16270","OID20236",-4.60472155556648
"GO:1901135","carbohydrate derivative metabolic process",1.98465085312181,0.0003745096765092,"9394","O60243","OID21441",4.59426591329549
"GO:0001944","vasculature development",-1.82490292505898,0.0003745096765092,"59","P62736","OID20079",-4.58780577909265
"GO:0048513","animal organ development",-1.78097834084111,0.0003745096765092,"59","P62736","OID20079",-4.58780577909265
"GO:0048513","animal organ development",-1.78097834084111,0.0003745096765092,"1015","Q12864","OID20134",-4.5781026129001
"GO:0001944","vasculature development",-1.82490292505898,0.0003745096765092,"3815","P10721","OID20370",-4.57472325313938
"GO:0048513","animal organ development",-1.78097834084111,0.0003745096765092,"3815","P10721","OID20370",-4.57472325313938
"GO:0001944","vasculature development",-1.82490292505898,0.0003745096765092,"64094","Q9H3U7","OID20730",-4.51723671813497
"GO:0001944","vasculature development",-1.82490292505898,0.0003745096765092,"1277","P02452","OID20335",-4.49682140316631
"GO:0048513","animal organ development",-1.78097834084111,0.0003745096765092,"1277","P02452","OID20335",-4.49682140316631
"GO:0048513","animal organ development",-1.78097834084111,0.0003745096765092,"25805","Q13145","OID21267",-4.47776284464619
"GO:0048513","animal organ development",-1.78097834084111,0.0003745096765092,"4023","P06858","OID20188",-4.45850251722634
"GO:0001944","vasculature development",-1.82490292505898,0.0003745096765092,"6091","Q9Y6N7","OID20734",-4.4175996724262
"GO:0048513","animal organ development",-1.78097834084111,0.0003745096765092,"6091","Q9Y6N7","OID20734",-4.4175996724262
"GO:0001944","vasculature development",-1.82490292505898,0.0003745096765092,"4880","P23582","OID20568",-4.37001974945235
"GO:0048513","animal organ development",-1.78097834084111,0.0003745096765092,"4880","P23582","OID20568",-4.37001974945235
"GO:0048513","animal organ development",-1.78097834084111,0.0003745096765092,"84957","Q969Z4","OID21142",-4.34430524018694
"GO:0001944","vasculature development",-1.82490292505898,0.0003745096765092,"947","P28906","OID21025",-4.31968766261698
"GO:0048513","animal organ development",-1.78097834084111,0.0003745096765092,"947","P28906","OID21025",-4.31968766261698
"GO:0048513","animal organ development",-1.78097834084111,0.0003745096765092,"53942","O94779","OID21006",-4.28764482386469
"GO:0001944","vasculature development",-1.82490292505898,0.0003745096765092,"7058","P35442","OID21104",-4.2873481361052
"GO:0001944","vasculature development",-1.82490292505898,0.0003745096765092,"3678","P08648","OID21139",-4.24486826823183
"GO:0001944","vasculature development",-1.82490292505898,0.0003745096765092,"682","P35613","OID20626",-4.24376731072008
"GO:0048513","animal organ development",-1.78097834084111,0.0003745096765092,"682","P35613","OID20626",-4.24376731072008
"GO:0048513","animal organ development",-1.78097834084111,0.0003745096765092,"26470","Q6UXD5","OID21289",-4.24293291780296
"GO:0001944","vasculature development",-1.82490292505898,0.0003745096765092,"51330","Q9NP84","OID21482",-4.23048852995828
"GO:0001944","vasculature development",-1.82490292505898,0.0003745096765092,"10406","Q14508","OID21505",-4.18871283555539
"GO:0048513","animal organ development",-1.78097834084111,0.0003745096765092,"10406","Q14508","OID21505",-4.18871283555539
"GO:0048513","animal organ development",-1.78097834084111,0.0003745096765092,"1081","P01215","OID21069",-4.18651688852221
"GO:0001944","vasculature development",-1.82490292505898,0.0003745096765092,"3689","P05107","OID20315",-4.14304051009773
"GO:0048513","animal organ development",-1.78097834084111,0.0003745096765092,"8840","O95388","OID21444",-4.12455517582469
"GO:1901135","carbohydrate derivative metabolic process",1.98465085312181,0.0003745096765092,"51181","Q7Z4W1","OID21480",4.11521085893052
"GO:1901135","carbohydrate derivative metabolic process",1.98465085312181,0.0003745096765092,"117","P41586","OID21188",4.05003597925345
"GO:1901135","carbohydrate derivative metabolic process",1.98465085312181,0.0003745096765092,"216","P00352","OID21128",4.03223317602903
"GO:0048513","animal organ development",-1.78097834084111,0.0003745096765092,"374946","Q8NBI3","OID20917",-3.97156592822286
"GO:1901135","carbohydrate derivative metabolic process",1.98465085312181,0.0003745096765092,"100","P00813","OID20645",3.96406576086133
"GO:0048513","animal organ development",-1.78097834084111,0.0003745096765092,"4852","P01303","OID21388",-3.96221657668416
"GO:1901135","carbohydrate derivative metabolic process",1.98465085312181,0.0003745096765092,"3303","P0DMV8","OID20718",3.960347639697
"GO:0001944","vasculature development",-1.82490292505898,0.0003745096765092,"7070","P04216","OID21050",-3.94642091055303
"GO:0048513","animal organ development",-1.78097834084111,0.0003745096765092,"7070","P04216","OID21050",-3.94642091055303
"GO:0048513","animal organ development",-1.78097834084111,0.0003745096765092,"8792","Q9Y6Q6","OID20646",-3.88795688080976
"GO:0001944","vasculature development",-1.82490292505898,0.0003745096765092,"2263","P21802","OID21478",-3.88113271722818
"GO:0048513","animal organ development",-1.78097834084111,0.0003745096765092,"2263","P21802","OID21478",-3.88113271722818
"GO:0048513","animal organ development",-1.78097834084111,0.0003745096765092,"4055","P36941","OID20768",-3.86672786952175
"GO:1901135","carbohydrate derivative metabolic process",1.98465085312181,0.0003745096765092,"9953","Q9Y662","OID21303",3.85377674949338
"GO:0048513","animal organ development",-1.78097834084111,0.0003745096765092,"4254","P21583","OID20196",-3.84285636064276
"GO:0001944","vasculature development",-1.82490292505898,0.0003745096765092,"126393","O14558","OID21408",-3.82969186555791
"GO:0001944","vasculature development",-1.82490292505898,0.0003745096765092,"6422","Q8N474","OID20984",-3.82955340118134
"GO:0048513","animal organ development",-1.78097834084111,0.0003745096765092,"6422","Q8N474","OID20984",-3.82955340118134
"GO:0048513","animal organ development",-1.78097834084111,0.0003745096765092,"2323","P49771","OID20661",-3.80367020116137
"GO:0001944","vasculature development",-1.82490292505898,0.0003745096765092,"5797","P28827","OID20598",-3.8020800339255
"GO:0048513","animal organ development",-1.78097834084111,0.0003745096765092,"5797","P28827","OID20598",-3.8020800339255
"GO:0001944","vasculature development",-1.82490292505898,0.0003745096765092,"1969","P29317","OID21342",-3.7754203052328
"GO:0048513","animal organ development",-1.78097834084111,0.0003745096765092,"1969","P29317","OID21342",-3.7754203052328
"GO:0001944","vasculature development",-1.82490292505898,0.0003745096765092,"2658","Q9UK05","OID20202",-3.77449029585196
"GO:0048513","animal organ development",-1.78097834084111,0.0003745096765092,"2658","Q9UK05","OID20202",-3.77449029585196
"GO:1901135","carbohydrate derivative metabolic process",1.98465085312181,0.0003745096765092,"142","P09874","OID20500",3.74157321650091
"GO:0048513","animal organ development",-1.78097834084111,0.0003745096765092,"4072","P16422","OID20743",-3.7070190616462
"GO:0048513","animal organ development",-1.78097834084111,0.0003745096765092,"780","Q08345","OID21009",-3.69909337803067
"GO:0001944","vasculature development",-1.82490292505898,0.0003745096765092,"133","P35318","OID21467",-3.69230303777457
"GO:1901135","carbohydrate derivative metabolic process",1.98465085312181,0.0003745096765092,"2517","P04066","OID20261",3.68104275733915
"GO:0048513","animal organ development",-1.78097834084111,0.0003745096765092,"26047","Q9UHC6","OID20556",-3.66571412704432
"GO:0048513","animal organ development",-1.78097834084111,0.0003745096765092,"1041","Q15517","OID20667",-3.63869884804306
"GO:0001944","vasculature development",-1.82490292505898,0.0003745096765092,"2069","O14944","OID20905",-3.61796892045157
"GO:0048513","animal organ development",-1.78097834084111,0.0003745096765092,"2069","O14944","OID20905",-3.61796892045157
"GO:0001944","vasculature development",-1.82490292505898,0.0003745096765092,"7857","P13521","OID21400",-3.61470431164747
"GO:0048513","animal organ development",-1.78097834084111,0.0003745096765092,"23544","Q9BYH1","OID21488",-3.60151563539925
"GO:1901135","carbohydrate derivative metabolic process",1.98465085312181,0.0003745096765092,"2023","P06733","OID21037",3.57440741903417
"GO:0001944","vasculature development",-1.82490292505898,0.0003745096765092,"2348","P15328","OID21529",-3.57107711097675
"GO:0048513","animal organ development",-1.78097834084111,0.0003745096765092,"2348","P15328","OID21529",-3.57107711097675
"GO:0048513","animal organ development",-1.78097834084111,0.0003745096765092,"793","P05937","OID21306",-3.56941462679376
"GO:0001944","vasculature development",-1.82490292505898,0.0003745096765092,"27329","Q9Y5C1","OID20407",-3.48246218760067
"GO:0048513","animal organ development",-1.78097834084111,0.0003745096765092,"2817","P35052","OID21438",-3.4650702102704
"GO:0048513","animal organ development",-1.78097834084111,0.0003745096765092,"3605","Q16552","OID20469",-3.46415908183064
"GO:1901135","carbohydrate derivative metabolic process",1.98465085312181,0.0003745096765092,"80146","Q8NBZ7","OID21189",3.44505803604144
"GO:0001944","vasculature development",-1.82490292505898,0.0003745096765092,"1942","P20827","OID21125",-3.40853319557729
"GO:0048513","animal organ development",-1.78097834084111,0.0003745096765092,"1942","P20827","OID21125",-3.40853319557729
"GO:0001944","vasculature development",-1.82490292505898,0.0003745096765092,"5617","P01236","OID21033",-3.40543671458326
"GO:0048513","animal organ development",-1.78097834084111,0.0003745096765092,"5617","P01236","OID21033",-3.40543671458326
"GO:0048513","animal organ development",-1.78097834084111,0.0003745096765092,"7483","O14904","OID20460",-3.40379690406885
"GO:0001944","vasculature development",-1.82490292505898,0.0003745096765092,"140862","B1AKI9","OID20538",-3.31765953231565
"GO:0001944","vasculature development",-1.82490292505898,0.0003745096765092,"4854","Q9UM47","OID20253",-3.26235344299799
"GO:0048513","animal organ development",-1.78097834084111,0.0003745096765092,"4854","Q9UM47","OID20253",-3.26235344299799
"GO:0001944","vasculature development",-1.82490292505898,0.0003745096765092,"3373","Q12794","OID20357",-3.21319813430487
"GO:0048513","animal organ development",-1.78097834084111,0.0003745096765092,"3373","Q12794","OID20357",-3.21319813430487
"GO:0048513","animal organ development",-1.78097834084111,0.0003745096765092,"654","P22004","OID20111",-3.1985810895569
"GO:0048513","animal organ development",-1.78097834084111,0.0003745096765092,"93185","Q969P0","OID20167",-3.15026669882417
"GO:0001944","vasculature development",-1.82490292505898,0.0003745096765092,"51129","Q9BY76","OID20703",-3.11600484467924
"GO:0048513","animal organ development",-1.78097834084111,0.0003745096765092,"5068","Q06141","OID20258",-3.09547899243602
"GO:0001944","vasculature development",-1.82490292505898,0.0003745096765092,"356","P48023","OID20665",-3.08313844996858
"GO:0001944","vasculature development",-1.82490292505898,0.0003745096765092,"11005","Q9NQ38","OID21148",-2.98114497291081
"GO:0048513","animal organ development",-1.78097834084111,0.0003745096765092,"11005","Q9NQ38","OID21148",-2.98114497291081
"GO:0001944","vasculature development",-1.82490292505898,0.0003745096765092,"51206","Q9HCN6","OID21091",-2.9416762218453
"GO:0001944","vasculature development",-1.82490292505898,0.0003745096765092,"5175","P16284","OID21131",-2.92154651445503
"GO:0048513","animal organ development",-1.78097834084111,0.0003745096765092,"5175","P16284","OID21131",-2.92154651445503
"GO:0048513","animal organ development",-1.78097834084111,0.0003745096765092,"5266","P19957","OID20326",-2.89139834969063
"GO:0048513","animal organ development",-1.78097834084111,0.0003745096765092,"7132","P19438","OID21155",-2.87560572311813
"GO:0048513","animal organ development",-1.78097834084111,0.0003745096765092,"26254","Q9UBM4","OID21362",-2.86684784709363
"GO:0048513","animal organ development",-1.78097834084111,0.0003745096765092,"50604","Q9NYY1","OID20453",-2.84527102470374
"GO:0048513","animal organ development",-1.78097834084111,0.0003745096765092,"162466","Q8TCT1","OID20922",-2.83936584036546
"GO:0048513","animal organ development",-1.78097834084111,0.0003745096765092,"4747","P07196","OID20871",-2.82208231542232
"GO:0048513","animal organ development",-1.78097834084111,0.0003745096765092,"56955","Q9NQ76","OID20753",-2.79887505925267
"GO:0030163","protein catabolic process",1.94933503360228,0.000401668806025963,"725","P20851","OID21481",14.7071366513125
"GO:0006753","nucleoside phosphate metabolic process",2.16179884226949,0.000401668806025963,"65220","O95544","OID20178",14.1292015697534
"GO:0006753","nucleoside phosphate metabolic process",2.16179884226949,0.000401668806025963,"1890","P19971","OID20234",12.1032527972381
"GO:0030163","protein catabolic process",1.94933503360228,0.000401668806025963,"1200","O14773","OID20750",10.6503038859215
"GO:0030163","protein catabolic process",1.94933503360228,0.000401668806025963,"3002","P10144","OID20604",10.5720694432236
"GO:0030163","protein catabolic process",1.94933503360228,0.000401668806025963,"5641","Q99538","OID20773",10.0886761433417
"GO:0006753","nucleoside phosphate metabolic process",2.16179884226949,0.000401668806025963,"6241","P31350","OID21187",9.8862632397509
"GO:0030163","protein catabolic process",1.94933503360228,0.000401668806025963,"5045","P09958","OID21514",9.715771230116
"GO:0006753","nucleoside phosphate metabolic process",2.16179884226949,0.000401668806025963,"957","O75356","OID20104",9.58099759560054
"GO:0030163","protein catabolic process",1.94933503360228,0.000401668806025963,"27074","Q9UQV4","OID20638",9.18334374882524
"GO:0006753","nucleoside phosphate metabolic process",2.16179884226949,0.000401668806025963,"3458","P01579","OID20495",8.06056826450646
"GO:0030163","protein catabolic process",1.94933503360228,0.000401668806025963,"3458","P01579","OID20495",8.06056826450646
"GO:0006753","nucleoside phosphate metabolic process",2.16179884226949,0.000401668806025963,"2203","P09467","OID20227",7.14073376601889
"GO:0030163","protein catabolic process",1.94933503360228,0.000401668806025963,"4745","Q92832","OID21494",6.81581189591156
"GO:0030163","protein catabolic process",1.94933503360228,0.000401668806025963,"5721","Q9UL46","OID20989",6.66786318987345
"GO:0030163","protein catabolic process",1.94933503360228,0.000401668806025963,"1519","P43234","OID20660",6.39051310201438
"GO:0030163","protein catabolic process",1.94933503360228,0.000401668806025963,"6737","P19474","OID20533",6.38534772676743
"GO:0030163","protein catabolic process",1.94933503360228,0.000401668806025963,"1512","P09668","OID20113",6.35581925354662
"GO:0030163","protein catabolic process",1.94933503360228,0.000401668806025963,"5720","Q06323","OID20969",6.29833990292236
"GO:0030163","protein catabolic process",1.94933503360228,0.000401668806025963,"634","P13688","OID21528",5.91618772455958
"GO:0030163","protein catabolic process",1.94933503360228,0.000401668806025963,"255738","Q8NBP7","OID20235",5.78433553413356
"GO:0006753","nucleoside phosphate metabolic process",2.16179884226949,0.000401668806025963,"10924","Q92484","OID20676",5.68323688523939
"GO:0030163","protein catabolic process",1.94933503360228,0.000401668806025963,"7430","P15311","OID21017",5.64261481978391
"GO:0030163","protein catabolic process",1.94933503360228,0.000401668806025963,"1075","P53634","OID20679",5.61085487928516
"GO:0006753","nucleoside phosphate metabolic process",2.16179884226949,0.000401668806025963,"79077","Q9H773","OID20148",5.4787498037154
"GO:0006753","nucleoside phosphate metabolic process",2.16179884226949,0.000401668806025963,"6470","P34896","OID20714",5.18275569062277
"GO:0030163","protein catabolic process",1.94933503360228,0.000401668806025963,"2720","P16278","OID20949",5.04026253387245
"GO:0006753","nucleoside phosphate metabolic process",2.16179884226949,0.000401668806025963,"10135","P43490","OID21227",5.02511441207671
"GO:0030163","protein catabolic process",1.94933503360228,0.000401668806025963,"27429","O43464","OID21471",4.89401313940154
"GO:0006753","nucleoside phosphate metabolic process",2.16179884226949,0.000401668806025963,"4907","P21589","OID21498",4.86352520974635
"GO:0006753","nucleoside phosphate metabolic process",2.16179884226949,0.000401668806025963,"50484","Q7LG56","OID21174",4.81348215519544
"GO:0030163","protein catabolic process",1.94933503360228,0.000401668806025963,"411","P15848","OID21331",4.71463911138309
"GO:0006753","nucleoside phosphate metabolic process",2.16179884226949,0.000401668806025963,"8942","Q16719","OID20669",4.6802559696959
"GO:0030163","protein catabolic process",1.94933503360228,0.000401668806025963,"5601","P45984","OID20557",4.5209359754487
"GO:0030163","protein catabolic process",1.94933503360228,0.000401668806025963,"1956","P00533","OID20319",4.32158870905545
"GO:0030163","protein catabolic process",1.94933503360228,0.000401668806025963,"3920","P13473","OID21035",4.13745321993218
"GO:0006753","nucleoside phosphate metabolic process",2.16179884226949,0.000401668806025963,"117","P41586","OID21188",4.05003597925345
"GO:0030163","protein catabolic process",1.94933503360228,0.000401668806025963,"3001","P12544","OID20663",3.97153063593525
"GO:0006753","nucleoside phosphate metabolic process",2.16179884226949,0.000401668806025963,"100","P00813","OID20645",3.96406576086133
"GO:0006753","nucleoside phosphate metabolic process",2.16179884226949,0.000401668806025963,"3303","P0DMV8","OID20718",3.960347639697
"GO:0030163","protein catabolic process",1.94933503360228,0.000401668806025963,"3303","P0DMV8","OID20718",3.960347639697
"GO:0006753","nucleoside phosphate metabolic process",2.16179884226949,0.000401668806025963,"142","P09874","OID20500",3.74157321650091
"GO:0006753","nucleoside phosphate metabolic process",2.16179884226949,0.000401668806025963,"60490","Q96CD2","OID21027",3.65051300199223
"GO:0006753","nucleoside phosphate metabolic process",2.16179884226949,0.000401668806025963,"2023","P06733","OID21037",3.57440741903417
"GO:0006753","nucleoside phosphate metabolic process",2.16179884226949,0.000401668806025963,"80146","Q8NBZ7","OID21189",3.44505803604144
"GO:0009057","macromolecule catabolic process",1.87105222719916,0.000680659098979951,"725","P20851","OID21481",14.7071366513125
"GO:0009117","nucleotide metabolic process",2.15643271430253,0.000680659098979951,"65220","O95544","OID20178",14.1292015697534
"GO:0055086","nucleobase-containing small molecule metabolic process",2.1410859237335,0.000680659098979951,"65220","O95544","OID20178",14.1292015697534
"GO:0009117","nucleotide metabolic process",2.15643271430253,0.000680659098979951,"1890","P19971","OID20234",12.1032527972381
"GO:0055086","nucleobase-containing small molecule metabolic process",2.1410859237335,0.000680659098979951,"1890","P19971","OID20234",12.1032527972381
"GO:0009057","macromolecule catabolic process",1.87105222719916,0.000680659098979951,"1200","O14773","OID20750",10.6503038859215
"GO:0009057","macromolecule catabolic process",1.87105222719916,0.000680659098979951,"3002","P10144","OID20604",10.5720694432236
"GO:0009057","macromolecule catabolic process",1.87105222719916,0.000680659098979951,"5641","Q99538","OID20773",10.0886761433417
"GO:0009117","nucleotide metabolic process",2.15643271430253,0.000680659098979951,"6241","P31350","OID21187",9.8862632397509
"GO:0055086","nucleobase-containing small molecule metabolic process",2.1410859237335,0.000680659098979951,"6241","P31350","OID21187",9.8862632397509
"GO:0009057","macromolecule catabolic process",1.87105222719916,0.000680659098979951,"5045","P09958","OID21514",9.715771230116
"GO:0009117","nucleotide metabolic process",2.15643271430253,0.000680659098979951,"957","O75356","OID20104",9.58099759560054
"GO:0055086","nucleobase-containing small molecule metabolic process",2.1410859237335,0.000680659098979951,"957","O75356","OID20104",9.58099759560054
"GO:0009057","macromolecule catabolic process",1.87105222719916,0.000680659098979951,"27074","Q9UQV4","OID20638",9.18334374882524
"GO:0072359","circulatory system development",-1.77396077837396,0.000680659098979951,"22918","Q9NPY3","OID20397",-8.8629087059826
"GO:0072359","circulatory system development",-1.77396077837396,0.000680659098979951,"23768","O43155","OID20946",-8.69786012907057
"GO:0072359","circulatory system development",-1.77396077837396,0.000680659098979951,"652","P12644","OID20994",-8.52335376779355
"GO:0072359","circulatory system development",-1.77396077837396,0.000680659098979951,"6369","O00175","OID20772",-8.2607624901256
"GO:0072359","circulatory system development",-1.77396077837396,0.000680659098979951,"4162","P43121","OID20343",-8.25769875245774
"GO:0072359","circulatory system development",-1.77396077837396,0.000680659098979951,"10457","Q14956","OID20173",-8.2127605660059
"GO:0072359","circulatory system development",-1.77396077837396,0.000680659098979951,"7049","Q03167","OID20255",-8.19065443371906
"GO:0009117","nucleotide metabolic process",2.15643271430253,0.000680659098979951,"3458","P01579","OID20495",8.06056826450646
"GO:0055086","nucleobase-containing small molecule metabolic process",2.1410859237335,0.000680659098979951,"3458","P01579","OID20495",8.06056826450646
"GO:0009057","macromolecule catabolic process",1.87105222719916,0.000680659098979951,"3458","P01579","OID20495",8.06056826450646
"GO:0072359","circulatory system development",-1.77396077837396,0.000680659098979951,"7060","P35443","OID20368",-7.64953913682972
"GO:0072359","circulatory system development",-1.77396077837396,0.000680659098979951,"3685","P06756","OID21416",-7.59881747905576
"GO:0072359","circulatory system development",-1.77396077837396,0.000680659098979951,"3688","P05556","OID20376",-7.58571385299735
"GO:0072359","circulatory system development",-1.77396077837396,0.000680659098979951,"4856","P48745","OID20299",-7.51617467769149
"GO:0072359","circulatory system development",-1.77396077837396,0.000680659098979951,"8829","O14786","OID20390",-7.3640005146002
"GO:0072359","circulatory system development",-1.77396077837396,0.000680659098979951,"3339","P98160","OID20383",-7.27498579969711
"GO:0009117","nucleotide metabolic process",2.15643271430253,0.000680659098979951,"2203","P09467","OID20227",7.14073376601889
"GO:0055086","nucleobase-containing small molecule metabolic process",2.1410859237335,0.000680659098979951,"2203","P09467","OID20227",7.14073376601889
"GO:0072359","circulatory system development",-1.77396077837396,0.000680659098979951,"8751","Q13444","OID20109",-7.06830909308609
"GO:0072359","circulatory system development",-1.77396077837396,0.000680659098979951,"6092","Q9HCK4","OID21007",-6.97622877331884
"GO:0072359","circulatory system development",-1.77396077837396,0.000680659098979951,"1003","P33151","OID20243",-6.95999694935435
"GO:0072359","circulatory system development",-1.77396077837396,0.000680659098979951,"4879","P16860","OID20049",-6.91149481655409
"GO:0009057","macromolecule catabolic process",1.87105222719916,0.000680659098979951,"4745","Q92832","OID21494",6.81581189591156
"GO:0072359","circulatory system development",-1.77396077837396,0.000680659098979951,"2191","Q12884","OID20330",-6.67803683875475
"GO:0009057","macromolecule catabolic process",1.87105222719916,0.000680659098979951,"5721","Q9UL46","OID20989",6.66786318987345
"GO:0009057","macromolecule catabolic process",1.87105222719916,0.000680659098979951,"1519","P43234","OID20660",6.39051310201438
"GO:0009057","macromolecule catabolic process",1.87105222719916,0.000680659098979951,"6737","P19474","OID20533",6.38534772676743
"GO:0009057","macromolecule catabolic process",1.87105222719916,0.000680659098979951,"1512","P09668","OID20113",6.35581925354662
"GO:0009057","macromolecule catabolic process",1.87105222719916,0.000680659098979951,"5720","Q06323","OID20969",6.29833990292236
"GO:0072359","circulatory system development",-1.77396077837396,0.000680659098979951,"11126","O95971","OID20647",-6.25532913077991
"GO:0072359","circulatory system development",-1.77396077837396,0.000680659098979951,"4916","Q16288","OID21057",-6.1562016767798
"GO:0072359","circulatory system development",-1.77396077837396,0.000680659098979951,"10218","O43827","OID21412",-6.05019987648683
"GO:0072359","circulatory system development",-1.77396077837396,0.000680659098979951,"350","P02749","OID21072",-6.02403833560993
"GO:0009057","macromolecule catabolic process",1.87105222719916,0.000680659098979951,"634","P13688","OID21528",5.91618772455958
"GO:0072359","circulatory system development",-1.77396077837396,0.000680659098979951,"2064","P04626","OID21520",-5.86849340251866
"GO:0009057","macromolecule catabolic process",1.87105222719916,0.000680659098979951,"255738","Q8NBP7","OID20235",5.78433553413356
"GO:0055086","nucleobase-containing small molecule metabolic process",2.1410859237335,0.000680659098979951,"10924","Q92484","OID20676",5.68323688523939
"GO:0009057","macromolecule catabolic process",1.87105222719916,0.000680659098979951,"7430","P15311","OID21017",5.64261481978391
"GO:0072359","circulatory system development",-1.77396077837396,0.000680659098979951,"285","O15123","OID21463",-5.63325841568532
"GO:0009057","macromolecule catabolic process",1.87105222719916,0.000680659098979951,"1075","P53634","OID20679",5.61085487928516
"GO:0072359","circulatory system development",-1.77396077837396,0.000680659098979951,"5159","P09619","OID20268",-5.49149870497418
"GO:0009117","nucleotide metabolic process",2.15643271430253,0.000680659098979951,"79077","Q9H773","OID20148",5.4787498037154
"GO:0055086","nucleobase-containing small molecule metabolic process",2.1410859237335,0.000680659098979951,"79077","Q9H773","OID20148",5.4787498037154
"GO:0072359","circulatory system development",-1.77396077837396,0.000680659098979951,"94","P37023","OID20999",-5.37010232052286
"GO:0009117","nucleotide metabolic process",2.15643271430253,0.000680659098979951,"6470","P34896","OID20714",5.18275569062277
"GO:0055086","nucleobase-containing small molecule metabolic process",2.1410859237335,0.000680659098979951,"6470","P34896","OID20714",5.18275569062277
"GO:0072359","circulatory system development",-1.77396077837396,0.000680659098979951,"2022","P17813","OID20287",-5.16300733039203
"GO:0072359","circulatory system development",-1.77396077837396,0.000680659098979951,"577","O60242","OID20974",-5.13222005662944
"GO:0072359","circulatory system development",-1.77396077837396,0.000680659098979951,"57125","Q8IUK5","OID21258",-5.06715187552943
"GO:0009057","macromolecule catabolic process",1.87105222719916,0.000680659098979951,"2720","P16278","OID20949",5.04026253387245
"GO:0009117","nucleotide metabolic process",2.15643271430253,0.000680659098979951,"10135","P43490","OID21227",5.02511441207671
"GO:0055086","nucleobase-containing small molecule metabolic process",2.1410859237335,0.000680659098979951,"10135","P43490","OID21227",5.02511441207671
"GO:0072359","circulatory system development",-1.77396077837396,0.000680659098979951,"51738","Q9UBU3","OID20175",-5.02436044788424
"GO:0072359","circulatory system development",-1.77396077837396,0.000680659098979951,"1282","P02462","OID20208",-4.98379016084157
"GO:0072359","circulatory system development",-1.77396077837396,0.000680659098979951,"9982","Q14512","OID21507",-4.93667426953613
"GO:0072359","circulatory system development",-1.77396077837396,0.000680659098979951,"2041","P21709","OID20677",-4.9271278476225
"GO:0009057","macromolecule catabolic process",1.87105222719916,0.000680659098979951,"27429","O43464","OID21471",4.89401313940154
"GO:0072359","circulatory system development",-1.77396077837396,0.000680659098979951,"1829","Q14126","OID21113",-4.89344350051089
"GO:0072359","circulatory system development",-1.77396077837396,0.000680659098979951,"161198","Q86T13","OID21090",-4.86768472061645
"GO:0009117","nucleotide metabolic process",2.15643271430253,0.000680659098979951,"4907","P21589","OID21498",4.86352520974635
"GO:0055086","nucleobase-containing small molecule metabolic process",2.1410859237335,0.000680659098979951,"4907","P21589","OID21498",4.86352520974635
"GO:0072359","circulatory system development",-1.77396077837396,0.000680659098979951,"80781","P39060","OID20332",-4.8383142897742
"GO:0072359","circulatory system development",-1.77396077837396,0.000680659098979951,"4090","Q99717","OID21353",-4.82630997222269
"GO:0009117","nucleotide metabolic process",2.15643271430253,0.000680659098979951,"50484","Q7LG56","OID21174",4.81348215519544
"GO:0055086","nucleobase-containing small molecule metabolic process",2.1410859237335,0.000680659098979951,"50484","Q7LG56","OID21174",4.81348215519544
"GO:0072359","circulatory system development",-1.77396077837396,0.000680659098979951,"7048","P37173","OID21493",-4.75556822418844
"GO:0009057","macromolecule catabolic process",1.87105222719916,0.000680659098979951,"411","P15848","OID21331",4.71463911138309
"GO:0072359","circulatory system development",-1.77396077837396,0.000680659098979951,"8742","O43508","OID20624",-4.71149046881674
"GO:0009117","nucleotide metabolic process",2.15643271430253,0.000680659098979951,"8942","Q16719","OID20669",4.6802559696959
"GO:0055086","nucleobase-containing small molecule metabolic process",2.1410859237335,0.000680659098979951,"8942","Q16719","OID20669",4.6802559696959
"GO:0072359","circulatory system development",-1.77396077837396,0.000680659098979951,"2277","O43915","OID20662",-4.63095742637358
"GO:0072359","circulatory system development",-1.77396077837396,0.000680659098979951,"3490","Q16270","OID20236",-4.60472155556648
"GO:0072359","circulatory system development",-1.77396077837396,0.000680659098979951,"59","P62736","OID20079",-4.58780577909265
"GO:0072359","circulatory system development",-1.77396077837396,0.000680659098979951,"3815","P10721","OID20370",-4.57472325313938
"GO:0009057","macromolecule catabolic process",1.87105222719916,0.000680659098979951,"5601","P45984","OID20557",4.5209359754487
"GO:0009057","macromolecule catabolic process",1.87105222719916,0.000680659098979951,"4869","P06748","OID20961",4.51961420338449
"GO:0072359","circulatory system development",-1.77396077837396,0.000680659098979951,"64094","Q9H3U7","OID20730",-4.51723671813497
"GO:0072359","circulatory system development",-1.77396077837396,0.000680659098979951,"1277","P02452","OID20335",-4.49682140316631
"GO:0009057","macromolecule catabolic process",1.87105222719916,0.000680659098979951,"6419","Q53H47","OID20948",4.45830523187038
"GO:0072359","circulatory system development",-1.77396077837396,0.000680659098979951,"6091","Q9Y6N7","OID20734",-4.4175996724262
"GO:0072359","circulatory system development",-1.77396077837396,0.000680659098979951,"4880","P23582","OID20568",-4.37001974945235
"GO:0009057","macromolecule catabolic process",1.87105222719916,0.000680659098979951,"1956","P00533","OID20319",4.32158870905545
"GO:0072359","circulatory system development",-1.77396077837396,0.000680659098979951,"947","P28906","OID21025",-4.31968766261698
"GO:0072359","circulatory system development",-1.77396077837396,0.000680659098979951,"7058","P35442","OID21104",-4.2873481361052
"GO:0072359","circulatory system development",-1.77396077837396,0.000680659098979951,"3678","P08648","OID21139",-4.24486826823183
"GO:0072359","circulatory system development",-1.77396077837396,0.000680659098979951,"682","P35613","OID20626",-4.24376731072008
"GO:0072359","circulatory system development",-1.77396077837396,0.000680659098979951,"51330","Q9NP84","OID21482",-4.23048852995828
"GO:0072359","circulatory system development",-1.77396077837396,0.000680659098979951,"10406","Q14508","OID21505",-4.18871283555539
"GO:0009057","macromolecule catabolic process",1.87105222719916,0.000680659098979951,"2521","P35637","OID21256",4.16880604353025
"GO:0072359","circulatory system development",-1.77396077837396,0.000680659098979951,"3689","P05107","OID20315",-4.14304051009773
"GO:0009057","macromolecule catabolic process",1.87105222719916,0.000680659098979951,"3920","P13473","OID21035",4.13745321993218
"GO:0009117","nucleotide metabolic process",2.15643271430253,0.000680659098979951,"117","P41586","OID21188",4.05003597925345
"GO:0055086","nucleobase-containing small molecule metabolic process",2.1410859237335,0.000680659098979951,"117","P41586","OID21188",4.05003597925345
"GO:0009057","macromolecule catabolic process",1.87105222719916,0.000680659098979951,"3001","P12544","OID20663",3.97153063593525
"GO:0009117","nucleotide metabolic process",2.15643271430253,0.000680659098979951,"100","P00813","OID20645",3.96406576086133
"GO:0055086","nucleobase-containing small molecule metabolic process",2.1410859237335,0.000680659098979951,"100","P00813","OID20645",3.96406576086133
"GO:0009117","nucleotide metabolic process",2.15643271430253,0.000680659098979951,"3303","P0DMV8","OID20718",3.960347639697
"GO:0055086","nucleobase-containing small molecule metabolic process",2.1410859237335,0.000680659098979951,"3303","P0DMV8","OID20718",3.960347639697
"GO:0009057","macromolecule catabolic process",1.87105222719916,0.000680659098979951,"3303","P0DMV8","OID20718",3.960347639697
"GO:0072359","circulatory system development",-1.77396077837396,0.000680659098979951,"7070","P04216","OID21050",-3.94642091055303
"GO:0072359","circulatory system development",-1.77396077837396,0.000680659098979951,"2263","P21802","OID21478",-3.88113271722818
"GO:0072359","circulatory system development",-1.77396077837396,0.000680659098979951,"126393","O14558","OID21408",-3.82969186555791
"GO:0072359","circulatory system development",-1.77396077837396,0.000680659098979951,"6422","Q8N474","OID20984",-3.82955340118134
"GO:0072359","circulatory system development",-1.77396077837396,0.000680659098979951,"5797","P28827","OID20598",-3.8020800339255
"GO:0072359","circulatory system development",-1.77396077837396,0.000680659098979951,"1969","P29317","OID21342",-3.7754203052328
"GO:0072359","circulatory system development",-1.77396077837396,0.000680659098979951,"2658","Q9UK05","OID20202",-3.77449029585196
"GO:0009117","nucleotide metabolic process",2.15643271430253,0.000680659098979951,"142","P09874","OID20500",3.74157321650091
"GO:0055086","nucleobase-containing small molecule metabolic process",2.1410859237335,0.000680659098979951,"142","P09874","OID20500",3.74157321650091
"GO:0072359","circulatory system development",-1.77396077837396,0.000680659098979951,"133","P35318","OID21467",-3.69230303777457
"GO:0055086","nucleobase-containing small molecule metabolic process",2.1410859237335,0.000680659098979951,"60490","Q96CD2","OID21027",3.65051300199223
"GO:0072359","circulatory system development",-1.77396077837396,0.000680659098979951,"2069","O14944","OID20905",-3.61796892045157
"GO:0072359","circulatory system development",-1.77396077837396,0.000680659098979951,"7857","P13521","OID21400",-3.61470431164747
"GO:0009117","nucleotide metabolic process",2.15643271430253,0.000680659098979951,"2023","P06733","OID21037",3.57440741903417
"GO:0055086","nucleobase-containing small molecule metabolic process",2.1410859237335,0.000680659098979951,"2023","P06733","OID21037",3.57440741903417
"GO:0072359","circulatory system development",-1.77396077837396,0.000680659098979951,"2348","P15328","OID21529",-3.57107711097675
"GO:0072359","circulatory system development",-1.77396077837396,0.000680659098979951,"27329","Q9Y5C1","OID20407",-3.48246218760067
"GO:0055086","nucleobase-containing small molecule metabolic process",2.1410859237335,0.000680659098979951,"80146","Q8NBZ7","OID21189",3.44505803604144
"GO:0072359","circulatory system development",-1.77396077837396,0.000680659098979951,"1942","P20827","OID21125",-3.40853319557729
"GO:0072359","circulatory system development",-1.77396077837396,0.000680659098979951,"5617","P01236","OID21033",-3.40543671458326
"GO:0072359","circulatory system development",-1.77396077837396,0.000680659098979951,"140862","B1AKI9","OID20538",-3.31765953231565
"GO:0072359","circulatory system development",-1.77396077837396,0.000680659098979951,"4854","Q9UM47","OID20253",-3.26235344299799
"GO:0072359","circulatory system development",-1.77396077837396,0.000680659098979951,"3373","Q12794","OID20357",-3.21319813430487
"GO:0072359","circulatory system development",-1.77396077837396,0.000680659098979951,"654","P22004","OID20111",-3.1985810895569
"GO:0072359","circulatory system development",-1.77396077837396,0.000680659098979951,"51129","Q9BY76","OID20703",-3.11600484467924
"GO:0072359","circulatory system development",-1.77396077837396,0.000680659098979951,"356","P48023","OID20665",-3.08313844996858
"GO:0072359","circulatory system development",-1.77396077837396,0.000680659098979951,"11005","Q9NQ38","OID21148",-2.98114497291081
"GO:0072359","circulatory system development",-1.77396077837396,0.000680659098979951,"51206","Q9HCN6","OID21091",-2.9416762218453
"GO:0072359","circulatory system development",-1.77396077837396,0.000680659098979951,"5175","P16284","OID21131",-2.92154651445503
"GO:0072359","circulatory system development",-1.77396077837396,0.000680659098979951,"7132","P19438","OID21155",-2.87560572311813
"GO:0001525","angiogenesis",-1.78233696765542,0.00124738807467397,"22918","Q9NPY3","OID20397",-8.8629087059826
"GO:0048514","blood vessel morphogenesis",-1.77295973065139,0.00124738807467397,"22918","Q9NPY3","OID20397",-8.8629087059826
"GO:0001568","blood vessel development",-1.77191700841383,0.00124738807467397,"22918","Q9NPY3","OID20397",-8.8629087059826
"GO:0001525","angiogenesis",-1.78233696765542,0.00124738807467397,"652","P12644","OID20994",-8.52335376779355
"GO:0048514","blood vessel morphogenesis",-1.77295973065139,0.00124738807467397,"652","P12644","OID20994",-8.52335376779355
"GO:0001568","blood vessel development",-1.77191700841383,0.00124738807467397,"652","P12644","OID20994",-8.52335376779355
"GO:0001525","angiogenesis",-1.78233696765542,0.00124738807467397,"6369","O00175","OID20772",-8.2607624901256
"GO:0048514","blood vessel morphogenesis",-1.77295973065139,0.00124738807467397,"6369","O00175","OID20772",-8.2607624901256
"GO:0001568","blood vessel development",-1.77191700841383,0.00124738807467397,"6369","O00175","OID20772",-8.2607624901256
"GO:0001525","angiogenesis",-1.78233696765542,0.00124738807467397,"4162","P43121","OID20343",-8.25769875245774
"GO:0048514","blood vessel morphogenesis",-1.77295973065139,0.00124738807467397,"4162","P43121","OID20343",-8.25769875245774
"GO:0001568","blood vessel development",-1.77191700841383,0.00124738807467397,"4162","P43121","OID20343",-8.25769875245774
"GO:0001525","angiogenesis",-1.78233696765542,0.00124738807467397,"10457","Q14956","OID20173",-8.2127605660059
"GO:0048514","blood vessel morphogenesis",-1.77295973065139,0.00124738807467397,"10457","Q14956","OID20173",-8.2127605660059
"GO:0001568","blood vessel development",-1.77191700841383,0.00124738807467397,"10457","Q14956","OID20173",-8.2127605660059
"GO:0001525","angiogenesis",-1.78233696765542,0.00124738807467397,"7049","Q03167","OID20255",-8.19065443371906
"GO:0048514","blood vessel morphogenesis",-1.77295973065139,0.00124738807467397,"7049","Q03167","OID20255",-8.19065443371906
"GO:0001568","blood vessel development",-1.77191700841383,0.00124738807467397,"7049","Q03167","OID20255",-8.19065443371906
"GO:0001525","angiogenesis",-1.78233696765542,0.00124738807467397,"7060","P35443","OID20368",-7.64953913682972
"GO:0048514","blood vessel morphogenesis",-1.77295973065139,0.00124738807467397,"7060","P35443","OID20368",-7.64953913682972
"GO:0001568","blood vessel development",-1.77191700841383,0.00124738807467397,"7060","P35443","OID20368",-7.64953913682972
"GO:0001525","angiogenesis",-1.78233696765542,0.00124738807467397,"3685","P06756","OID21416",-7.59881747905576
"GO:0048514","blood vessel morphogenesis",-1.77295973065139,0.00124738807467397,"3685","P06756","OID21416",-7.59881747905576
"GO:0001568","blood vessel development",-1.77191700841383,0.00124738807467397,"3685","P06756","OID21416",-7.59881747905576
"GO:0001525","angiogenesis",-1.78233696765542,0.00124738807467397,"3688","P05556","OID20376",-7.58571385299735
"GO:0048514","blood vessel morphogenesis",-1.77295973065139,0.00124738807467397,"3688","P05556","OID20376",-7.58571385299735
"GO:0001568","blood vessel development",-1.77191700841383,0.00124738807467397,"3688","P05556","OID20376",-7.58571385299735
"GO:0001525","angiogenesis",-1.78233696765542,0.00124738807467397,"4856","P48745","OID20299",-7.51617467769149
"GO:0048514","blood vessel morphogenesis",-1.77295973065139,0.00124738807467397,"4856","P48745","OID20299",-7.51617467769149
"GO:0001568","blood vessel development",-1.77191700841383,0.00124738807467397,"4856","P48745","OID20299",-7.51617467769149
"GO:0001525","angiogenesis",-1.78233696765542,0.00124738807467397,"8829","O14786","OID20390",-7.3640005146002
"GO:0048514","blood vessel morphogenesis",-1.77295973065139,0.00124738807467397,"8829","O14786","OID20390",-7.3640005146002
"GO:0001568","blood vessel development",-1.77191700841383,0.00124738807467397,"8829","O14786","OID20390",-7.3640005146002
"GO:0001525","angiogenesis",-1.78233696765542,0.00124738807467397,"3339","P98160","OID20383",-7.27498579969711
"GO:0048514","blood vessel morphogenesis",-1.77295973065139,0.00124738807467397,"3339","P98160","OID20383",-7.27498579969711
"GO:0001568","blood vessel development",-1.77191700841383,0.00124738807467397,"3339","P98160","OID20383",-7.27498579969711
"GO:0001525","angiogenesis",-1.78233696765542,0.00124738807467397,"8751","Q13444","OID20109",-7.06830909308609
"GO:0048514","blood vessel morphogenesis",-1.77295973065139,0.00124738807467397,"8751","Q13444","OID20109",-7.06830909308609
"GO:0001568","blood vessel development",-1.77191700841383,0.00124738807467397,"8751","Q13444","OID20109",-7.06830909308609
"GO:0001568","blood vessel development",-1.77191700841383,0.00124738807467397,"6092","Q9HCK4","OID21007",-6.97622877331884
"GO:0001525","angiogenesis",-1.78233696765542,0.00124738807467397,"1003","P33151","OID20243",-6.95999694935435
"GO:0048514","blood vessel morphogenesis",-1.77295973065139,0.00124738807467397,"1003","P33151","OID20243",-6.95999694935435
"GO:0001568","blood vessel development",-1.77191700841383,0.00124738807467397,"1003","P33151","OID20243",-6.95999694935435
"GO:0001525","angiogenesis",-1.78233696765542,0.00124738807467397,"4879","P16860","OID20049",-6.91149481655409
"GO:0048514","blood vessel morphogenesis",-1.77295973065139,0.00124738807467397,"4879","P16860","OID20049",-6.91149481655409
"GO:0001568","blood vessel development",-1.77191700841383,0.00124738807467397,"4879","P16860","OID20049",-6.91149481655409
"GO:0001525","angiogenesis",-1.78233696765542,0.00124738807467397,"2191","Q12884","OID20330",-6.67803683875475
"GO:0048514","blood vessel morphogenesis",-1.77295973065139,0.00124738807467397,"2191","Q12884","OID20330",-6.67803683875475
"GO:0001568","blood vessel development",-1.77191700841383,0.00124738807467397,"2191","Q12884","OID20330",-6.67803683875475
"GO:0001525","angiogenesis",-1.78233696765542,0.00124738807467397,"11126","O95971","OID20647",-6.25532913077991
"GO:0048514","blood vessel morphogenesis",-1.77295973065139,0.00124738807467397,"11126","O95971","OID20647",-6.25532913077991
"GO:0001568","blood vessel development",-1.77191700841383,0.00124738807467397,"11126","O95971","OID20647",-6.25532913077991
"GO:0001525","angiogenesis",-1.78233696765542,0.00124738807467397,"350","P02749","OID21072",-6.02403833560993
"GO:0048514","blood vessel morphogenesis",-1.77295973065139,0.00124738807467397,"350","P02749","OID21072",-6.02403833560993
"GO:0001568","blood vessel development",-1.77191700841383,0.00124738807467397,"350","P02749","OID21072",-6.02403833560993
"GO:0001525","angiogenesis",-1.78233696765542,0.00124738807467397,"2064","P04626","OID21520",-5.86849340251866
"GO:0048514","blood vessel morphogenesis",-1.77295973065139,0.00124738807467397,"2064","P04626","OID21520",-5.86849340251866
"GO:0001568","blood vessel development",-1.77191700841383,0.00124738807467397,"2064","P04626","OID21520",-5.86849340251866
"GO:0001525","angiogenesis",-1.78233696765542,0.00124738807467397,"285","O15123","OID21463",-5.63325841568532
"GO:0048514","blood vessel morphogenesis",-1.77295973065139,0.00124738807467397,"285","O15123","OID21463",-5.63325841568532
"GO:0001568","blood vessel development",-1.77191700841383,0.00124738807467397,"285","O15123","OID21463",-5.63325841568532
"GO:0001525","angiogenesis",-1.78233696765542,0.00124738807467397,"5159","P09619","OID20268",-5.49149870497418
"GO:0048514","blood vessel morphogenesis",-1.77295973065139,0.00124738807467397,"5159","P09619","OID20268",-5.49149870497418
"GO:0001568","blood vessel development",-1.77191700841383,0.00124738807467397,"5159","P09619","OID20268",-5.49149870497418
"GO:0001525","angiogenesis",-1.78233696765542,0.00124738807467397,"94","P37023","OID20999",-5.37010232052286
"GO:0048514","blood vessel morphogenesis",-1.77295973065139,0.00124738807467397,"94","P37023","OID20999",-5.37010232052286
"GO:0001568","blood vessel development",-1.77191700841383,0.00124738807467397,"94","P37023","OID20999",-5.37010232052286
"GO:0001525","angiogenesis",-1.78233696765542,0.00124738807467397,"2022","P17813","OID20287",-5.16300733039203
"GO:0048514","blood vessel morphogenesis",-1.77295973065139,0.00124738807467397,"2022","P17813","OID20287",-5.16300733039203
"GO:0001568","blood vessel development",-1.77191700841383,0.00124738807467397,"2022","P17813","OID20287",-5.16300733039203
"GO:0001525","angiogenesis",-1.78233696765542,0.00124738807467397,"577","O60242","OID20974",-5.13222005662944
"GO:0048514","blood vessel morphogenesis",-1.77295973065139,0.00124738807467397,"577","O60242","OID20974",-5.13222005662944
"GO:0001568","blood vessel development",-1.77191700841383,0.00124738807467397,"577","O60242","OID20974",-5.13222005662944
"GO:0001525","angiogenesis",-1.78233696765542,0.00124738807467397,"57125","Q8IUK5","OID21258",-5.06715187552943
"GO:0048514","blood vessel morphogenesis",-1.77295973065139,0.00124738807467397,"57125","Q8IUK5","OID21258",-5.06715187552943
"GO:0001568","blood vessel development",-1.77191700841383,0.00124738807467397,"57125","Q8IUK5","OID21258",-5.06715187552943
"GO:0001525","angiogenesis",-1.78233696765542,0.00124738807467397,"51738","Q9UBU3","OID20175",-5.02436044788424
"GO:0048514","blood vessel morphogenesis",-1.77295973065139,0.00124738807467397,"51738","Q9UBU3","OID20175",-5.02436044788424
"GO:0001568","blood vessel development",-1.77191700841383,0.00124738807467397,"51738","Q9UBU3","OID20175",-5.02436044788424
"GO:0001525","angiogenesis",-1.78233696765542,0.00124738807467397,"1282","P02462","OID20208",-4.98379016084157
"GO:0048514","blood vessel morphogenesis",-1.77295973065139,0.00124738807467397,"1282","P02462","OID20208",-4.98379016084157
"GO:0001568","blood vessel development",-1.77191700841383,0.00124738807467397,"1282","P02462","OID20208",-4.98379016084157
"GO:0001525","angiogenesis",-1.78233696765542,0.00124738807467397,"9982","Q14512","OID21507",-4.93667426953613
"GO:0048514","blood vessel morphogenesis",-1.77295973065139,0.00124738807467397,"9982","Q14512","OID21507",-4.93667426953613
"GO:0001568","blood vessel development",-1.77191700841383,0.00124738807467397,"9982","Q14512","OID21507",-4.93667426953613
"GO:0001525","angiogenesis",-1.78233696765542,0.00124738807467397,"2041","P21709","OID20677",-4.9271278476225
"GO:0048514","blood vessel morphogenesis",-1.77295973065139,0.00124738807467397,"2041","P21709","OID20677",-4.9271278476225
"GO:0001568","blood vessel development",-1.77191700841383,0.00124738807467397,"2041","P21709","OID20677",-4.9271278476225
"GO:0001525","angiogenesis",-1.78233696765542,0.00124738807467397,"1829","Q14126","OID21113",-4.89344350051089
"GO:0048514","blood vessel morphogenesis",-1.77295973065139,0.00124738807467397,"1829","Q14126","OID21113",-4.89344350051089
"GO:0001568","blood vessel development",-1.77191700841383,0.00124738807467397,"1829","Q14126","OID21113",-4.89344350051089
"GO:0001525","angiogenesis",-1.78233696765542,0.00124738807467397,"161198","Q86T13","OID21090",-4.86768472061645
"GO:0048514","blood vessel morphogenesis",-1.77295973065139,0.00124738807467397,"161198","Q86T13","OID21090",-4.86768472061645
"GO:0001568","blood vessel development",-1.77191700841383,0.00124738807467397,"161198","Q86T13","OID21090",-4.86768472061645
"GO:0001525","angiogenesis",-1.78233696765542,0.00124738807467397,"80781","P39060","OID20332",-4.8383142897742
"GO:0048514","blood vessel morphogenesis",-1.77295973065139,0.00124738807467397,"80781","P39060","OID20332",-4.8383142897742
"GO:0001568","blood vessel development",-1.77191700841383,0.00124738807467397,"80781","P39060","OID20332",-4.8383142897742
"GO:0001525","angiogenesis",-1.78233696765542,0.00124738807467397,"7048","P37173","OID21493",-4.75556822418844
"GO:0048514","blood vessel morphogenesis",-1.77295973065139,0.00124738807467397,"7048","P37173","OID21493",-4.75556822418844
"GO:0001568","blood vessel development",-1.77191700841383,0.00124738807467397,"7048","P37173","OID21493",-4.75556822418844
"GO:0001525","angiogenesis",-1.78233696765542,0.00124738807467397,"8742","O43508","OID20624",-4.71149046881674
"GO:0048514","blood vessel morphogenesis",-1.77295973065139,0.00124738807467397,"8742","O43508","OID20624",-4.71149046881674
"GO:0001568","blood vessel development",-1.77191700841383,0.00124738807467397,"8742","O43508","OID20624",-4.71149046881674
"GO:0001525","angiogenesis",-1.78233696765542,0.00124738807467397,"2277","O43915","OID20662",-4.63095742637358
"GO:0048514","blood vessel morphogenesis",-1.77295973065139,0.00124738807467397,"2277","O43915","OID20662",-4.63095742637358
"GO:0001568","blood vessel development",-1.77191700841383,0.00124738807467397,"2277","O43915","OID20662",-4.63095742637358
"GO:0001525","angiogenesis",-1.78233696765542,0.00124738807467397,"3490","Q16270","OID20236",-4.60472155556648
"GO:0048514","blood vessel morphogenesis",-1.77295973065139,0.00124738807467397,"3490","Q16270","OID20236",-4.60472155556648
"GO:0001568","blood vessel development",-1.77191700841383,0.00124738807467397,"3490","Q16270","OID20236",-4.60472155556648
"GO:0001568","blood vessel development",-1.77191700841383,0.00124738807467397,"59","P62736","OID20079",-4.58780577909265
"GO:0001525","angiogenesis",-1.78233696765542,0.00124738807467397,"64094","Q9H3U7","OID20730",-4.51723671813497
"GO:0048514","blood vessel morphogenesis",-1.77295973065139,0.00124738807467397,"64094","Q9H3U7","OID20730",-4.51723671813497
"GO:0001568","blood vessel development",-1.77191700841383,0.00124738807467397,"64094","Q9H3U7","OID20730",-4.51723671813497
"GO:0001568","blood vessel development",-1.77191700841383,0.00124738807467397,"1277","P02452","OID20335",-4.49682140316631
"GO:0001525","angiogenesis",-1.78233696765542,0.00124738807467397,"6091","Q9Y6N7","OID20734",-4.4175996724262
"GO:0048514","blood vessel morphogenesis",-1.77295973065139,0.00124738807467397,"6091","Q9Y6N7","OID20734",-4.4175996724262
"GO:0001568","blood vessel development",-1.77191700841383,0.00124738807467397,"6091","Q9Y6N7","OID20734",-4.4175996724262
"GO:0001525","angiogenesis",-1.78233696765542,0.00124738807467397,"4880","P23582","OID20568",-4.37001974945235
"GO:0048514","blood vessel morphogenesis",-1.77295973065139,0.00124738807467397,"4880","P23582","OID20568",-4.37001974945235
"GO:0001568","blood vessel development",-1.77191700841383,0.00124738807467397,"4880","P23582","OID20568",-4.37001974945235
"GO:0001525","angiogenesis",-1.78233696765542,0.00124738807467397,"947","P28906","OID21025",-4.31968766261698
"GO:0048514","blood vessel morphogenesis",-1.77295973065139,0.00124738807467397,"947","P28906","OID21025",-4.31968766261698
"GO:0001568","blood vessel development",-1.77191700841383,0.00124738807467397,"947","P28906","OID21025",-4.31968766261698
"GO:0001525","angiogenesis",-1.78233696765542,0.00124738807467397,"7058","P35442","OID21104",-4.2873481361052
"GO:0048514","blood vessel morphogenesis",-1.77295973065139,0.00124738807467397,"7058","P35442","OID21104",-4.2873481361052
"GO:0001568","blood vessel development",-1.77191700841383,0.00124738807467397,"7058","P35442","OID21104",-4.2873481361052
"GO:0001525","angiogenesis",-1.78233696765542,0.00124738807467397,"3678","P08648","OID21139",-4.24486826823183
"GO:0048514","blood vessel morphogenesis",-1.77295973065139,0.00124738807467397,"3678","P08648","OID21139",-4.24486826823183
"GO:0001568","blood vessel development",-1.77191700841383,0.00124738807467397,"3678","P08648","OID21139",-4.24486826823183
"GO:0001525","angiogenesis",-1.78233696765542,0.00124738807467397,"682","P35613","OID20626",-4.24376731072008
"GO:0048514","blood vessel morphogenesis",-1.77295973065139,0.00124738807467397,"682","P35613","OID20626",-4.24376731072008
"GO:0001568","blood vessel development",-1.77191700841383,0.00124738807467397,"682","P35613","OID20626",-4.24376731072008
"GO:0001525","angiogenesis",-1.78233696765542,0.00124738807467397,"51330","Q9NP84","OID21482",-4.23048852995828
"GO:0048514","blood vessel morphogenesis",-1.77295973065139,0.00124738807467397,"51330","Q9NP84","OID21482",-4.23048852995828
"GO:0001568","blood vessel development",-1.77191700841383,0.00124738807467397,"51330","Q9NP84","OID21482",-4.23048852995828
"GO:0001525","angiogenesis",-1.78233696765542,0.00124738807467397,"3689","P05107","OID20315",-4.14304051009773
"GO:0048514","blood vessel morphogenesis",-1.77295973065139,0.00124738807467397,"3689","P05107","OID20315",-4.14304051009773
"GO:0001568","blood vessel development",-1.77191700841383,0.00124738807467397,"3689","P05107","OID20315",-4.14304051009773
"GO:0001525","angiogenesis",-1.78233696765542,0.00124738807467397,"7070","P04216","OID21050",-3.94642091055303
"GO:0048514","blood vessel morphogenesis",-1.77295973065139,0.00124738807467397,"7070","P04216","OID21050",-3.94642091055303
"GO:0001568","blood vessel development",-1.77191700841383,0.00124738807467397,"7070","P04216","OID21050",-3.94642091055303
"GO:0001525","angiogenesis",-1.78233696765542,0.00124738807467397,"2263","P21802","OID21478",-3.88113271722818
"GO:0048514","blood vessel morphogenesis",-1.77295973065139,0.00124738807467397,"2263","P21802","OID21478",-3.88113271722818
"GO:0001568","blood vessel development",-1.77191700841383,0.00124738807467397,"2263","P21802","OID21478",-3.88113271722818
"GO:0001525","angiogenesis",-1.78233696765542,0.00124738807467397,"126393","O14558","OID21408",-3.82969186555791
"GO:0048514","blood vessel morphogenesis",-1.77295973065139,0.00124738807467397,"126393","O14558","OID21408",-3.82969186555791
"GO:0001568","blood vessel development",-1.77191700841383,0.00124738807467397,"126393","O14558","OID21408",-3.82969186555791
"GO:0001525","angiogenesis",-1.78233696765542,0.00124738807467397,"6422","Q8N474","OID20984",-3.82955340118134
"GO:0048514","blood vessel morphogenesis",-1.77295973065139,0.00124738807467397,"6422","Q8N474","OID20984",-3.82955340118134
"GO:0001568","blood vessel development",-1.77191700841383,0.00124738807467397,"6422","Q8N474","OID20984",-3.82955340118134
"GO:0001525","angiogenesis",-1.78233696765542,0.00124738807467397,"5797","P28827","OID20598",-3.8020800339255
"GO:0048514","blood vessel morphogenesis",-1.77295973065139,0.00124738807467397,"5797","P28827","OID20598",-3.8020800339255
"GO:0001568","blood vessel development",-1.77191700841383,0.00124738807467397,"5797","P28827","OID20598",-3.8020800339255
"GO:0001525","angiogenesis",-1.78233696765542,0.00124738807467397,"1969","P29317","OID21342",-3.7754203052328
"GO:0048514","blood vessel morphogenesis",-1.77295973065139,0.00124738807467397,"1969","P29317","OID21342",-3.7754203052328
"GO:0001568","blood vessel development",-1.77191700841383,0.00124738807467397,"1969","P29317","OID21342",-3.7754203052328
"GO:0001525","angiogenesis",-1.78233696765542,0.00124738807467397,"2658","Q9UK05","OID20202",-3.77449029585196
"GO:0048514","blood vessel morphogenesis",-1.77295973065139,0.00124738807467397,"2658","Q9UK05","OID20202",-3.77449029585196
"GO:0001568","blood vessel development",-1.77191700841383,0.00124738807467397,"2658","Q9UK05","OID20202",-3.77449029585196
"GO:0001525","angiogenesis",-1.78233696765542,0.00124738807467397,"133","P35318","OID21467",-3.69230303777457
"GO:0048514","blood vessel morphogenesis",-1.77295973065139,0.00124738807467397,"133","P35318","OID21467",-3.69230303777457
"GO:0001568","blood vessel development",-1.77191700841383,0.00124738807467397,"133","P35318","OID21467",-3.69230303777457
"GO:0001525","angiogenesis",-1.78233696765542,0.00124738807467397,"2069","O14944","OID20905",-3.61796892045157
"GO:0048514","blood vessel morphogenesis",-1.77295973065139,0.00124738807467397,"2069","O14944","OID20905",-3.61796892045157
"GO:0001568","blood vessel development",-1.77191700841383,0.00124738807467397,"2069","O14944","OID20905",-3.61796892045157
"GO:0001525","angiogenesis",-1.78233696765542,0.00124738807467397,"7857","P13521","OID21400",-3.61470431164747
"GO:0048514","blood vessel morphogenesis",-1.77295973065139,0.00124738807467397,"7857","P13521","OID21400",-3.61470431164747
"GO:0001568","blood vessel development",-1.77191700841383,0.00124738807467397,"7857","P13521","OID21400",-3.61470431164747
"GO:0048514","blood vessel morphogenesis",-1.77295973065139,0.00124738807467397,"2348","P15328","OID21529",-3.57107711097675
"GO:0001568","blood vessel development",-1.77191700841383,0.00124738807467397,"2348","P15328","OID21529",-3.57107711097675
"GO:0001525","angiogenesis",-1.78233696765542,0.00124738807467397,"27329","Q9Y5C1","OID20407",-3.48246218760067
"GO:0048514","blood vessel morphogenesis",-1.77295973065139,0.00124738807467397,"27329","Q9Y5C1","OID20407",-3.48246218760067
"GO:0001568","blood vessel development",-1.77191700841383,0.00124738807467397,"27329","Q9Y5C1","OID20407",-3.48246218760067
"GO:0001525","angiogenesis",-1.78233696765542,0.00124738807467397,"1942","P20827","OID21125",-3.40853319557729
"GO:0048514","blood vessel morphogenesis",-1.77295973065139,0.00124738807467397,"1942","P20827","OID21125",-3.40853319557729
"GO:0001568","blood vessel development",-1.77191700841383,0.00124738807467397,"1942","P20827","OID21125",-3.40853319557729
"GO:0001525","angiogenesis",-1.78233696765542,0.00124738807467397,"5617","P01236","OID21033",-3.40543671458326
"GO:0048514","blood vessel morphogenesis",-1.77295973065139,0.00124738807467397,"5617","P01236","OID21033",-3.40543671458326
"GO:0001568","blood vessel development",-1.77191700841383,0.00124738807467397,"5617","P01236","OID21033",-3.40543671458326
"GO:0001525","angiogenesis",-1.78233696765542,0.00124738807467397,"140862","B1AKI9","OID20538",-3.31765953231565
"GO:0048514","blood vessel morphogenesis",-1.77295973065139,0.00124738807467397,"140862","B1AKI9","OID20538",-3.31765953231565
"GO:0001568","blood vessel development",-1.77191700841383,0.00124738807467397,"140862","B1AKI9","OID20538",-3.31765953231565
"GO:0001525","angiogenesis",-1.78233696765542,0.00124738807467397,"4854","Q9UM47","OID20253",-3.26235344299799
"GO:0048514","blood vessel morphogenesis",-1.77295973065139,0.00124738807467397,"4854","Q9UM47","OID20253",-3.26235344299799
"GO:0001568","blood vessel development",-1.77191700841383,0.00124738807467397,"4854","Q9UM47","OID20253",-3.26235344299799
"GO:0001525","angiogenesis",-1.78233696765542,0.00124738807467397,"3373","Q12794","OID20357",-3.21319813430487
"GO:0048514","blood vessel morphogenesis",-1.77295973065139,0.00124738807467397,"3373","Q12794","OID20357",-3.21319813430487
"GO:0001568","blood vessel development",-1.77191700841383,0.00124738807467397,"3373","Q12794","OID20357",-3.21319813430487
"GO:0001525","angiogenesis",-1.78233696765542,0.00124738807467397,"51129","Q9BY76","OID20703",-3.11600484467924
"GO:0048514","blood vessel morphogenesis",-1.77295973065139,0.00124738807467397,"51129","Q9BY76","OID20703",-3.11600484467924
"GO:0001568","blood vessel development",-1.77191700841383,0.00124738807467397,"51129","Q9BY76","OID20703",-3.11600484467924
"GO:0001525","angiogenesis",-1.78233696765542,0.00124738807467397,"356","P48023","OID20665",-3.08313844996858
"GO:0048514","blood vessel morphogenesis",-1.77295973065139,0.00124738807467397,"356","P48023","OID20665",-3.08313844996858
"GO:0001568","blood vessel development",-1.77191700841383,0.00124738807467397,"356","P48023","OID20665",-3.08313844996858
"GO:0001525","angiogenesis",-1.78233696765542,0.00124738807467397,"11005","Q9NQ38","OID21148",-2.98114497291081
"GO:0048514","blood vessel morphogenesis",-1.77295973065139,0.00124738807467397,"11005","Q9NQ38","OID21148",-2.98114497291081
"GO:0001568","blood vessel development",-1.77191700841383,0.00124738807467397,"11005","Q9NQ38","OID21148",-2.98114497291081
"GO:0001568","blood vessel development",-1.77191700841383,0.00124738807467397,"5175","P16284","OID21131",-2.92154651445503
"GO:0034655","nucleobase-containing compound catabolic process",2.07996840464127,0.00158593347763661,"1890","P19971","OID20234",12.1032527972381
"GO:0034655","nucleobase-containing compound catabolic process",2.07996840464127,0.00158593347763661,"957","O75356","OID20104",9.58099759560054
"GO:0034655","nucleobase-containing compound catabolic process",2.07996840464127,0.00158593347763661,"3458","P01579","OID20495",8.06056826450646
"GO:0034655","nucleobase-containing compound catabolic process",2.07996840464127,0.00158593347763661,"2203","P09467","OID20227",7.14073376601889
"GO:0034655","nucleobase-containing compound catabolic process",2.07996840464127,0.00158593347763661,"10924","Q92484","OID20676",5.68323688523939
"GO:0034655","nucleobase-containing compound catabolic process",2.07996840464127,0.00158593347763661,"79077","Q9H773","OID20148",5.4787498037154
"GO:0034655","nucleobase-containing compound catabolic process",2.07996840464127,0.00158593347763661,"4907","P21589","OID21498",4.86352520974635
"GO:0034655","nucleobase-containing compound catabolic process",2.07996840464127,0.00158593347763661,"4869","P06748","OID20961",4.51961420338449
"GO:0034655","nucleobase-containing compound catabolic process",2.07996840464127,0.00158593347763661,"6419","Q53H47","OID20948",4.45830523187038
"GO:0034655","nucleobase-containing compound catabolic process",2.07996840464127,0.00158593347763661,"2521","P35637","OID21256",4.16880604353025
"GO:0034655","nucleobase-containing compound catabolic process",2.07996840464127,0.00158593347763661,"100","P00813","OID20645",3.96406576086133
"GO:0034655","nucleobase-containing compound catabolic process",2.07996840464127,0.00158593347763661,"3303","P0DMV8","OID20718",3.960347639697
"GO:0034655","nucleobase-containing compound catabolic process",2.07996840464127,0.00158593347763661,"2023","P06733","OID21037",3.57440741903417
"GO:0034655","nucleobase-containing compound catabolic process",2.07996840464127,0.00158593347763661,"3569","P05231","OID20911",2.74901615322299
"GO:0034655","nucleobase-containing compound catabolic process",2.07996840464127,0.00158593347763661,"87178","Q8TCS8","OID20445",2.72830726113994
"GO:0034655","nucleobase-containing compound catabolic process",2.07996840464127,0.00158593347763661,"2332","Q06787","OID21233",2.41676428477177
"GO:0034655","nucleobase-containing compound catabolic process",2.07996840464127,0.00158593347763661,"11164","Q9UKK9","OID21115",2.35169910343019
"GO:0034655","nucleobase-containing compound catabolic process",2.07996840464127,0.00158593347763661,"351","P05067","OID21070",2.2123623668451
"GO:0034655","nucleobase-containing compound catabolic process",2.07996840464127,0.00158593347763661,"2026","P09104","OID21046",2.05875526897338
"GO:0034655","nucleobase-containing compound catabolic process",2.07996840464127,0.00158593347763661,"328","P27695","OID21434",2.03285772269091
"GO:0034655","nucleobase-containing compound catabolic process",2.07996840464127,0.00158593347763661,"1676","O00273","OID20620",1.58080657270668
"GO:0034655","nucleobase-containing compound catabolic process",2.07996840464127,0.00158593347763661,"10591","O43598","OID20744",1.55951391888905
"GO:0034655","nucleobase-containing compound catabolic process",2.07996840464127,0.00158593347763661,"7431","P08670","OID20053",1.55913603763521
"GO:0034655","nucleobase-containing compound catabolic process",2.07996840464127,0.00158593347763661,"836","P42574","OID20305",1.40677478306068
"GO:0034655","nucleobase-containing compound catabolic process",2.07996840464127,0.00158593347763661,"8635","O00584","OID20321",1.1626968631774
"GO:0034655","nucleobase-containing compound catabolic process",2.07996840464127,0.00158593347763661,"2272","P49789","OID20872",1.12809393868112
"GO:0034655","nucleobase-containing compound catabolic process",2.07996840464127,0.00158593347763661,"581","Q07812","OID20856",1.11028164162512
"GO:0034655","nucleobase-containing compound catabolic process",2.07996840464127,0.00158593347763661,"3099","P52789","OID20065",1.06758827404491
"GO:0034655","nucleobase-containing compound catabolic process",2.07996840464127,0.00158593347763661,"253943","Q7Z739","OID20478",1.03322428384396
"GO:0048646","anatomical structure formation involved in morphogenesis",-1.75054849409322,0.00167877985207844,"22918","Q9NPY3","OID20397",-8.8629087059826
"GO:0048646","anatomical structure formation involved in morphogenesis",-1.75054849409322,0.00167877985207844,"652","P12644","OID20994",-8.52335376779355
"GO:0048646","anatomical structure formation involved in morphogenesis",-1.75054849409322,0.00167877985207844,"6369","O00175","OID20772",-8.2607624901256
"GO:0048646","anatomical structure formation involved in morphogenesis",-1.75054849409322,0.00167877985207844,"4162","P43121","OID20343",-8.25769875245774
"GO:0048646","anatomical structure formation involved in morphogenesis",-1.75054849409322,0.00167877985207844,"10457","Q14956","OID20173",-8.2127605660059
"GO:0048646","anatomical structure formation involved in morphogenesis",-1.75054849409322,0.00167877985207844,"7049","Q03167","OID20255",-8.19065443371906
"GO:0048646","anatomical structure formation involved in morphogenesis",-1.75054849409322,0.00167877985207844,"7060","P35443","OID20368",-7.64953913682972
"GO:0048646","anatomical structure formation involved in morphogenesis",-1.75054849409322,0.00167877985207844,"3685","P06756","OID21416",-7.59881747905576
"GO:0048646","anatomical structure formation involved in morphogenesis",-1.75054849409322,0.00167877985207844,"3688","P05556","OID20376",-7.58571385299735
"GO:0048646","anatomical structure formation involved in morphogenesis",-1.75054849409322,0.00167877985207844,"4856","P48745","OID20299",-7.51617467769149
"GO:0048646","anatomical structure formation involved in morphogenesis",-1.75054849409322,0.00167877985207844,"8829","O14786","OID20390",-7.3640005146002
"GO:0048646","anatomical structure formation involved in morphogenesis",-1.75054849409322,0.00167877985207844,"3339","P98160","OID20383",-7.27498579969711
"GO:0048646","anatomical structure formation involved in morphogenesis",-1.75054849409322,0.00167877985207844,"8751","Q13444","OID20109",-7.06830909308609
"GO:0048646","anatomical structure formation involved in morphogenesis",-1.75054849409322,0.00167877985207844,"6092","Q9HCK4","OID21007",-6.97622877331884
"GO:0048646","anatomical structure formation involved in morphogenesis",-1.75054849409322,0.00167877985207844,"1003","P33151","OID20243",-6.95999694935435
"GO:0048646","anatomical structure formation involved in morphogenesis",-1.75054849409322,0.00167877985207844,"4879","P16860","OID20049",-6.91149481655409
"GO:0048646","anatomical structure formation involved in morphogenesis",-1.75054849409322,0.00167877985207844,"2191","Q12884","OID20330",-6.67803683875475
"GO:0048646","anatomical structure formation involved in morphogenesis",-1.75054849409322,0.00167877985207844,"9622","Q9Y5K2","OID21391",-6.36688975594688
"GO:0048646","anatomical structure formation involved in morphogenesis",-1.75054849409322,0.00167877985207844,"11126","O95971","OID20647",-6.25532913077991
"GO:0048646","anatomical structure formation involved in morphogenesis",-1.75054849409322,0.00167877985207844,"1272","Q12860","OID20307",-6.12369443398093
"GO:0048646","anatomical structure formation involved in morphogenesis",-1.75054849409322,0.00167877985207844,"350","P02749","OID21072",-6.02403833560993
"GO:0048646","anatomical structure formation involved in morphogenesis",-1.75054849409322,0.00167877985207844,"2064","P04626","OID21520",-5.86849340251866
"GO:0048646","anatomical structure formation involved in morphogenesis",-1.75054849409322,0.00167877985207844,"285","O15123","OID21463",-5.63325841568532
"GO:0048646","anatomical structure formation involved in morphogenesis",-1.75054849409322,0.00167877985207844,"5159","P09619","OID20268",-5.49149870497418
"GO:0048646","anatomical structure formation involved in morphogenesis",-1.75054849409322,0.00167877985207844,"94","P37023","OID20999",-5.37010232052286
"GO:0048646","anatomical structure formation involved in morphogenesis",-1.75054849409322,0.00167877985207844,"2022","P17813","OID20287",-5.16300733039203
"GO:0048646","anatomical structure formation involved in morphogenesis",-1.75054849409322,0.00167877985207844,"577","O60242","OID20974",-5.13222005662944
"GO:0048646","anatomical structure formation involved in morphogenesis",-1.75054849409322,0.00167877985207844,"57125","Q8IUK5","OID21258",-5.06715187552943
"GO:0048646","anatomical structure formation involved in morphogenesis",-1.75054849409322,0.00167877985207844,"51738","Q9UBU3","OID20175",-5.02436044788424
"GO:0048646","anatomical structure formation involved in morphogenesis",-1.75054849409322,0.00167877985207844,"1282","P02462","OID20208",-4.98379016084157
"GO:0048646","anatomical structure formation involved in morphogenesis",-1.75054849409322,0.00167877985207844,"9982","Q14512","OID21507",-4.93667426953613
"GO:0048646","anatomical structure formation involved in morphogenesis",-1.75054849409322,0.00167877985207844,"2041","P21709","OID20677",-4.9271278476225
"GO:0048646","anatomical structure formation involved in morphogenesis",-1.75054849409322,0.00167877985207844,"1829","Q14126","OID21113",-4.89344350051089
"GO:0048646","anatomical structure formation involved in morphogenesis",-1.75054849409322,0.00167877985207844,"161198","Q86T13","OID21090",-4.86768472061645
"GO:0048646","anatomical structure formation involved in morphogenesis",-1.75054849409322,0.00167877985207844,"80781","P39060","OID20332",-4.8383142897742
"GO:0048646","anatomical structure formation involved in morphogenesis",-1.75054849409322,0.00167877985207844,"7048","P37173","OID21493",-4.75556822418844
"GO:0048646","anatomical structure formation involved in morphogenesis",-1.75054849409322,0.00167877985207844,"8742","O43508","OID20624",-4.71149046881674
"GO:0048646","anatomical structure formation involved in morphogenesis",-1.75054849409322,0.00167877985207844,"3694","P18564","OID20493",-4.68484848519217
"GO:0048646","anatomical structure formation involved in morphogenesis",-1.75054849409322,0.00167877985207844,"2277","O43915","OID20662",-4.63095742637358
"GO:0048646","anatomical structure formation involved in morphogenesis",-1.75054849409322,0.00167877985207844,"3490","Q16270","OID20236",-4.60472155556648
"GO:0048646","anatomical structure formation involved in morphogenesis",-1.75054849409322,0.00167877985207844,"64094","Q9H3U7","OID20730",-4.51723671813497
"GO:0048646","anatomical structure formation involved in morphogenesis",-1.75054849409322,0.00167877985207844,"6091","Q9Y6N7","OID20734",-4.4175996724262
"GO:0048646","anatomical structure formation involved in morphogenesis",-1.75054849409322,0.00167877985207844,"4880","P23582","OID20568",-4.37001974945235
"GO:0048646","anatomical structure formation involved in morphogenesis",-1.75054849409322,0.00167877985207844,"84957","Q969Z4","OID21142",-4.34430524018694
"GO:0048646","anatomical structure formation involved in morphogenesis",-1.75054849409322,0.00167877985207844,"947","P28906","OID21025",-4.31968766261698
"GO:0048646","anatomical structure formation involved in morphogenesis",-1.75054849409322,0.00167877985207844,"7058","P35442","OID21104",-4.2873481361052
"GO:0048646","anatomical structure formation involved in morphogenesis",-1.75054849409322,0.00167877985207844,"3678","P08648","OID21139",-4.24486826823183
"GO:0048646","anatomical structure formation involved in morphogenesis",-1.75054849409322,0.00167877985207844,"682","P35613","OID20626",-4.24376731072008
"GO:0048646","anatomical structure formation involved in morphogenesis",-1.75054849409322,0.00167877985207844,"51330","Q9NP84","OID21482",-4.23048852995828
"GO:0048646","anatomical structure formation involved in morphogenesis",-1.75054849409322,0.00167877985207844,"3689","P05107","OID20315",-4.14304051009773
"GO:0048646","anatomical structure formation involved in morphogenesis",-1.75054849409322,0.00167877985207844,"7070","P04216","OID21050",-3.94642091055303
"GO:0048646","anatomical structure formation involved in morphogenesis",-1.75054849409322,0.00167877985207844,"170689","Q8TE58","OID21275",-3.89729363090039
"GO:0048646","anatomical structure formation involved in morphogenesis",-1.75054849409322,0.00167877985207844,"2263","P21802","OID21478",-3.88113271722818
"GO:0048646","anatomical structure formation involved in morphogenesis",-1.75054849409322,0.00167877985207844,"126393","O14558","OID21408",-3.82969186555791
"GO:0048646","anatomical structure formation involved in morphogenesis",-1.75054849409322,0.00167877985207844,"6422","Q8N474","OID20984",-3.82955340118134
"GO:0048646","anatomical structure formation involved in morphogenesis",-1.75054849409322,0.00167877985207844,"5797","P28827","OID20598",-3.8020800339255
"GO:0048646","anatomical structure formation involved in morphogenesis",-1.75054849409322,0.00167877985207844,"1969","P29317","OID21342",-3.7754203052328
"GO:0048646","anatomical structure formation involved in morphogenesis",-1.75054849409322,0.00167877985207844,"2658","Q9UK05","OID20202",-3.77449029585196
"GO:0048646","anatomical structure formation involved in morphogenesis",-1.75054849409322,0.00167877985207844,"133","P35318","OID21467",-3.69230303777457
"GO:0048646","anatomical structure formation involved in morphogenesis",-1.75054849409322,0.00167877985207844,"2069","O14944","OID20905",-3.61796892045157
"GO:0048646","anatomical structure formation involved in morphogenesis",-1.75054849409322,0.00167877985207844,"7857","P13521","OID21400",-3.61470431164747
"GO:0048646","anatomical structure formation involved in morphogenesis",-1.75054849409322,0.00167877985207844,"2348","P15328","OID21529",-3.57107711097675
"GO:0048646","anatomical structure formation involved in morphogenesis",-1.75054849409322,0.00167877985207844,"793","P05937","OID21306",-3.56941462679376
"GO:0048646","anatomical structure formation involved in morphogenesis",-1.75054849409322,0.00167877985207844,"27329","Q9Y5C1","OID20407",-3.48246218760067
"GO:0048646","anatomical structure formation involved in morphogenesis",-1.75054849409322,0.00167877985207844,"2817","P35052","OID21438",-3.4650702102704
"GO:0048646","anatomical structure formation involved in morphogenesis",-1.75054849409322,0.00167877985207844,"1942","P20827","OID21125",-3.40853319557729
"GO:0048646","anatomical structure formation involved in morphogenesis",-1.75054849409322,0.00167877985207844,"5617","P01236","OID21033",-3.40543671458326
"GO:0048646","anatomical structure formation involved in morphogenesis",-1.75054849409322,0.00167877985207844,"140862","B1AKI9","OID20538",-3.31765953231565
"GO:0048646","anatomical structure formation involved in morphogenesis",-1.75054849409322,0.00167877985207844,"4854","Q9UM47","OID20253",-3.26235344299799
"GO:0048646","anatomical structure formation involved in morphogenesis",-1.75054849409322,0.00167877985207844,"3693","P18084","OID21522",-3.22816765327682
"GO:0048646","anatomical structure formation involved in morphogenesis",-1.75054849409322,0.00167877985207844,"3373","Q12794","OID20357",-3.21319813430487
"GO:0048646","anatomical structure formation involved in morphogenesis",-1.75054849409322,0.00167877985207844,"51129","Q9BY76","OID20703",-3.11600484467924
"GO:0048646","anatomical structure formation involved in morphogenesis",-1.75054849409322,0.00167877985207844,"356","P48023","OID20665",-3.08313844996858
"GO:0048646","anatomical structure formation involved in morphogenesis",-1.75054849409322,0.00167877985207844,"11005","Q9NQ38","OID21148",-2.98114497291081
