"Protein","logFC","AveExpr","t","P.Value","adj.P.Val","B","Regulation","Significant","Assay","UniProt","Panel","ENTREZID"
"OID21481",1.75213094577553,4.75477702349869,14.7071366513125,3.56468166438963e-39,5.09393009841278e-36,78.2667066404161,"Up",TRUE,"C4BPB","P20851","ONCOLOGY","725"
"OID20697",2.41575119798234,6.91940130548303,14.4996085856876,2.5296646811912e-38,1.80744541471111e-35,76.3272139594718,"Up",TRUE,"CXCL10","P02778","INFLAMMATION","3627"
"OID20178",2.05326390500209,4.4876044386423,14.1292015697534,8.19077083001085e-37,3.9015371720285e-34,72.8856299302379,"Up",TRUE,"NADK","O95544","CARDIOMETABOLIC","65220"
"OID21226",2.24095952921394,3.91665561357702,13.9957433163506,2.84813651405176e-36,1.01749676964499e-33,71.6523501926016,"Up",TRUE,"DDX58","O95786","ONCOLOGY","23586"
"OID20341",0.932057528373262,7.77943133159269,13.7603994017294,2.50549088676021e-35,7.16069295436069e-33,69.5005018671495,"Up",TRUE,"TCN2","P20062","CARDIOMETABOLIC","6948"
"OID21044",1.06593585960487,4.61704334203655,13.6158559607003,9.58238368562005e-35,2.28220438112517e-32,68.1732245680885,"Up",TRUE,"CASC4","Q6P4E1","NEUROLOGY","113201"
"OID20795",1.93873746532155,2.12340704960836,13.3809186175849,8.43522371975421e-34,1.72199067078982e-31,66.0213588139932,"Up",TRUE,"IFNL1","Q8IU54","NEUROLOGY","282618"
"OID20754",-1.07920404371584,4.10794830287206,-12.216602328919,3.09553890352597e-29,5.52940636642327e-27,55.6259369667205,"Down",TRUE,"CDON","Q4KMG0","INFLAMMATION","50937"
"OID20234",1.50991485498108,5.13277415143603,12.1032527972381,8.46764239739187e-29,1.34447344287478e-26,54.6311370967123,"Up",TRUE,"TYMP","P19971","CARDIOMETABOLIC","1890"
"OID20436",1.74127140395123,3.83139190600522,11.9036579372792,4.8993873165415e-28,7.0012244753378e-26,52.8958272858281,"Up",TRUE,"LAP3","P28838","INFLAMMATION","51056"
"OID20523",2.12826751155947,4.35613315926893,11.8799821166216,6.02837029835944e-28,7.8314010512324e-26,52.6908572230535,"Up",TRUE,"CCL7","P80098","INFLAMMATION","6354"
"OID20224",-0.827773404791925,0.751980156657963,-11.701736973759,2.85490759708983e-27,3.39971913020114e-25,51.1538113046287,"Down",TRUE,"ROR1","Q01973","CARDIOMETABOLIC","4919"
"OID21466",1.39966582597729,8.26877023498695,11.2042112276402,2.06657015895235e-25,2.27163750549455e-23,46.9229343930563,"Up",TRUE,"CCL8","P80075","ONCOLOGY","6355"
"OID21042",1.53611049180327,4.90927336814621,11.1101607198021,4.5958961838883e-25,4.69109689055456e-23,46.1334422246946,"Up",TRUE,"CXCL11","O14625","NEUROLOGY","6373"
"OID20279",-1.06505591004623,1.73982663185379,-11.0450249759854,7.97839973794861e-25,7.60075548368571e-23,45.5886652213113,"Down",TRUE,"CRTAC1","Q9NQ79","CARDIOMETABOLIC","55118"
"OID20116",-0.785188726355608,1.68339608355091,-10.8593968856439,3.79836608847054e-24,3.39241571276525e-22,44.047635591895,"Down",TRUE,"BOC","Q9BWV1","CARDIOMETABOLIC","91653"
"OID20750",0.969235725094574,6.18758798955614,10.6503038859215,2.1729890930885e-23,1.82658906707263e-21,42.3256605094859,"Up",TRUE,"TPP1","O14773","INFLAMMATION","1200"
"OID20604",1.28023181168558,6.34757754569191,10.5720694432236,4.16376384314996e-23,3.30556585103405e-21,41.6837766318161,"Up",TRUE,"GZMB","P10144","INFLAMMATION","3002"
"OID20405",-1.01329957965531,5.13665404699739,-10.5504681525752,4.97180495975225e-23,3.73932067762419e-21,41.5086805363462,"Down",TRUE,"COMP","P49747","CARDIOMETABOLIC","1311"
"OID21429",0.870458982765865,5.95109817232376,10.521832746986,6.2759455148943e-23,4.48416307039197e-21,41.2786762904169,"Up",TRUE,"LRIG1","Q96JA1","ONCOLOGY","26018"
"OID20654",0.824714678436314,6.48111096605744,10.4677211980829,9.79749397709385e-23,6.66696137774624e-21,40.8390719428124,"Up",TRUE,"C1QA","P02745","INFLAMMATION","712"
"OID20536",1.12919676334594,2.50028877284595,10.0938152868779,2.0658836532151e-21,1.33206657754606e-19,37.8312205716453,"Up",TRUE,"SAMD9L","Q8IVG5","INFLAMMATION","219285"
"OID20773",0.774455069356869,6.07667545691906,10.0886761433417,2.14398399465076e-21,1.33206657754606e-19,37.7944978542078,"Up",TRUE,"LGMN","Q99538","INFLAMMATION","5641"
"OID21029",1.67215067675493,4.43708772845953,10.0470067046678,3.01104036035794e-21,1.79282361456313e-19,37.4596326054641,"Up",TRUE,"BST2","Q10589","NEUROLOGY","684"
"OID20781",0.930400105086167,8.38766657963446,10.0124991764006,3.96271879663982e-21,2.26509006415932e-19,37.1886829465972,"Up",TRUE,"LGALS9","O00182","INFLAMMATION","3965"
"OID21048",-0.848412274064729,1.63635091383812,-9.99407018246112,4.60497361179177e-21,2.53096434278863e-19,37.0406108404553,"Down",TRUE,"SCARF2","Q96GP6","NEUROLOGY","91179"
"OID21187",1.33390882723833,2.01743577023499,9.8862632397509,1.08959926135099e-20,5.76680497952062e-19,36.191281905391,"Up",TRUE,"RRM2","P31350","ONCOLOGY","6241"
"OID21079",-0.920265208070614,2.49372480417755,-9.86290148331041,1.31224164053055e-20,6.69711894399343e-19,36.0079504069807,"Down",TRUE,"DSC2","Q02487","NEUROLOGY","1824"
"OID21514",0.757996914670026,3.75887806788512,9.715771230116,4.19244268560894e-20,2.0658622750811e-18,34.8626793022628,"Up",TRUE,"FURIN","P09958","ONCOLOGY","5045"
"OID20104",0.687150277427488,2.91932767624021,9.58099759560054,1.20811381220974e-19,5.75464879215907e-18,33.8195096096779,"Up",TRUE,"ENTPD5","O75356","CARDIOMETABOLIC","957"
"OID21107",-0.581672189995793,1.87618590078329,-9.55961565114896,1.42726252763924e-19,6.5792198451499e-18,33.6552156613429,"Down",TRUE,"TNXB","P22105","NEUROLOGY","7148"
"OID20664",-1.02383754518705,5.1858365535248,-9.40173943151263,4.88521880174032e-19,2.18155552115216e-17,32.4429232483493,"Down",TRUE,"CLSTN2","Q9H4D0","INFLAMMATION","64084"
"OID20362",0.681900214375784,4.35890835509138,9.36122970399095,6.6559069262516e-19,2.88220939321622e-17,32.1381150208587,"Up",TRUE,"NID1","P14543","CARDIOMETABOLIC","4811"
"OID20265",-0.795173547709118,2.92362036553525,-9.21393415330327,2.06614017603425e-18,8.68386562221454e-17,31.02248086286,"Down",TRUE,"TNFRSF10C","O14798","CARDIOMETABOLIC","8794"
"OID20638",1.05963895334173,6.12384934725849,9.18334374882524,2.61187809069861e-18,1.06639251188809e-16,30.7916997443298,"Up",TRUE,"LAMP3","Q9UQV4","INFLAMMATION","27074"
"OID21159",0.681796553173599,5.6621091383812,9.13822464640881,3.66995534330266e-18,1.45676838488319e-16,30.4566898383714,"Up",TRUE,"GRN","P28799","NEUROLOGY","2896"
"OID20180",0.664997540983604,3.97661723237598,9.00682127784,9.91767529504228e-18,3.83036702611227e-16,29.4779792229066,"Up",TRUE,"TINAGL1","Q9GZM7","CARDIOMETABOLIC","64129"
"OID21062",0.736214031105504,5.77180574412533,9.00177104234037,1.03040325738133e-17,3.87485856525768e-16,29.4403681213554,"Up",TRUE,"FOLR2","P14207","NEUROLOGY","2350"
"OID20157",-0.688376267339215,1.07769216710183,-8.89234806438759,2.34679628104477e-17,8.59890227080251e-16,28.630367502509,"Down",TRUE,"CDH6","P55285","CARDIOMETABOLIC","1004"
"OID20397",-0.756090508617062,4.07834778067885,-8.8629087059826,2.9185191254036e-17,1.04264095755044e-15,28.4157639866696,"Down",TRUE,"CD93","Q9NPY3","CARDIOMETABOLIC","22918"
"OID21084",0.972465947877256,5.12056292428198,8.76035428668958,6.25980222897109e-17,2.18177009395114e-15,27.665053856752,"Up",TRUE,"WARS","P23381","NEUROLOGY","7453"
"OID20239",-0.955242063892385,2.99622245430809,-8.75438977070456,6.54211181095245e-17,2.22587566139311e-15,27.6216595963023,"Down",TRUE,"MFAP5","Q13361","CARDIOMETABOLIC","8076"
"OID20985",-1.10418434216057,3.40285665796345,-8.74594731553072,6.96337545712112e-17,2.31410779726188e-15,27.5602709830691,"Down",TRUE,"TNFRSF9","Q07011","NEUROLOGY","3604"
"OID20946",-0.56384691046658,1.8845681462141,-8.69786012907057,9.90426327566955e-17,3.21663459566631e-15,27.2136378284587,"Down",TRUE,"FLRT2","O43155","NEUROLOGY","23768"
"OID20126",-0.723633972257247,0.840514882506527,-8.63302936165,1.59838189156217e-16,5.07575049564966e-15,26.7430107709212,"Down",TRUE,"CLC","Q05315","CARDIOMETABOLIC","1178"
"OID20334",-1.22173729298024,5.08809399477807,-8.54701051352504,2.99590411776859e-16,9.3068412701985e-15,26.1252424554924,"Down",TRUE,"CCL16","O15467","CARDIOMETABOLIC","6360"
"OID20994",-0.759845876418658,1.67551618798956,-8.52335376779355,3.5583783686458e-16,1.08189844442444e-14,25.9560807275076,"Down",TRUE,"BMP4","P12644","NEUROLOGY","652"
"OID20746",-0.615723312316098,4.91078485639687,-8.37101850505051,1.06691301387453e-15,3.1762889517223e-14,24.8766906980745,"Down",TRUE,"MEGF10","Q96KG7","INFLAMMATION","84466"
"OID20653",-0.910545140815465,4.76473968668407,-8.28528515183678,1.97510128830309e-15,5.76004028772473e-14,24.271667242139,"Down",TRUE,"TNFRSF4","P43489","INFLAMMATION","7293"
"OID20772",-1.41032061790667,5.01057180156658,-8.2607624901256,2.35213016479328e-15,6.7223880109792e-14,24.1000380737628,"Down",TRUE,"CCL24","O00175","INFLAMMATION","6369"
"OID20343",-0.448563854560738,0.693620626631854,-8.25769875245774,2.4000654853268e-15,6.72488936967057e-14,24.0801504721053,"Down",FALSE,"MCAM","P43121","CARDIOMETABOLIC","4162"
"OID20173",-0.587470840689363,3.41194125326371,-8.2127605660059,3.30062974720512e-15,9.07038443991561e-14,23.7671490865093,"Down",TRUE,"GPNMB","Q14956","CARDIOMETABOLIC","10457"
"OID20255",-0.717537179487176,3.74623028720627,-8.19065443371906,3.86475655377609e-15,1.04202587082001e-13,23.6122243436348,"Down",TRUE,"TGFBR3","Q03167","CARDIOMETABOLIC","7049"
"OID21458",-0.725889289617483,4.42380861618799,-8.15903328589692,4.83257173080117e-15,1.27884166728053e-13,23.3927419082879,"Down",TRUE,"NCS1","P62166","ONCOLOGY","23413"
"OID20652",0.6877618495166,6.50119033942559,8.08742784391044,7.99337157157701e-15,2.07682326832428e-13,22.8985625542277,"Up",TRUE,"IL18R1","Q13478","INFLAMMATION","8809"
"OID21117",-0.40446102984447,0.530564751958225,-8.0808427316484,8.36887347764492e-15,2.13555717849189e-13,22.8534778289566,"Down",FALSE,"CNTN4","Q8IWV2","NEUROLOGY","152330"
"OID20145",-0.622223270281628,1.79166762402089,-8.06709644984207,9.22789781522005e-15,2.31345017157008e-13,22.7576057219229,"Down",TRUE,"ICAM5","Q9UMF0","CARDIOMETABOLIC","7087"
"OID20495",2.11557223346828,2.96134162303665,8.06056826450646,9.72191916163761e-15,2.39527973827244e-13,22.7069078341323,"Up",TRUE,"IFNG","P01579","INFLAMMATION","3458"
"OID20384",-0.77912518705338,4.50405039164491,-8.04152989250404,1.10370365770993e-14,2.67320767265676e-13,22.5818585360413,"Down",TRUE,"PCOLCE","Q15113","CARDIOMETABOLIC","5118"
"OID21315",0.818912412778474,3.37169164490862,8.01356314419695,1.34204349506367e-14,3.19630025740998e-13,22.3899400982325,"Up",TRUE,"LAG3","P18627","ONCOLOGY","3902"
"OID21028",0.626326351408152,2.43186266318538,7.99610189060309,1.51385015231539e-14,3.54077884696448e-13,22.2716448929806,"Up",TRUE,"SMPD1","P17405","NEUROLOGY","6609"
"OID20690",0.744379659520804,4.36732506527415,7.99409751151107,1.53623714843805e-14,3.54077884696448e-13,22.2572688547615,"Up",TRUE,"SIGLEC1","Q9BZZ2","INFLAMMATION","6614"
"OID20211",0.662627406473305,2.13363107049608,7.96566913066193,1.87198848801624e-14,4.24614531646857e-13,22.0632657180324,"Up",TRUE,"ANGPTL1","O95841","CARDIOMETABOLIC","9068"
"OID21439",-1.1476784741488,5.62953315926893,-7.96302931737763,1.90739971643918e-14,4.25886592936186e-13,22.0448927581498,"Down",TRUE,"MMP12","P39900","ONCOLOGY","4321"
"OID20302",0.642549684741485,5.66979869451697,7.84877103896662,4.19245706693331e-14,9.21695561330416e-13,21.2720520564156,"Up",TRUE,"ST6GAL1","P15907","CARDIOMETABOLIC","6480"
"OID21517",-0.767435245901636,1.81500704960836,-7.78625020020305,6.44577111152512e-14,1.39560710884385e-12,20.8501990491804,"Down",TRUE,"KLK8","O60259","ONCOLOGY","11202"
"OID20759",-0.823711202185788,3.87662532637076,-7.76756313164114,7.32308981041088e-14,1.56189482672793e-12,20.7250445432628,"Down",TRUE,"SPON1","Q9HCB6","INFLAMMATION","10418"
"OID20306",-0.448390878520385,2.51882375979112,-7.72487790462016,9.77365518604264e-14,2.0539048913022e-12,20.441871419803,"Down",FALSE,"PTPRS","Q13332","CARDIOMETABOLIC","5802"
"OID20368",-0.891506326187471,3.35617806788512,-7.64953913682972,1.6313803124428e-13,3.37861227026196e-12,19.9396680611187,"Down",TRUE,"THBS4","P35443","CARDIOMETABOLIC","7060"
"OID21416",-0.439597562000838,1.15414934725849,-7.59881747905576,2.29219144496947e-13,4.67934510694482e-12,19.6062454099253,"Down",FALSE,"ITGAV","P06756","ONCOLOGY","3685"
"OID20376",-0.371903451029843,2.23571488250653,-7.58571385299735,2.50198933330867e-13,5.03569402436351e-12,19.5203919322788,"Down",FALSE,"ITGB1","P05556","CARDIOMETABOLIC","3688"
"OID21054",-0.536460874316938,3.00352558746736,-7.53473791407719,3.52075185854844e-13,6.98771445259128e-12,19.1856680397191,"Down",TRUE,"CPM","P14384","NEUROLOGY","1368"
"OID20299",-1.11322515762925,2.84009295039164,-7.51617467769149,3.99116756310303e-13,7.81284718859483e-12,19.0628688674745,"Down",TRUE,"CCN3","P48745","CARDIOMETABOLIC","4856"
"OID20933",-0.584145649432532,2.4351725848564,-7.50999125463663,4.15494067238747e-13,8.02352732546175e-12,19.0234177029815,"Down",TRUE,"GFRA3","O60609","NEUROLOGY","2676"
"OID21298",-0.594932955023117,1.42549242819843,-7.50729063486826,4.23458009670225e-13,8.0682866109167e-12,19.0048669203237,"Down",TRUE,"CD207","Q9UJ71","ONCOLOGY","50489"
"OID20916",-1.46401436738125,2.07014255874674,-7.39324031827548,9.01447458992971e-13,1.69495844592231e-11,18.2648045391297,"Down",TRUE,"PSG1","P11464","NEUROLOGY","5669"
"OID20390",-0.394013236654055,1.87983864229765,-7.3640005146002,1.09080091402348e-12,2.02435650147995e-11,18.0780136008485,"Down",FALSE,"NRP1","O14786","CARDIOMETABOLIC","8829"
"OID20355",0.753307129045816,4.81667415143603,7.33724449162695,1.30233857494971e-12,2.38595105590146e-11,17.9045614978682,"Up",TRUE,"LBP","P18428","CARDIOMETABOLIC","3929"
"OID20345",-0.352395859604874,1.98468041775457,-7.29840484161876,1.6761848986064e-12,3.03198508874499e-11,17.6574279165688,"Down",FALSE,"VASN","Q6EMK4","CARDIOMETABOLIC","114990"
"OID20787",-1.25127873055905,5.11179190600522,-7.28439623932933,1.83959365910107e-12,3.28597417356928e-11,17.5664619237488,"Down",TRUE,"TFF2","Q03403","INFLAMMATION","7032"
"OID20383",-0.951518163093732,3.73900078328982,-7.27498579969711,1.95591110923153e-12,3.41318570394882e-11,17.5064518738487,"Down",TRUE,"HSPG2","P98160","CARDIOMETABOLIC","3339"
"OID20275",-0.750023883984863,0.338053263707572,-7.27477632688775,1.95858101976069e-12,3.41318570394882e-11,17.5051167408887,"Down",TRUE,"MSMB","P08118","CARDIOMETABOLIC","4477"
"OID21284",-0.902418217738543,1.84048459530026,-7.26305995378959,2.1137711058964e-12,3.63925169918789e-11,17.4304855439538,"Down",TRUE,"SERPINA9","Q86WD7","ONCOLOGY","327657"
"OID20883",0.937879676334593,1.49966135770235,7.20744115203852,3.03205066915242e-12,5.15809572168905e-11,17.0774492056182,"Up",TRUE,"BRK1","Q8WUW1","NEUROLOGY","55845"
"OID20550",-0.520842992854138,0.511870496083551,-7.1945725988196,3.29505396411102e-12,5.53956719378194e-11,16.9960609518668,"Down",TRUE,"COL9A1","P20849","INFLAMMATION","1297"
"OID20227",1.12579089533417,2.1081637075718,7.14073376601889,4.66116707157952e-12,7.7451252852176e-11,16.6567559785952,"Up",TRUE,"FBP1","P09467","CARDIOMETABOLIC","2203"
"OID21393",-0.636134754098357,1.17781749347258,-7.11893297490259,5.36110851522709e-12,8.80577479110289e-11,16.5199165411352,"Down",TRUE,"ITGB7","P26010","ONCOLOGY","3695"
"OID20953",0.637268213535096,3.32242872062663,7.10095605825004,6.01340854683747e-12,9.65523686902331e-11,16.4076046693554,"Up",TRUE,"TNFSF14","O43557","NEUROLOGY","8740"
"OID20109",-0.45970680538041,3.51774699738903,-7.06830909308609,7.39917294149931e-12,1.17482423704472e-10,16.2047498765772,"Down",FALSE,"ADAM15","Q13444","CARDIOMETABOLIC","8751"
"OID21112",0.760933909205544,4.02330026109661,7.02394902647135,9.8262780056248e-12,1.54304959011405e-10,15.9274719438696,"Up",TRUE,"CLEC11A","Q9Y240","NEUROLOGY","6320"
"OID20705",0.371762185792348,4.82431749347259,6.98742158728597,1.2367355705344e-11,1.90207540041627e-10,15.7025668546069,"Up",FALSE,"ERBB3","P21860","INFLAMMATION","2065"
"OID21052",-0.611835418242956,4.71719634464752,-6.98740739075159,1.23787972175446e-11,1.90207540041627e-10,15.7017120038706,"Down",TRUE,"TNFRSF21","O75509","NEUROLOGY","27242"
"OID21007",-0.323411366120217,0.844586422976501,-6.97622877331884,1.32738931818449e-11,2.01791418689962e-10,15.6334291178983,"Down",FALSE,"ROBO2","Q9HCK4","NEUROLOGY","6092"
"OID20243",-0.361414573350145,1.75368302872063,-6.95999694935435,1.47057084532499e-11,2.21204814523096e-10,15.5333181074738,"Down",FALSE,"CDH5","P33151","CARDIOMETABOLIC","1003"
"OID21064",-0.792459617486335,4.79624569190601,-6.95281237235602,1.54082615732851e-11,2.29358393627338e-10,15.487794208312,"Down",TRUE,"JAM2","P57087","NEUROLOGY","58494"
"OID20378",0.6916211223203,7.14910339425587,6.94168862541848,1.65219294632646e-11,2.43400383536135e-10,15.4195860222392,"Up",TRUE,"CD14","P08571","CARDIOMETABOLIC","929"
"OID21322",0.534867166876835,2.57959373368146,6.9336203995468,1.73712664570265e-11,2.53301426194805e-10,15.3705659516363,"Up",TRUE,"ST3GAL1","Q11201","ONCOLOGY","6482"
"OID21460",-0.636735372005042,4.11321227154047,-6.93015039679083,1.77646642520621e-11,2.56421264810068e-10,15.3487191986953,"Down",TRUE,"DSG3","P32926","ONCOLOGY","1830"
"OID21195",0.278881105506514,2.19747650130548,6.91979725708798,1.89379813104502e-11,2.70623752926334e-10,15.2861628035686,"Up",FALSE,"CA11","O75493","ONCOLOGY","770"
"OID21130",-0.61044934846574,0.645836031331593,-6.91581228307882,1.94440420380679e-11,2.75104317548505e-10,15.2604782607776,"Down",TRUE,"CD300LG","Q6UXG3","NEUROLOGY","146894"
"OID20049",-1.77180200084068,2.35784778067885,-6.91149481655409,1.9977900975452e-11,2.79886475430597e-10,15.2340146438066,"Down",TRUE,"NPPB","P16860","CARDIOMETABOLIC","4879"
"OID20904",0.929726620428748,3.33567127937337,6.87708894390794,2.47797389998499e-11,3.40688905918933e-10,15.0235861925863,"Up",TRUE,"MAD1L1","Q9Y6D9","NEUROLOGY","8379"
"OID20401",-0.603434316939887,6.55429164490862,-6.87687034106669,2.47947139367173e-11,3.40688905918933e-10,15.022949966737,"Down",TRUE,"CCL14","Q16627","CARDIOMETABOLIC","6358"
"OID21494",0.665397713324923,4.54685770234987,6.81581189591156,3.62911459840923e-11,4.93905215345408e-10,14.6509343686157,"Up",TRUE,"NELL1","Q92832","ONCOLOGY","4745"
"OID20573",-0.502781715006304,2.12196631853786,-6.7920973519528,4.2010090481517e-11,5.66343578283847e-10,14.5080035737436,"Down",TRUE,"CLEC4A","Q9UMR7","INFLAMMATION","50856"
"OID20716",-0.413571235813366,5.39295091383812,-6.77498664366647,4.66777412630314e-11,6.23387778176373e-10,14.4051094922003,"Down",FALSE,"CD58","P19256","INFLAMMATION","965"
"OID20238",-0.566313778898695,2.85644725848564,-6.77116402722551,4.78304262705646e-11,6.29663810204275e-10,14.3813420745395,"Down",TRUE,"PLTP","P55058","CARDIOMETABOLIC","5360"
"OID20096",0.767090689365277,2.40250574412533,6.77057160654245,4.80289400365752e-11,6.29663810204275e-10,14.3773286927089,"Up",TRUE,"GZMH","P20718","CARDIOMETABOLIC","2999"
"OID21421",0.75718373266078,4.63275613577023,6.68680714926918,8.03817346867962e-11,1.04043632802876e-09,13.8746910470133,"Up",TRUE,"VWA1","Q6PCB0","ONCOLOGY","64856"
"OID21154",-1.16988587221521,2.28006892950392,-6.68592325578122,8.08176573906171e-11,1.04043632802876e-09,13.8694134895903,"Down",TRUE,"TFF1","P04155","NEUROLOGY","7031"
"OID20330",-0.330820592686002,0.452741253263708,-6.67803683875475,8.47320361234737e-11,1.08108999661111e-09,13.8232016753482,"Down",FALSE,"FAP","Q12884","CARDIOMETABOLIC","2191"
"OID20989",0.613146729718366,5.10659791122715,6.66786318987345,9.02209445976656e-11,1.14093566221296e-09,13.7619972681235,"Up",TRUE,"PSME2","Q9UL46","NEUROLOGY","5721"
"OID21138",0.590652610340475,1.79995535248042,6.63943607238234,1.07328024264165e-10,1.34536619889027e-09,13.5926262386542,"Up",TRUE,"ARSA","P15289","NEUROLOGY","410"
"OID20696",-0.503603858764183,3.32290391644909,-6.63499634645194,1.10166513890304e-10,1.36893868129777e-09,13.5671032261171,"Down",TRUE,"IL10RB","Q08334","INFLAMMATION","3588"
"OID21443",-0.385056191677174,3.29118563968668,-6.60810795338098,1.29681517121446e-10,1.59754213764264e-09,13.4080080974813,"Down",FALSE,"PRTG","Q2VWP7","ONCOLOGY","283659"
"OID21136",-0.584708717948715,4.03881906005222,-6.59187192777301,1.43192487347563e-10,1.74890653350143e-09,13.3113965441868,"Down",TRUE,"IL7R","P16871","NEUROLOGY","3575"
"OID20292",-1.05250037831021,5.56261618798956,-6.55478753542385,1.79222610567916e-10,2.17041619069112e-09,13.0925672556667,"Down",TRUE,"COL6A3","P12111","CARDIOMETABOLIC","1293"
"OID21419",-0.896855388818828,3.52632349869452,-6.5338110480709,2.03347969442331e-10,2.44188443977387e-09,12.9694402887013,"Down",TRUE,"CLMP","Q9H6B4","ONCOLOGY","79827"
"OID21291",-0.740561702395962,3.56906919060052,-6.52845640337795,2.09999965019889e-10,2.48347685676631e-09,12.9380603320358,"Down",TRUE,"KLK13","Q9UKR3","ONCOLOGY","26085"
"OID21001",-0.717337696511135,3.04702375979112,-6.52822879066226,2.10287403547043e-10,2.48347685676631e-09,12.9367269033554,"Down",TRUE,"ADAM22","Q9P0K1","NEUROLOGY","53616"
"OID21364",-0.632875889029001,0.627720365535248,-6.51633250009418,2.25859820653252e-10,2.64552199765162e-09,12.8670863605984,"Down",TRUE,"TMPRSS15","P98073","ONCOLOGY","5651"
"OID20416",0.537108528793608,3.02330939947781,6.50905375561369,2.35822878633502e-10,2.73976336233556e-09,12.8249760401985,"Up",TRUE,"GGH","Q92820","CARDIOMETABOLIC","8836"
"OID20081",-0.451770836485917,2.3188911227154,-6.50401571494271,2.42967068465351e-10,2.79999952287892e-09,12.7958615843307,"Down",FALSE,"EDIL3","O43854","CARDIOMETABOLIC","10085"
"OID20581",-0.537908860865909,1.75866736292428,-6.49608786168923,2.54999019062455e-10,2.91514878592199e-09,12.7488086076063,"Down",TRUE,"ITGA11","Q9UKX5","INFLAMMATION","22801"
"OID21483",-0.341633177805799,-0.00304621409921671,-6.45580036053237,3.24307537296776e-10,3.67805929204042e-09,12.514485669258,"Down",FALSE,"CD1C","P29017","ONCOLOGY","911"
"OID21349",-0.531352648171497,1.41919477806789,-6.43615013402933,3.64613341984885e-10,4.10261784012914e-09,12.4003589793536,"Down",TRUE,"DTX3","Q8N9I9","ONCOLOGY","196403"
"OID21274",-0.470051282051279,1.04742845953003,-6.39516013575305,4.64945490757856e-10,5.19068051791387e-09,12.16355936476,"Down",FALSE,"IGF1R","P08069","ONCOLOGY","3480"
"OID20660",0.638470546448084,3.8357592689295,6.39051310201438,4.77900978149261e-10,5.2939573470953e-09,12.1367904062941,"Up",TRUE,"CTSO","P43234","INFLAMMATION","1519"
"OID20533",0.850222433795707,4.4393046997389,6.38534772676743,4.92716799542325e-10,5.41609466573833e-09,12.1070540057546,"Up",TRUE,"TRIM21","P19474","INFLAMMATION","6737"
"OID20189",-0.433471946195878,3.0251864229765,-6.37382971084769,5.26920748450779e-10,5.74786068348216e-09,12.0416260350893,"Down",FALSE,"ADGRG2","Q8IZP9","CARDIOMETABOLIC","10149"
"OID21391",-1.27318466162253,4.15744595300261,-6.36688975594688,5.49429154853703e-10,5.94798683549956e-09,12.0009525678564,"Down",TRUE,"KLK4","Q9Y5K2","ONCOLOGY","9622"
"OID20113",0.665054010088269,3.29710835509138,6.35581925354662,5.86460838052263e-10,6.30114689907281e-09,11.9374354372732,"Up",TRUE,"CTSH","P09668","CARDIOMETABOLIC","1512"
"OID20363",-0.438369604875996,2.86633107049608,-6.34128502701485,6.38256183784641e-10,6.80647825841979e-09,11.8549646862187,"Down",FALSE,"AXL","P30530","CARDIOMETABOLIC","558"
"OID20651",-0.566942660781838,3.94224516971279,-6.33177213123595,6.75342413234403e-10,7.14862450749602e-09,11.8000159191872,"Down",TRUE,"ADAM23","O75077","INFLAMMATION","8745"
"OID20692",0.451113518284992,4.52108798955614,6.30807521535688,7.75530881744143e-10,8.13813184160266e-09,11.665307513662,"Up",FALSE,"CD48","P09326","INFLAMMATION","962"
"OID21372",-0.789992131147536,2.18479399477807,-6.30719437178064,7.80212779775762e-10,8.13813184160266e-09,11.6595101347097,"Down",TRUE,"FAM3B","P58499","ONCOLOGY","54097"
"OID20969",0.576378894493482,6.02230522193211,6.29833990292236,8.21388811795402e-10,8.50554066706978e-09,11.6094211824071,"Up",TRUE,"PSME1","Q06323","NEUROLOGY","5720"
"OID20257",-0.234789003783101,1.07893472584856,-6.27449769776181,9.43521118177395e-10,9.6999401286007e-09,11.4744580521727,"Down",FALSE,"PEAR1","Q5VY43","CARDIOMETABOLIC","375033"
"OID20599",0.561790323665403,3.24314281984334,6.2626044524273,1.01198483481734e-09,1.03294737782427e-08,11.4063418461275,"Up",TRUE,"CD70","P32970","INFLAMMATION","970"
"OID20647",-0.867403795712481,4.73298224543081,-6.25532913077991,1.05594659069149e-09,1.07017565822563e-08,11.3649749639225,"Down",TRUE,"CD160","O95971","INFLAMMATION","11126"
"OID20316",-0.518829306431271,6.01245613577024,-6.23773029116734,1.1688396296276e-09,1.1746072804711e-08,11.2660916131996,"Down",TRUE,"FAS","P25445","CARDIOMETABOLIC","355"
"OID21515",0.457295329970574,2.64393263707572,6.23675246710672,1.17542925897388e-09,1.1746072804711e-08,11.2606178314834,"Up",FALSE,"CREG1","O75629","ONCOLOGY","8804"
"OID21378",-1.23029272123225,2.45634973544974,-6.23148662083148,1.22729717093948e-09,1.21792198421702e-08,11.2246311136431,"Down",TRUE,"MUC16","Q8WXI7","ONCOLOGY","94025"
"OID20951",-0.643593724253886,2.66172245430809,-6.21553243912832,1.33021411334273e-09,1.31094894342535e-08,11.1403189139129,"Down",TRUE,"MDGA1","Q8NFP4","NEUROLOGY","266727"
"OID21328",-0.782886116015129,3.64637206266319,-6.21335888928708,1.34705161380998e-09,1.31844983296881e-08,11.1280827222603,"Down",TRUE,"CD302","Q8IX05","ONCOLOGY","9936"
"OID21499",-1.00446188734762,3.71093420365535,-6.20897247691285,1.38166869668989e-09,1.34313235889105e-08,11.1033996704619,"Down",TRUE,"KLK1","P06870","ONCOLOGY","3816"
"OID20393",-0.598457990752416,3.08158015665796,-6.20384513546524,1.42323746726987e-09,1.3741934734653e-08,11.0745653448982,"Down",TRUE,"CR2","P20023","CARDIOMETABOLIC","1380"
"OID20129",-0.67971461958806,1.66976161879896,-6.1985372111826,1.46755897592424e-09,1.40747770241324e-08,11.0447359961224,"Down",TRUE,"TSHB","P01222","CARDIOMETABOLIC","7252"
"OID20543",0.753855573770488,2.45647885117493,6.19699479548595,1.48068954843761e-09,1.41060357647823e-08,11.0360718783613,"Up",TRUE,"PROK1","P58294","INFLAMMATION","84432"
"OID21123",-1.05577490121899,2.65273289817232,-6.18877382062777,1.55263737691523e-09,1.46935020636547e-08,10.989922442904,"Down",TRUE,"OGN","P20774","NEUROLOGY","4969"
"OID21057",-0.35879215636822,2.92116240208877,-6.1562016767798,1.87119476435613e-09,1.75916928833217e-08,10.8083650145388,"Down",FALSE,"NTRK3","Q16288","NEUROLOGY","4916"
"OID20912",-0.7950062211013,2.462972845953,-6.15173786294771,1.92149361245823e-09,1.79464991647243e-08,10.782638712834,"Down",TRUE,"PTPRN2","Q92932","NEUROLOGY","5799"
"OID20200",-1.13740756620428,3.13081618798956,-6.12399143339667,2.25272039800145e-09,2.07858359465122e-08,10.628015500206,"Down",TRUE,"FABP2","P12104","CARDIOMETABOLIC","2169"
"OID20307",-0.302471076082386,1.63358903394256,-6.12369443398093,2.25458682414932e-09,2.07858359465122e-08,10.6271444877945,"Down",FALSE,"CNTN1","Q12860","CARDIOMETABOLIC","1272"
"OID21008",-0.635489264396802,1.3641135770235,-6.10987101569559,2.44210232302137e-09,2.23702834589586e-08,10.5495467639845,"Down",TRUE,"CDH3","P22223","NEUROLOGY","1001"
"OID20745",-0.829343900798652,4.64194360313316,-6.10447894154482,2.51845454645234e-09,2.29227487062445e-08,10.5196217008244,"Down",TRUE,"CCL17","Q92583","INFLAMMATION","6361"
"OID20410",0.430565443463638,4.84201566579634,6.0795393597615,2.90084879041155e-09,2.62361577310007e-08,10.3821750642426,"Up",FALSE,"C2","P06681","CARDIOMETABOLIC","717"
"OID20295",-0.811482934005879,4.16732349869452,-6.06231082608928,3.20168340021587e-09,2.87748778547703e-08,10.286346531117,"Down",TRUE,"DLK1","P80370","CARDIOMETABOLIC","8788"
"OID20414",-0.574405838587639,4.4772634464752,-6.06028533376678,3.23820810694077e-09,2.89212461551148e-08,10.2753124429067,"Down",TRUE,"EFEMP1","Q12805","CARDIOMETABOLIC","2202"
"OID21412",-0.571479083648588,2.75873133159269,-6.05019987648683,3.42936823929365e-09,3.0438305676712e-08,10.2195948668502,"Down",TRUE,"ANGPTL7","O43827","ONCOLOGY","10218"
"OID20380",-0.469242879361075,3.98568120104439,-6.04082602348119,3.61404576790367e-09,3.18794531008293e-08,10.1685840401358,"Down",FALSE,"CD46","P15529","CARDIOMETABOLIC","4179"
"OID21072",-0.19471713745271,-0.150665796344648,-6.02403833560993,3.9732796661867e-09,3.48332309385325e-08,10.0765099715105,"Down",FALSE,"APOH","P02749","NEUROLOGY","350"
"OID20602",0.543093589743588,1.47319608355091,6.00961727787512,4.31371954479887e-09,3.75872270092536e-08,9.99672065143536,"Up",TRUE,"SLAMF7","Q9NQ25","INFLAMMATION","57823"
"OID21384",-0.708368827238332,2.53150966057441,-6.00725028367607,4.37166808821347e-09,3.78612951397397e-08,9.98375972384498,"Down",TRUE,"MOG","Q16653","ONCOLOGY","4340"
"OID21032",-0.531133089533415,0.727250391644909,-5.97914868770205,5.12052047112419e-09,4.40796611640751e-08,9.8302072628912,"Down",TRUE,"SUMF2","Q8NBJ7","NEUROLOGY","25870"
"OID21126",-0.430099983186211,2.84283577023499,-5.97112288341666,5.35315136358303e-09,4.58063071770069e-08,9.78701595753801,"Down",FALSE,"IL1RAP","Q9NPH3","NEUROLOGY","3556"
"OID20361",-0.426051778058006,3.45953133159269,-5.94770072888706,6.1033197954048e-09,5.19145475454373e-08,9.65967989921725,"Down",FALSE,"SPARCL1","Q14515","CARDIOMETABOLIC","8404"
"OID21094",-0.828694716267335,1.80764647519582,-5.93836950864672,6.43445034534457e-09,5.440727540531e-08,9.60844461760389,"Down",TRUE,"PIK3IP1","Q96FE7","NEUROLOGY","113791"
"OID21528",0.447959630096678,5.96187127937337,5.91618772455958,7.27715267178211e-09,6.1170889223392e-08,9.48893106402011,"Up",FALSE,"CEACAM1","P13688","ONCOLOGY","634"
"OID21351",-0.376531786464899,3.02839451697128,-5.88538329805782,8.63538286957011e-09,7.21635211731911e-08,9.32285416640461,"Down",FALSE,"ICOSLG","O75144","ONCOLOGY","23308"
"OID21520",-0.337366481715005,4.5307861618799,-5.86849340251866,9.48261365453844e-09,7.8782877397299e-08,9.23204808483554,"Down",FALSE,"ERBB2","P04626","ONCOLOGY","2064"
"OID21337",0.681648297604032,3.46018851174935,5.85085327157841,1.04616969104952e-08,8.64148259254201e-08,9.1367870759501,"Up",TRUE,"ELOA","Q14241","ONCOLOGY","6924"
"OID21446",-0.880708692728033,4.48751644908616,-5.84129220489116,1.10284502136807e-08,9.05727319272969e-08,9.08561317745644,"Down",TRUE,"TNFRSF19","Q9NS68","ONCOLOGY","55504"
"OID20600",-0.599551975620006,2.88092819843342,-5.8292780057473,1.17832153689204e-08,9.62183700696418e-08,9.02140858107504,"Down",TRUE,"TGFA","P01135","INFLAMMATION","7039"
"OID21135",0.589674413619165,2.13862637075718,5.81321697812103,1.28713546292018e-08,1.04506623665508e-07,8.93575034785809,"Up",TRUE,"TXNRD1","Q16881","NEUROLOGY","7296"
"OID20784",-0.860354821353506,6.08858668407311,-5.79948258089225,1.38791110848012e-08,1.12052258419101e-07,8.86265779375606,"Down",TRUE,"REG4","Q9BYZ8","INFLAMMATION","83998"
"OID20235",0.433216372425388,2.69386005221932,5.78433553413356,1.50714679078726e-08,1.20995099103089e-07,8.78270452685916,"Up",FALSE,"PCSK9","Q8NBP7","CARDIOMETABOLIC","255738"
"OID20276",-0.568258474148798,2.88465117493473,-5.77421816928443,1.59375927249026e-08,1.27233631306625e-07,8.72858289481399,"Down",TRUE,"CTSB","P07858","CARDIOMETABOLIC","1508"
"OID21495",0.339108432114333,3.06705744125326,5.75619341617775,1.75729680266211e-08,1.39509840611342e-07,8.63384209037987,"Up",FALSE,"TXNDC15","Q96J42","ONCOLOGY","79770"
"OID21330",-0.334454703656997,0.81918955613577,-5.73586991237783,1.96361991284289e-08,1.55028334555386e-07,8.52628886828102,"Down",FALSE,"GFRA2","O00451","ONCOLOGY","2675"
"OID20437",0.167229693148381,1.45915195822454,5.72945726554405,2.03248999891421e-08,1.59583967497165e-07,8.49285329567651,"Up",FALSE,"AMBN","Q9NP70","INFLAMMATION","258"
"OID20676",0.509366364018491,3.16357989556136,5.68323688523939,2.61179393916376e-08,2.03948280823225e-07,8.24995499006941,"Up",TRUE,"SMPDL3A","Q92484","INFLAMMATION","10924"
"OID21110",-0.616847356031943,3.79365639686684,-5.65364703963001,3.06337821308594e-08,2.37911275353251e-07,8.09551967476187,"Down",TRUE,"CD99","P14209","NEUROLOGY","4267"
"OID21017",0.388913068516182,0.620263968668407,5.64261481978391,3.25034468043044e-08,2.5106716477487e-07,8.03815797650624,"Up",FALSE,"EZR","P15311","NEUROLOGY","7430"
"OID21463",-0.664091828499366,5.36873864229765,-5.63325841568532,3.41758035137262e-08,2.62565716242552e-07,7.98958395961996,"Down",TRUE,"ANGPT2","O15123","ONCOLOGY","285"
"OID21411",-1.39830217738545,3.13947467362924,-5.62560851847717,3.56051322198176e-08,2.72084138727911e-07,7.9499200483854,"Down",TRUE,"FGF23","Q9GZV9","ONCOLOGY","8074"
"OID20932",0.510989991593104,2.13320234986945,5.61547443309413,3.75885191225164e-08,2.85712733117425e-07,7.89744621569417,"Up",TRUE,"SERPINB9","P50453","NEUROLOGY","5272"
"OID20679",0.368868499369481,2.64283107049608,5.61085487928516,3.85061889448303e-08,2.91139386254828e-07,7.8740491100043,"Up",FALSE,"CTSC","P53634","INFLAMMATION","1075"
"OID21011",0.548477393862966,4.51082062663185,5.60092975602089,4.06228598650904e-08,3.05526667090601e-07,7.82230455448941,"Up",TRUE,"PVR","P15151","NEUROLOGY","5817"
"OID20300",-0.374148461538459,3.28763733681462,-5.58698715389221,4.37313189631792e-08,3.25767735879093e-07,7.75089814291651,"Down",FALSE,"HYOU1","Q9Y4L1","CARDIOMETABOLIC","10525"
"OID20928",-0.443604379991591,2.23233289817232,-5.58688898320298,4.37700526863442e-08,3.25767735879093e-07,7.75007408797658,"Down",FALSE,"CLEC10A","Q8IUN9","NEUROLOGY","10462"
"OID20970",-0.813580071458592,2.76204960835509,-5.58108704309355,4.51533160501443e-08,3.34321702775421e-07,7.71998823651572,"Down",TRUE,"LAYN","Q6UX15","NEUROLOGY","143903"
"OID21150",0.667131530054638,4.28928328981723,5.56065532572468,5.03293498975658e-08,3.70724953626915e-07,7.6149878283318,"Up",TRUE,"CTRB1","P17538","NEUROLOGY","1504"
"OID20807",-0.533581269440939,0.715144386422977,-5.52672195208912,6.02274447402963e-08,4.4135906940453e-07,7.44132539510418,"Down",TRUE,"MMP13","P45452","NEUROLOGY","4322"
"OID21065",-0.427189104665825,3.76425639686684,-5.51382550933122,6.44358215650674e-08,4.69789739880006e-07,7.37596739420928,"Down",FALSE,"RGMA","Q96B86","NEUROLOGY","56963"
"OID20719",0.438951424968472,4.62042584856397,5.49592482101211,7.0799949529101e-08,5.13569177041042e-07,7.28489795593245,"Up",FALSE,"CSF1","P09603","INFLAMMATION","1435"
"OID20268",-0.321280849096257,2.64179843342037,-5.49149870497418,7.2456205343458e-08,5.22928875938391e-07,7.26253040379542,"Down",FALSE,"PDGFRB","P09619","CARDIOMETABOLIC","5159"
"OID20512",-0.748380731399745,0.371884856396867,-5.48824538534575,7.37474129197213e-08,5.2957313096624e-07,7.24550862762292,"Down",TRUE,"ALDH3A1","P30838","INFLAMMATION","218"
"OID20148",0.544972559899115,2.94804751958225,5.4787498037154,7.75134432017195e-08,5.53833551676286e-07,7.1973629688036,"Up",TRUE,"DCTPP1","Q9H773","CARDIOMETABOLIC","79077"
"OID20205",-0.740879352669185,2.38983289817232,-5.46205605893314,8.45924620976221e-08,6.01406111131851e-07,7.11289309291992,"Down",TRUE,"NPDC1","Q9NQX5","CARDIOMETABOLIC","56654"
"OID21451",-0.999776460697765,4.7355590078329,-5.45166158676271,8.93136103638646e-08,6.31827471336448e-07,7.0604087536475,"Down",TRUE,"EDA2R","Q9HAV5","ONCOLOGY","60401"
"OID21423",0.397121803278687,4.49359582245431,5.45044439091567,8.9838187146879e-08,6.32407731196503e-07,7.05470260198612,"Up",FALSE,"GALNT2","Q10471","ONCOLOGY","2590"
"OID20233",-0.819583593947033,5.34278668407311,-5.42890511125724,1.00560807500969e-07,7.0441859764159e-07,6.94580438480011,"Down",TRUE,"FAM3C","Q92520","CARDIOMETABOLIC","10447"
"OID20298",0.636091013030682,3.18839895561358,5.42379511748191,1.03269470055998e-07,7.16647873798069e-07,6.92012631172134,"Up",TRUE,"CELA3A","P09093","CARDIOMETABOLIC","10136"
"OID21321",-0.624139894913826,0.775616971279373,-5.42372033725124,1.03309630512528e-07,7.16647873798069e-07,6.9197506897655,"Down",TRUE,"TAFA5","Q7Z5A7","ONCOLOGY","25817"
"OID20596",1.13781348886086,2.9021365535248,5.41779519089793,1.06540408558223e-07,7.35489100626572e-07,6.89000272637238,"Up",TRUE,"KRT19","P08727","INFLAMMATION","3880"
"OID20136",-0.288014678436317,0.991987206266319,-5.40548089987011,1.13523120804258e-07,7.79925671294639e-07,6.82864110359716,"Down",FALSE,"NTRK2","Q16620","CARDIOMETABOLIC","4915"
"OID21531",-0.468750676754937,3.90753342036554,-5.40436229901904,1.14208509183365e-07,7.8088018958387e-07,6.8228482325218,"Down",FALSE,"MIA","Q16674","ONCOLOGY","8190"
"OID20649",-0.46152428751576,3.69355221932115,-5.38767064795264,1.24517604413912e-07,8.47312650988e-07,6.73938280697118,"Down",FALSE,"CD6","P30203","INFLAMMATION","923"
"OID20999",-0.687155073560316,4.64355953002611,-5.37010232052286,1.36375024832422e-07,9.23601471495408e-07,6.65157130485578,"Down",TRUE,"ACVRL1","P37023","NEUROLOGY","94"
"OID20161",-0.271305792349725,2.39388041775457,-5.36907092015606,1.37028813130659e-07,9.2365176397977e-07,6.64690154337254,"Down",FALSE,"TYRO3","Q06418","CARDIOMETABOLIC","7301"
"OID20274",1.0952796595208,3.45766240208877,5.35868935182619,1.44637269595041e-07,9.70359897893492e-07,6.59478305008214,"Up",TRUE,"PLA2G2A","P14555","CARDIOMETABOLIC","5320"
"OID20941",0.438959693148381,2.20979268929504,5.35075946416104,1.50641860434519e-07,1.00592158206041e-06,6.55550320717904,"Up",FALSE,"IFNGR2","P38484","NEUROLOGY","3460"
"OID20847",0.849350575872213,3.03329373368146,5.34145931745638,1.58038619015834e-07,1.0504055189471e-06,6.50924744271385,"Up",TRUE,"PTS","Q03393","NEUROLOGY","5805"
"OID21453",0.865915788146275,8.89979817232376,5.33989437962113,1.5931386218099e-07,1.05397920859553e-06,6.50149032276445,"Up",TRUE,"SORD","Q00796","ONCOLOGY","6652"
"OID21503",0.291298667507355,1.06114464751958,5.32267229067608,1.73953739956809e-07,1.14552946727318e-06,6.41660527951949,"Up",FALSE,"SIAE","Q9HAT2","ONCOLOGY","54414"
"OID21101",-0.806111084489278,6.00934621409922,-5.31452790153629,1.81432420840729e-07,1.18929784119909e-06,6.37602643484003,"Down",TRUE,"GUCA2A","Q02747","NEUROLOGY","2980"
"OID21093",0.428751193778897,3.45517859007833,5.29368930281904,2.01741746861881e-07,1.31638792815355e-06,6.27362342062297,"Up",FALSE,"INHBC","P55103","NEUROLOGY","3626"
"OID20366",-0.333618192517862,2.18406083550914,-5.28481246825281,2.11050327383459e-07,1.37086780832256e-06,6.23009737267099,"Down",FALSE,"CHL1","O00533","CARDIOMETABOLIC","10752"
"OID21484",-0.231159041614122,0.799102349869452,-5.27690758239557,2.19702263723759e-07,1.41760138194773e-06,6.19133945111494,"Down",FALSE,"L1CAM","P32004","ONCOLOGY","3897"
"OID20657",0.44689154686843,5.01103994778068,5.27647497622488,2.20229185998878e-07,1.41760138194773e-06,6.18904857047106,"Up",FALSE,"MERTK","Q12866","INFLAMMATION","10461"
"OID21486",-0.663103236654054,2.48390026109661,-5.26703621422589,2.31122454873707e-07,1.48104927360774e-06,6.14251698022157,"Down",TRUE,"NBL1","P41271","ONCOLOGY","4681"
"OID21309",0.866616792770068,4.76698590078329,5.24623750807241,2.56828378368395e-07,1.63842746735909e-06,6.04082361252646,"Up",TRUE,"GRPEL1","Q9HAV7","ONCOLOGY","80273"
"OID20489",0.577759197141654,2.13458903394256,5.24214645421466,2.6220125352308e-07,1.66526929459769e-06,6.02086177538759,"Up",TRUE,"GBP2","P32456","INFLAMMATION","2634"
"OID20726",0.405014232870953,3.80167963446475,5.23489266886719,2.71892904633069e-07,1.7191812421268e-06,5.98583078983261,"Up",FALSE,"ANGPTL2","Q9UKU9","INFLAMMATION","23452"
"OID20565",-0.479635052543083,2.67404647519582,-5.23244050251592,2.7538360390528e-07,1.73358224661077e-06,5.97357027714113,"Down",FALSE,"CD83","Q01151","INFLAMMATION","9308"
"OID21038",-0.781876654056322,2.60583107049608,-5.22225406467165,2.89918465159101e-07,1.81707669610682e-06,5.92399140943547,"Down",TRUE,"CHGB","P05060","NEUROLOGY","1114"
"OID21296",0.918449924337954,5.68130652741514,5.21754250805007,2.9688810544401e-07,1.85263363615498e-06,5.901094212042,"Up",TRUE,"KRT18","P05783","ONCOLOGY","3875"
"OID20937",0.854003488860862,4.21807597911227,5.19418642185639,3.33906549564467e-07,2.0745759101201e-06,5.78785322236856,"Up",TRUE,"FKBP5","Q13451","NEUROLOGY","2289"
"OID20714",0.896143215636815,6.54355039164491,5.18275569062277,3.53617185943258e-07,2.18752795979617e-06,5.73259259339542,"Up",TRUE,"SHMT1","P34896","INFLAMMATION","6470"
"OID20738",-0.719941357713322,5.09653368146214,-5.17120854370976,3.74671387384331e-07,2.30778195074228e-06,5.67687658339673,"Down",TRUE,"COLEC12","Q5KU26","INFLAMMATION","81035"
"OID20389",-0.313757742749052,1.62556762402089,-5.17004060374388,3.76729661216689e-07,2.31050079776244e-06,5.67156108974135,"Down",FALSE,"AOC3","Q16853","CARDIOMETABOLIC","8639"
"OID20287",-0.232175758722151,4.28707859007833,-5.16300733039203,3.90175762926524e-07,2.38274002231625e-06,5.63776993037547,"Down",FALSE,"ENG","P17813","CARDIOMETABOLIC","2022"
"OID21518",-0.504423854560738,0.94673681462141,-5.14047753123492,4.36793121627145e-07,2.65607391831996e-06,5.52912346680023,"Down",TRUE,"KLK11","Q9UBX7","ONCOLOGY","11012"
"OID20974",-0.470242942412776,4.66189634464752,-5.13222005662944,4.55064010292972e-07,2.75545114707058e-06,5.4896532453305,"Down",FALSE,"ADGRB3","O60242","NEUROLOGY","577"
"OID21396",-0.427804169819249,1.37581018276762,-5.13039997705631,4.5925536930557e-07,2.76909672041206e-06,5.48083807077667,"Down",FALSE,"PDCD1","Q15116","ONCOLOGY","5133"
"OID21165",0.428388175704076,0.467415143603133,5.11717763484602,4.90429375472415e-07,2.94463688046252e-06,5.41761005353938,"Up",FALSE,"SFTPA1","Q8IWL2","ONCOLOGY","653509"
"OID21114",0.49964452711223,2.07570078328982,5.1073563606442,5.14900934086293e-07,3.07863361844901e-06,5.37073772221968,"Up",FALSE,"SOD2","P04179","NEUROLOGY","6648"
"OID21098",-0.360353085329968,2.92913603133159,-5.1054551912842,5.19578453907457e-07,3.09365671097398e-06,5.36199337568339,"Down",FALSE,"SUSD2","Q9UGT4","NEUROLOGY","56241"
"OID20757",-0.344544485077762,6.03507127937337,-5.07662594790445,5.99087849087779e-07,3.55226778566986e-06,5.22495698120759,"Down",FALSE,"IL1R2","P27930","INFLAMMATION","7850"
"OID20919",-0.481819920134508,1.15923733681462,-5.06876387280459,6.23021243506953e-07,3.67891469822907e-06,5.18731541717285,"Down",FALSE,"ULBP2","Q9BZM5","NEUROLOGY","80328"
"OID21258",-0.274672475830179,0.648522454308094,-5.06715187552943,6.27813554582579e-07,3.69195707612553e-06,5.17991390821284,"Down",FALSE,"PLXDC1","Q8IUK5","ONCOLOGY","57125"
"OID20979",0.58978465741908,6.51764621409922,5.05226659893111,6.75668567083966e-07,3.95709173099585e-06,5.10927825252914,"Up",TRUE,"MATN3","O15232","NEUROLOGY","4148"
"OID20155",-0.466014922236231,1.40725561357702,-5.04621134820943,6.96052045270875e-07,4.05983009262074e-06,5.08069090220702,"Down",FALSE,"IGFBPL1","Q8WX77","CARDIOMETABOLIC","347252"
"OID20949",0.238956174863387,1.49892480417755,5.04026253387245,7.16350952103354e-07,4.16124191282802e-06,5.052997968781,"Up",FALSE,"GLB1","P16278","NEUROLOGY","2720"
"OID20237",0.514552597730136,3.33809582245431,5.0379327773401,7.24884617410696e-07,4.19376566105217e-06,5.04165563226749,"Up",TRUE,"UMOD","P07911","CARDIOMETABOLIC","7369"
"OID21227",0.57226595628415,3.02513759791123,5.02511441207671,7.71820235928297e-07,4.44580029571753e-06,4.98132498977866,"Up",TRUE,"NAMPT","P43490","ONCOLOGY","10135"
"OID20175",-0.901902723833538,2.92711305483029,-5.02436044788424,7.74670590366455e-07,4.44580029571753e-06,4.97778059126511,"Down",TRUE,"GHRL","Q9UBU3","CARDIOMETABOLIC","51738"
"OID21095",-0.24969799915931,2.86424151436031,-5.01836649067545,7.97361775186104e-07,4.55771990696377e-06,4.9499759066976,"Down",FALSE,"NCAM2","O15394","NEUROLOGY","4685"
"OID21469",-0.895761853720046,6.33568407310705,-5.01096821451985,8.27028795033321e-07,4.70846274144468e-06,4.9149011578453,"Down",TRUE,"CD300LF","Q8TDQ1","ONCOLOGY","146722"
"OID21410",0.63448883144178,1.14294229765013,4.99015337680492,9.15260561400785e-07,5.19010850095921e-06,4.81746321592022,"Up",TRUE,"DPY30","Q9C005","ONCOLOGY","84661"
"OID21146",-0.245633837746952,1.14061644908616,-4.98876592780659,9.21077287797739e-07,5.20244839629632e-06,4.81132904924301,"Down",FALSE,"IGF2R","P11717","NEUROLOGY","3482"
"OID20208",-0.432372021857922,3.87791618798956,-4.98379016084157,9.43855421571449e-07,5.31011573789607e-06,4.78788000222061,"Down",FALSE,"COL4A1","P02462","CARDIOMETABOLIC","1282"
"OID21020",0.251367788986968,1.70844334203655,4.98043241250785,9.59129409714242e-07,5.37488598620255e-06,4.77242537238772,"Up",FALSE,"SEMA4D","Q92854","NEUROLOGY","10507"
"OID20909",-0.410739831862124,2.2521454308094,-4.97589577195771,9.80775939920925e-07,5.47472194588673e-06,4.75101330622365,"Down",FALSE,"GGT5","P36269","NEUROLOGY","2687"
"OID21368",-0.524896355611599,5.07247467362924,-4.96101855035174,1.05418339835591e-06,5.86158784533307e-06,4.68167617846925,"Down",TRUE,"CCN1","O00622","ONCOLOGY","3491"
"OID20336",0.437234981084487,2.60562819843342,4.94858541477943,1.11940089070328e-06,6.20009253029067e-06,4.62400430789401,"Up",FALSE,"BLMH","Q13867","CARDIOMETABOLIC","642"
"OID20570",0.63309715006305,5.66872506527415,4.93809528138953,1.17760067512951e-06,6.4972639566026e-06,4.57533047773997,"Up",TRUE,"PTX3","P26022","INFLAMMATION","5806"
"OID21507",-0.470762934005884,3.34095404699739,-4.93667426953613,1.18568387847975e-06,6.51670100902907e-06,4.56875973263561,"Down",FALSE,"FGFBP1","Q14512","ONCOLOGY","9982"
"OID20506",0.341287208911306,2.32909634464752,4.93138842561326,1.21590120789763e-06,6.65717557887247e-06,4.54455777512855,"Up",FALSE,"IFNLR1","Q8IU57","INFLAMMATION","163702"
"OID20677",-0.543353266078181,3.26901122715405,-4.9271278476225,1.24147622812979e-06,6.77125774808196e-06,4.5246036540589,"Down",TRUE,"EPHA1","P21709","INFLAMMATION","2041"
"OID20087",-0.450588999579653,1.24956945169713,-4.89774503234274,1.42953072084499e-06,7.76729809919198e-06,4.38919145297249,"Down",FALSE,"MMP7","P09237","CARDIOMETABOLIC","4316"
"OID21471",0.460375145018913,2.60190574412533,4.89401313940154,1.45529869876142e-06,7.86641920855177e-06,4.37204395162447,"Up",FALSE,"HTRA2","O43464","ONCOLOGY","27429"
"OID21113",-0.327156099201344,2.41068381201044,-4.89344350051089,1.45878312824788e-06,7.86641920855177e-06,4.36971002345218,"Down",FALSE,"DSG2","Q14126","NEUROLOGY","1829"
"OID20748",-0.729831500630513,6.10488720626632,-4.88884514246413,1.49172416055193e-06,8.01381137379211e-06,4.34831680618135,"Down",TRUE,"LGALS4","P56470","INFLAMMATION","3960"
"OID21090",-0.427000079865487,1.28492872062663,-4.86768472061645,1.65026049256333e-06,8.83229304821349e-06,4.25139658270079,"Down",FALSE,"CLEC14A","Q86T13","NEUROLOGY","161198"
"OID21498",0.602105666246318,5.49007336814621,4.86352520974635,1.68328111076895e-06,8.97540562421206e-06,4.232388615324,"Up",TRUE,"NT5E","P21589","ONCOLOGY","4907"
"OID20490",-0.344313627574609,0.98102819843342,-4.8542162564003,1.75950689157003e-06,9.34697155410251e-06,4.18990096505119,"Down",FALSE,"FGF5","P12034","INFLAMMATION","2250"
"OID20353",-0.367044459857081,2.41646892950392,-4.83870788885727,1.89350768069555e-06,1.00041556486175e-05,4.11947348563255,"Down",FALSE,"CDH1","P12830","CARDIOMETABOLIC","999"
"OID20332",-0.439996796973516,6.16326475195822,-4.8383142897742,1.8972191607945e-06,1.00041556486175e-05,4.1176063108974,"Down",FALSE,"COL18A1","P39060","CARDIOMETABOLIC","80781"
"OID20259",-0.609345594787723,1.92642140992167,-4.83466043626685,1.93063340182663e-06,1.0131816557141e-05,4.10087933104311,"Down",TRUE,"XG","P55808","CARDIOMETABOLIC","7499"
"OID21106",0.242661282051281,3.9180407310705,4.83404019997865,1.93560946123128e-06,1.0131816557141e-05,4.09836774821787,"Up",FALSE,"NOMO1","Q15155","NEUROLOGY","23420"
"OID21370",-0.301178633879781,2.32747467362924,-4.82790107978317,1.99270908805264e-06,1.0392632433676e-05,4.07048854025656,"Down",FALSE,"AMIGO2","Q86SJ2","ONCOLOGY","347902"
"OID21353",-0.360187503152583,1.57513968668407,-4.82630997222269,2.00836540849428e-06,1.04361969772303e-05,4.06301921719872,"Down",FALSE,"SMAD5","Q99717","ONCOLOGY","4090"
"OID20562",0.418256006725512,3.40607336814621,4.82299735327007,2.03994291571646e-06,1.05618783570972e-05,4.04805218967668,"Up",FALSE,"IL15","P40933","INFLAMMATION","3600"
"OID21174",0.429351588902897,1.52903107049608,4.81348215519544,2.13404407788959e-06,1.10092021202319e-05,4.00483073467678,"Up",FALSE,"RRM2B","Q7LG56","ONCOLOGY","50484"
"OID20100",0.229628549810844,1.66487885117493,4.79961107271044,2.27749909688596e-06,1.17070007534174e-05,3.94242242996099,"Up",FALSE,"ENTPD6","O75354","CARDIOMETABOLIC","955"
"OID20642",-0.630505510718787,4.08598877284595,-4.79771460242237,2.29874801974785e-06,1.17738742660203e-05,3.93356370263946,"Down",TRUE,"TPSAB1","Q15661","INFLAMMATION","7177"
"OID20273",-0.266788284993693,1.8152407310705,-4.79428882232677,2.33529358892264e-06,1.19183376377516e-05,3.91840368079146,"Down",FALSE,"ALCAM","Q13740","CARDIOMETABOLIC","214"
"OID20320",-0.442521601513239,3.27537336814621,-4.78791357097615,2.40708898955096e-06,1.22410326194602e-05,3.88941864405573,"Down",FALSE,"QPCT","Q16769","CARDIOMETABOLIC","25797"
"OID20231",-0.405466721311472,3.06235874673629,-4.77891958216468,2.51077459121269e-06,1.27230386200104e-05,3.84899625231279,"Down",FALSE,"THBD","P07204","CARDIOMETABOLIC","7056"
"OID20408",-0.620609264396803,4.28666318537859,-4.76274303055806,2.70891877933494e-06,1.36786040129669e-05,3.77623761592564,"Down",TRUE,"PTGDS","P41222","CARDIOMETABOLIC","5730"
"OID21493",-0.556811778058005,2.71020130548303,-4.75556822418844,2.80138180891768e-06,1.40956852286738e-05,3.74408676161727,"Down",TRUE,"TGFBR2","P37173","ONCOLOGY","7048"
"OID21343",-0.358491420765026,2.03243394255875,-4.75437334239758,2.81665399886259e-06,1.41228019802619e-05,3.73886092840042,"Down",FALSE,"RTBDN","Q9BSG5","ONCOLOGY","83546"
"OID20686",-0.393820071458594,2.89132323759791,-4.74929320566612,2.88435676771672e-06,1.44116986750601e-05,3.71611281873334,"Down",FALSE,"CCL21","O00585","INFLAMMATION","6366"
"OID21449",-0.381992997057585,4.81750704960835,-4.74751033220078,2.9080743048586e-06,1.44795755457942e-05,3.70825296327549,"Down",FALSE,"CD5","P06127","ONCOLOGY","921"
"OID20392",-0.572680403530892,2.50910287206266,-4.73713127311129,3.05313854014682e-06,1.51490797703813e-05,3.66166695787522,"Down",TRUE,"LCN2","P80188","CARDIOMETABOLIC","3934"
"OID20262",-0.313261504833963,3.84378459530026,-4.7217177981271,3.2791068611487e-06,1.62139920573754e-05,3.59326055956473,"Down",FALSE,"CD209","Q9NNX6","CARDIOMETABOLIC","30835"
"OID20966",0.480163787305589,4.40776945169713,4.72076260914641,3.29479718440347e-06,1.62353971603881e-05,3.58873176922627,"Up",FALSE,"CD274","Q9NZQ7","NEUROLOGY","29126"
"OID21331",0.368052345523327,2.2638772845953,4.71463911138309,3.38934824724064e-06,1.66439128704704e-05,3.56162828907115,"Up",FALSE,"ARSB","P15848","ONCOLOGY","411"
"OID20624",-0.28922573350147,5.31091253263708,-4.71149046881674,3.43860898448456e-06,1.68279871192755e-05,3.5477932352978,"Down",FALSE,"TNFSF12","O43508","INFLAMMATION","8742"
"OID21133",-0.547304863387975,3.90127336814621,-4.70874011675214,3.48391367949595e-06,1.69915107440263e-05,3.53530530101502,"Down",TRUE,"FCER2","P06734","NEUROLOGY","2208"
"OID20223",-0.497293804119374,2.3560955613577,-4.6944236163694,3.72276138443534e-06,1.80793554923986e-05,3.4718428298103,"Down",FALSE,"CHRDL2","Q6WN34","CARDIOMETABOLIC","25884"
"OID20438",-0.335591029844472,2.1199590078329,-4.69382138683592,3.7322672290116e-06,1.80793554923986e-05,3.46937307767231,"Down",FALSE,"LRRN1","Q6UXK5","INFLAMMATION","57633"
"OID20214",-0.707801298865064,3.42270391644909,-4.69259693565883,3.75434723285538e-06,1.81248722829403e-05,3.46375786931685,"Down",TRUE,"SFTPD","P35247","CARDIOMETABOLIC","6441"
"OID20220",-1.11086792349727,4.42864960835509,-4.68852923586237,3.82561266657936e-06,1.84067356920603e-05,3.44576414664091,"Down",TRUE,"GH1","P01241","CARDIOMETABOLIC","2688"
"OID20493",-0.386095960487597,1.5682819843342,-4.68484848519217,3.89121929251833e-06,1.86595717080829e-05,3.4294941058779,"Down",FALSE,"ITGB6","P18564","INFLAMMATION","3694"
"OID20669",0.585992530474986,6.87191227154047,4.6802559696959,3.9745965302684e-06,1.89956469623864e-05,3.40920976243386,"Up",TRUE,"KYNU","Q16719","INFLAMMATION","8942"
"OID21346",0.42550223623371,2.46254386422977,4.67942649766223,3.98980934008283e-06,1.90047918232612e-05,3.40555394226641,"Up",FALSE,"RET","P07949","ONCOLOGY","5979"
"OID21526",-0.439361664564942,5.20090130548303,-4.6503365493497,4.56109581801548e-06,2.16538402788841e-05,3.27754760245191,"Down",FALSE,"KLK6","Q92876","ONCOLOGY","5653"
"OID20947",-0.350943829340058,2.84267519582245,-4.64452366514418,4.68351801690345e-06,2.21614147223677e-05,3.25219680558359,"Down",FALSE,"TMPRSS5","Q9H3S3","NEUROLOGY","80975"
"OID20270",-0.385196204287514,1.55491644908616,-4.63717398754972,4.84514410253253e-06,2.28505310974224e-05,3.21978881342895,"Down",FALSE,"ESAM","Q96AP7","CARDIOMETABOLIC","90952"
"OID20662",-0.436765821773853,6.02871592689295,-4.63095742637358,4.98459977174782e-06,2.34308982691698e-05,3.19265037580934,"Down",FALSE,"VEGFD","O43915","INFLAMMATION","2277"
"OID20236",-0.4023779445145,2.11037232375979,-4.60472155556648,5.61911969190465e-06,2.63269575073172e-05,3.07813770430958,"Down",FALSE,"IGFBP7","Q16270","CARDIOMETABOLIC","3490"
"OID20103",-0.589985905842788,1.8128819843342,-4.60182607309896,5.69367929015729e-06,2.65891101491332e-05,3.06554212727406,"Down",TRUE,"S100P","P25815","CARDIOMETABOLIC","6286"
"OID21122",-0.40193250105086,3.76926422976501,-4.59845683766281,5.78095938416689e-06,2.69087653419365e-05,3.05099116440827,"Down",FALSE,"CD99L2","Q8TCZ2","NEUROLOGY","83692"
"OID21441",0.37412907103825,2.26510234986945,4.59426591329549,5.89237133838206e-06,2.73383072809999e-05,3.03275738563575,"Up",FALSE,"HS6ST1","O60243","ONCOLOGY","9394"
"OID20079",-0.511933661202183,0.185757702349869,-4.58780577909265,6.0683444470302e-06,2.80636382356186e-05,3.00465478664491,"Down",TRUE,"ACTA2","P62736","CARDIOMETABOLIC","59"
"OID20134",-0.373464115174441,0.259800261096606,-4.5781026129001,6.34139185545793e-06,2.92317708433851e-05,2.96261332359695,"Down",FALSE,"CDH17","Q12864","CARDIOMETABOLIC","1015"
"OID20370",-0.271598373266078,1.52895639686684,-4.57472325313938,6.43773128830393e-06,2.95804437652293e-05,2.94818185138226,"Down",FALSE,"KIT","P10721","CARDIOMETABOLIC","3815"
"OID20590",0.395922152164772,4.82386997389034,4.57040718726207,6.56536232597125e-06,3.0070201166067e-05,2.92944458896682,"Up",FALSE,"CLEC4G","Q6UXB4","INFLAMMATION","339390"
"OID21490",-0.543430790248001,2.35954308093995,-4.53703201351686,7.63348315514121e-06,3.48506307626096e-05,2.78554855666943,"Down",TRUE,"NECTIN4","Q96NY8","ONCOLOGY","81607"
"OID20371",-0.716164451450184,1.82232088772846,-4.5333673275873,7.76032992785676e-06,3.53169154997048e-05,2.76981885517437,"Down",TRUE,"TFF3","Q07654","CARDIOMETABOLIC","7033"
"OID20102",-0.636317595628413,2.59180522193211,-4.52744445473649,7.96962753273801e-06,3.61542785532781e-05,2.74442061610303,"Down",TRUE,"CEACAM8","P31997","CARDIOMETABOLIC","1088"
"OID20557",0.41736758722152,1.69561331592689,4.5209359754487,8.20586428276833e-06,3.70332201466421e-05,2.71654560451251,"Up",FALSE,"MAPK9","P45984","INFLAMMATION","5601"
"OID20678",-0.312877213114752,1.35699190600522,-4.52066626499859,8.21520698844335e-06,3.70332201466421e-05,2.71545023644949,"Down",FALSE,"IFNGR1","P15260","INFLAMMATION","3459"
"OID20961",0.585768541403948,2.84891723237598,4.51961420338449,8.25465441583123e-06,3.70940288057322e-05,2.71088902046343,"Up",TRUE,"NPM1","P06748","NEUROLOGY","4869"
"OID20730",-0.455608108448926,4.12178276762402,-4.51723671813497,8.34311523721174e-06,3.73740177867573e-05,2.70071820523228,"Down",FALSE,"SMOC2","Q9H3U7","INFLAMMATION","64094"
"OID20323",0.345209558638081,4.0420365535248,4.51413260139255,8.45810949767449e-06,3.77707452255526e-05,2.68762771973812,"Up",FALSE,"LILRB1","Q8NHL6","CARDIOMETABOLIC","10859"
"OID21344",-0.432624068936526,2.52413342036554,-4.51037909983785,8.60339657695266e-06,3.82998557896117e-05,2.67140845653878,"Down",FALSE,"CA12","O43570","ONCOLOGY","771"
"OID21045",-0.341634043715845,1.25555822454308,-4.49733054526556,9.12032673624232e-06,4.04315068221141e-05,2.61574897718623,"Down",FALSE,"RGMB","Q6NW40","NEUROLOGY","285704"
"OID20335",-0.198714682639764,0.448414882506527,-4.49682140316631,9.13882204586625e-06,4.04315068221141e-05,2.61378328003555,"Down",FALSE,"COL1A1","P02452","CARDIOMETABOLIC","1277"
"OID21116",-0.28537321563682,3.84898302872063,-4.49260633757048,9.31213371927072e-06,4.10711082865366e-05,2.59586109455811,"Down",FALSE,"IL1R1","P14778","NEUROLOGY","3554"
"OID20360",-0.384700130306849,3.21738328981723,-4.49187552818831,9.34415243644859e-06,4.10855194821078e-05,2.59261061221138,"Down",FALSE,"CD163","Q86VB7","CARDIOMETABOLIC","9332"
"OID20314",0.369757280369901,4.21337859007833,4.48184694771615,9.77069751580993e-06,4.28292231597926e-05,2.55003415402049,"Up",FALSE,"ACP5","P13686","CARDIOMETABOLIC","54"
"OID20688",-0.753313274485073,2.99933890339426,-4.47940665841679,9.87917431082305e-06,4.31722938537191e-05,2.53953001220756,"Down",TRUE,"SCGB1A1","P11684","INFLAMMATION","7356"
"OID21267",-0.325270374106766,-0.515622193211488,-4.47776284464619,9.95172260339904e-06,4.3356742683711e-05,2.53255362829517,"Down",FALSE,"BAMBI","Q13145","ONCOLOGY","25805"
"OID21058",-0.522753736864227,3.36429503916449,-4.47033497143426,1.02859631124372e-05,4.46767212391269e-05,2.50105831563596,"Down",TRUE,"SCARA5","Q6ZMJ2","NEUROLOGY","286133"
"OID20188",-0.472723493064311,4.71936840731071,-4.45850251722634,1.08407321825148e-05,4.68402155163606e-05,2.45098420556855,"Down",FALSE,"LPL","P06858","CARDIOMETABOLIC","4023"
"OID20948",0.409091782261453,3.88614856396867,4.45830523187038,1.08496230482263e-05,4.68402155163606e-05,2.45019528389743,"Up",FALSE,"SETMAR","Q53H47","NEUROLOGY","6419"
"OID20329",0.453720588482553,3.08354360313316,4.45569579641553,1.09764740747327e-05,4.72451248578103e-05,2.43912391210179,"Up",FALSE,"PRTN3","P24158","CARDIOMETABOLIC","5657"
"OID20580",-0.297643539302225,1.93064751958225,-4.4348857256275,1.20324681515254e-05,5.16348257913809e-05,2.35156630236537,"Down",FALSE,"LY75","O60449","INFLAMMATION","4065"
"OID20525",-0.426427263556113,0.768386161879896,-4.42777165198781,1.24187436428282e-05,5.31328882203639e-05,2.3214924255311,"Down",FALSE,"EDAR","Q9UNE0","INFLAMMATION","10913"
"OID20734",-0.257707271963009,4.12847362924282,-4.4175996724262,1.29845150548966e-05,5.53876776520814e-05,2.27902103618766,"Down",FALSE,"ROBO1","Q9Y6N7","INFLAMMATION","6091"
"OID21422",-0.662253669609074,3.85247937336815,-4.41232784295141,1.32926382051888e-05,5.65332737952822e-05,2.2567214820834,"Down",TRUE,"HAVCR1","Q96D42","ONCOLOGY","26762"
"OID21262",-0.467257150063049,0.781340731070496,-4.41109235705962,1.33650371686733e-05,5.66725166588552e-05,2.25154871469692,"Down",FALSE,"SORCS2","Q96PQ0","ONCOLOGY","57537"
"OID21425",0.585782471626731,6.52409242819843,4.4090298691078,1.3486740247083e-05,5.70193840623715e-05,2.24291634720258,"Up",TRUE,"SCLY","Q96I15","ONCOLOGY","51540"
"OID20769",-0.314241168558216,4.37207624020888,-4.40494973643515,1.37274786024131e-05,5.78659791234463e-05,2.22603672905613,"Down",FALSE,"LAMA4","Q16363","INFLAMMATION","3910"
"OID20680",-0.453510290037829,5.5595725848564,-4.37786653560281,1.545990055436e-05,6.48046000596651e-05,2.11292903784259,"Down",FALSE,"CD276","Q5ZPR3","INFLAMMATION","80381"
"OID20212",-0.361878158890289,2.79644334203655,-4.37778039266657,1.54642187686115e-05,6.48046000596651e-05,2.11264951228834,"Down",FALSE,"PRSS27","Q9BQR3","CARDIOMETABOLIC","83886"
"OID20568",-0.625162021857919,2.25743890339426,-4.37001974945235,1.59986613231964e-05,6.6848207692537e-05,2.08033025366623,"Down",TRUE,"NPPC","P23582","INFLAMMATION","4880"
"OID20377",-0.362641029844471,3.37296788511749,-4.35204220152651,1.72994621633287e-05,7.20726863889117e-05,2.00594146975109,"Down",FALSE,"CD55","P08174","CARDIOMETABOLIC","1604"
"OID21142",-0.52140684321143,3.73603942558747,-4.34430524018694,1.78929870019087e-05,7.43287163538591e-05,1.97387267304788,"Down",TRUE,"RELT","Q969Z4","NEUROLOGY","84957"
"OID20064",-0.234850243799915,0.249046214099217,-4.34273980179375,1.8013773958818e-05,7.46135738757998e-05,1.96746433108895,"Down",FALSE,"SERPINB5","P36952","CARDIOMETABOLIC","5268"
"OID21318",-0.402408793610759,1.22834647519582,-4.34072080133271,1.81734990307174e-05,7.50576014881363e-05,1.95907836000892,"Down",FALSE,"CDNF","Q49AH0","ONCOLOGY","441549"
"OID21055",0.374420807061789,4.01496031331593,4.32883723851193,1.91319920731393e-05,7.87885206700751e-05,1.91018932766007,"Up",FALSE,"NCAN","O14594","NEUROLOGY","1463"
"OID20319",0.167807923497266,2.76354960835509,4.32158870905545,1.97385482218652e-05,8.10528316351879e-05,1.88049459813202,"Up",FALSE,"EGFR","P00533","CARDIOMETABOLIC","1956"
"OID21025",-0.229259285414039,1.32303315926893,-4.31968766261698,1.99019285726487e-05,8.14895585395844e-05,1.87266213208601,"Down",FALSE,"CD34","P28906","NEUROLOGY","947"
"OID20317",0.278878511979822,5.40907571801567,4.31421904288426,2.03770355134584e-05,8.31965249963772e-05,1.85023220803262,"Up",FALSE,"PLXNB2","O15031","CARDIOMETABOLIC","23654"
"OID21006",-0.270048511979823,1.44890600522193,-4.28764482386469,2.28490009992801e-05,9.28921070435647e-05,1.74143764510384,"Down",FALSE,"CNTN5","O94779","NEUROLOGY","53942"
"OID21104",-0.478953253467841,3.36205352480418,-4.2873481361052,2.28817506503392e-05,9.28921070435647e-05,1.74010018093404,"Down",FALSE,"THBS2","P35442","NEUROLOGY","7058"
"OID20804",0.363013707440099,0.337495561357702,4.27946350242418,2.36691820215675e-05,9.58166037077051e-05,1.70795952793919,"Up",FALSE,"C19orf12","Q9NSK7","NEUROLOGY","83636"
"OID21472",-0.445975128205126,1.58900522193211,-4.27258746352347,2.43769550093145e-05,9.84030189500294e-05,1.67997416510894,"Down",FALSE,"CD33","P20138","ONCOLOGY","945"
"OID20498",-0.262469718369061,0.008288772845953,-4.27172380296278,2.44672702786797e-05,9.84893781076995e-05,1.67646197264258,"Down",FALSE,"IL15RA","Q13261","INFLAMMATION","3601"
"OID21259",0.515978566624629,2.89750574412533,4.27006896728016,2.46412143804187e-05,9.89109419933101e-05,1.66973416274692,"Up",TRUE,"GFER","P55789","ONCOLOGY","2671"
"OID21228",0.358698339638502,1.6787180156658,4.26540078958286,2.51382862715813e-05,0.000100623560454033,1.65076824637827,"Up",FALSE,"CLEC6A","Q6EIG7","ONCOLOGY","93978"
"OID21462",-0.67553505674653,1.47275665796345,-4.2524281595243,2.65703998597821e-05,0.000106058942457063,1.5981619936562,"Down",TRUE,"WFDC12","Q8WWY7","ONCOLOGY","128488"
"OID20720",-0.411577973938627,2.50274464751958,-4.25153684429497,2.6671604538195e-05,0.000106166359011367,1.59455290838481,"Down",FALSE,"SPINT2","O43291","INFLAMMATION","10653"
"OID21108",-0.284373560319461,2.46633550913838,-4.24944833171238,2.690484280325e-05,0.000106797278794012,1.58625779893021,"Down",FALSE,"CD109","Q6YHK3","NEUROLOGY","135228"
"OID21473",0.235118188314417,4.17291331592689,4.24550729480589,2.73597809551971e-05,0.000108297515195538,1.57033687610333,"Up",FALSE,"PLA2G15","Q8NCC3","ONCOLOGY","23659"
"OID21139",-0.216422093316519,2.85907650130548,-4.24486826823183,2.74343600425365e-05,0.000108297515195538,1.56775300073881,"Down",FALSE,"ITGA5","P08648","NEUROLOGY","3678"
"OID20626",-0.348398293400587,4.92672924281984,-4.24376731072008,2.75653110515652e-05,0.000108514681798035,1.56324398140562,"Down",FALSE,"BSG","P35613","INFLAMMATION","682"
"OID21289",-0.292750344682639,0.996476240208877,-4.24293291780296,2.76675103746446e-05,0.000108617781113646,1.5597535291682,"Down",FALSE,"SEZ6L2","Q6UXD5","ONCOLOGY","26470"
"OID21482",-0.57598473728457,2.37891122715405,-4.23048852995828,2.91713044816337e-05,0.00011420765508015,1.50952489354933,"Down",TRUE,"TNFRSF12A","Q9NP84","ONCOLOGY","51330"
"OID20170",0.313219894913829,2.18158355091384,4.21866956670369,3.06670901027963e-05,0.000119735715182776,1.46205966105779,"Up",FALSE,"CDH2","P19022","CARDIOMETABOLIC","1000"
"OID20158",-0.683795922656575,2.24308328981723,-4.20956934108993,3.18761950689608e-05,0.000124117391699033,1.42539936859108,"Down",TRUE,"IL19","Q9UHD0","CARDIOMETABOLIC","29949"
"OID20152",-0.487394590163931,2.36101592689295,-4.20125586229254,3.30162198031183e-05,0.00012820700570287,1.39207265430997,"Down",FALSE,"CGREF1","Q99674","CARDIOMETABOLIC","10669"
"OID21505",-0.754648373266074,4.40113211488251,-4.18871283555539,3.48101051290374e-05,0.00013480661308779,1.34190442887286,"Down",TRUE,"WFDC2","Q14508","ONCOLOGY","10406"
"OID21069",-0.846522917192093,3.31196318537859,-4.18651688852221,3.51335754984291e-05,0.000135691565911501,1.33313539663446,"Down",TRUE,"CGA","P01215","NEUROLOGY","1081"
"OID21256",0.276360882723833,0.522816971279373,4.16880604353025,3.78492419153957e-05,0.000145785894062265,1.26256446899587,"Up",FALSE,"FUS","P35637","ONCOLOGY","2521"
"OID20763",-0.401611967213112,4.35392845953003,-4.15802221656461,3.95984272100401e-05,0.00015211331312674,1.21975098177302,"Down",FALSE,"PRSS8","Q16651","INFLAMMATION","5652"
"OID20415",-0.709331252627152,5.45128041775457,-4.15104730238569,4.07723924344586e-05,0.000156203079862845,1.19207705643468,"Down",TRUE,"REG1A","P05451","CARDIOMETABOLIC","5967"
"OID21158",-0.743722168978557,3.74301775456919,-4.14847665643129,4.12129446406703e-05,0.000157468710939887,1.18189651416149,"Down",TRUE,"IGFBP4","P22692","NEUROLOGY","3487"
"OID20315",-0.248931420765026,4.83668146214099,-4.14304051009773,4.21508613715203e-05,0.00016062288239974,1.16054988442307,"Down",FALSE,"ITGB2","P05107","CARDIOMETABOLIC","3689"
"OID21035",0.200625338377469,3.85825665796345,4.13745321993218,4.31451957103603e-05,0.000163974693271556,1.13846798370628,"Up",FALSE,"LAMP2","P13473","NEUROLOGY","3920"
"OID21444",-0.462178486759139,3.48966971279373,-4.12455517582469,4.55358137456305e-05,0.000172601267486753,1.08743667334838,"Down",FALSE,"WISP1","O95388","ONCOLOGY","8840"
"OID21480",0.454335098780998,1.78425091383812,4.11521085893052,4.73389632395889e-05,0.000178961318702044,1.05067408092687,"Up",FALSE,"DCXR","Q7Z4W1","ONCOLOGY","51181"
"OID20569",-0.236393211433374,1.89097389033943,-4.10347341669241,4.96904170103453e-05,0.000187355160706552,1.00476137344547,"Down",FALSE,"CCL28","Q9NRJ3","INFLAMMATION","56477"
"OID20713",-0.40642881883144,3.41342976501305,-4.08518395920481,5.36045146074324e-05,0.000201581187826371,0.933058596172716,"Down",FALSE,"BTN2A1","Q7KYR7","INFLAMMATION","11120"
"OID20226",-0.444791361916769,4.32691201044386,-4.0803833167319,5.46766419267907e-05,0.000205073284287097,0.914327636303052,"Down",FALSE,"CCDC80","Q76M96","CARDIOMETABOLIC","151887"
"OID20217",0.517016935687262,5.8419044386423,4.05127157177302,6.1627974081568e-05,0.000230540248593091,0.801173232449984,"Up",TRUE,"HMOX1","P09601","CARDIOMETABOLIC","3162"
"OID21188",0.15617924337957,0.801210966057441,4.05003597925345,6.1929091790649e-05,0.000231061807229341,0.796535538514767,"Up",FALSE,"ADCYAP1R1","P41586","ONCOLOGY","117"
"OID20907",0.251184968474147,1.34226057441253,4.04520423338198,6.31712990831476e-05,0.000235082777056817,0.777777557302969,"Up",FALSE,"IMPA1","P29218","NEUROLOGY","3612"
"OID20700",0.672025561160148,2.49980626631854,4.03969958014095,6.46179841498002e-05,0.000239841816493674,0.756400597997914,"Up",TRUE,"IL1RN","P18510","INFLAMMATION","3557"
"OID21128",0.56787411517444,3.38756710182768,4.03223317602903,6.66197947255923e-05,0.000246344020654249,0.72757511389672,"Up",TRUE,"ALDH1A1","P00352","NEUROLOGY","216"
"OID21450",-0.581253686422865,4.46753968668407,-4.0318849490206,6.67145808209898e-05,0.000246344020654249,0.726231912225857,"Down",TRUE,"SPINK6","Q6UWN8","ONCOLOGY","404203"
"OID20954",-0.208937612442202,2.45720339425587,-4.03041454807336,6.71037212814566e-05,0.000247142313688664,0.720706877496148,"Down",FALSE,"MASP1","P48740","NEUROLOGY","5648"
"OID20938",-0.470825456073978,2.47416579634465,-4.02880585604022,6.75582915140967e-05,0.000248176860086489,0.71435969086729,"Down",FALSE,"RSPO1","Q2MKA7","NEUROLOGY","284654"
"OID20342",0.592060605296341,6.32285352480418,4.02782367574645,6.78295468900872e-05,0.000248534416681883,0.710574399317651,"Up",TRUE,"SERPINE1","P05121","CARDIOMETABOLIC","5054"
"OID20854",0.386957486338795,1.79148485639687,4.02362870669535,6.89997889608731e-05,0.000252175699296899,0.694416667557313,"Up",FALSE,"CASP1","P29466","NEUROLOGY","834"
"OID20244",0.646791244220258,4.74214438642298,4.0193367046469,7.02169320196969e-05,0.000255969377184048,0.677901207284883,"Up",TRUE,"CES1","P23141","CARDIOMETABOLIC","1066"
"OID21120",-0.310004833963849,2.62144725848564,-4.01474704809631,7.15326844616562e-05,0.00026010230558704,0.660349229147714,"Down",FALSE,"TREML2","Q5T2D2","NEUROLOGY","79865"
"OID21041",0.384296788566622,3.53920704960835,4.01221183656991,7.2282136999543e-05,0.000262160339523723,0.650525380037395,"Up",FALSE,"LGALS8","O00214","NEUROLOGY","3964"
"OID21266",-0.144283955443463,-0.0122292428198433,-4.00937123057682,7.31087213967513e-05,0.000264486994622677,0.639759288410643,"Down",FALSE,"HPGDS","O60760","ONCOLOGY","27306"
"OID20727",0.445221399747793,3.58135352480418,3.99032182868605,7.8995892136811e-05,0.00028506345925127,0.566678224526227,"Up",FALSE,"GAL","P22466","INFLAMMATION","51083"
"OID20185",-0.348529445145017,2.56983890339426,-3.97931612106865,8.25880404867367e-05,0.000297275339686516,0.524709176934065,"Down",FALSE,"LRP11","Q86VZ4","CARDIOMETABOLIC","84918"
"OID21339",-0.340080176544765,1.27857127937337,-3.97491345371112,8.40718132450169e-05,0.000301855831977711,0.507914599707409,"Down",FALSE,"KAZALD1","Q96I82","ONCOLOGY","81621"
"OID20082",0.332399533417401,1.42156997389034,3.97385289242625,8.44323390968759e-05,0.000302390507692821,0.5038775876357,"Up",FALSE,"ZBTB17","Q13105","CARDIOMETABOLIC","7709"
"OID20917",-0.382781651954601,2.07181618798956,-3.97156592822286,8.52147644006118e-05,0.000303671852928577,0.495175665443802,"Down",FALSE,"DRAXIN","Q8NBI3","NEUROLOGY","374946"
"OID20663",0.306218604455651,3.99023759791123,3.97153063593525,8.52151245796777e-05,0.000303671852928577,0.495148397573339,"Up",FALSE,"GZMA","P12544","INFLAMMATION","3001"
"OID21089",-0.249047250945774,0.759999477806789,-3.96615577516808,8.70903742349672e-05,0.000309582449705891,0.474633275175598,"Down",FALSE,"IL17RA","Q96F46","NEUROLOGY","23765"
"OID20462",-0.312822707019754,1.82056736292428,-3.96431043657763,8.77399967788767e-05,0.000310649474536538,0.467623865117185,"Down",FALSE,"SIT1","Q9Y3P8","INFLAMMATION","27240"
"OID20645",0.368232833123159,5.50248511749347,3.96406576086133,8.78253238017923e-05,0.000310649474536538,0.466704852852672,"Up",FALSE,"ADA","P00813","INFLAMMATION","100"
"OID21388",-0.268411403951238,0.56801227154047,-3.96221657668416,8.84855117345441e-05,0.000312211842638675,0.459649272941348,"Down",FALSE,"NPY","P01303","ONCOLOGY","4852"
"OID20718",0.509771340899535,2.09270496083551,3.960347639697,8.91534579538047e-05,0.000313793821221643,0.452556791263869,"Up",TRUE,"HSPA1A","P0DMV8","INFLAMMATION","3303"
"OID21050",-0.484657288776796,5.60774960835509,-3.94642091055303,9.42834894828508e-05,0.000331034659633891,0.399802960022041,"Down",FALSE,"THY1","P04216","NEUROLOGY","7070"
"OID20852",0.294261155947876,1.36165509138381,3.93880463470275,9.7205770609813e-05,0.000340458446572115,0.371028219640752,"Up",FALSE,"SLC39A14","Q15043","NEUROLOGY","23516"
"OID20391",-0.361585901639343,4.57895300261097,-3.93756884249726,9.76841588199116e-05,0.000341297464434361,0.36639410120898,"Down",FALSE,"FCGR2A","P12318","CARDIOMETABOLIC","2212"
"OID21172",0.384643341740225,1.53279712793734,3.9346121587583,9.88513825722301e-05,0.000344533233404187,0.355206159743118,"Up",FALSE,"PQBP1","O60828","ONCOLOGY","10084"
"OID20756",0.571066380832282,5.59365796344647,3.9195456911073,0.000104984371598993,0.000365018654537618,0.298485295396743,"Up",TRUE,"AGER","Q15109","INFLAMMATION","177"
"OID20297",-0.360137599831861,3.29185378590078,-3.91668341470393,0.000106186258679022,0.00036830136808816,0.287756009801626,"Down",FALSE,"SCARF1","Q14162","CARDIOMETABOLIC","8578"
"OID20609",-0.547976851618324,4.22815874673629,-3.91586571233019,0.000106536214399964,0.000368620460962589,0.284661760516829,"Down",TRUE,"CLEC4D","Q8WXI8","INFLAMMATION","338339"
"OID21265",-0.282654464060528,1.3115365535248,-3.90035103866158,0.000113318345874641,0.000390385662191652,0.22653091694839,"Down",FALSE,"CD28","P10747","ONCOLOGY","940"
"OID20247",0.454455855401427,4.34790861618799,3.9002351660318,0.000113373022959787,0.000390385662191652,0.226080509414918,"Up",FALSE,"PLAT","P00750","CARDIOMETABOLIC","5327"
"OID21275",-0.393616456494323,3.77645718015666,-3.89729363090039,0.000114705251589061,0.000394023568559537,0.215080210563238,"Down",FALSE,"ADAMTS15","Q8TE58","ONCOLOGY","170689"
"OID20783",-0.473020718789404,6.61672402088773,-3.89245965518582,0.000116926816920839,0.00040069165798532,0.197019506704025,"Down",FALSE,"TNFRSF14","Q92956","INFLAMMATION","8764"
"OID20646",-0.588133627574609,5.4808634464752,-3.88795688080976,0.000119032761796071,0.00040693257561384,0.180214867747668,"Down",TRUE,"TNFRSF11A","Q9Y6Q6","INFLAMMATION","8792"
"OID21478",-0.187559092055484,2.10169216710183,-3.88113271722818,0.000122273137164199,0.000417012680209165,0.154905156516161,"Down",FALSE,"FGFR2","P21802","ONCOLOGY","2263"
"OID21365",-0.637977604035305,1.33191148825065,-3.8775788360234,0.000124024124230564,0.000421977317917801,0.141551810771745,"Down",TRUE,"RBP2","P50120","ONCOLOGY","5948"
"OID20768",-0.402271223203025,7.46230731070496,-3.86672786952175,0.000129453727640841,0.000439404695483996,0.101233033207198,"Down",FALSE,"LTBR","P36941","INFLAMMATION","4055"
"OID21074",-0.329952353930222,1.50939164490862,-3.86372689418962,0.000130995462229215,0.000443584160013147,0.0900957440680958,"Down",FALSE,"NPTX1","Q15818","NEUROLOGY","4884"
"OID21303",0.27930673812526,2.4836180156658,3.85377674949338,0.000136213323356176,0.000460162740132331,0.0533331679367919,"Up",FALSE,"HS3ST3B1","Q9Y662","ONCOLOGY","9953"
"OID20375",-0.396265367801596,3.05014516971279,-3.84596470309304,0.000140478018464776,0.000473450680156049,0.0243634920127462,"Down",FALSE,"TIMD4","Q96H15","CARDIOMETABOLIC","91937"
"OID20196",-0.379201525851197,2.59024412532637,-3.84285636064276,0.000142202782534644,0.000478135944098838,0.0128893193857227,"Down",FALSE,"KITLG","P21583","CARDIOMETABOLIC","4254"
"OID21005",-0.407016494325344,0.638313054830287,-3.8395198325998,0.000144076433837209,0.000483298647777867,0.000582377265118339,"Down",FALSE,"CDH15","P55291","NEUROLOGY","1013"
"OID20110",-0.526673665405631,1.45643368146214,-3.83803496794302,0.000144917753185617,0.000484982363705496,-0.00489143405524839,"Down",TRUE,"USP8","P40818","CARDIOMETABOLIC","9101"
"OID21408",-0.68109824716267,3.55773028720627,-3.82969186555791,0.000149731946343904,0.000499027801118557,-0.0356110223503059,"Down",TRUE,"HSPB6","O14558","ONCOLOGY","126393"
"OID20984",-0.622401294661619,3.87969765013055,-3.82955340118134,0.000149813104744479,0.000499027801118557,-0.0361203306215492,"Down",TRUE,"SFRP1","Q8N474","NEUROLOGY","6422"
"OID20481",-0.308913556116014,1.45637911227154,-3.81876604063803,0.000156265291649081,0.000519309538991945,-0.0757466330734591,"Down",FALSE,"IL17D","Q8TAD2","INFLAMMATION","53342"
"OID20636",-0.529455039932741,2.03373028720627,-3.81026887362819,0.000161531594108026,0.000535565308539139,-0.106887203725901,"Down",TRUE,"CLEC7A","Q9BXN2","INFLAMMATION","64581"
"OID20623",0.406132669188732,5.84371644908616,3.80615433135916,0.000164141501073441,0.00054295880794895,-0.121943145911867,"Up",FALSE,"NUDC","Q9Y266","INFLAMMATION","10726"
"OID20661",-0.362270533837746,4.11874882506527,-3.80367020116137,0.000165732422869715,0.000546955270856404,-0.13100739887572,"Down",FALSE,"FLT3LG","P49771","INFLAMMATION","2323"
"OID20598",-0.191451618327027,1.6902180156658,-3.8020800339255,0.000166739998350642,0.00054901257521444,-0.136723046978814,"Down",FALSE,"PTPRM","P28827","INFLAMMATION","5797"
"OID21342",-0.446482253047497,3.62560522193211,-3.7754203052328,0.000184934553982889,0.000607520638256434,-0.233927840768572,"Down",FALSE,"EPHA2","P29317","ONCOLOGY","1969"
"OID20202",-0.265987343421605,2.93921958224543,-3.77449029585196,0.000185578139552612,0.000608236608763035,-0.237210790472285,"Down",FALSE,"GDF2","Q9UK05","CARDIOMETABOLIC","2658"
"OID20256",0.324734043715845,5.63508355091384,3.77162669057696,0.00018765137199736,0.000613624280513106,-0.247629290199624,"Up",FALSE,"VWF","P04275","CARDIOMETABOLIC","7450"
"OID20896",0.924399983186212,2.13839738903394,3.76028952827866,0.000196061739844061,0.000639662616979824,-0.288749841882188,"Up",TRUE,"AGR2","O95994","NEUROLOGY","10551"
"OID21034",0.463215220680956,2.2174135770235,3.74791600684154,0.000205627580173497,0.00066934353546225,-0.333429732681633,"Up",FALSE,"LBR","Q14739","NEUROLOGY","3930"
"OID21406",-0.41639389239176,3.74531592689295,-3.7464636532625,0.00020677880571618,0.000671561166746413,-0.338665103477656,"Down",FALSE,"LGALS7_LGALS7B","P47929","ONCOLOGY","3963"
"OID20500",0.440132828919713,1.62125639686684,3.74157321650091,0.000210700114431259,0.00068274481524324,-0.356280036719764,"Up",FALSE,"PARP1","P09874","INFLAMMATION","142"
"OID20987",0.588339323245057,2.73369138381201,3.73483630315446,0.000216216914721193,0.000698466161517545,-0.380510795102979,"Up",TRUE,"TCL1A","P56279","NEUROLOGY","8115"
"OID20691",-0.430806628835644,3.39826919060052,-3.7344595767938,0.00021652939786723,0.000698466161517545,-0.381864573971402,"Down",FALSE,"F2R","P25116","INFLAMMATION","2149"
"OID21257",0.529962269861284,1.78731723237598,3.73315574539283,0.000217614175933199,0.000700384363532751,-0.386548955908961,"Up",TRUE,"CRH","P06850","ONCOLOGY","1392"
"OID20694",0.342547011349306,5.41166240208877,3.72050191354585,0.000228402832555171,0.000733455388137841,-0.431903989632941,"Up",FALSE,"IL18","Q14116","INFLAMMATION","3606"
"OID20743",-0.480972576712902,3.62947493472585,-3.7070190616462,0.000240470628445589,0.00077047652028867,-0.480131378411221,"Down",FALSE,"EPCAM","P16422","INFLAMMATION","4072"
"OID20629",-0.321154203446825,5.80250313315927,-3.70515120493121,0.000242169705968629,0.000774184585747586,-0.486740131948002,"Down",FALSE,"KLRB1","Q12918","INFLAMMATION","3820"
"OID21009",-0.267068974358973,2.75143002610966,-3.69909337803067,0.000247810289494307,0.000790448445730725,-0.508309104131784,"Down",FALSE,"DDR1","Q08345","NEUROLOGY","780"
"OID20630",0.467370197561999,3.88597493472585,3.69448674883354,0.000252215092266562,0.000802706830398478,-0.524786283253484,"Up",FALSE,"SERPINB8","P50452","INFLAMMATION","5271"
"OID21467",-0.55019566624632,6.81321488250653,-3.69230303777457,0.000254315981457891,0.000807594527785168,-0.532552837523992,"Down",TRUE,"ADM","P35318","ONCOLOGY","133"
"OID20566",-0.334116128625471,1.37683994778068,-3.68935021764703,0.000257183019747096,0.000814888104697562,-0.543047992764179,"Down",FALSE,"NCR1","O76036","INFLAMMATION","9437"
"OID20261",0.395671214796132,4.20156501305483,3.68104275733915,0.000265413220199169,0.000839105070054453,-0.572533093411451,"Up",FALSE,"FUCA1","P04066","CARDIOMETABOLIC","2517"
"OID20556",-0.33771354770912,0.839516187989556,-3.66571412704432,0.000281253792881187,0.000887222229640655,-0.626775371455206,"Down",FALSE,"CNTNAP2","Q9UHC6","INFLAMMATION","26047"
"OID20117",0.62857511979823,2.54853550913838,3.6563116109904,0.000291405970730052,0.000917222758090847,-0.659942939809214,"Up",TRUE,"ADH4","P08319","CARDIOMETABOLIC","127"
"OID21027",0.410051122320301,5.11382663185379,3.65051300199223,0.000297837652186814,0.000935406604340565,-0.680358050360976,"Up",FALSE,"PPCDC","Q96CD2","NEUROLOGY","60490"
"OID20193",0.280308797814205,2.60050574412533,3.64883267471222,0.000299701595174951,0.000939196446282905,-0.686207555608485,"Up",FALSE,"CDHR5","Q9HBB8","CARDIOMETABOLIC","53841"
"OID20752",0.44794644808743,3.7245864229765,3.64801459238194,0.000300649770030717,0.000940106173684672,-0.689144862270368,"Up",FALSE,"CTRC","Q99895","INFLAMMATION","11330"
"OID20667",-0.392042005044134,3.11592637075718,-3.63869884804306,0.000311356822153894,0.000971460477855708,-0.7218585026993,"Down",FALSE,"CDSN","Q15517","INFLAMMATION","1041"
"OID20995",-0.507283522488437,5.3427454308094,-3.62370890109107,0.000329340931316713,0.00102533374913199,-0.774334079029316,"Down",TRUE,"CST5","P28325","NEUROLOGY","1473"
"OID20865",0.450432833123158,1.37364464751958,3.62304144759397,0.000330163968535108,0.00102566154573189,-0.7766659425502,"Up",FALSE,"ATXN10","Q9UBB4","NEUROLOGY","25814"
"OID20142",0.313485241698192,2.62345639686684,3.61934240900759,0.000334751963824925,0.00103765847354841,-0.789563377281065,"Up",FALSE,"DPP7","Q9UHL4","CARDIOMETABOLIC","29952"
"OID20905",-0.21405256830601,-0.496092950391645,-3.61796892045157,0.000336482340173516,0.00104076464092631,-0.794374580231999,"Down",FALSE,"EREG","O14944","NEUROLOGY","2069"
"OID21400",-0.360912652374946,5.04993785900783,-3.61470431164747,0.000340607700495831,0.00105124925271824,-0.805757336599391,"Down",FALSE,"SCG2","P13521","ONCOLOGY","7857"
"OID21488",-0.28313627574611,1.47953107049608,-3.60151563539925,0.000357767142708288,0.00110183027355634,-0.85165493323145,"Down",FALSE,"SEZ6L","Q9BYH1","ONCOLOGY","23544"
"OID20767",-0.304255678856661,5.31121018276762,-3.58760250632309,0.000376716887576494,0.001157695553434,-0.899845602925302,"Down",FALSE,"MATN2","O00339","INFLAMMATION","4147"
"OID20076",-0.415748507776376,1.15526449086162,-3.57768896469861,0.000390840596248232,0.00119595548616429,-0.934172331665083,"Down",FALSE,"FABP6","P51161","CARDIOMETABOLIC","2172"
"OID21037",0.400594934846572,5.32940522193211,3.57440741903417,0.000395614179824786,0.00120797577557611,-0.945496970370082,"Up",FALSE,"ENO1","P06733","NEUROLOGY","2023"
"OID21426",-0.296339188734761,3.22629007832898,-3.57224256361149,0.000398770358739415,0.00121272318376645,-0.952920749776911,"Down",FALSE,"CNTN2","Q02246","ONCOLOGY","6900"
"OID20187",0.66497664144598,2.67991853785901,3.57219301174491,0.000398866267578887,0.00121272318376645,-0.953133413273688,"Up",TRUE,"LEP","P41159","CARDIOMETABOLIC","3952"
"OID21529",-0.354904518705336,5.02803394255875,-3.57107711097675,0.000400513514017546,0.00121514609666895,-0.95697802731668,"Down",FALSE,"FOLR1","P15328","ONCOLOGY","2348"
"OID21306",-0.460229453551911,4.31941540469974,-3.56941462679376,0.00040298208407689,0.00122004533505482,-0.962708485987726,"Down",FALSE,"CALB1","P05937","ONCOLOGY","793"
"OID21530",-0.311850853299705,1.74277206266319,-3.56724048243445,0.000406230539354169,0.00122728000155837,-0.970196319247614,"Down",FALSE,"LYPD3","O95274","ONCOLOGY","27076"
"OID20639",0.319263299705759,3.36437310704961,3.55672107248847,0.000422287354042055,0.00127309837326181,-1.00634745031381,"Up",FALSE,"FCRL2","Q96LA5","INFLAMMATION","79368"
"OID20982",-0.316549705758721,3.65288015665796,-3.5538557762115,0.000426762514505219,0.00128388133311149,-1.01617632732297,"Down",FALSE,"EPHB6","O15197","NEUROLOGY","2051"
"OID20886",-0.47029369482976,0.545230287206266,-3.54189152799547,0.000445962097670982,0.00133882318817612,-1.05718387571283,"Down",FALSE,"ANXA10","Q9UJ72","NEUROLOGY","11199"
"OID21183",0.137462030264817,0.345355613577023,3.53734976826282,0.000453402238339242,0.00135830565741463,-1.07262425340777,"Up",FALSE,"PDGFC","Q9NRA1","ONCOLOGY","56034"
"OID21369",-0.528172038671709,3.68068276762402,-3.53570396944687,0.000456198689926303,0.00136382411695541,-1.07832891619293,"Down",TRUE,"RBP5","P82980","ONCOLOGY","83758"
"OID21500",-0.276147112232029,1.91125326370757,-3.52153077781635,0.000480470488634116,0.00143338690659322,-1.12661577884489,"Down",FALSE,"CTSF","Q9UBX1","ONCOLOGY","8722"
"OID20535",0.301642833123159,1.29090652741514,3.51572754846364,0.000490769804695726,0.0014610626060629,-1.1463588162654,"Up",FALSE,"IL7","P13232","INFLAMMATION","3574"
"OID20137",0.512532728036989,3.7309501305483,3.49723296718426,0.000524948991647473,0.00155956779431235,-1.20902011074932,"Up",TRUE,"ACY1","Q03154","CARDIOMETABOLIC","95"
"OID20407",-0.259909344262294,4.3758725848564,-3.48246218760067,0.000553781899283219,0.00164181397111145,-1.25877648600225,"Down",FALSE,"ANGPTL3","Q9Y5C1","CARDIOMETABOLIC","27329"
"OID20687",-0.441618095838585,4.77753133159269,-3.47936328207897,0.000560077952792521,0.00165704222472156,-1.26926964780933,"Down",FALSE,"MMP10","P09238","INFLAMMATION","4319"
"OID20374",-0.285949562841529,3.26806892950392,-3.4657340619614,0.000588302795499428,0.00173695184869563,-1.31498755771309,"Down",FALSE,"APOM","O95445","CARDIOMETABOLIC","55937"
"OID21438",-0.277797120638924,3.95201749347258,-3.4650702102704,0.000589699445062723,0.00173748558143223,-1.31719612645155,"Down",FALSE,"GPC1","P35052","ONCOLOGY","2817"
"OID20469",-0.232888146279948,0.540471540469974,-3.46415908183064,0.000591685363697937,0.00173974976280731,-1.32030406769712,"Down",FALSE,"IL17A","Q16552","INFLAMMATION","3605"
"OID20778",-0.906599319041611,7.7375498694517,-3.45967450335401,0.000601321828143911,0.00176445357785965,-1.33531691660276,"Down",TRUE,"FABP1","P07148","INFLAMMATION","2168"
"OID20603",-0.241136868432114,2.93286553524804,-3.45519929007419,0.000611028242342536,0.00178926098013829,-1.35021483545388,"Down",FALSE,"CD200","P41217","INFLAMMATION","4345"
"OID20346",-0.312436296763344,1.82496866840731,-3.45359135975439,0.000614627790606442,0.00179612088502373,-1.35565201999285,"Down",FALSE,"ART3","Q13508","CARDIOMETABOLIC","419"
"OID20277",0.192977385456074,3.90254830287206,3.44929515957081,0.000624124470956457,0.00182015075305465,-1.36991820562918,"Up",FALSE,"ICAM3","P32942","CARDIOMETABOLIC","3385"
"OID21189",0.284573110550651,1.32193237597911,3.44505803604144,0.000633757181434969,0.00184447864006226,-1.3841210614883,"Up",FALSE,"UXS1","Q8NBZ7","ONCOLOGY","80146"
"OID21085",0.2320298654897,1.90197702349869,3.4378771939806,0.000650231050147086,0.00188627907940598,-1.40796871010303,"Up",FALSE,"NID2","Q14112","NEUROLOGY","22795"
"OID21218",0.385624745691468,2.4907684073107,3.43767304154608,0.000650759682398284,0.00188627907940598,-1.40870558827401,"Up",FALSE,"SFTPA2","Q8IWL1","ONCOLOGY","729238"
"OID21401",-0.365813665405632,3.03903368146214,-3.41547879789724,0.000704455521857234,0.00203778732942103,-1.48229125056338,"Down",FALSE,"CA14","Q9ULX7","ONCOLOGY","23632"
"OID21278",0.363833694829759,1.4387908616188,3.41070815728183,0.000716524622974647,0.00206434210933623,-1.49804989916908,"Up",FALSE,"SF3B4","Q15427","ONCOLOGY","10262"
"OID20269",0.175748978562421,4.92893368146214,3.41068781244366,0.000716504014980148,0.00206434210933623,-1.49804547870705,"Up",FALSE,"MET","P08581","CARDIOMETABOLIC","4233"
"OID21125",-0.428793093736862,1.03496240208877,-3.40853319557729,0.000722090757272549,0.00207619253952208,-1.50522747596389,"Down",FALSE,"EFNA1","P20827","NEUROLOGY","1942"
"OID21033",-0.517134762505253,4.00211070496084,-3.40543671458326,0.000730084835503198,0.00209496230910456,-1.51543871808023,"Down",TRUE,"PRL","P01236","NEUROLOGY","5617"
"OID20460",-0.265651231609919,0.605232114882507,-3.40379690406885,0.000734351628562792,0.00210298292027301,-1.52084277109162,"Down",FALSE,"WNT9A","O14904","INFLAMMATION","7483"
"OID21075",0.387244787725933,2.49321749347259,3.39278808324074,0.000763604183000885,0.00218238075501653,-1.55705927954906,"Up",FALSE,"GGT1","P19440","NEUROLOGY","2678"
"OID20209",0.251864043715846,4.48630391644909,3.38748358542824,0.000778019393865839,0.00221914114537781,-1.57441219374241,"Up",FALSE,"LILRA5","A6NI73","CARDIOMETABOLIC","353514"
"OID21152",0.301008823034887,1.98040548302872,3.38647194146786,0.000780874082304926,0.00222284674026641,-1.57778806876361,"Up",FALSE,"LILRA2","Q8N149","NEUROLOGY","11027"
"OID20708",-0.470923060109287,1.69604960835509,-3.38277606520273,0.000791147621348449,0.00224761421651478,-1.58990060152825,"Down",FALSE,"LY6D","Q14210","INFLAMMATION","8581"
"OID21325",-0.188112055485497,0.187644125326371,-3.35852069910564,0.00086174525762097,0.00244332137527851,-1.66907236825444,"Down",FALSE,"DSG4","Q86SJ6","ONCOLOGY","147409"
"OID21083",-0.402269831862125,2.24004046997389,-3.33386194849332,0.000939524734846553,0.00265857593286282,-1.74903276805836,"Down",FALSE,"MMP3","P08254","NEUROLOGY","4314"
"OID21491",0.202781286254728,2.3588684073107,3.33232279964207,0.000944501024987765,0.00266737542432315,-1.75393990103848,"Up",FALSE,"FLT4","P35916","ONCOLOGY","2324"
"OID20963",0.370509096258931,3.60553498694517,3.33018492137094,0.000951665001874272,0.00268230628733399,-1.76090688023488,"Up",FALSE,"LPO","P22079","NEUROLOGY","4025"
"OID20960",0.46823277847835,4.11650287206266,3.32584088415994,0.000966195424831203,0.00271790012221218,-1.77491901284223,"Up",FALSE,"FKBP4","Q02790","NEUROLOGY","2288"
"OID20429",0.35496618327028,3.79833054830287,3.31971734330571,0.000987028688870682,0.00277104910883341,-1.79464179373269,"Up",FALSE,"LILRB4","Q8NHJ6","INFLAMMATION","11006"
"OID20538",-0.307870428751575,3.59381749347259,-3.31765953231565,0.000994106241336117,0.00278544670366532,-1.80125028598313,"Down",FALSE,"ISM1","B1AKI9","INFLAMMATION","140862"
"OID20280",0.43211922656578,5.59111070496084,3.31607065807598,0.000999632877392202,0.00279545084499698,-1.80637078345052,"Up",FALSE,"CPA1","P15085","CARDIOMETABOLIC","1357"
"OID21102",-0.270881525851196,2.81670417754569,-3.31416684735703,0.00100623142716088,0.00280840763557208,-1.812461050475,"Down",FALSE,"PIGR","P01833","NEUROLOGY","5284"
"OID20782",-0.411997150063049,4.30204673629243,-3.30374993759063,0.00104333244957668,0.00290261245708975,-1.84590839596262,"Down",FALSE,"FSTL3","O95633","INFLAMMATION","10272"
"OID20404",0.347531509037408,4.15574203655352,3.30355255837309,0.00104404674803648,0.00290261245708975,-1.8465406613456,"Up",FALSE,"FETUB","Q9UGM5","CARDIOMETABOLIC","26998"
"OID21004",0.387493131567884,6.05862167101828,3.30269784450274,0.00104714513004891,0.00290324960048314,-1.84927815679429,"Up",FALSE,"CCL2","P13500","NEUROLOGY","6347"
"OID20962",0.455290088272381,2.93282167101828,3.3023690627499,0.00104833925391833,0.00290324960048314,-1.85033100766443,"Up",FALSE,"PRDX1","Q06830","NEUROLOGY","5052"
"OID21082",0.5433745691467,4.84793394255875,3.29752389788121,0.00106608402896808,0.00294668100076477,-1.86583509513731,"Up",TRUE,"SIGLEC5","O15389","NEUROLOGY","8778"
"OID20548",-0.52073745691467,2.47318146214099,-3.27521558348558,0.00115144190876234,0.00317646812282121,-1.93694210408727,"Down",TRUE,"CEACAM21","Q3KPI0","INFLAMMATION","90273"
"OID20253",-0.260447154266498,2.65579686684073,-3.26235344299799,0.00120344171963082,0.00331352257678697,-1.97770182522921,"Down",FALSE,"NOTCH3","Q9UM47","CARDIOMETABOLIC","4854"
"OID20194",0.302796132828919,4.9809044386423,3.24695728006593,0.00126864859248739,0.00348634392050863,-2.02634694944545,"Up",FALSE,"THOP1","P52888","CARDIOMETABOLIC","7064"
"OID20935",-0.411116633039089,3.58471331592689,-3.24217299775487,0.00128958110992317,0.00353706603854166,-2.04142531834083,"Down",FALSE,"EFNA4","P52798","NEUROLOGY","1945"
"OID21522",-0.302204325346783,2.65525274151436,-3.22816765327682,0.00135264185993117,0.00370292187325985,-2.08540870226833,"Down",FALSE,"ITGB5","P18084","ONCOLOGY","3693"
"OID20357",-0.135752425388819,1.43608146214099,-3.21319813430487,0.00142307693118902,0.00388829241810538,-2.1321655008019,"Down",FALSE,"HYAL1","Q12794","CARDIOMETABOLIC","3373"
"OID20118",0.190412795292139,0.646706005221932,3.20891130844296,0.00144398490958573,0.00392782003619422,-2.1455740909877,"Up",FALSE,"CLTA","P09496","CARDIOMETABOLIC","1211"
"OID20542",0.274565582177384,1.57572062663185,3.20882301540587,0.00144444692723496,0.00392782003619422,-2.14586338259414,"Up",FALSE,"SCRN1","Q12765","INFLAMMATION","9805"
"OID21360",0.327541639344262,3.88283603133159,3.20854863244033,0.00144578960044658,0.00392782003619422,-2.14671839121595,"Up",FALSE,"OGFR","Q9NZT2","ONCOLOGY","11054"
"OID20111",-0.18237756200084,2.29268511749347,-3.1985810895569,0.00149523535906547,0.0040544427478265,-2.17767735436279,"Down",FALSE,"BMP6","P22004","CARDIOMETABOLIC","654"
"OID20628",-0.222654838167296,3.36967206266319,-3.19089704432566,0.00153452647951944,0.00415310291521456,-2.20153020765572,"Down",FALSE,"CD244","Q9BZW8","INFLAMMATION","51744"
"OID20534",0.376795451870532,1.5736180156658,3.17610171603792,0.00161296148207759,0.00435713035517746,-2.24733787346035,"Up",FALSE,"PSIP1","O75475","INFLAMMATION","11168"
"OID21497",0.171796099201344,4.43809608355091,3.17086706761658,0.00164142020202375,0.00442564050696591,-2.26342789014027,"Up",FALSE,"KDR","P35968","ONCOLOGY","3791"
"OID21132",0.310615813366959,3.88500339425587,3.15784271760218,0.00171471617707955,0.00461455634095421,-2.30353330803153,"Up",FALSE,"GNLY","P22749","NEUROLOGY","10578"
"OID21474",-0.244626948297602,2.66900417754569,-3.1563970086384,0.00172293737011882,0.00462401738382417,-2.30793723457065,"Down",FALSE,"DCBLD2","Q96PD2","ONCOLOGY","131566"
"OID20737",-0.500108373266075,5.23533368146214,-3.15610489774939,0.00172470347486234,0.00462401738382417,-2.30886574243042,"Down",TRUE,"LAIR1","Q6GTX8","INFLAMMATION","3903"
"OID20167",-0.329968419503992,1.98907885117493,-3.15026669882417,0.00175865034795717,0.00470620102477677,-2.32675962764617,"Down",FALSE,"IGSF8","Q969P0","CARDIOMETABOLIC","93185"
"OID20848",0.271002976040352,1.793627154047,3.13476110169608,0.00185182582008276,0.00494627868579114,-2.37413101518151,"Up",FALSE,"TNF","P01375","NEUROLOGY","7124"
"OID20703",-0.425728394283311,4.9705362924282,-3.11600484467924,0.00197061344873989,0.00525374369076362,-2.43113674313034,"Down",FALSE,"ANGPTL4","Q9BY76","INFLAMMATION","51129"
"OID20258",-0.556616242118536,4.14123394255875,-3.09547899243602,0.00210862826796352,0.00561122866837966,-2.4931480612153,"Down",TRUE,"REG3A","Q06141","CARDIOMETABOLIC","5068"
"OID21329",0.197631206389238,1.62438511749347,3.08524973062765,0.00218056270084521,0.00579186635596246,-2.52387046081358,"Up",FALSE,"SEMA4C","Q9C0C4","ONCOLOGY","54910"
"OID20665",-0.24558844892812,4.99137310704961,-3.08313844996858,0.00219571317083179,0.00582128779428316,-2.53020692902595,"Down",FALSE,"FASLG","P48023","INFLAMMATION","356"
"OID20527",-0.21385262295082,0.417649608355091,-3.08187661431464,0.00220493505703959,0.00583491147501773,-2.5340278683757,"Down",FALSE,"DPP10","Q8N608","INFLAMMATION","57628"
"OID20988",0.361959886506934,2.92642558746736,3.07909754047786,0.00222510253313588,0.00587739652467869,-2.54235886230607,"Up",FALSE,"CD63","P08962","NEUROLOGY","967"
"OID20709",-0.331150899537619,4.26755770234987,-3.07801757657505,0.00223298541177842,0.00588733607644164,-2.54559440406791,"Down",FALSE,"CCN2","P29279","INFLAMMATION","1490"
"OID20379",-0.305734884405211,2.87216684073107,-3.06967250420713,0.00229476948889427,0.00603908950208088,-2.57055958011707,"Down",FALSE,"SELP","P16109","CARDIOMETABOLIC","6403"
"OID20424",0.307780605296342,1.04566866840731,3.04886422344676,0.00245573578548802,0.00645082065709996,-2.63252867773304,"Up",FALSE,"JUN","P05412","INFLAMMATION","3725"
"OID20822",0.308299617486338,2.36539608355091,3.04703422699716,0.00247037712534244,0.00647737415066853,-2.63795938016608,"Up",FALSE,"PXN","P49023","NEUROLOGY","5829"
"OID20147",-0.179926376628835,2.74081018276762,-3.03697414663037,0.00255213746894434,0.00667949531707227,-2.66771530401271,"Down",FALSE,"IL6ST","P40189","CARDIOMETABOLIC","3572"
"OID21269",0.52161287095418,3.45680156657963,3.03118242194383,0.00260059956067404,0.00679388806618501,-2.68487121787269,"Up",TRUE,"ACAA1","P09110","ONCOLOGY","30"
"OID21418",0.408879050021016,4.32279582245431,3.01712580121777,0.00272131424517564,0.00709627382546715,-2.72627526584247,"Up",FALSE,"CD300E","Q496F6","ONCOLOGY","342510"
"OID20611",0.276040273224041,6.91860652741514,3.00647692856685,0.00281609298957589,0.00733004896558097,-2.75750380297668,"Up",FALSE,"TNFSF10","P50591","INFLAMMATION","8743"
"OID20340",0.307367919293818,1.49110156657963,3.0018301693567,0.00285849234239041,0.00742688283141072,-2.77112032624525,"Up",FALSE,"AMY2B","P19961","CARDIOMETABOLIC","280"
"OID20723",-0.478537671290456,5.24530626631854,-2.99410994710252,0.00293011149758533,0.00759914578956341,-2.79367256934647,"Down",FALSE,"SCGB3A2","Q96PL1","INFLAMMATION","117156"
"OID20509",-0.45899455233291,0.608205221932115,-2.98992912134687,0.00296957893930903,0.00768755127585616,-2.80586242726155,"Down",FALSE,"SPINK4","O60575","INFLAMMATION","27290"
"OID20601",0.409529415720891,4.13563681462141,2.98906686827276,0.00297777902649599,0.00769483947353123,-2.80837444027321,"Up",FALSE,"IL5RA","Q01344","INFLAMMATION","3568"
"OID21148",-0.112474110970996,0.385174151436031,-2.98114497291081,0.00305390321079091,0.00787730629642638,-2.83138156024733,"Down",FALSE,"SPINK5","Q9NQ38","NEUROLOGY","11005"
"OID20617",0.344903408995376,5.50392480417755,2.97720691628496,0.00309269228235145,0.00796298607473914,-2.84285601099298,"Up",FALSE,"CKAP4","Q07065","INFLAMMATION","10970"
"OID20522",-0.421583804119376,0.15863681462141,-2.97145777086488,0.00314984515445678,0.00808227491620656,-2.85952394876797,"Down",FALSE,"EPO","P01588","INFLAMMATION","2056"
"OID20266",-0.556791050861707,3.67757806788512,-2.97140902082362,0.00315033388966204,0.00808227491620656,-2.85966515347759,"Down",TRUE,"REG1B","P48304","CARDIOMETABOLIC","5968"
"OID21049",0.300730256410256,4.75547467362924,2.96806894878695,0.00318398493455143,0.00815396858687097,-2.86933441846402,"Up",FALSE,"TNFRSF8","P28908","NEUROLOGY","943"
"OID20901",-0.250938549810844,1.37000104438642,-2.96493041813053,0.00321590484937788,0.00822098037524326,-2.87841077073157,"Down",FALSE,"CRIP2","P52943","NEUROLOGY","1397"
"OID20890",0.167651672971837,0.531945691906005,2.95565832429244,0.00331185108132862,0.00845113427717607,-2.90515765420379,"Up",FALSE,"GPKOW","Q92917","NEUROLOGY","27238"
"OID20902",0.223611403951239,1.42471148825065,2.95420888369909,0.00332716277379905,0.00847507237746675,-2.90934647081407,"Up",FALSE,"PPP3R1","P63098","NEUROLOGY","5534"
"OID21193",0.311649037410677,1.17025953002611,2.94695354773499,0.0034044440238714,0.00865034843850596,-2.93022152087722,"Up",FALSE,"FCRLB","Q6BAA4","ONCOLOGY","127943"
"OID20732",0.40806730979403,5.68853785900783,2.94661590530307,0.0034080798956465,0.00865034843850596,-2.93119175228331,"Up",FALSE,"MZB1","Q8WU39","INFLAMMATION","51237"
"OID21091",-0.349756443883984,3.20114255874674,-2.9416762218453,0.00346167973653593,0.00877081621189689,-2.94537401735293,"Down",FALSE,"GP6","Q9HCN6","NEUROLOGY","51206"
"OID21156",0.455525388818828,7.06517571801567,2.9345376200865,0.00354050130951301,0.00895464844476831,-2.96582938355454,"Up",FALSE,"CLPS","P04118","NEUROLOGY","1208"
"OID21519",0.363109789827657,2.08111566579634,2.93001754167477,0.00359125422617605,0.00906696517527486,-2.97875691229398,"Up",FALSE,"S100A4","P26447","ONCOLOGY","6275"
"OID21380",-0.399007368642282,4.17867441253264,-2.9232480957923,0.00366850711798461,0.00924567314215169,-2.99808204532586,"Down",FALSE,"MSLN","Q13421","ONCOLOGY","10232"
"OID21131",-0.151621559478772,0.705589033942559,-2.92154651445503,0.00368799582643162,0.00927842611966688,-3.00290476211218,"Down",FALSE,"PECAM1","P16284","NEUROLOGY","5175"
"OID20517",0.174282694409415,0.441949347258486,2.91916258064696,0.00371583114710323,0.00933202585098508,-3.0097193583373,"Up",FALSE,"BID","P55957","INFLAMMATION","637"
"OID20308",-0.346511042454811,5.78160522193212,-2.90127650956628,0.00392981485590226,0.00985211478786724,-3.06051098846067,"Down",FALSE,"BPIFB1","Q8TDL5","CARDIOMETABOLIC","92747"
"OID20246",-0.751609768810417,5.77813394255875,-2.89851257280409,0.00396386123037936,0.00992006602138723,-3.06833238424285,"Down",TRUE,"IGFBP1","P08833","CARDIOMETABOLIC","3484"
"OID20684",0.386297427490542,2.35415665796345,2.89288484370079,0.00403401649173333,0.0100779887529492,-3.08423569284011,"Up",FALSE,"TIMP3","P35625","INFLAMMATION","7078"
"OID20326",-0.478434728877679,1.95731644908616,-2.89139834969063,0.00405273508770547,0.010107082792899,-3.0884314128314,"Down",FALSE,"PI3","P19957","CARDIOMETABOLIC","5266"
"OID20413",-0.35857769230769,4.92600626631854,-2.88326464352939,0.00415656696033946,0.0103479689657231,-3.11135273892287,"Down",FALSE,"IGFBP6","P24592","CARDIOMETABOLIC","3489"
"OID21155",-0.37789138713745,4.04807206266319,-2.87560572311813,0.00425654693422011,0.010578444467827,-3.13287956545753,"Down",FALSE,"TNFRSF1A","P19438","NEUROLOGY","7132"
"OID21362",-0.251232934005883,2.06402558746736,-2.86684784709363,0.00437355271269928,0.0108503590736932,-3.15742800116683,"Down",FALSE,"OPTC","Q9UBM4","ONCOLOGY","26254"
"OID20453",-0.183647990752416,-0.140138120104439,-2.84527102470374,0.00467441129192589,0.0115766615878026,-3.21760195997745,"Down",FALSE,"IL20","Q9NYY1","INFLAMMATION","50604"
"OID20922",-0.303486410256409,3.36772663185379,-2.83936584036546,0.00475996711840017,0.0117681540003354,-3.2339945320274,"Down",FALSE,"PHOSPHO1","Q8TCT1","NEUROLOGY","162466"
"OID20421",-0.406214653215635,1.04527467362924,-2.83304995478492,0.00485304584502088,0.0119775518351206,-3.25149105519462,"Down",FALSE,"PAPPA","Q13219","INFLAMMATION","5069"
"OID20089",-0.13725029003783,0.39692454308094,-2.82575330327562,0.00496243513278533,0.0122264134564659,-3.27163384120582,"Down",FALSE,"ADAMTS16","Q8TE57","CARDIOMETABOLIC","170690"
"OID20871",-0.460207171080283,1.67247545691906,-2.82208231542232,0.00501861433167173,0.0123435454044043,-3.28178527057385,"Down",FALSE,"NEFL","P07196","NEUROLOGY","4747"
"OID20780",0.265991782261454,5.94309164490862,2.81440354769888,0.00513750984296675,0.0125926270421947,-3.30292133482351,"Up",FALSE,"B4GALT1","P15291","INFLAMMATION","2683"
"OID21452",0.185834102564103,0.283673890339426,2.80967620327353,0.00521206592728834,0.0127534969350942,-3.31591687908525,"Up",FALSE,"LTA4H","P09960","ONCOLOGY","4048"
"OID20216",0.302082383354348,2.88956553524804,2.80541368605233,0.00528007777754891,0.0128676832597536,-3.32761058019408,"Up",FALSE,"SDC4","P31431","CARDIOMETABOLIC","6385"
"OID20971",-0.502516153846153,3.56432010443864,-2.80535800079456,0.005280971581005,0.0128676832597536,-3.32776323322417,"Down",TRUE,"SNCG","O76070","NEUROLOGY","6623"
"OID20575",0.226462505254306,1.94793707571802,2.80505771712092,0.0052857453278344,0.0128676832597536,-3.32858089034046,"Up",FALSE,"HSD11B1","P28845","INFLAMMATION","3290"
"OID20166",0.61200040353089,4.71900939947781,2.80354773136752,0.00531010302845593,0.012904995285142,-3.33272423942366,"Up",TRUE,"GSTA1","P08263","CARDIOMETABOLIC","2938"
"OID20791",0.182883619167717,0.394696083550914,2.80165659732351,0.0053406913185265,0.0129572969340821,-3.3379035708495,"Up",FALSE,"FOSB","P53539","NEUROLOGY","2354"
"OID20753",-0.306858188314417,4.82595691906005,-2.79887505925267,0.00538597183395565,0.013045006357157,-3.34551539503377,"Down",FALSE,"MEPE","Q9NQ76","INFLAMMATION","56955"
"OID21504",0.144220647330811,3.01587754569191,2.79018840456474,0.00552935914546132,0.0133696348880951,-3.36921098735241,"Up",FALSE,"IL13RA1","P78552","ONCOLOGY","3597"
"OID20915",-0.260247372845732,2.18828929503916,-2.78744633554158,0.00557569431976121,0.0134588972684777,-3.37671450901298,"Down",FALSE,"CSF2RA","P15509","NEUROLOGY","1438"
"OID21201",-0.325273505674652,0.586981723237598,-2.78390360282552,0.00563572279453888,0.0135698527677954,-3.38636087806908,"Down",FALSE,"KLK12","Q9UKR0","ONCOLOGY","43849"
"OID20381",-0.19060377469525,4.40987780678851,-2.78359806081994,0.0056406525850738,0.0135698527677954,-3.3871634314711,"Down",FALSE,"GP1BA","P07359","CARDIOMETABOLIC","2811"
"OID20480",-0.273336717108027,0.746515665796345,-2.7752272873449,0.00578521486492259,0.0138942387260074,-3.40993551715124,"Down",FALSE,"TNFRSF13C","Q96RJ3","INFLAMMATION","115650"
"OID20149",0.428424325346781,0.427261879895561,2.77399212010553,0.00580678608741733,0.0139202842183781,-3.41328587418771,"Up",FALSE,"PM20D1","Q6GTS8","CARDIOMETABOLIC","148811"
"OID20986",0.399198175704075,6.59941984334204,2.77349193520989,0.00581554211222652,0.0139202842183781,-3.41464220434104,"Up",FALSE,"RBKS","Q9H477","NEUROLOGY","64080"
"OID21310",-0.294398646490119,3.66321618798956,-2.76748485893402,0.00592163693558103,0.0141505337474002,-3.43091298160212,"Down",FALSE,"VNN2","O95498","ONCOLOGY","8875"
"OID21047",0.574563182009245,5.21807467362924,2.76310152814936,0.00600015551937226,0.01431422744104,-3.4427642878531,"Up",TRUE,"OXT","P01178","NEUROLOGY","5020"
"OID20615",0.429646263135768,4.74483368146214,2.75900571650547,0.00607437357537373,0.0144629534537247,-3.45382190767164,"Up",FALSE,"HPCAL1","P37235","INFLAMMATION","3241"
"OID20282",-0.208182774274904,6.19732245430809,-2.75853307764487,0.00608273969607315,0.0144629534537247,-3.45507264276772,"Down",FALSE,"CXCL16","Q9H2A7","CARDIOMETABOLIC","58191"
"OID20585",0.274542480033628,2.55680992167102,2.75562637237923,0.00613623283509715,0.0145463239733393,-3.46293338365143,"Up",FALSE,"IL17RB","Q9NRM6","INFLAMMATION","55540"
"OID20400",-0.355776536359813,7.00035874673629,-2.75552148444695,0.00613816190057634,0.0145463239733393,-3.46321601350862,"Down",FALSE,"CST3","P01034","CARDIOMETABOLIC","1471"
"OID20071",0.215632248844051,1.2864227154047,2.74920925622198,0.00625526865484241,0.0147833776983426,-3.48020583685342,"Up",FALSE,"VAMP5","O95183","CARDIOMETABOLIC","10791"
"OID20911",0.648327936107608,5.57356684073107,2.74901615322299,0.00625888279041096,0.0147833776983426,-3.48072499724996,"Up",TRUE,"IL6","P05231","NEUROLOGY","3569"
"OID20412",0.4538737704918,3.36023994778068,2.73993474428607,0.0064309974163057,0.0151604224300892,-3.50510090951925,"Up",FALSE,"CCL5","P13501","CARDIOMETABOLIC","6352"
"OID20288",-0.201764035308953,1.63486475195822,-2.73947588080378,0.00643973157107357,0.0151604224300892,-3.50632375145506,"Down",FALSE,"ENPP2","Q13822","CARDIOMETABOLIC","5168"
"OID20560",-0.142253379571247,3.60420574412533,-2.73512305506875,0.00652361426821166,0.0153326394560435,-3.51795822029446,"Down",FALSE,"SELPLG","Q14242","INFLAMMATION","6404"
"OID20293",-0.345003480453971,3.23863524804178,-2.72861670432875,0.00665148008089304,0.015596253385925,-3.5353717134011,"Down",FALSE,"CST6","Q15828","CARDIOMETABOLIC","1474"
"OID20445",0.265048532997056,1.09944177545692,2.72830726113994,0.00665760291491551,0.015596253385925,-3.53619764601337,"Up",FALSE,"PNPT1","Q8TCS8","INFLAMMATION","87178"
"OID20083",-0.361075262715425,-0.0162339425587467,-2.72623212880804,0.00669879437229827,0.0156670657250642,-3.5417340388395,"Down",FALSE,"PTN","P21246","CARDIOMETABOLIC","5764"
"OID20092",0.205574535519125,0.637041514360313,2.71589753942914,0.00690738124030565,0.0161177128294628,-3.56924607300054,"Up",FALSE,"MPHOSPH8","Q99549","CARDIOMETABOLIC","54737"
"OID21381",0.334231609920135,2.18181227154047,2.71521830195754,0.00692129353500599,0.0161177128294628,-3.57105077136641,"Up",FALSE,"VMO1","Q7Z5L0","ONCOLOGY","284013"
"OID21103",-0.291529869693148,3.0052545691906,-2.71502217358347,0.00692531537948925,0.0161177128294628,-3.57157179336088,"Down",FALSE,"MMP9","P14780","NEUROLOGY","4318"
"OID21527",-0.399277986548968,3.3429819843342,-2.71008170408892,0.0070273232577422,0.0163285283501034,-3.58468437928732,"Down",FALSE,"CD27","P26842","ONCOLOGY","939"
"OID20442",0.253889949558637,0.872303133159269,2.6988710039952,0.00726383644226861,0.0168062002197747,-3.61435363317465,"Up",FALSE,"NBN","O60934","INFLAMMATION","4683"
"OID20546",0.356712366540562,1.72417624020888,2.69866813082956,0.00726818176054636,0.0168062002197747,-3.6148894488974,"Up",FALSE,"CCL26","Q9Y258","INFLAMMATION","10344"
"OID20589",0.352112929802435,3.58652375979112,2.69449932676626,0.00735799292260449,0.0169863843075958,-3.62589124402528,"Up",FALSE,"HEXIM1","O94992","INFLAMMATION","10614"
"OID20139",0.422823270281629,1.69104125326371,2.693170185324,0.00738683686764006,0.0170254675546091,-3.62939550791865,"Up",FALSE,"AGXT","P21549","CARDIOMETABOLIC","189"
"OID20981",-0.381784056326185,4.5853772845953,-2.67992509752805,0.0076798828399866,0.0176723874047357,-3.66422503858004,"Down",FALSE,"TNFRSF10B","O14763","NEUROLOGY","8795"
"OID21231",0.207032282471625,0.93956135770235,2.6732261252624,0.00783204436012931,0.0179935552903935,-3.68177780143649,"Up",FALSE,"GNE","Q9Y223","ONCOLOGY","10020"
"OID20356",-0.0923261076082385,0.685367624020888,-2.66773502736401,0.00795845290292924,0.0182290816359346,-3.69611047088124,"Down",FALSE,"OSMR","Q99650","CARDIOMETABOLIC","9180"
"OID20388",-0.17237255569567,4.59525639686684,-2.66766526641054,0.00796007483612538,0.0182290816359346,-3.6962926786894,"Down",FALSE,"TFPI","P10646","CARDIOMETABOLIC","7035"
"OID21283",0.292531143337537,1.59316971279373,2.65552399003306,0.00824726581723826,0.0188264262824816,-3.72795751770519,"Up",FALSE,"POLR2F","P61218","ONCOLOGY","5435"
"OID20119",0.171471849516603,0.403395561357702,2.65008773268757,0.00837868988861732,0.0190959295866573,-3.74207978027426,"Up",FALSE,"EPHX2","P34913","CARDIOMETABOLIC","2053"
"OID20695",-0.290967133249263,4.34982193211488,-2.64274588806409,0.00855916684160164,0.0194761933386127,-3.76110807769264,"Down",FALSE,"CCL4","P13236","INFLAMMATION","6351"
"OID20741",0.478093623371163,5.13992088772846,2.63879332805132,0.00865776652266425,0.0196692342780401,-3.77133108655466,"Up",FALSE,"PDGFB","P01127","INFLAMMATION","5155"
"OID20333",0.275534283312314,1.59459973890339,2.63286405491563,0.00880758858572307,0.0199778477603147,-3.78663904997324,"Up",FALSE,"AMY2A","P04746","CARDIOMETABOLIC","279"
"OID20792",-0.267438373266077,2.23826919060052,-2.63129759419453,0.00884755661239373,0.0200345483101734,-3.79067773053377,"Down",FALSE,"NDRG1","Q92597","NEUROLOGY","10397"
"OID21196",-0.242255897435895,1.36821671018277,-2.63078674507722,0.00886062598462531,0.0200345483101734,-3.79199431072927,"Down",FALSE,"KIR2DL3","P43628","ONCOLOGY","3804"
"OID20606",0.204462967633458,4.25786657963446,2.62783679200149,0.00893615815355406,0.020173412324532,-3.79957501711638,"Up",FALSE,"LIFR","P42702","INFLAMMATION","3977"
"OID20571",-0.192257276166456,1.68125848563969,-2.62452644509593,0.00902210155345501,0.0203353046055003,-3.80810259564229,"Down",FALSE,"PTH1R","Q03431","INFLAMMATION","5745"
"OID20472",-0.37278137452711,0.29434908616188,-2.59121815160822,0.00992708147701535,0.0223398416230786,-3.89322246830782,"Down",FALSE,"IL5","P05113","INFLAMMATION","3567"
"OID20278",-0.287171227406473,4.74068067885117,-2.5889114229232,0.00999265490968592,0.0224520501036811,-3.89907808086655,"Down",FALSE,"DPT","Q07507","CARDIOMETABOLIC","1805"
"OID20245",-0.472804342160571,3.08505274151436,-2.58461311985403,0.010115876901525,0.0226932309140962,-3.90997585465119,"Down",FALSE,"FABP4","P15090","CARDIOMETABOLIC","2167"
"OID20829",-0.179191752837326,0.0183323759791123,-2.58368567927635,0.0101426418748715,0.0227176100927765,-3.91232496278589,"Down",FALSE,"HSP90B1","P14625","NEUROLOGY","7184"
"OID20222",-0.286331467002941,5.98715326370757,-2.57973134640397,0.0102574714772035,0.0229388524897086,-3.92233172952458,"Down",FALSE,"NECTIN2","Q92692","CARDIOMETABOLIC","5819"
"OID20762",0.338525674653214,3.52044464751958,2.57743996085103,0.0103245412050054,0.023052764659301,-3.92812349594392,"Up",FALSE,"CXCL1","P09341","INFLAMMATION","2919"
"OID21282",0.412785800756619,2.62595822454308,2.56348561668936,0.0107415145220134,0.0239463716879206,-3.96328752409966,"Up",FALSE,"CDHR2","Q9BYE9","ONCOLOGY","54825"
"OID21382",-0.134560113493064,0.95492454308094,-2.55584009206039,0.010975980547745,0.0244309598173327,-3.98246046711769,"Down",FALSE,"VAT1","Q99536","ONCOLOGY","10493"
"OID20344",-0.303403850357291,0.738803916449086,-2.54955429694491,0.0111727283858569,0.0248302159617255,-3.99820951509374,"Down",FALSE,"DEFA1_DEFA1B","P59665","CARDIOMETABOLIC","1667"
"OID20507",-0.330603215636822,2.44541436031332,-2.54657323152226,0.0112669813759067,0.0250008018418798,-4.00565833577664,"Down",FALSE,"TRAF2","Q12933","INFLAMMATION","7186"
"OID20338",-0.302079083648591,5.23736657963446,-2.53980136760105,0.0114837274102814,0.0254422425880498,-4.02254795891773,"Down",FALSE,"PGLYRP1","O75594","CARDIOMETABOLIC","8993"
"OID21039",-0.171688083228247,4.27049634464752,-2.53554843721273,0.0116213349990477,0.0257072565226612,-4.03311438207262,"Down",FALSE,"ADAM8","P78325","NEUROLOGY","101"
"OID21178",0.12569176124422,0.34973498694517,2.53294793090492,0.0117065827952728,0.025855806513825,-4.03958429344245,"Up",FALSE,"ATP6AP2","O75787","ONCOLOGY","10159"
"OID21216",0.240230739806641,-0.487525587467363,2.51213303443333,0.0124083974248671,0.0273214174424269,-4.09110329022052,"Up",FALSE,"GFOD2","Q3B7J2","ONCOLOGY","81577"
"OID20443",-0.145701109709961,0.269794778067885,-2.51057689886059,0.0124622758674919,0.027359504603458,-4.09493572483038,"Down",FALSE,"FCRL3","Q96P31","INFLAMMATION","115352"
"OID20612",0.222619020596888,3.12906736292428,2.51052622783661,0.0124639870516803,0.027359504603458,-4.09505852373518,"Up",FALSE,"TLR3","O15455","INFLAMMATION","7098"
"OID21096",-0.21925891130727,0.568641775456919,-2.49967838438192,0.0128458177176252,0.0281544072369423,-4.12172571252645,"Down",FALSE,"CA6","P23280","NEUROLOGY","765"
"OID21359",0.216244291719209,1.22910626631854,2.49816630334902,0.0128998453067489,0.028229523649838,-4.12543345995692,"Up",FALSE,"APBB1IP","Q7Z5R6","ONCOLOGY","54518"
"OID20372",0.175692715426649,3.52535169712794,2.49602232704857,0.0129764194257248,0.0283536748614079,-4.13067189429016,"Up",FALSE,"F7","P08709","CARDIOMETABOLIC","2155"
"OID21024",0.332078192517864,3.45841279373368,2.48727497943114,0.0132949973825677,0.029005421770518,-4.15207572259739,"Up",FALSE,"CXCL13","O43927","NEUROLOGY","10563"
"OID20359",-0.332820735603192,3.11922793733681,-2.47943286402325,0.0135861350509308,0.0295954069935672,-4.17118924315343,"Down",FALSE,"TNC","P24821","CARDIOMETABOLIC","3371"
"OID20423",-0.0923216855821769,0.0256352480417755,-2.47542385038747,0.0137366996006431,0.0298778443368629,-4.18092132127705,"Down",FALSE,"EIF5A","P63241","INFLAMMATION","1984"
"OID20704",0.35598554854981,5.16337180156658,2.47279963217593,0.0138367925275006,0.0300498123431585,-4.18731073045369,"Up",FALSE,"CST7","O76096","INFLAMMATION","8530"
"OID21427",-0.332197713324926,3.65538433420366,-2.46226114972877,0.0142434568834484,0.0308860392814078,-4.21283755740317,"Down",FALSE,"CRNN","Q9UBG3","ONCOLOGY","49860"
"OID21053",0.328725388818829,3.01649921671018,2.45282224047691,0.0146166400810566,0.031647240417924,-4.23561127155,"Up",FALSE,"CPPED1","Q9BRF8","NEUROLOGY","55313"
"OID20461",-0.0560836990332068,0.130648302872063,-2.45218874549073,0.0146415369080752,0.0316531864472609,-4.23712097199849,"Down",FALSE,"IL3RA","P26951","INFLAMMATION","3563"
"OID21311",-0.430314358974356,3.53369582245431,-2.44887409381413,0.0147752862642259,0.0318612070423199,-4.24511201380249,"Down",FALSE,"AARSD1","Q9BTE6","ONCOLOGY","80755"
"OID20592",-0.174350432955022,0.47735953002611,-2.44869913923642,0.0147823514828958,0.0318612070423199,-4.24553267783901,"Down",FALSE,"TNFSF11","O14788","INFLAMMATION","8600"
"OID20285",0.116486439680537,4.68145822454308,2.44332136199896,0.0150005242184339,0.0322827546809369,-4.25843344755456,"Up",FALSE,"MEGF9","Q9H1U4","CARDIOMETABOLIC","1955"
"OID20801",-0.149975044136192,0.327841253263708,-2.43763583419511,0.0152352375566082,0.0327385781479596,-4.27207432743982,"Down",FALSE,"CALB2","P22676","NEUROLOGY","794"
"OID20561",-0.297465552753257,1.62574438642298,-2.4357042143453,0.0153155555957573,0.0327897567193826,-4.27669647274579,"Down",FALSE,"CXADR","P78310","INFLAMMATION","1525"
"OID21213",-0.159900588482555,0.112538381201044,-2.43554563872444,0.0153221658673172,0.0327897567193826,-4.27707576828087,"Down",FALSE,"IKZF2","Q9UKS7","ONCOLOGY","22807"
"OID21502",-0.179179894913828,2.89915848563969,-2.43539957582512,0.015327891874421,0.0327897567193826,-4.27741322800368,"Down",FALSE,"ADAMTS8","Q9UP79","ONCOLOGY","11095"
"OID20272",0.242495657839427,4.80457806788512,2.43435469899214,0.0153718808756194,0.0328347051887297,-4.27992326657087,"Up",FALSE,"TNFSF13B","Q9Y275","CARDIOMETABOLIC","10673"
"OID20810",0.169949033207229,0.849331592689295,2.42949365173997,0.0155763364727203,0.0331775185251303,-4.29153356484542,"Up",FALSE,"ANXA5","P08758","NEUROLOGY","308"
"OID21379",-0.173367335014711,2.21074882506527,-2.42942656944327,0.0155788068092109,0.0331775185251303,-4.29168188333479,"Down",FALSE,"GCNT1","Q02742","ONCOLOGY","2650"
"OID21003",0.466810176544765,4.95379947780679,2.42541720259236,0.015749631064503,0.0334493562536123,-4.30125227313353,"Up",FALSE,"LXN","Q9BS40","NEUROLOGY","56925"
"OID20497",-0.226191584699452,1.92154020887728,-2.42533212793658,0.0157532657513514,0.0334493562536123,-4.30145493198188,"Down",FALSE,"ENAH","Q8N8S7","INFLAMMATION","55740"
"OID20668",-0.221984123581335,6.46035874673629,-2.41774262865441,0.0160803276885453,0.03409315766607,-4.31950073353123,"Down",FALSE,"CCL11","P51671","INFLAMMATION","6356"
"OID21233",0.121955964691046,0.424357441253264,2.41676428477177,0.0161228057052525,0.0341325768189716,-4.32181944292451,"Up",FALSE,"FMR1","Q06787","ONCOLOGY","2332"
"OID21454",-0.284745611601511,4.71967127937337,-2.4148781060129,0.016205574602012,0.0342570504530697,-4.32630529007901,"Down",FALSE,"LEFTY2","O00292","ONCOLOGY","7044"
"OID20788",0.432994224464057,4.88608955613577,2.41112915808289,0.0163705478850613,0.034554671976001,-4.33519158563364,"Up",FALSE,"CXCL3","P19876","INFLAMMATION","2921"
"OID20240",0.211502282471624,2.82517101827676,2.40143635456913,0.0168038692771456,0.0354170047153999,-4.35810195789905,"Up",FALSE,"LDLR","P01130","CARDIOMETABOLIC","3949"
"OID20067",0.164453589743589,0.101068146214099,2.39919449020238,0.016905640698732,0.0355790288048424,-4.36339165467234,"Up",FALSE,"VSTM2L","Q96N03","CARDIOMETABOLIC","128434"
"OID20098",0.151539382093316,1.58735065274151,2.38580332749891,0.0175239403379975,0.0368260452102919,-4.39486083720686,"Up",FALSE,"THPO","P40225","CARDIOMETABOLIC","7066"
"OID20673",-0.260547141656156,6.57897493472585,-2.38522753802724,0.0175513721624261,0.0368295313070586,-4.3962212890698,"Down",FALSE,"PGF","P49763","INFLAMMATION","5228"
"OID20868",-0.321968268179907,1.57304203655352,-2.3777630080619,0.0179053006109956,0.0375171181423941,-4.41369054019601,"Down",FALSE,"TST","Q16762","NEUROLOGY","7263"
"OID20925",-0.473214321143333,2.25990574412533,-2.36133695730683,0.018706316060867,0.0390858611644163,-4.45194521223641,"Down",FALSE,"PAEP","P09466","NEUROLOGY","5047"
"OID21153",-0.137809819251786,2.68049947780679,-2.36127875107521,0.0187086977162076,0.0390858611644163,-4.45206729502183,"Down",FALSE,"PAMR1","Q6UXH9","NEUROLOGY","25891"
"OID20936",-0.226087377049179,2.55020652741514,-2.35547269106979,0.018999817384441,0.0396361153903157,-4.46554012511925,"Down",FALSE,"VWC2","Q2TAL6","NEUROLOGY","375567"
"OID21115",0.257186536359814,2.67227963446475,2.35169910343019,0.0191908125903437,0.0399761970723049,-4.47427092975991,"Up",FALSE,"NUDT5","Q9UKK9","NEUROLOGY","11164"
"OID20540",0.227310432955022,3.07761488250653,2.34733212807643,0.0194139425012533,0.0403821307631601,-4.48435765629185,"Up",FALSE,"BTN3A2","P78410","INFLAMMATION","11118"
"OID20482",-0.195595472887767,1.5214501305483,-2.34614770484003,0.0194748513581345,0.0404499456261252,-4.48709026610193,"Down",FALSE,"MILR1","Q7Z6M3","INFLAMMATION","284021"
"OID20230",0.400450504413616,5.627354308094,2.34441930507197,0.0195640348819717,0.0405563485282383,-4.49107549186678,"Up",FALSE,"HSPB1","P04792","CARDIOMETABOLIC","3315"
"OID21402",-0.563632248844049,5.10794934725849,-2.34405571057353,0.0195828414866931,0.0405563485282383,-4.49191347982518,"Down",TRUE,"FGF21","Q9NSA1","ONCOLOGY","26291"
"OID21206",0.222211403951239,0.787396605744125,2.33943929811468,0.0198230033057244,0.0409943150852101,-4.50254209225222,"Up",FALSE,"MAEA","Q7L5Y9","ONCOLOGY","10296"
"OID20749",0.345966389239175,4.9408725848564,2.33633138374775,0.0199861382990799,0.041271953221655,-4.5096861401447,"Up",FALSE,"LHPP","Q9H008","INFLAMMATION","64077"
"OID20228",0.226760765027321,4.67021305483029,2.32873158834691,0.0203899570132188,0.0420450917343285,-4.5271152433214,"Up",FALSE,"CTSL","P07711","CARDIOMETABOLIC","1514"
"OID21288",-0.212396670870112,1.97898981723238,-2.32054106494777,0.0208332749242534,0.0428973341019569,-4.54584015850422,"Down",FALSE,"MPI","P34949","ONCOLOGY","4351"
"OID20914",-0.219014304329548,3.33128015665796,-2.31885223173194,0.020925673236883,0.0430139713119599,-4.5496919738872,"Down",FALSE,"CRTAM","O95727","NEUROLOGY","56253"
"OID21414",0.269691702395964,4.32120600522193,2.31840737920585,0.0209501217866509,0.0430139713119599,-4.55070723273622,"Up",FALSE,"CASP8","Q14790","ONCOLOGY","841"
"OID20219",-0.472736906263135,1.2034590078329,-2.31173985378061,0.0213189579479111,0.043708451804254,-4.56588822792242,"Down",FALSE,"SERPINA12","Q8IW75","CARDIOMETABOLIC","145264"
"OID21242",0.313687847835222,1.30887415143603,2.30179806113797,0.0218794632754373,0.0447933424363895,-4.58844528603565,"Up",FALSE,"GSTA3","Q16772","ONCOLOGY","2940"
"OID20735",-0.216621038251365,6.33087832898172,-2.30113972564815,0.0219168797536923,0.0448057527439575,-4.5899325367104,"Down",FALSE,"TNFRSF11B","O00300","INFLAMMATION","4982"
"OID20578",0.18259327028163,3.09228537859008,2.29702072711688,0.0221530023791182,0.045223771999657,-4.59924382435101,"Up",FALSE,"ICAM4","Q14773","INFLAMMATION","3386"
"OID21066",0.288477065994115,5.15957075718016,2.2829725034006,0.0229761667767493,0.0467705731110752,-4.6308997176342,"Up",FALSE,"DKK1","O94907","NEUROLOGY","22943"
"OID20978",-0.2886823160992,3.63747989556136,-2.27205055511015,0.0236341636239484,0.0480415644646121,-4.65537481101841,"Down",FALSE,"AFP","P02771","NEUROLOGY","174"
"OID20229",-0.201255662042875,4.2139772845953,-2.27147783124454,0.023668898470564,0.0480438294239147,-4.65665098826722,"Down",FALSE,"NRCAM","Q92823","CARDIOMETABOLIC","4897"
"OID21059",-0.221855947877262,3.32353133159269,-2.27043050234341,0.0237331492487668,0.0481059152857982,-4.65899547221718,"Down",FALSE,"LRPAP1","P30533","NEUROLOGY","4043"
"OID21405",-0.231759398907104,2.09282297650131,-2.26698817607196,0.0239446755971659,0.0484659227030454,-4.66668039204944,"Down",FALSE,"CTSV","O60911","ONCOLOGY","1515"
"OID20731",-0.255386548970153,6.22079608355091,-2.25538325557431,0.0246699225610824,0.0497975219020054,-4.69250447740979,"Down",FALSE,"TREM2","Q9NZC2","INFLAMMATION","54209"
"OID20884",0.198348617065994,1.70204360313316,2.25534649104211,0.02467225017958,0.0497975219020054,-4.69258608336511,"Up",FALSE,"FMNL1","O95466","NEUROLOGY","752"
"OID21479",-0.141476813787304,0.521745953002611,-2.24955942271619,0.0250410276237147,0.0504705620229737,-4.70541544402198,"Down",FALSE,"CPXM1","Q96SM3","ONCOLOGY","56265"
"OID20241",0.128891706599411,2.17756657963446,2.24156841074276,0.0255575355167916,0.0514390397936552,-4.72306801451482,"Up",FALSE,"CA4","P22748","CARDIOMETABOLIC","762"
"OID21271",-0.257218192517864,0.640701566579635,-2.23435589801683,0.0260327742239268,0.0523218486160216,-4.73896718754872,"Down",FALSE,"FOXO3","O43524","ONCOLOGY","2309"
"OID20505",0.229889180327867,1.54507101827676,2.23167055829581,0.0262114402300336,0.0526069495628063,-4.74487026918282,"Up",FALSE,"BACH1","O14867","INFLAMMATION","571"
"OID20073",0.0968680748213534,0.531749347258486,2.22757526761346,0.0264853707204671,0.0530821805884256,-4.75384985516742,"Up",FALSE,"RCOR1","Q9UKL0","CARDIOMETABOLIC","23186"
"OID21366",-0.199111992433795,1.201372845953,-2.22400807295821,0.0267271159584904,0.0534916648524968,-4.76167639438463,"Down",FALSE,"CES2","O00748","ONCOLOGY","8824"
"OID21324",0.259737515762925,2.26547519582245,2.22294270363807,0.0267995059527545,0.0535615300790017,-4.76400860809692,"Up",FALSE,"SRP14","P37108","ONCOLOGY","6727"
"OID20339",-0.263931639344261,4.08206945169713,-2.22145142910337,0.0269011209044915,0.053689527615249,-4.76727134732212,"Down",FALSE,"CD59","P13987","CARDIOMETABOLIC","966"
"OID20923",-0.328693530895332,3.88834281984334,-2.22089878155423,0.0269388628457168,0.0536898675125931,-4.76847993544304,"Down",FALSE,"CRADD","P78560","NEUROLOGY","8738"
"OID21070",0.155449705758721,0.983628720626632,2.2123623668451,0.0275276954768716,0.0547870150925481,-4.78711104221933,"Up",FALSE,"APP","P05067","NEUROLOGY","351"
"OID20477",-0.359509478772592,2.67290783289817,-2.2115271130324,0.0275859045733984,0.0548265057515804,-4.78893026472028,"Down",FALSE,"IL17C","Q9P0M4","INFLAMMATION","27189"
"OID20367",0.165661820092475,3.40931749347258,2.21061399459175,0.0276491901726155,0.0548759621620382,-4.79091109218307,"Up",FALSE,"C1QTNF1","Q9BXJ1","CARDIOMETABOLIC","114897"
"OID20352",0.186694934846574,2.12296710182768,2.20416545481969,0.0281034684660663,0.0557002169736598,-4.8049338792402,"Up",FALSE,"ITIH3","Q06033","CARDIOMETABOLIC","3699"
"OID20283",0.161239789827658,4.45460757180157,2.19984169715224,0.0284109751917405,0.0562316946662011,-4.81430356570065,"Up",FALSE,"SEMA7A","O75326","CARDIOMETABOLIC","8482"
"OID20701",0.175404043715846,3.75521540469974,2.1965114443905,0.028650236521858,0.0566268160300623,-4.82151443076552,"Up",FALSE,"CRIM1","Q9NZV1","INFLAMMATION","51232"
"OID20312",-0.538702442202604,4.84300078328982,-2.19114471991924,0.0290397622225527,0.0572804631163335,-4.83311648693567,"Down",FALSE,"CHIT1","Q13231","CARDIOMETABOLIC","1118"
"OID20849",-0.13495360235393,0.214166318537859,-2.1905477208181,0.0290833252886379,0.0572804631163335,-4.83440468502158,"Down",FALSE,"NXPH1","P58417","NEUROLOGY","30010"
"OID20399",-0.45685077763766,3.57834830287206,-2.19030297123007,0.0291012009954221,0.0572804631163335,-4.83493270404312,"Down",FALSE,"CHI3L1","P36222","CARDIOMETABOLIC","1116"
"OID20325",-0.341178175704074,6.73538407310705,-2.18635930382702,0.0293905449785146,0.0577704109687722,-4.84343277843242,"Down",FALSE,"IGFBP2","P18065","CARDIOMETABOLIC","3485"
"OID21334",0.161918331231609,0.424641514360313,2.18424747890597,0.0295465070391279,0.0579971958226837,-4.84797840638565,"Up",FALSE,"DCTN2","Q13561","ONCOLOGY","10540"
"OID21312",0.263399878100043,3.18846605744125,2.1803360174862,0.0298372635837336,0.0584875852690745,-4.85638637001589,"Up",FALSE,"IGSF3","O75054","ONCOLOGY","3321"
"OID20715",-0.309522139554435,3.26359190600522,-2.17891437968779,0.0299435505188532,0.058615525604714,-4.85943863878868,"Down",FALSE,"FGF19","O95750","INFLAMMATION","9965"
"OID21424",-0.177464627994955,3.69060391644909,-2.17547171719413,0.0302018948547226,0.0590403662755111,-4.86681663788658,"Down",FALSE,"RTN4R","Q9BZR6","ONCOLOGY","65078"
"OID20417",0.126125485498108,4.79423550913838,2.16603968989061,0.0309204487068872,0.0603624606586638,-4.8869839889816,"Up",FALSE,"TGFBI","Q15582","CARDIOMETABOLIC","7045"
"OID20422",-0.133920760823876,0.0398054830287206,-2.16525319258801,0.0309816755995683,0.0603994739860616,-4.88867031408009,"Down",FALSE,"IL20RA","Q9UHF4","INFLAMMATION","53832"
"OID20866",-0.269903841950397,1.15885326370757,-2.14920078808551,0.0322410085079856,0.0626350515544013,-4.92278934225316,"Down",FALSE,"MUC13","Q9H3R2","NEUROLOGY","56667"
"OID20130",0.177585292139554,1.44596396866841,2.14896411372138,0.0322599005906504,0.0626350515544013,-4.92329053452657,"Up",FALSE,"S100A11","P31949","CARDIOMETABOLIC","6282"
"OID20347",0.156999125683058,0.973158746736292,2.14528342335265,0.0325549325752519,0.063122114857578,-4.93107799503894,"Up",FALSE,"CNDP1","Q96KN2","CARDIOMETABOLIC","84735"
"OID20289",0.240002757461114,1.90887362924282,2.1420089340375,0.0328193520451421,0.0635485827540759,-4.9379950765203,"Up",FALSE,"CPB1","P15086","CARDIOMETABOLIC","1360"
"OID20771",-0.238445851197981,4.83684569190601,-2.14138878150142,0.0328696375829253,0.0635598269364008,-4.93930393439582,"Down",FALSE,"CHRDL1","Q9BU40","INFLAMMATION","91851"
"OID21335",-0.120235401429171,0.464222976501306,-2.13693468900958,0.0332325682463161,0.0641269283434258,-4.94869144257267,"Down",FALSE,"DRG2","P55039","ONCOLOGY","1819"
"OID20457",-0.126430054644807,0.391551436031332,-2.13669060673512,0.033252661933155,0.0641269283434258,-4.94920658314348,"Down",FALSE,"SCGN","O76038","INFLAMMATION","10590"
"OID21080",-0.10724678015973,0.861542036553525,-2.12230264262503,0.0344494108682395,0.0663452939767039,-4.97939885417193,"Down",FALSE,"CD164","Q04900","NEUROLOGY","8763"
"OID20199",0.188548902900377,1.73048067885117,2.11521962899449,0.0350527882941901,0.0674164663154746,-4.99419767355457,"Up",FALSE,"AHCY","P23526","CARDIOMETABOLIC","191"
"OID20831",0.110065241698192,-0.0907360313315927,2.11460325930342,0.0351055511444914,0.0674271943353202,-4.99548132642079,"Up",FALSE,"CLSPN","Q9HAW4","NEUROLOGY","63967"
"OID21403",0.301562959226565,2.75041984334204,2.11279177656664,0.0352614905588943,0.0676357986693422,-4.99925703901148,"Up",FALSE,"TRIAP1","O43715","ONCOLOGY","51499"
"OID21313",0.246055695670449,1.7012861618799,2.11169036042626,0.0353565206304124,0.0677271688751466,-5.0015503919115,"Up",FALSE,"DKKL1","Q9UK85","ONCOLOGY","27120"
"OID21202",0.129038196721311,1.4031088772846,2.10979095767866,0.0355203987793144,0.0679499998067473,-5.00549696012922,"Up",FALSE,"ARHGAP1","Q07960","ONCOLOGY","392"
"OID20510",0.244367688104244,2.10130731070496,2.10412521733533,0.0360151877922443,0.0688044162501566,-5.01727085025536,"Up",FALSE,"NUB1","Q9Y5A7","INFLAMMATION","51667"
"OID21194",-0.201276401849515,0.854642819843342,-2.10277162691615,0.0361341406305818,0.0689395019507362,-5.02007781301193,"Down",FALSE,"RASSF2","P50749","ONCOLOGY","9770"
"OID20798",0.159278327028162,0.414953263707572,2.08249124108446,0.0379570222792904,0.072320779782808,-5.06192220186682,"Up",FALSE,"ATF2","P15336","NEUROLOGY","1386"
"OID21167",-0.120512849936948,0.358541775456919,-2.06247954487672,0.0398320344950242,0.0757922467288809,-5.10282254509813,"Down",FALSE,"NINJ1","Q92982","ONCOLOGY","4814"
"OID20531",-0.143361656158049,0.825391122715405,-2.05959308471337,0.040109016957804,0.0762177995115717,-5.10869124308887,"Down",FALSE,"STX8","Q9UNK0","INFLAMMATION","9482"
"OID21046",0.22293493905002,2.01301253263708,2.05875526897338,0.0401896871650907,0.0762696719241895,-5.11039287535436,"Up",FALSE,"ENO2","P09104","NEUROLOGY","2026"
"OID20094",-0.139489974779319,2.34028328981723,-2.05135903035303,0.0409072817889443,0.0775285221172433,-5.12538046194744,"Down",FALSE,"SLITRK6","Q9H5Y7","CARDIOMETABOLIC","84189"
"OID20432",-0.0968851870533835,-1.42185143603133,-2.0490387748093,0.0411353880658585,0.0778575755577639,-5.13007793275271,"Down",FALSE,"ARNT","P27540","INFLAMMATION","405"
"OID21205",0.249944728877677,1.75047676240209,2.03843238142161,0.0421892414392055,0.0796436281698154,-5.15146186405717,"Up",FALSE,"ZBTB16","Q05516","ONCOLOGY","7704"
"OID21398",-0.196917465321562,2.5698819843342,-2.03841983590536,0.0421905014167601,0.0796436281698154,-5.15148709322721,"Down",FALSE,"XCL1","P47992","ONCOLOGY","6375"
"OID21434",0.292286351408153,5.97665169712794,2.03285772269091,0.0427522755758076,0.0805976277016214,-5.1626575959983,"Up",FALSE,"APEX1","P27695","ONCOLOGY","328"
"OID20758",0.231999920134509,6.49381984334204,2.03175933354692,0.0428639604977148,0.0807017121887148,-5.16485998106972,"Up",FALSE,"ESM1","Q9NQ30","INFLAMMATION","11082"
"OID21019",0.327011807482134,4.1304,2.03005829043647,0.043037412292681,0.0809216607450541,-5.16826845130591,"Up",FALSE,"MMP8","P22894","NEUROLOGY","4317"
"OID21440",-0.191721197982344,5.15634308093995,-2.02347447235244,0.043714244475464,0.0820862751057004,-5.18143342678661,"Down",FALSE,"F3","P13726","ONCOLOGY","2152"
"OID20313",0.234556729718369,1.86255979112272,2.01720653835749,0.0443672235205251,0.0830993763923573,-5.19392987663334,"Up",FALSE,"PDGFA","P04085","CARDIOMETABOLIC","5154"
"OID20897",-0.167498936527952,1.95824516971279,-2.01717862889923,0.0443700659113846,0.0830993763923573,-5.19398478558903,"Down",FALSE,"DPEP1","P16444","NEUROLOGY","1800"
"OID20572",-0.226123455233291,2.06882010443864,-2.01115158381696,0.0450057142557708,0.0841795362192363,-5.20596466968034,"Down",FALSE,"EGLN1","Q9GZT9","INFLAMMATION","54583"
"OID21524",0.171874632198402,3.89118041775457,2.00578562090879,0.0455777154738068,0.0851379809308104,-5.21659803144973,"Up",FALSE,"VEGFC","P49767","ONCOLOGY","7424"
"OID20486",0.130693476250526,0.736564229765013,2.00298935881106,0.0458786951187501,0.0855883228781905,-5.22213168192784,"Up",FALSE,"IL12RB1","P42701","INFLAMMATION","3594"
"OID20648",0.271788306010927,3.58907049608355,2.00200451731725,0.0459850072007018,0.0856748048106948,-5.22407814691177,"Up",FALSE,"HCLS1","P14317","INFLAMMATION","3059"
"OID21021",0.294954548129465,3.09207650130548,1.98341993128688,0.0480302567112627,0.0893687979692636,-5.26063119163757,"Up",FALSE,"PDCD5","O14737","NEUROLOGY","9141"
"OID21068",-0.237711353509877,4.8523908616188,-1.97242125945223,0.0492764307486213,0.0915682958904809,-5.28210658592457,"Down",FALSE,"WISP2","O76076","NEUROLOGY","8839"
"OID20301",0.141059390500209,6.58307676240209,1.96895975151353,0.0496734831582064,0.0921066016895107,-5.28883633827078,"Up",FALSE,"LILRB2","Q8N423","CARDIOMETABOLIC","10288"
"OID20291",-0.121407271963009,4.21051540469974,-1.96877296788936,0.0496950244245016,0.0921066016895107,-5.28919940840916,"Down",FALSE,"PAM","P19021","CARDIOMETABOLIC","5066"
"OID20248",0.118357843631777,2.78198825065274,1.95274334972252,0.0515732020454006,0.0954638675166806,-5.32023202220369,"Up",FALSE,"ICAM2","P13598","CARDIOMETABOLIC","3384"
"OID21394",0.185417288776796,4.52585221932115,1.94905468644182,0.0520143484101557,0.0961558911747898,-5.32734158197436,"Up",FALSE,"SIGLEC6","O43699","ONCOLOGY","946"
"OID20952",0.306415830180746,4.79490234986945,1.94146453697298,0.0529309285082502,0.0977238977238883,-5.34192261631985,"Up",FALSE,"TXLNA","P40222","NEUROLOGY","200081"
"OID20174",0.222332471626733,3.33081096605744,1.93633665798203,0.0535577109791242,0.098626248697382,-5.35174138292555,"Up",FALSE,"QDPR","P09417","CARDIOMETABOLIC","5860"
"OID20385",0.120148617065994,4.28736945169713,1.93109099666515,0.0542045635748275,0.0996889592643868,-5.36175508194806,"Up",FALSE,"IL6R","P08887","CARDIOMETABOLIC","3570"
"OID21376",-0.357613934426226,3.38706605744125,-1.92986031086353,0.0543581971975144,0.0998430125902932,-5.36410577991455,"Down",FALSE,"GPA33","Q99795","ONCOLOGY","10223"
"OID20487",-0.156646120218578,2.87798903394256,-1.92735859699607,0.0546697156598332,0.100286294836844,-5.36886902905525,"Down",FALSE,"IL1RL2","Q9HB29","INFLAMMATION","8808"
"OID21157",-0.168597242538881,4.87408720626632,-1.92665934072325,0.0547572035588546,0.100318004981543,-5.37020015100164,"Down",FALSE,"STC2","O76061","NEUROLOGY","8614"
"OID20702",0.181116355611601,5.41345796344647,1.92308304972892,0.0552064260224432,0.101011501646698,-5.37700031173919,"Up",FALSE,"TNFRSF13B","O14836","INFLAMMATION","23495"
"OID21060",-0.229448915510722,3.9962911227154,-1.91840727736439,0.0557983373840469,0.101963969465221,-5.38587202127022,"Down",FALSE,"CPA2","P48052","NEUROLOGY","1358"
"OID21127",0.0918227322404368,3.86175587467363,1.91300871003821,0.0564873955184562,0.103091300377872,-5.39608380777871,"Up",FALSE,"B4GAT1","O43505","NEUROLOGY","11041"
"OID21260",-0.111943194619588,0.0795725848563969,-1.90988722563798,0.0568902544512639,0.103663940701517,-5.40198175178836,"Down",FALSE,"ENTPD2","Q9Y5L3","ONCOLOGY","954"
"OID20511",-0.324809436738123,2.6709,-1.90945398441874,0.0569462515400218,0.103663940701517,-5.4027990455341,"Down",FALSE,"PSPN","O60542","INFLAMMATION","5623"
"OID21316",0.179619676334594,3.75892506527415,1.90863432582597,0.0570521911935745,0.103724658035137,-5.40434413962934,"Up",FALSE,"CD38","P28907","ONCOLOGY","952"
"OID21097",-0.313829865489699,1.1635819843342,-1.90224372605807,0.0578849668205816,0.105104977873712,-5.41637422521993,"Down",FALSE,"SPINK1","P00995","NEUROLOGY","6690"
"OID20311",0.0801705926860022,5.79250496083551,1.90134094675284,0.0580026403156967,0.105184991130876,-5.41806654421665,"Up",FALSE,"NOTCH1","P46531","CARDIOMETABOLIC","4851"
"OID20764",-0.190799247583017,6.47773368146214,-1.89883718755723,0.0583328382389071,0.105649715897843,-5.42276987774271,"Down",FALSE,"PLAUR","Q03405","INFLAMMATION","5329"
"OID21230",-0.185791109709961,0.915419321148825,-1.89264635545954,0.059154461720318,0.107002184554854,-5.43436557139575,"Down",FALSE,"CHAC2","Q8WUX2","ONCOLOGY","494143"
"OID20395",-0.232383522488439,5.73416057441253,-1.88315846183433,0.0604321946162499,0.109175228959066,-5.45206389407413,"Down",FALSE,"CCL18","P55774","CARDIOMETABOLIC","6362"
"OID20494",0.205157898276588,0.694627676240209,1.87764653631866,0.0611849737880975,0.110395615584838,-5.46230551468228,"Up",FALSE,"JCHAIN","P01591","INFLAMMATION","3512"
"OID20564",-0.162530058848255,2.46901749347259,-1.87602313472831,0.0614080248095346,0.110658344833323,-5.46531566658482,"Down",FALSE,"FCAR","P24071","INFLAMMATION","2204"
"OID20614",0.0820401513240855,5.11862454308094,1.86561942278368,0.062853859535744,0.113121114957907,-5.48454717512973,"Up",FALSE,"PCDH1","Q08174","INFLAMMATION","5097"
"OID21317",-0.173051374527112,1.73265300261097,-1.86325337721987,0.063187517511597,0.113578569212669,-5.48891023084221,"Down",FALSE,"CNPY4","Q8N129","ONCOLOGY","245812"
"OID20973",0.264831382934004,4.12070731070496,1.85617356099372,0.0641923225982907,0.115149876449908,-5.50192299231798,"Up",FALSE,"CCS","O14618","NEUROLOGY","9973"
"OID21252",-0.138081013030684,3.49093864229765,-1.85595562984437,0.0642228492166389,0.115149876449908,-5.50232021346541,"Down",FALSE,"EGFL7","Q9UHF1","ONCOLOGY","51162"
"OID20427",-0.159052551492223,0.677649608355091,-1.85478926025778,0.0643903297244864,0.115305490195854,-5.50446166192984,"Down",FALSE,"IL1B","P01584","INFLAMMATION","3553"
"OID20712",-0.0982594829760403,4.62551697127937,-1.85292400676417,0.0646571472370113,0.115638377223641,-5.50787616265003,"Down",FALSE,"DNER","Q8NFT8","INFLAMMATION","92737"
"OID20242",-0.161977255149221,3.75710130548303,-1.84947864560127,0.0651543468600647,0.116381952078791,-5.51418231120444,"Down",FALSE,"EPHB4","P54760","CARDIOMETABOLIC","2050"
"OID21431",0.232273501471207,4.59057232375979,1.84887682942711,0.0652417353746644,0.116392559114102,-5.51528352956778,"Up",FALSE,"CAPG","P40121","ONCOLOGY","822"
"OID21430",0.295821567885664,5.70811566579634,1.84303670502027,0.0660918580134757,0.117762175936729,-5.52593972938883,"Up",FALSE,"CXCL8","P10145","ONCOLOGY","3576"
"OID20249",0.0982217906683479,4.10451070496084,1.84208742115318,0.0662301152555028,0.117861562515708,-5.52766559400564,"Up",FALSE,"ADAMTS13","Q76LX8","CARDIOMETABOLIC","11093"
"OID21014",0.26653811685582,2.32207415143603,1.83505770790958,0.0672681195983463,0.119559879236364,-5.54044508967032,"Up",FALSE,"STC1","P52823","NEUROLOGY","6781"
"OID21435",0.171483715846993,2.69939347258486,1.83448522673581,0.067353175464954,0.119562345017912,-5.5414834502504,"Up",FALSE,"CPVL","Q9H3G5","ONCOLOGY","54504"
"OID21319",0.303823055905841,3.2406953002611,1.81081592026135,0.0709483524335716,0.125788083905178,-5.58413586479716,"Up",FALSE,"CDKN1A","P38936","ONCOLOGY","1026"
"OID21340",0.122614720470785,1.25465639686684,1.81018304349929,0.0710464069507478,0.125805843287012,-5.58526814653393,"Up",FALSE,"CES3","Q6UWW8","ONCOLOGY","23491"
"OID21350",0.283431210592684,3.63109738903394,1.80826006175103,0.0713458453645838,0.126179719091572,-5.58870898768958,"Up",FALSE,"LYN","P07948","ONCOLOGY","4067"
"OID21134",0.14481358974359,1.49722793733681,1.80495077099694,0.0718632341557085,0.126937653409774,-5.59462077106289,"Up",FALSE,"MFGE8","Q08431","NEUROLOGY","4240"
"OID20789",-0.0854958133669615,3.98526971279373,-1.80171125498804,0.0723718972054433,0.127678322353801,-5.60039492299402,"Down",FALSE,"NME3","Q13232","INFLAMMATION","4832"
"OID21073",0.271446889449347,4.56695117493473,1.79726815897866,0.0730762696243678,0.128762008992875,-5.60830409357235,"Up",FALSE,"MIF","P14174","NEUROLOGY","4282"
"OID21523",-0.138552837326608,2.12153342036554,-1.79546057943473,0.0733637972498555,0.129109441219265,-5.61151419147525,"Down",FALSE,"KLK10","O43240","ONCOLOGY","5655"
"OID20387",-0.137938242959226,1.91665874673629,-1.7850546070933,0.0750390734131457,0.131895247118555,-5.6299385354229,"Down",FALSE,"FCGR3B","O75015","CARDIOMETABOLIC","2215"
"OID21234",0.130897259352669,0.843034203655353,1.78363220640868,0.0752706938909532,0.132139829938786,-5.63244943107272,"Up",FALSE,"AIF1","P55008","ONCOLOGY","199"
"OID20264",0.168709062631357,4.3673454308094,1.77409285011015,0.076837588892449,0.134672067769269,-5.64923291900792,"Up",FALSE,"DKK3","Q9UBP4","CARDIOMETABOLIC","27122"
"OID20475",0.288154224464057,2.77604699738903,1.77356466230362,0.076925277695375,0.134672067769269,-5.6501600845115,"Up",FALSE,"SPRY2","O43597","INFLAMMATION","10253"
"OID21254",0.0993377511559474,0.744251958224543,1.76251248564359,0.078775387488763,0.137616172031103,-5.66948808703137,"Up",FALSE,"SLAMF6","Q96DU3","ONCOLOGY","114836"
"OID20165",-0.182024291719209,2.70084464751958,-1.75366428889756,0.0802834231761279,0.140079379387896,-5.68487831794431,"Down",FALSE,"CLEC5A","Q9NY25","CARDIOMETABOLIC","23601"
"OID20088",0.0796174148802014,-0.0842240208877285,1.75230056867094,0.08051734082212,0.140316195164402,-5.68724197262294,"Up",FALSE,"PON2","Q15165","CARDIOMETABOLIC","5445"
"OID21302",0.0887304623791504,0.812358746736292,1.74995659063434,0.0809214634605878,0.140848686096443,-5.69130245959074,"Up",FALSE,"RP2","O75695","ONCOLOGY","6102"
"OID21356",-0.2602727826818,4.74741906005222,-1.74840778623412,0.0811901351516007,0.141144407702722,-5.69398446231221,"Down",FALSE,"PFKFB2","O60825","ONCOLOGY","5208"
"OID21415",-0.222400151324085,3.15430052219321,-1.74426710666147,0.0819102356280934,0.142223240233956,-5.70113865829789,"Down",FALSE,"RSPO3","Q9BXY4","ONCOLOGY","84870"
"OID20232",0.222447007145859,4.27613550913838,1.73912631575859,0.0828114917654818,0.143613618607856,-5.70999759743094,"Up",FALSE,"KYAT1","Q16773","CARDIOMETABOLIC","883"
"OID20529",0.173378991172764,3.45525404699739,1.73684815168689,0.0832134591115673,0.144135797661127,-5.71391524488058,"Up",FALSE,"FCRL6","Q6DN72","INFLAMMATION","343413"
"OID21363",0.307599604875996,3.22018093994778,1.73317543854692,0.0838648255338949,0.144912739646839,-5.72022038630326,"Up",FALSE,"DNAJB1","P25685","ONCOLOGY","3337"
"OID20595",0.11568405212274,4.49442950391645,1.728767683472,0.0846511970018475,0.146094879849807,-5.72776810956323,"Up",FALSE,"CD200R1","Q8TD46","INFLAMMATION","131450"
"OID20468",-0.0952838167297182,0.17962637075718,-1.72819788945535,0.0847540654635215,0.146095970503465,-5.72874428011668,"Down",FALSE,"PRKCQ","Q04759","INFLAMMATION","5588"
"OID21387",-0.356893261874738,4.79588355091384,-1.7175455717191,0.0866833166820367,0.149241517516422,-5.74690605101509,"Down",FALSE,"CALCOCO1","Q9P1Z2","ONCOLOGY","57658"
"OID20260",0.133044581757041,4.28347754569191,1.71597195722515,0.0869706427693874,0.149556015063122,-5.74957813314119,"Up",FALSE,"CD97","P48960","CARDIOMETABOLIC","976"
"OID21299",0.195073829340058,1.50594856396867,1.70994363872504,0.0880816467022579,0.151284462905681,-5.75979917104308,"Up",FALSE,"DDAH1","O94760","ONCOLOGY","23576"
"OID20983",-0.389636317780578,4.52076135770235,-1.70896978110884,0.0882620941058286,0.151412403934249,-5.76144679458949,"Down",FALSE,"CALCA","P01258","NEUROLOGY","796"
"OID20107",0.248588575031526,6.16529295039164,1.70702877021429,0.0886226390762467,0.151848622589876,-5.76472794149794,"Up",FALSE,"GLO1","Q04760","CARDIOMETABOLIC","2739"
"OID21225",-0.177749924337958,1.58714595300261,-1.70072857900998,0.0898011246551763,0.153683601355984,-5.77535267941271,"Down",FALSE,"PRKRA","O75569","ONCOLOGY","8575"
"OID20828",0.139920533837746,1.82883394255875,1.6948574026853,0.0909107124691508,0.155274098524256,-5.78521904879507,"Up",FALSE,"FGR","P09769","NEUROLOGY","2268"
"OID21404",0.191176729718369,2.37921436031332,1.69466220938247,0.0909478099823669,0.155274098524256,-5.78554652694702,"Up",FALSE,"PRDX6","P30041","ONCOLOGY","9588"
"OID21162",0.184576981925178,1.20851253263708,1.6939543971002,0.0910823696780555,0.155318265238594,-5.78673358775344,"Up",FALSE,"ANKRD54","Q6NXT1","ONCOLOGY","129138"
"OID20806",0.136427889869692,0.558073107049608,1.68845103087105,0.0921340855457999,0.156924443676935,-5.79594652973637,"Up",FALSE,"AMFR","Q9UKV5","NEUROLOGY","267"
"OID20398",-0.197945098781001,4.25117389033943,-1.68702133964961,0.0924089019461965,0.157205143906089,-5.79833507928949,"Down",FALSE,"IGFBP3","P17936","CARDIOMETABOLIC","3486"
"OID20108",0.181785460277427,3.46514464751958,1.68507662605322,0.092783776777344,0.157655192645451,-5.80158086382233,"Up",FALSE,"PAG1","Q9NWQ8","CARDIOMETABOLIC","55824"
"OID20181",0.086359676334594,3.42575796344647,1.67854118062107,0.094051745927209,0.159619887090239,-5.81246015848614,"Up",FALSE,"CANT1","Q8WVQ1","CARDIOMETABOLIC","124583"
"OID20825",-0.138343139974779,0.107865796344648,-1.67255547278818,0.095226869433208,0.161422534306114,-5.82239069888377,"Down",FALSE,"GLT8D2","Q9H1C3","NEUROLOGY","83468"
"OID20785",-0.130346023539303,5.61700861618799,-1.67130838247403,0.0954723539850854,0.161646912138255,-5.82445380553004,"Down",FALSE,"WFIKKN2","Q8TEU8","INFLAMMATION","124857"
"OID21219",-0.150547936107608,1.37033759791123,-1.66411341768161,0.0969030618281153,0.163875118760209,-5.83633484744511,"Down",FALSE,"STX6","O43752","ONCOLOGY","10228"
"OID20197",-0.204867738545606,2.53901749347258,-1.66134215220279,0.0974584398558258,0.164619516021247,-5.84089711788531,"Down",FALSE,"PILRB","Q9UKJ0","CARDIOMETABOLIC","29990"
"OID20777",-0.158329306431272,4.74593838120104,-1.64088251083156,0.101637976481046,0.171476586058341,-5.87434718521582,"Down",FALSE,"PON3","Q15166","INFLAMMATION","5446"
"OID20156",0.22065059688945,1.94886135770235,1.64024667726002,0.101770265314204,0.171497298507073,-5.87538038636905,"Up",FALSE,"MNDA","P41218","CARDIOMETABOLIC","4332"
"OID21071",-0.0438780748213531,0.427898955613577,-1.63570854257052,0.102716643977362,0.172888202878268,-5.88274056082777,"Down",FALSE,"ITGAM","P11215","NEUROLOGY","3684"
"OID20893",0.157441467002941,1.00825587467363,1.624185398052,0.10515428197319,0.176782904634927,-5.90134325117858,"Up",FALSE,"CASP10","Q92851","NEUROLOGY","843"
"OID21164",-0.0790181294661619,0.211998694516971,-1.62077863324342,0.105882933825497,0.177798722017197,-5.90681715770919,"Down",FALSE,"VTCN1","Q7Z7D3","ONCOLOGY","79679"
"OID20133",-0.13203580075662,1.76646553524804,-1.61399789246876,0.107346794145282,0.180045268584047,-5.91768062242288,"Down",FALSE,"PDGFRA","P16234","CARDIOMETABOLIC","5156"
"OID21413",-0.124472269861285,4.07274255874674,-1.60772001394401,0.108715240365974,0.182126703965975,-5.92769696628899,"Down",FALSE,"AMBP","P02760","ONCOLOGY","259"
"OID20656",-0.190996746532156,7.54698537859008,-1.59657189942601,0.111181259247538,0.186039835438796,-5.94539101485074,"Down",FALSE,"HGF","P14210","INFLAMMATION","3082"
"OID21160",0.209770142917191,3.19101984334204,1.59362401503985,0.111840524408198,0.186924104537211,-5.95004931640805,"Up",FALSE,"PARK7","Q99497","NEUROLOGY","11315"
"OID21077",0.180025153425808,1.53087232375979,1.58883715976122,0.112917648140163,0.18850387756109,-5.95759549507288,"Up",FALSE,"STIP1","P31948","NEUROLOGY","10963"
"OID20620",0.201127053383774,5.08100234986945,1.58080657270668,0.11474308273806,0.191327730726591,-5.97020489236895,"Up",FALSE,"DFFA","O00273","INFLAMMATION","1676"
"OID20296",0.153981647751156,2.37809425587467,1.57000180108617,0.11723580402137,0.195256368236058,-5.98707072060798,"Up",FALSE,"GUSB","P08236","CARDIOMETABOLIC","2990"
"OID21143",-0.24678686002522,3.53368798955614,-1.56796578852421,0.117710267441645,0.19581836108744,-5.99023607082981,"Down",FALSE,"DBI","P07108","NEUROLOGY","1622"
"OID20724",-0.214684825556956,6.80252663185379,-1.56065210415099,0.119427102416359,0.198443406224392,-6.00157306925011,"Down",FALSE,"CD40","P25942","INFLAMMATION","958"
"OID20744",0.236478049600671,4.48356161879896,1.55951391888905,0.119696045496153,0.198577024113433,-6.0033326730703,"Up",FALSE,"DNPH1","O43598","INFLAMMATION","10591"
"OID20053",0.162367553593946,1.24555822454308,1.55913603763521,0.11978544071783,0.198577024113433,-6.00391658705714,"Up",FALSE,"VIM","P08670","CARDIOMETABOLIC","7431"
"OID20766",-0.185670344682639,5.69904882506527,-1.55716085748296,0.120253562967444,0.199122064287923,-6.0069664236421,"Down",FALSE,"PRELP","P51888","INFLAMMATION","5549"
"OID21513",-0.174735052543085,3.49345195822454,-1.55609744766227,0.120506188350421,0.199309424945315,-6.00860683279451,"Down",FALSE,"MSRA","Q9UJ68","ONCOLOGY","4482"
"OID20171",0.164096578394283,2.72595691906005,1.55525379256205,0.12070690495625,0.199410597898821,-6.00990746254139,"Up",FALSE,"MCFD2","Q8NI22","CARDIOMETABOLIC","90411"
"OID20072",0.057243665405632,1.04858825065274,1.55208902186833,0.121461345511216,0.200425245653034,-6.01477959712291,"Up",FALSE,"SUSD1","Q6UWL2","CARDIOMETABOLIC","64420"
"OID20318",0.104209991593107,7.11946527415144,1.55043894005965,0.121856611480568,0.200845556869355,-6.01731634877792,"Up",FALSE,"GAS6","Q14393","CARDIOMETABOLIC","2621"
"OID21022",0.269902227826817,3.10326083550914,1.54074552467967,0.124199865511133,0.204471898404849,-6.03216529696005,"Up",FALSE,"NSFL1C","Q9UNZ2","NEUROLOGY","55968"
"OID20632",-0.147347280369901,5.1944864229765,-1.53874321505021,0.124687935789107,0.20503919475562,-6.03522085040984,"Down",FALSE,"KLRD1","Q13241","INFLAMMATION","3824"
"OID21417",-0.232009789827657,3.32698511749347,-1.53810969413069,0.124842874255688,0.205058008403882,-6.03618693623155,"Down",FALSE,"CA9","Q16790","ONCOLOGY","768"
"OID20622",-0.167344775115593,4.66855639686684,-1.53517313873126,0.12556231020952,0.206002917668661,-6.04065939909696,"Down",FALSE,"CXCL17","Q6UXB2","INFLAMMATION","284340"
"OID20698",0.267288322824713,2.13813054830287,1.53395753910196,0.125861071285436,0.206256273929918,-6.04250832343854,"Up",FALSE,"EGF","P01133","INFLAMMATION","1950"
"OID20895",-0.211001298865069,2.98182793733681,-1.52538901097611,0.12798277747004,0.20949300000537,-6.05549999319775,"Down",FALSE,"AKT1S1","Q96B36","NEUROLOGY","84335"
"OID20093",-0.0661154350567461,0.239533942558747,-1.5164855087456,0.130216175521991,0.212904936866047,-6.06892298338702,"Down",FALSE,"DNAJB8","Q8NHS0","CARDIOMETABOLIC","165721"
"OID21333",-0.109697347625051,2.31914438642298,-1.51220551996082,0.13130096388129,0.214433231298701,-6.07534814410646,"Down",FALSE,"LRRC25","Q8N386","ONCOLOGY","126364"
"OID21175",0.16865862126944,1.56473603133159,1.51055234233734,0.131722479816269,0.214809981446991,-6.0778254314689,"Up",FALSE,"HGS","O14964","ONCOLOGY","9146"
"OID21124",0.0987011223203019,3.08433472584856,1.51011834850147,0.131832297920931,0.214809981446991,-6.07847480449493,"Up",FALSE,"PLAU","P00749","NEUROLOGY","5328"
"OID20055",0.0912491340899533,0.13582088772846,1.50662059715866,0.132727623184918,0.216022521106205,-6.08370557393386,"Up",FALSE,"CRHR1","P34998","CARDIOMETABOLIC","1394"
"OID20349",0.0965539554434635,3.60816971279373,1.50556063996483,0.132998777387411,0.216217580075779,-6.0852877976353,"Up",FALSE,"F9","P00740","CARDIOMETABOLIC","2158"
"OID21485",0.406072429592257,4.86447232375979,1.50376808958005,0.133460585975271,0.216721792453025,-6.08796217730589,"Up",FALSE,"FOLR3","P41439","ONCOLOGY","2352"
"OID20674",-0.193928276586801,5.73503420365535,-1.50230133482624,0.133838696376462,0.217089100024931,-6.09014781231572,"Down",FALSE,"CCL25","O15444","INFLAMMATION","6370"
"OID21487",0.0946714501891548,2.06227571801567,1.4889189669489,0.137326286351586,0.222457055382095,-6.10999144820455,"Up",FALSE,"PODXL2","Q9NZ53","ONCOLOGY","50512"
"OID20618",-0.056399760403531,-0.979617493472585,-1.48841442784447,0.137459468091246,0.222457055382095,-6.11073628528949,"Down",FALSE,"FKBP1B","P68106","INFLAMMATION","2281"
"OID20526",0.195684968474147,1.4735634464752,1.48031224794349,0.139607426048571,0.225448456846168,-6.1226613898724,"Up",FALSE,"TRIM5","Q9C035","INFLAMMATION","85363"
"OID20908",0.246491517444303,2.23735117493473,1.48025222363181,0.139623431986605,0.225448456846168,-6.12274949462673,"Up",FALSE,"PTPN1","P18031","NEUROLOGY","5770"
"OID20324",-0.171735586380832,6.02213159268929,-1.46989195101299,0.142407377896288,0.229684134327084,-6.13790356793445,"Down",FALSE,"LILRB5","O75023","CARDIOMETABOLIC","10990"
"OID20433",-0.0816069062631361,0.0731832898172324,-1.46488915900681,0.143766861000862,0.231615382604546,-6.14518350566657,"Down",FALSE,"TNFAIP8","O95379","INFLAMMATION","25816"
"OID20210",0.101696019335856,4.47764020887728,1.46374077848883,0.144079603549158,0.231857830486201,-6.14685095250369,"Up",FALSE,"MARCO","Q9UEW3","CARDIOMETABOLIC","8685"
"OID20851",-0.0862685245901636,0.592000522193212,-1.45585803565163,0.146246292401802,0.234835113954798,-6.15826323158379,"Down",FALSE,"VSTM1","Q6UX27","NEUROLOGY","284415"
"OID20903",0.23165691046658,3.59444412532637,1.45581486808582,0.146258398474297,0.234835113954798,-6.15832559625082,"Up",FALSE,"DARS","P14868","NEUROLOGY","1615"
"OID20169",0.222498108448928,3.44713133159269,1.45466674436357,0.146575981664909,0.23508089539748,-6.15998264028731,"Up",FALSE,"SDC1","P18827","CARDIOMETABOLIC","6382"
"OID20755",0.116424821353509,5.36283864229765,1.45000060624303,0.147871485098955,0.236892771531847,-6.16670367798421,"Up",FALSE,"ADGRE2","Q9UHX3","INFLAMMATION","30817"
"OID20204",0.125103337536779,4.79592793733681,1.44152531285961,0.150248474998898,0.240431210272593,-6.17885701758665,"Up",FALSE,"SOST","Q9BQB4","CARDIOMETABOLIC","50964"
"OID20765",-0.125034459857083,5.40354229765013,-1.44018122276548,0.150628023112756,0.240768954170166,-6.18077791772935,"Down",FALSE,"CCL22","O00626","INFLAMMATION","6367"
"OID21437",0.215770168137872,3.87651331592689,1.43661155276005,0.151640152534537,0.24190145880954,-6.18587095680736,"Up",FALSE,"METAP2","P50579","ONCOLOGY","10988"
"OID21121",-0.174203837746952,3.74414934725849,-1.43648859690305,0.151675092437612,0.24190145880954,-6.18604615976214,"Down",FALSE,"MYOC","Q99972","NEUROLOGY","4653"
"OID21383",-0.271215493905,5.26610104438642,-1.43476945371071,0.152164259777129,0.242411067136586,-6.18849425720358,"Down",FALSE,"ALPP","P05187","ONCOLOGY","250"
"OID20640",0.265942715426647,4.20187180156658,1.42126624183327,0.156048498452815,0.248322165132598,-6.20762226156542,"Up",FALSE,"LAT","O43561","INFLAMMATION","27040"
"OID20577",0.228780651534256,2.56560234986945,1.42021794878569,0.156353173536365,0.248530239136225,-6.20909973718135,"Up",FALSE,"IRAK4","Q9NWZ3","INFLAMMATION","51135"
"OID20050",-0.261644775115593,0.927661096605744,-1.41283203857729,0.158512660637664,0.251410949294435,-6.21947894270207,"Down",FALSE,"TNNI3","P19429","CARDIOMETABOLIC","7137"
"OID20191",-0.139002820512821,2.37046866840731,-1.4127630181297,0.158532947156202,0.251410949294435,-6.21957568256162,"Down",FALSE,"NPTXR","O95502","CARDIOMETABOLIC","23467"
"OID21377",0.0937543547709113,2.47340052219321,1.41221534062528,0.158693265404885,0.251410949294435,-6.220343146069,"Up",FALSE,"GALNT7","Q86SF2","ONCOLOGY","51809"
"OID20485",0.154105027322403,1.98755404699739,1.40975668183574,0.159418486809025,0.252023815640928,-6.22378485962992,"Up",FALSE,"IRAK1","P51617","INFLAMMATION","3654"
"OID21367",0.184254556536358,1.95109295039164,1.40970805616425,0.159432840685374,0.252023815640928,-6.22385286759736,"Up",FALSE,"USO1","O60763","ONCOLOGY","8615"
"OID20179",-0.190137679697351,1.68050026109661,-1.4072363408531,0.16016376323979,0.252836051983916,-6.22730675553077,"Down",FALSE,"CBLIF","P27352","CARDIOMETABOLIC","2694"
"OID20305",0.207768070617905,2.88197806788512,1.40677478306068,0.160300534007997,0.252836051983916,-6.22795105544815,"Up",FALSE,"CASP3","P42574","CARDIOMETABOLIC","836"
"OID20428",-0.0724078730559053,0.107352480417755,-1.40208184813929,0.161695917435943,0.254755750844501,-6.23449017448622,"Down",FALSE,"IL33","O95760","INFLAMMATION","90865"
"OID20122",0.235586473308112,2.34219007832898,1.39433602128679,0.164019905455663,0.258132648564033,-6.24523584109494,"Up",FALSE,"AK1","P00568","CARDIOMETABOLIC","203"
"OID20454",0.110572021857923,0.0584201044386423,1.39247290317978,0.164582580901881,0.258645475768441,-6.24781172754877,"Up",FALSE,"RGS8","P57771","INFLAMMATION","85397"
"OID21361",0.169075355191254,2.18902558746736,1.3920590821844,0.164707755737775,0.258645475768441,-6.24838340023915,"Up",FALSE,"IQGAP2","Q13576","ONCOLOGY","10788"
"OID21457",-0.157647377049179,5.48180835509138,-1.39034011263456,0.165228489496032,0.259161430443097,-6.25075626880823,"Down",FALSE,"GFRA1","P56159","ONCOLOGY","2674"
"OID20824",-0.138073232450609,-0.0239590078328982,-1.38941103030952,0.165510457199154,0.259161430443097,-6.25203756734628,"Down",FALSE,"LIF","P15018","NEUROLOGY","3976"
"OID20957",-0.120314564943253,2.24855352480418,-1.38918040591682,0.16558039607736,0.259161430443097,-6.25235550105518,"Down",FALSE,"TNR","Q92752","NEUROLOGY","7143"
"OID21295",-0.140511643547708,0.796968407310705,-1.38434876568237,0.167053195937055,0.261180543757168,-6.2590040455664,"Down",FALSE,"CDKN2D","P55273","ONCOLOGY","1032"
"OID20641",0.1850207271963,3.32690052219321,1.38069490908869,0.168173441975561,0.262644643260194,-6.26401668771743,"Up",FALSE,"GMPR","P36959","INFLAMMATION","2766"
"OID21292",0.193955985708279,2.53322375979112,1.37080974767101,0.171232531641569,0.266797179732676,-6.2775121655045,"Up",FALSE,"LAT2","Q9GZY6","ONCOLOGY","7462"
"OID20621",-0.104039314838167,3.4990501305483,-1.37043457564849,0.171348812645059,0.266797179732676,-6.27802257989904,"Down",FALSE,"TGFB1","P01137","INFLAMMATION","7040"
"OID20840",0.090504665825977,-0.301380939947781,1.37029665248936,0.171392449961229,0.266797179732676,-6.27821003499384,"Up",FALSE,"EPHA10","Q5JZY3","NEUROLOGY","284656"
"OID21026",-0.131174934846573,2.26434595300261,-1.36877042609625,0.171868798239271,0.267247565488486,-6.28028435215541,"Down",FALSE,"VCAN","P13611","NEUROLOGY","1462"
"OID20918",0.229817751155945,3.7729590078329,1.36631199454331,0.172638186023126,0.268152138942442,-6.28362082982818,"Up",FALSE,"EBAG9","O00559","NEUROLOGY","9166"
"OID20090",-0.24817949138293,3.10035718015666,-1.35363880369354,0.176645437449762,0.274078534327589,-6.30072610022174,"Down",FALSE,"GP2","P55259","CARDIOMETABOLIC","2813"
"OID20926",-0.140648104245481,4.43358537859008,-1.3500324839601,0.177798373904196,0.275433344624501,-6.30556476998507,"Down",FALSE,"WWP2","O00308","NEUROLOGY","11060"
"OID21236",0.102788633879781,0.755888511749347,1.34970261506134,0.177904112728071,0.275433344624501,-6.30600672329583,"Up",FALSE,"MED18","Q9BUE0","ONCOLOGY","54797"
"OID20251",-0.226828999579653,3.73815953002611,-1.34864403580316,0.178243755607417,0.275545297293115,-6.30742426911032,"Down",FALSE,"GDF15","Q99988","CARDIOMETABOLIC","9518"
"OID20128",-0.0636646574190837,0.341126631853786,-1.34827365462575,0.178362071375879,0.275545297293115,-6.30792015128061,"Down",FALSE,"LEPR","P48357","CARDIOMETABOLIC","3953"
"OID21248",0.155205678856663,1.99694464751958,1.34277256492892,0.180136404030555,0.27798587619834,-6.31526676583626,"Up",FALSE,"LHB","P01229","ONCOLOGY","3972"
"OID20115",-0.124203177805801,0.928753002610966,-1.34208103864546,0.180360298164034,0.278031139240997,-6.31618820310139,"Down",FALSE,"MSTN","O14793","CARDIOMETABOLIC","2660"
"OID20386",0.164966094997897,1.63732114882507,1.33831346819462,0.181583763552338,0.27961551521152,-6.32120011371441,"Up",FALSE,"SOD1","P00441","CARDIOMETABOLIC","6647"
"OID21169",-0.0720698907103823,0.354990861618799,-1.33693243353206,0.182033469900425,0.280006273937253,-6.32303386872137,"Down",FALSE,"PSRC1","Q6PGN9","ONCOLOGY","84722"
"OID21078",-0.269142332912988,4.50349686684073,-1.33033798412288,0.184194067545219,0.283025077980773,-6.3317636621497,"Down",FALSE,"AHSP","Q9NZD4","NEUROLOGY","51327"
"OID20411",-0.0870786212694399,6.22542976501305,-1.32682425436054,0.18535208456766,0.284274931637098,-6.33639802384577,"Down",FALSE,"ICAM1","P05362","CARDIOMETABOLIC","3383"
"OID20492",0.0909054560739808,0.865786945169713,1.32666559192275,0.185405343796904,0.284274931637098,-6.33660671969715,"Up",FALSE,"AMN","Q9BXJ7","INFLAMMATION","81693"
"OID20945",-0.0935483522488429,0.896525065274151,-1.30954514976529,0.191130352167255,0.292504471741865,-6.35900963349985,"Down",FALSE,"LY96","Q9Y6Y9","NEUROLOGY","23643"
"OID20567",-0.152355926860024,2.16260678851175,-1.30939223263047,0.19118206900413,0.292504471741865,-6.35920843349315,"Down",FALSE,"NCF2","P19878","INFLAMMATION","4688"
"OID20870",0.127914968474148,1.20464516971279,1.29432426320354,0.196328912804341,0.300057771548025,-6.37868470808134,"Up",FALSE,"TARBP2","Q15633","NEUROLOGY","6895"
"OID20850",-0.293705241698191,2.5675953002611,-1.29295066509896,0.196803120032285,0.300207660818827,-6.38044905454878,"Down",FALSE,"PMVK","Q15126","NEUROLOGY","10654"
"OID20728",0.103488612862547,5.29721644908616,1.2901376666428,0.197776258327071,0.301303063059045,-6.38405675468498,"Up",FALSE,"SCG3","Q8WXD2","INFLAMMATION","29106"
"OID21023",-0.10398464901219,1.61688981723238,-1.28862243864953,0.198302859526867,0.301783584945573,-6.38599638865121,"Down",FALSE,"SERPINB6","P35237","NEUROLOGY","5269"
"OID21161",0.105678701134931,0.552114360313316,1.28725993985141,0.198776700211924,0.302182877237064,-6.38773883880639,"Up",FALSE,"SCP2","P22307","ONCOLOGY","6342"
"OID20358",0.0935290290037825,2.08918903394256,1.28141767319129,0.200817404233056,0.304960755206202,-6.39518982422855,"Up",FALSE,"CTSD","P07339","CARDIOMETABOLIC","1509"
"OID20085",0.129795460277427,1.49599268929504,1.27553986669599,0.20288698146311,0.307776535574081,-6.402651740167,"Up",FALSE,"LRMP","Q12912","CARDIOMETABOLIC","4033"
"OID20625",0.239150016813785,4.17463942558747,1.27099667953663,0.204496900514871,0.30988978879719,-6.40839622601658,"Up",FALSE,"EIF4G1","Q04637","INFLAMMATION","1981"
"OID21151",-0.168556078184111,3.8718135770235,-1.2686335000903,0.205337993147605,0.310834737508397,-6.41137623600743,"Down",FALSE,"F11R","Q9Y624","NEUROLOGY","50848"
"OID21224",0.198159390500209,2.62344804177546,1.26685956360012,0.205971021551284,0.311209431938042,-6.41360958688895,"Up",FALSE,"NDUFS6","O75380","ONCOLOGY","4726"
"OID20409",0.215425645229087,7.76481331592689,1.26671945586483,0.20602107950552,0.311209431938042,-6.41378584770342,"Up",FALSE,"CA1","P00915","CARDIOMETABOLIC","759"
"OID20203",-0.228913509878097,1.99693159268929,-1.26191355214442,0.207743516749128,0.313479921261355,-6.41982015098778,"Down",FALSE,"RNASE3","P12724","CARDIOMETABOLIC","6037"
"OID20225",-0.187713400588483,1.67477441253264,-1.2607534892168,0.208160850124082,0.313778327876912,-6.42127332043366,"Down",FALSE,"CA13","Q8N1Q1","CARDIOMETABOLIC","377677"
"OID20934",-0.149594123581335,2.29225613577024,-1.25966882196218,0.208551611569125,0.313910888064984,-6.42263084537128,"Down",FALSE,"DKK4","Q9UBT3","NEUROLOGY","27121"
"OID20740",0.201888890290036,3.68084621409922,1.25929021418218,0.208688134122978,0.313910888064984,-6.42310442246943,"Up",FALSE,"ANGPT1","Q15389","INFLAMMATION","284"
"OID20520",0.0792392770071455,0.861427415143603,1.25806384590559,0.209130635832133,0.314245718826623,-6.42463753046305,"Up",FALSE,"HLA-DRA","P01903","INFLAMMATION","3122"
"OID20742",0.211622383354349,4.39502819843342,1.25613424077127,0.209828680249695,0.314963428652115,-6.42704654107811,"Up",FALSE,"CRKL","P46109","INFLAMMATION","1399"
"OID21461",0.138851660361496,4.96855326370757,1.2535123777116,0.210779642545675,0.316058876388007,-6.43031404295585,"Up",FALSE,"SMOC1","Q9H4F8","ONCOLOGY","64093"
"OID20448",-0.0557734930643122,0.113154308093995,-1.2500453662667,0.212041336706251,0.317617473955171,-6.43462476229505,"Down",FALSE,"NCLN","Q969V3","INFLAMMATION","56926"
"OID20972",-0.122846057166876,6.30539399477807,-1.24757681807684,0.212943910585107,0.318635443168711,-6.43768631000104,"Down",FALSE,"BAG3","O95817","NEUROLOGY","9531"
"OID21470",0.118305603194619,1.16781331592689,1.23927293158412,0.215999043356211,0.322868862924713,-6.44794171628738,"Up",FALSE,"CDC37","Q16543","ONCOLOGY","11140"
"OID20491",-0.15927631778058,0.851607310704961,-1.23687076402415,0.216888677785271,0.323859896086889,-6.45089577796319,"Down",FALSE,"CSF3","P09919","INFLAMMATION","1440"
"OID20821",0.0809207440100883,0.0362446475195822,1.23624393862776,0.217121255193446,0.323868761661205,-6.45166568004344,"Up",FALSE,"LYPD1","Q8N2G4","NEUROLOGY","116372"
"OID21358",-0.0660203825136608,3.06130835509138,-1.23242998495513,0.218539497654296,0.325644360946808,-6.45634232227049,"Down",FALSE,"PODXL","O00592","ONCOLOGY","5420"
"OID20733",0.101081202185793,4.10636214099217,1.22596356882162,0.220960925211996,0.328909543883274,-6.464237665648,"Up",FALSE,"TNFSF13","O75888","INFLAMMATION","8741"
"OID20635",-0.163153316519545,5.31855065274151,-1.22133044154324,0.22270797147398,0.331026987472794,-6.46986907457556,"Down",FALSE,"CD79B","P40259","INFLAMMATION","974"
"OID21375",0.185944026902058,2.81316527415144,1.22096350414202,0.222846719348375,0.331026987472794,-6.47031419480245,"Up",FALSE,"SIRT2","Q8IXJ6","ONCOLOGY","22933"
"OID21105",-0.085826603614964,3.32560757180157,-1.22024180313886,0.223119122489556,0.331087462136631,-6.47118971502821,"Down",FALSE,"PLA2G7","Q13093","NEUROLOGY","7941"
"OID20304",-0.119105237494746,6.18462297650131,-1.21918067219594,0.223521595001937,0.331340621636688,-6.47247509440372,"Down",FALSE,"SIRPA","P78324","CARDIOMETABOLIC","140885"
"OID20597",-0.143241286254729,2.42684595300261,-1.21771007310026,0.224079637198744,0.331823628556483,-6.47425502461983,"Down",FALSE,"PLXNA4","Q9HCM2","INFLAMMATION","91584"
"OID20689",-0.207882240437159,3.79087075718016,-1.2010123430006,0.230484454569646,0.340923389442493,-6.49431651307906,"Down",FALSE,"ENPP7","Q6UWV6","INFLAMMATION","339221"
"OID20099",-0.0985963892391759,1.76206919060052,-1.20045148075665,0.230701831764094,0.340923389442493,-6.49498558916117,"Down",FALSE,"CLEC1A","Q8NC01","CARDIOMETABOLIC","51267"
"OID20455",-0.123664800336275,0.365225326370757,-1.19647611305647,0.232246785576328,0.342851917963401,-6.49971908077951,"Down",FALSE,"IL11","P20809","INFLAMMATION","3589"
"OID21232",0.0689459394703647,0.0915778067885118,1.19242654381605,0.233828141529269,0.344490477389061,-6.50452490098208,"Up",FALSE,"TP53","P04637","ONCOLOGY","7157"
"OID20532",0.0816890668348044,0.864233420365535,1.19239910491314,0.233838882482427,0.344490477389061,-6.50455740889692,"Up",FALSE,"HLA-E","P13747","INFLAMMATION","3133"
"OID21287",0.169013152585118,1.38646579634465,1.19157473240763,0.234161746660623,0.344610850646787,-6.50553372817917,"Up",FALSE,"AIFM1","O95831","ONCOLOGY","9131"
"OID21492",-0.0840292854140384,3.3845362924282,-1.19082489163841,0.234455037153632,0.344687498037592,-6.50642166842654,"Down",FALSE,"MANSC1","Q9H8J5","ONCOLOGY","54682"
"OID21468",0.104940226986129,1.44490704960836,1.18711703835527,0.235913088689278,0.346474618434715,-6.5108014448607,"Up",FALSE,"IDUA","P35475","ONCOLOGY","3425"
"OID20114",-0.11825572089113,4.26877127937337,-1.18388900418089,0.237187114992582,0.347988077335112,-6.51460382099754,"Down",FALSE,"BAG6","P46379","CARDIOMETABOLIC","7917"
"OID20465",-0.0639174443043286,-0.0103746736292428,-1.17965495007932,0.238865481928066,0.350091049923289,-6.51957570282526,"Down",FALSE,"NRTN","Q99748","INFLAMMATION","4902"
"OID21251",-0.0949455653635984,0.553962402088773,-1.17808600797196,0.239489673854557,0.350646254035002,-6.52141345765444,"Down",FALSE,"LYPD8","Q6UX82","ONCOLOGY","646627"
"OID20105",-0.137986565783942,1.46774334203655,-1.17659131598144,0.240085303951143,0.351158545901928,-6.52316205249015,"Down",FALSE,"ACE2","Q9BYF1","CARDIOMETABOLIC","59272"
"OID20154",-0.112602349726775,2.98051305483029,-1.17596234838987,0.240336258644892,0.351166169328784,-6.52389720376272,"Down",FALSE,"LGALS1","P09382","CARDIOMETABOLIC","3956"
"OID20151",0.122911080285834,1.61990522193211,1.17527008054276,0.240612684246893,0.35121095586191,-6.52470589061975,"Up",FALSE,"FADD","Q13158","CARDIOMETABOLIC","8772"
"OID21081",0.0637105296342995,0.25970861618799,1.17000966032999,0.242720349025206,0.353925896690837,-6.5308356574798,"Up",FALSE,"NRP2","O60462","NEUROLOGY","8828"
"OID20693",-0.121949743589741,4.94687571801567,-1.16570470358407,0.244455213188345,0.356092252442554,-6.53583148064724,"Down",FALSE,"CCL23","P55773","INFLAMMATION","6368"
"OID21436",0.185743539302226,5.58894151436031,1.16483029202277,0.244808620380757,0.356243908884014,-6.53684401448267,"Up",FALSE,"RILP","Q96NA2","ONCOLOGY","83547"
"OID20321",0.0790485287936112,4.44653577023499,1.1626968631774,0.245671651948146,0.357136104408851,-6.53931184713289,"Up",FALSE,"RNASET2","O00584","CARDIOMETABOLIC","8635"
"OID20284",-0.0886179277007136,3.92077702349869,-1.16042694116456,0.246593198499075,0.358111464080466,-6.54193190369706,"Down",FALSE,"LGALS3","P17931","CARDIOMETABOLIC","3958"
"OID20439",0.0672845187053381,0.492221409921671,1.15081817973216,0.250520835658555,0.363445963610229,-6.55296668218493,"Up",FALSE,"PREB","Q9HCU5","INFLAMMATION","10113"
"OID21420",-0.204606620428751,3.69737415143603,-1.14840746657546,0.25151310923767,0.364106950634534,-6.55572083224673,"Down",FALSE,"PVALB","P20472","ONCOLOGY","5816"
"OID21173",-0.0688771878940724,-1.21008459530026,-1.14799001425775,0.251685190496062,0.364106950634534,-6.5561971936562,"Down",FALSE,"GSAP","A4D1B5","ONCOLOGY","54103"
"OID20425",0.117040504413619,1.21051227154047,1.14785504511252,0.251740844805402,0.364106950634534,-6.55635117227607,"Up",FALSE,"RAB37","Q96AX2","INFLAMMATION","326624"
"OID20146",0.166833434216055,3.11148511749347,1.14645920938936,0.252316920777397,0.364571162579273,-6.55794254733064,"Up",FALSE,"PRKAR1A","P10644","CARDIOMETABOLIC","5573"
"OID20855",0.100915792349726,0.729280417754569,1.14463133762768,0.253072696608375,0.365042656829232,-6.56002357323049,"Up",FALSE,"ILKAP","Q9H0C8","NEUROLOGY","80895"
"OID21208",0.0469303530895332,-0.0802618798955614,1.1444331067137,0.253154144798998,0.365042656829232,-6.56024955588602,"Up",FALSE,"NTF4","P34130","ONCOLOGY","4909"
"OID20574",-0.171864564943253,4.84805195822454,-1.13844096815484,0.255644001165076,0.368261368613804,-6.56704679034108,"Down",FALSE,"OSM","P13725","INFLAMMATION","5008"
"OID20710",0.12726982765868,5.11417885117493,1.1323105599912,0.258208307135138,0.371580736048452,-6.57396469720436,"Up",FALSE,"GLOD4","Q9HC38","INFLAMMATION","51031"
"OID21129",-0.134134081546867,5.15302663185379,-1.1298731199859,0.259232828527643,0.372679790710263,-6.57670493645822,"Down",FALSE,"PILRA","Q9UKJ1","NEUROLOGY","29992"
"OID20872",0.13845773434216,1.17206135770235,1.12809393868112,0.259982448657451,0.373124541918727,-6.57870143903988,"Up",FALSE,"FHIT","P49789","NEUROLOGY","2272"
"OID20554",-0.186343320722994,2.07164751958225,-1.12789962128342,0.260064411302346,0.373124541918727,-6.57891930236435,"Down",FALSE,"ARHGEF12","Q9NZN5","INFLAMMATION","23365"
"OID20607",-0.0847471332492642,4.10124412532637,-1.12462448551172,0.261447997367067,0.374733388402748,-6.58258616078495,"Down",FALSE,"CD84","Q9UIB8","INFLAMMATION","8832"
"OID21203",-0.0495549474569143,-0.0318140992167102,-1.1198938314969,0.263456293224622,0.377233510038061,-6.58786324161124,"Down",FALSE,"RANGAP1","P46060","ONCOLOGY","5905"
"OID20290",-0.109044022698612,5.72115953002611,-1.11916849976053,0.263765597491998,0.377298337153218,-6.58867002468537,"Down",FALSE,"SELE","P16581","CARDIOMETABOLIC","6401"
"OID21215",-0.130084854981086,2.64119608355091,-1.11140175133179,0.267088728903814,0.381629658375129,-6.59728029372392,"Down",FALSE,"FCGR2B","P31994","ONCOLOGY","2213"
"OID20856",0.209437192097519,4.7445046997389,1.11028164162512,0.267570343293855,0.381629658375129,-6.5985171541982,"Up",FALSE,"BAX","Q07812","NEUROLOGY","581"
"OID20975",-0.157430084068936,4.2991634464752,-1.11022488260385,0.267594763955129,0.381629658375129,-6.59857979631289,"Down",FALSE,"HNMT","P50135","NEUROLOGY","3176"
"OID20068",0.0620059100462374,0.778449869451697,1.108944741282,0.268145509471586,0.382033831540276,-6.59999217001465,"Up",FALSE,"TIA1","P31483","CARDIOMETABOLIC","7072"
"OID20062",-0.0808730432955018,0.515057441253264,-1.10575982649088,0.269520682546456,0.383610612907257,-6.60349768620364,"Down",FALSE,"AKR1C4","P17516","CARDIOMETABOLIC","1109"
"OID21320",0.154857566204286,1.83388537859008,1.0989484530488,0.272476995620891,0.387432464420152,-6.61096191632676,"Up",FALSE,"KIFBP","Q96EK5","ONCOLOGY","26128"
"OID21000",0.176571731820091,3.13035169712794,1.09169225177846,0.275650798264412,0.39155565677917,-6.61886319056692,"Up",FALSE,"EIF4B","P23588","NEUROLOGY","1975"
"OID20553",-0.17689683480454,2.85280992167102,-1.09072549134737,0.276075555133742,0.391769581217595,-6.61991196860969,"Down",FALSE,"NT5C3A","Q9H0P0","INFLAMMATION","51251"
"OID21244",0.132726721311474,1.17714621409922,1.08728906057149,0.277589015215182,0.393526490815968,-6.62363246282903,"Up",FALSE,"AKR1B1","P15121","ONCOLOGY","231"
"OID20584",-0.0716175451870532,1.2642318537859,-1.08618928273784,0.278074304164514,0.39368288547894,-6.62482092980388,"Down",FALSE,"CD4","P01730","INFLAMMATION","920"
"OID20751",-0.1131531778058,5.24540261096606,-1.08579152659479,0.27825032493613,0.39368288547894,-6.62525013622065,"Down",FALSE,"CRELD2","Q6UXH1","INFLAMMATION","79174"
"OID21525",-0.0939199831862121,5.47355091383812,-1.08186969799995,0.279986940406547,0.395748108645851,-6.62947642164576,"Down",FALSE,"DLL1","O00548","ONCOLOGY","28514"
"OID20084",0.0890221479613277,1.02998590078329,1.06953626762189,0.285497896796451,0.403086229485382,-6.64266688888514,"Up",FALSE,"FGFR1OP","O95684","CARDIOMETABOLIC","11116"
"OID20993",0.192669688944933,2.84812506527415,1.06866822905087,0.285888491570426,0.403086229485382,-6.64358960705175,"Up",FALSE,"TBCB","Q99426","NEUROLOGY","1155"
"OID20221",-0.124998986969314,4.5199590078329,-1.06763867301256,0.286352234787009,0.403086229485382,-6.64468305152748,"Down",FALSE,"SPON2","Q9BUD6","CARDIOMETABOLIC","10417"
"OID20065",0.0364269272803697,0.484867362924282,1.06758827404491,0.286374264168997,0.403086229485382,-6.64473719424546,"Up",FALSE,"HK2","P52789","CARDIOMETABOLIC","3099"
"OID21109",-0.0837507145859603,2.67765300261097,-1.06711264768965,0.286588949725086,0.403086229485382,-6.6452417089096,"Down",FALSE,"SPINT1","O43278","NEUROLOGY","6692"
"OID20327",-0.140467700714585,6.46187519582245,-1.06240697648725,0.288716628639873,0.405679510645406,-6.6502232088398,"Down",FALSE,"RETN","Q9HD89","CARDIOMETABOLIC","56729"
"OID20955",0.141356225304749,4.62633237597911,1.06076312176867,0.289462265949714,0.40632767980564,-6.65195839922901,"Up",FALSE,"STAMBP","O95630","NEUROLOGY","10617"
"OID21217",-0.0670127154266496,0.221495039164491,-1.05523119416858,0.291981053800871,0.409461163769818,-6.6577780709032,"Down",FALSE,"BIRC2","Q13490","ONCOLOGY","329"
"OID21428",0.113414119377888,1.32284621409922,1.05458837757485,0.292274695826049,0.409471117975906,-6.65845236177025,"Up",FALSE,"DAB2","P98082","ONCOLOGY","1601"
"OID20201",-0.150478049600673,2.08792402088773,-1.0514653794274,0.29370413111076,0.411070718273531,-6.66172245808461,"Down",FALSE,"REN","P00797","CARDIOMETABOLIC","5972"
"OID20123",-0.0458316687683897,0.41235091383812,-1.04799524527156,0.295297369907279,0.412792485108445,-6.66534530874412,"Down",FALSE,"ANXA4","P09525","CARDIOMETABOLIC","307"
"OID20451",-0.0822896385035726,0.520206266318538,-1.04731841584079,0.295609513071428,0.412792485108445,-6.66604984697471,"Down",FALSE,"MYO9B","Q13459","INFLAMMATION","4650"
"OID20195",0.138927007145859,3.47882480417755,1.04690283854521,0.295800913051818,0.412792485108445,-6.66648256779121,"Up",FALSE,"GLRX","P35754","CARDIOMETABOLIC","2745"
"OID21345",-0.0919608238755775,3.08423159268929,-1.04468027469612,0.29682579906221,0.413818601814535,-6.66879407466937,"Down",FALSE,"INPP1","P49441","ONCOLOGY","3628"
"OID20964",-0.153418932324504,3.71904360313316,-1.04368813125408,0.297284305474413,0.414053871854713,-6.66982411967014,"Down",FALSE,"TNFRSF6B","O95407","NEUROLOGY","8771"
"OID20739",-0.115717335014711,6.21050809399478,-1.04019619922106,0.298901267816269,0.415900595627506,-6.67344225665128,"Down",FALSE,"SIRPB1","O00241","INFLAMMATION","10326"
"OID20331",0.108742416981924,0.759587467362924,1.03875746332918,0.299569195144286,0.41642449402839,-6.67492948380078,"Up",FALSE,"PPIB","P23284","CARDIOMETABOLIC","5479"
"OID20887",0.111987969735183,1.52744255874674,1.03791935324512,0.299958744724274,0.416560783489783,-6.67579489811119,"Up",FALSE,"HMOX2","P30519","NEUROLOGY","3163"
"OID21182",-0.0650217990752417,0.681056135770235,-1.03562508649739,0.30102673572259,0.417638063444254,-6.67816046011214,"Down",FALSE,"CAMKK1","Q8N5S9","ONCOLOGY","84254"
"OID20478",0.109075838587642,0.772023498694517,1.03322428384396,0.302147259053606,0.418786065167413,-6.68063007989996,"Up",FALSE,"YTHDF3","Q7Z739","INFLAMMATION","253943"
"OID20418",-0.0977226355611587,6.46962140992167,-1.02709527342306,0.305020022044376,0.422358150679664,-6.68690935606253,"Down",FALSE,"TIMP1","P01033","CARDIOMETABOLIC","7076"
"OID20183",-0.0966318537200511,2.75601697127937,-1.00649132923098,0.314811160496327,0.435493851257746,-6.70774532107006,"Down",FALSE,"OLR1","P78380","CARDIOMETABOLIC","4973"
"OID20052",0.0583544724674234,0.418815143603133,1.00338760660103,0.316303705148423,0.437135391351157,-6.71084774323588,"Up",FALSE,"CEBPB","P17676","CARDIOMETABOLIC","1051"
"OID21137",-0.109918217738545,3.89788772845953,-0.999871498253938,0.31800043821764,0.43905567750049,-6.71435060659198,"Down",FALSE,"HAVCR2","Q8TDQ0","NEUROLOGY","84868"
"OID20267",-0.0898068516183259,5.04306997389034,-0.998719926439189,0.318557154324196,0.439399781398915,-6.71549547288826,"Down",FALSE,"IL2RA","P01589","CARDIOMETABOLIC","3559"
"OID20906",-0.062157356031946,-0.221969190600522,-0.997550385014171,0.319123710615288,0.439756781551829,-6.71665635269538,"Down",FALSE,"SKAP1","Q86WV1","NEUROLOGY","8631"
"OID20670",0.0708392349726773,4.79627911227154,0.993187477127798,0.321241562541338,0.442248740724058,-6.72097653118749,"Up",FALSE,"LY9","Q9HBG7","INFLAMMATION","4063"
"OID20483",0.127378957545186,0.67973498694517,0.984235106282008,0.325617778414436,0.447841968579624,-6.729780460739,"Up",FALSE,"PRDX3","P30048","INFLAMMATION","10935"
"OID20634",-0.0628805338377462,-0.860683550913838,-0.98241585819056,0.326511706938657,0.448639643476289,-6.73155996506923,"Down",FALSE,"NFASC","O94856","INFLAMMATION","23114"
"OID20177",-0.155969436738125,4.32655483028721,-0.980441367426409,0.327483727224782,0.449542983865719,-6.73348761365221,"Down",FALSE,"CD2AP","Q9Y5K6","CARDIOMETABOLIC","23607"
"OID21293",-0.0718692728037001,2.71777754569191,-0.978052859409925,0.328661589605549,0.450726882482083,-6.73581481322698,"Down",FALSE,"LRP1","Q07954","ONCOLOGY","4035"
"OID20250",-0.147315590584278,2.78509242819843,-0.977077618515201,0.32914400216318,0.450955684651183,-6.73676267555367,"Down",FALSE,"IL1RL1","Q01638","CARDIOMETABOLIC","9173"
"OID20066",-0.0510791382934002,0.421132375979112,-0.969994726177362,0.332657517132549,0.455332942511889,-6.74362254202952,"Down",FALSE,"GRK5","P34947","CARDIOMETABOLIC","2869"
"OID20616",0.161248339638501,3.64042976501305,0.959117592587614,0.338101176887279,0.462341226576002,-6.75405962217661,"Up",FALSE,"CD40LG","P29965","INFLAMMATION","959"
"OID21031",-0.20205478352249,3.14269347258486,-0.955188444926384,0.340081514091088,0.464604668868226,-6.75780113276595,"Down",FALSE,"SULT1A1","P50225","NEUROLOGY","6817"
"OID20070",0.0797672215216484,0.0157939947780679,0.952036136610627,0.34167569987533,0.466336747967379,-6.7607918505637,"Up",FALSE,"CRX","O43186","CARDIOMETABOLIC","1406"
"OID20552",0.104318247162672,2.22635404699739,0.947695777648508,0.343878548962828,0.468895464186909,-6.76489361713578,"Up",FALSE,"MAP2K6","P52564","INFLAMMATION","5608"
"OID21012",-0.114164304329549,1.03292689295039,-0.944585994233919,0.345462432757777,0.470438504482677,-6.76782098238644,"Down",FALSE,"TXNDC5","Q8NBS9","NEUROLOGY","81567"
"OID20176",0.0868025935266912,1.35672349869452,0.944181878780228,0.345668600214703,0.470438504482677,-6.76820068953115,"Up",FALSE,"PPP1R2","P41236","CARDIOMETABOLIC","5504"
"OID20944",-0.0670539722572518,2.48587885117493,-0.943413946020961,0.34606011945806,0.470523226170854,-6.76892230208382,"Down",FALSE,"GPC5","P78333","NEUROLOGY","2262"
"OID20863",-0.178877822614541,2.13164647519582,-0.93862591128364,0.348511064063585,0.473405238162418,-6.7734046831283,"Down",FALSE,"NOS1","P29475","NEUROLOGY","4842"
"OID20835",-0.0918385582177386,0.774527676240209,-0.933989892985808,0.350894255269145,0.476189829800198,-6.77772360871435,"Down",FALSE,"PLIN1","O60240","NEUROLOGY","5346"
"OID21145",-0.104236708701134,5.18574934725849,-0.93243618868724,0.351695267152147,0.476824038672124,-6.77916628072759,"Down",FALSE,"TNFRSF1B","P20333","NEUROLOGY","7133"
"OID20476",-0.0742046153846147,0.693092167101828,-0.931663201737758,0.352094213151122,0.476912446059672,-6.77988313705967,"Down",FALSE,"TPT1","P13693","INFLAMMATION","7178"
"OID20958",0.122241101303068,3.77785117493473,0.928364066046356,0.353800160624714,0.478769346148406,-6.7829360517873,"Up",FALSE,"CC2D1A","Q6P1N0","NEUROLOGY","54862"
"OID20141",0.140975846994535,4.51599869451697,0.926649703971892,0.354688705807403,0.479076001032368,-6.78451821084538,"Up",FALSE,"TGM2","P21980","CARDIOMETABOLIC","7052"
"OID21390",0.0677091424968471,4.64984673629243,0.926632174736336,0.354697277181417,0.479076001032368,-6.78453493875709,"Up",FALSE,"SIGLEC9","Q9Y336","ONCOLOGY","27180"
"OID20502",0.0636154350567463,0.253675195822454,0.923935467068079,0.356098370793685,0.48051423216636,-6.78701718590372,"Up",FALSE,"SRPK2","P78362","INFLAMMATION","6733"
"OID20846",0.0538028835645222,0.413471279373368,0.921894943294474,0.357160359781932,0.481492598234322,-6.78889119129218,"Up",FALSE,"FKBP7","Q9Y680","NEUROLOGY","51661"
"OID21149",0.188304468263976,5.50496422976501,0.914630915488693,0.360957644410293,0.486135200342317,-6.79552841677039,"Up",FALSE,"CA2","P00918","NEUROLOGY","760"
"OID20206",0.176184043715845,4.7601365535248,0.914007851631935,0.361284522577705,0.486135200342317,-6.79609529321233,"Up",FALSE,"CD69","Q07108","CARDIOMETABOLIC","969"
"OID21147",-0.0818654014291712,4.48732872062663,-0.909448322875149,0.363682073312941,0.488900924519466,-6.80023214322783,"Down",FALSE,"TIMP4","Q99727","NEUROLOGY","7079"
"OID21459",0.20340448928121,6.09341853785901,0.907009653107209,0.364968781209569,0.489984232849495,-6.80243597792053,"Up",FALSE,"HAGH","Q16775","ONCOLOGY","3029"
"OID20942",-0.110164430432955,2.26683524804178,-0.905890530294302,0.365560130122841,0.489984232849495,-6.80344545340456,"Down",FALSE,"TBCC","Q15814","NEUROLOGY","6903"
"OID21354",-0.0599771122320303,0.96764908616188,-0.905681024897298,0.365670794009431,0.489984232849495,-6.80363441108545,"Down",FALSE,"DPP6","P42658","ONCOLOGY","1804"
"OID21371",0.0586070071458595,2.33056240208877,0.905323499001141,0.365859465675585,0.489984232849495,-6.80395702125145,"Up",FALSE,"GALNT10","Q86SR1","ONCOLOGY","55568"
"OID20717",0.148872896174862,2.79188746736292,0.899554109141699,0.368919633887929,0.49361999702795,-6.80913765094963,"Up",FALSE,"PTPN6","P29350","INFLAMMATION","5777"
"OID21352",-0.0913559562841526,1.92908250652742,-0.891045087377745,0.373461247076922,0.49922930034885,-6.81671897151275,"Down",FALSE,"OMG","P23515","ONCOLOGY","4974"
"OID20864",0.0706693106347193,0.503139947780679,0.88578328514534,0.376286995602687,0.502314930591179,-6.8213711969126,"Up",FALSE,"C2CD2L","O14523","NEUROLOGY","9854"
"OID20832",-0.102573993274485,1.49606318537859,-0.885438602785478,0.376472561695698,0.502314930591179,-6.82167499036435,"Down",FALSE,"PADI4","Q9UM07","NEUROLOGY","23569"
"OID21261",-0.07217904581757,1.56941932114882,-0.882708953424785,0.37794411988028,0.50325114305832,-6.82407666860762,"Down",FALSE,"CFC1","P0CG37","ONCOLOGY","55997"
"OID20675",-0.133342189995794,4.24196109660574,-0.882178056089331,0.378230740129206,0.50325114305832,-6.82454292002809,"Down",FALSE,"CXCL9","Q07325","INFLAMMATION","4283"
"OID20184",0.112321601513239,1.37297362924282,0.879688160773285,0.37957677425593,0.504572288755092,-6.8267258999617,"Up",FALSE,"DIABLO","Q9NR28","CARDIOMETABOLIC","56616"
"OID20159",-0.0630670365699875,2.47948459530026,-0.875478865067038,0.381858592356517,0.507133762525523,-6.83040285039883,"Down",FALSE,"ACAN","P16112","CARDIOMETABOLIC","176"
"OID20354",-0.0431478058007566,1.59202793733681,-0.872705937710204,0.383366544147309,0.508663687638351,-6.83281530596734,"Down",FALSE,"NCAM1","P13591","CARDIOMETABOLIC","4684"
"OID20294",-0.116197738545607,2.74987937336815,-0.869395527916319,0.385172273266486,0.510585508810583,-6.83568460965257,"Down",FALSE,"CSTB","P04080","CARDIOMETABOLIC","1476"
"OID20722",-0.102000197562,3.30413550913838,-0.862969654452259,0.388691169810661,0.514772642872506,-6.84122444030251,"Down",FALSE,"FIS1","Q9Y3D6","INFLAMMATION","51024"
"OID21015",0.109807141656158,2.89498407310705,0.858778307356953,0.390996962382181,0.517346906707534,-6.84481579630019,"Up",FALSE,"RWDD1","Q9H446","NEUROLOGY","51389"
"OID21489",0.110304943253468,4.06065613577023,0.856473691909224,0.392268350054386,0.517905159074246,-6.84678308444061,"Up",FALSE,"MDK","P21741","ONCOLOGY","4192"
"OID21433",0.0990634047919292,1.09016553524804,0.856374851201919,0.392322933756663,0.517905159074246,-6.84686734002793,"Up",FALSE,"HBQ1","P09105","ONCOLOGY","3049"
"OID20164",-0.0670751702395962,1.36498120104439,-0.856043143973044,0.392506149249411,0.517905159074246,-6.84715002911244,"Down",FALSE,"APLP1","P51693","CARDIOMETABOLIC","333"
"OID21184",0.0204215762925599,0.0627741514360313,0.854760735449227,0.393214421428809,0.517926867934025,-6.84824251396867,"Up",FALSE,"PPM1A","P35813","ONCOLOGY","5494"
"OID21171",-0.0915224716267334,1.3892088772846,-0.854701940063946,0.393247481951307,0.517926867934025,-6.84829192379551,"Down",FALSE,"CEACAM5","P06731","ONCOLOGY","1048"
"OID21506",0.147048058007565,4.30386631853786,0.844237704010687,0.399060639405469,0.525089256593552,-6.85713987611488,"Up",FALSE,"SNAP29","O95721","ONCOLOGY","9342"
"OID21304",0.126528848255569,2.79267467362924,0.843592803385736,0.399420589165284,0.525089256593552,-6.85768161448755,"Up",FALSE,"PSMD9","O00233","ONCOLOGY","5715"
"OID20182",0.143733694829756,2.25501540469974,0.841307661865957,0.400697613120252,0.526222605604187,-6.85959789072446,"Up",FALSE,"SSC4D","Q8WTU2","CARDIOMETABOLIC","136853"
"OID20396",0.0683673392181594,3.70282088772846,0.840732316045399,0.401019186496123,0.526222605604187,-6.86007993116995,"Up",FALSE,"VCAM1","P19320","CARDIOMETABOLIC","7412"
"OID20924",0.0499903783102139,1.64789033942559,0.838602772605371,0.402211939820821,0.527303543122894,-6.86185996991138,"Up",FALSE,"SPOCK1","Q08629","NEUROLOGY","6695"
"OID20143",-0.0708879907524165,1.80645770234987,-0.836176407371675,0.403574111624613,0.528604404685218,-6.86388199240463,"Down",FALSE,"PLIN3","O60664","CARDIOMETABOLIC","10226"
"OID20286",-0.0909470365699871,1.20808250652742,-0.828065552433336,0.408146163644506,0.534103358835163,-6.87060050938518,"Down",FALSE,"CORO1A","P31146","CARDIOMETABOLIC","11151"
"OID20519",-0.141800500210172,2.64325613577024,-0.823600781753972,0.410676099493748,0.536683494987536,-6.87427099563072,"Down",FALSE,"METAP1D","Q6UB28","INFLAMMATION","254042"
"OID20996",-0.102509987389662,3.19187441253264,-0.823261100720613,0.410868959773523,0.536683494987536,-6.87454943785308,"Down",FALSE,"ASAH2","Q9NR71","NEUROLOGY","56624"
"OID21141",0.122906027742749,2.27965248041775,0.820321566582142,0.412540189695819,0.538374366278836,-6.87695424208039,"Up",FALSE,"BLVRB","P30043","NEUROLOGY","645"
"OID20406",0.0485303320722983,3.85278276762402,0.817507490149114,0.41414335813201,0.539973411287082,-6.87924896623025,"Up",FALSE,"DPP4","P27487","CARDIOMETABOLIC","1803"
"OID20539",-0.0422795628415301,-0.137635770234987,-0.812715996860991,0.416882869635266,0.542650747360066,-6.8831366015338,"Down",FALSE,"SLC39A5","Q6ZMH5","INFLAMMATION","283375"
"OID20474",-0.0877581588902902,1.18903733681462,-0.812587992190643,0.416956277537685,0.542650747360066,-6.88324006212139,"Down",FALSE,"TANK","Q92844","INFLAMMATION","10010"
"OID20322",0.110615632618748,8.3281407310705,0.811725838588268,0.417450319338335,0.542799368821184,-6.88393714123697,"Up",FALSE,"SPP1","P10451","CARDIOMETABOLIC","6696"
"OID21270",0.0919379361076085,2.02643864229765,0.807630286971744,0.419801928390317,0.545360868790693,-6.8872384549756,"Up",FALSE,"TPMT","P51580","ONCOLOGY","7172"
"OID20736",-0.0469577763766293,2.08414516971279,-0.787490438221438,0.431478651404605,0.560020883612335,-6.90323105369808,"Down",FALSE,"ENPP5","Q9UJA9","INFLAMMATION","59084"
"OID20672",-0.152824295922653,9.87141201044386,-0.785315810643594,0.43275122048927,0.561162880289625,-6.90493317409049,"Down",FALSE,"MMP1","P03956","INFLAMMATION","4312"
"OID21229",0.0848640731399741,1.61231566579634,0.782542965558355,0.434376384022109,0.562759612663276,-6.90709744197835,"Up",FALSE,"SUGT1","Q9Y2Z0","ONCOLOGY","10910"
"OID21214",-0.0628825641025634,1.05372637075718,-0.781498209907406,0.434989631765736,0.56304364474025,-6.90791091801396,"Down",FALSE,"SLAMF8","Q9P0V8","ONCOLOGY","56833"
"OID21245",0.0325389743589741,0.330653263707572,0.780358866596207,0.435658480840853,0.563399067078352,-6.90879736626813,"Up",FALSE,"CEACAM3","P40198","ONCOLOGY","1084"
"OID21199",0.0561245691467,0.18576501305483,0.773244567073596,0.439851938208543,0.568307793580477,-6.91429934974372,"Up",FALSE,"BTC","P35070","ONCOLOGY","685"
"OID20075",0.146762875157628,2.38212767624021,0.761235667389208,0.446982125797803,0.576998606833839,-6.92347363511097,"Up",FALSE,"CA5A","P35218","CARDIOMETABOLIC","763"
"OID20106",-0.0821979823455229,2.566572845953,-0.759572023491947,0.447975080315974,0.577758474523039,-6.92473329778569,"Down",FALSE,"DCN","P07585","CARDIOMETABOLIC","1634"
"OID20364",-0.109975767129047,2.73742010443864,-0.758321114735346,0.448722519639008,0.57799667623986,-6.92567863972705,"Down",FALSE,"PRSS2","P07478","CARDIOMETABOLIC","5645"
"OID20198",-0.0516341782261455,2.21784934725849,-0.757362054330043,0.449295684635237,0.57799667623986,-6.92640279461861,"Down",FALSE,"CLUL1","Q15846","CARDIOMETABOLIC","27098"
"OID20150",0.0600273476250523,1.01965117493473,0.757088664536744,0.449459624152208,0.57799667623986,-6.926608512844,"Up",FALSE,"LACTB2","Q53H82","CARDIOMETABOLIC","51110"
"OID20466",0.0333435939470364,0.178795300261097,0.756556596043748,0.449777679481262,0.57799667623986,-6.92700991717539,"Up",FALSE,"DGKZ","Q13574","INFLAMMATION","8525"
"OID21373",-0.159119146700293,1.63102349869452,-0.754497361751664,0.451011678235888,0.578918654776765,-6.92855871005788,"Down",FALSE,"DEFB4A_DEFB4B","O15263","ONCOLOGY","1673"
"OID21442",0.0933824379991581,1.94388511749347,0.754007576980776,0.451305375382307,0.578918654776765,-6.92892656970506,"Up",FALSE,"FXN","Q16595","ONCOLOGY","2395"
"OID20939",0.0512450819672126,1.96195874673629,0.751379991215488,0.452882480779141,0.580357277358479,-6.93089640612566,"Up",FALSE,"WFIKKN1","Q96NZ8","NEUROLOGY","117166"
"OID20350",-0.0456337746952505,1.32107389033943,-0.750786682434782,0.453239133332444,0.580357277358479,-6.93134012125857,"Down",FALSE,"ANPEP","P15144","CARDIOMETABOLIC","290"
"OID20172",0.0637737873055908,3.41392950391645,0.749209423362675,0.454188124571207,0.581051772616164,-6.9325178986687,"Up",FALSE,"FCRL1","Q96LA6","CARDIOMETABOLIC","115350"
"OID20456",-0.0743956326187468,0.440102872062663,-0.748278972473371,0.454748561903145,0.581248385473698,-6.93321143372706,"Down",FALSE,"IL17F","Q96PD4","INFLAMMATION","112744"
"OID21286",-0.0548550819672133,0.467716449086162,-0.746603802886889,0.455758225590666,0.582018323832942,-6.93445826483856,"Down",FALSE,"TBC1D23","Q9NUY8","ONCOLOGY","55773"
"OID20888",-0.0644669651113917,1.36273002610966,-0.744920676586343,0.456773959014692,0.58279463163571,-6.93570821196679,"Down",FALSE,"KLB","Q86Z14","NEUROLOGY","152831"
"OID20808",-0.0473312189995794,-0.467752219321149,-0.74306797578936,0.457893502313346,0.583701886535032,-6.93708083865869,"Down",FALSE,"CDHR1","Q96JP9","NEUROLOGY","92211"
"OID20281",0.0650491298865058,6.55247075718016,0.741624920906619,0.458766310775448,0.584293278162313,-6.93814790759789,"Up",FALSE,"SERPINA11","Q86U17","CARDIOMETABOLIC","256394"
"OID20799",-0.0540103656998731,0.305466057441253,-0.736421415364999,0.461922555639269,0.587789253792089,-6.94197708737664,"Down",FALSE,"SLC16A1","P53985","NEUROLOGY","6566"
"OID20650",0.0795111181168562,7.40231697127937,0.730045866763874,0.465805924936306,0.592006560125738,-6.94663247078436,"Up",FALSE,"VEGFA","P15692","INFLAMMATION","7422"
"OID20644",-0.115697255149222,2.62865613577023,-0.729621019282502,0.46606534649507,0.592006560125738,-6.94694125704065,"Down",FALSE,"PRDX5","P30044","INFLAMMATION","25824"
"OID21163",-0.0458446237915128,0.493004699738903,-0.726641752755168,0.467886815621276,0.593751973851754,-6.94910160182985,"Down",FALSE,"RABEPK","Q7Z6M1","ONCOLOGY","10244"
"OID20790",-0.0481110004203444,0.225593472584856,-0.726015086898356,0.468270451036338,0.593751973851754,-6.94955489168832,"Down",FALSE,"SESTD1","Q86VW0","NEUROLOGY","91404"
"OID20834",-0.059807864649012,2.87765822454308,-0.710668679062747,0.477719500119817,0.605042475631925,-6.96053395817941,"Down",FALSE,"NOS3","P29474","NEUROLOGY","4846"
"OID20215",-0.0892032870954177,4.26279164490862,-0.710180986767982,0.478021661993313,0.605042475631925,-6.9608788287101,"Down",FALSE,"DDC","P20711","CARDIOMETABOLIC","1644"
"OID21177",0.0422970407734346,0.449011227154047,0.703446008202468,0.48220278739886,0.609794498400859,-6.96561999994298,"Up",FALSE,"RARRES1","P49788","ONCOLOGY","5918"
"OID20458",0.0598734468263986,0.653365796344648,0.702217884018373,0.482967430971699,0.609845048033997,-6.96647961811468,"Up",FALSE,"CXCL14","O95715","INFLAMMATION","9547"
"OID20711",0.139583791509034,4.0991362924282,0.702011011697586,0.483096287175987,0.609845048033997,-6.96662428075415,"Up",FALSE,"MGLL","Q99685","INFLAMMATION","11343"
"OID21272",-0.0320826397646066,0.206907571801567,-0.699139351426952,0.484886577267192,0.61130201835395,-6.96862837865053,"Down",FALSE,"FLT3","P36888","ONCOLOGY","2322"
"OID20365",0.0448886212694413,1.53442245430809,0.698787922486405,0.485106010366255,0.61130201835395,-6.96887296949355,"Up",FALSE,"CTSZ","Q9UBR2","CARDIOMETABOLIC","1522"
"OID21456",0.0656293274485074,4.42396997389034,0.697470186872584,0.485929302806494,0.611799976837427,-6.96978899053048,"Up",FALSE,"CRISP2","P16562","ONCOLOGY","7180"
"OID21285",0.0770613829340051,0.942127676240209,0.693334025440976,0.488517832789416,0.613679951317703,-6.97265367431034,"Up",FALSE,"TACC3","Q9Y6A5","ONCOLOGY","10460"
"OID20537",0.0658598108448939,3.4367817232376,0.693257443034506,0.488565802549739,0.613679951317703,-6.97270658613685,"Up",FALSE,"SIGLEC10","Q96LC7","INFLAMMATION","89790"
"OID21338",0.0492013451029834,3.72426840731071,0.693025497598114,0.488710835968892,0.613679951317703,-6.97286710690567,"Up",FALSE,"ERP44","Q9BS26","ONCOLOGY","23071"
"OID20965",-0.115837112232029,3.10966527415144,-0.692069705796655,0.489310543093343,0.613893561089014,-6.97352597094076,"Down",FALSE,"LAIR2","Q6ISS4","NEUROLOGY","3904"
"OID20471",0.0527288776796977,0.979505744125326,0.690366568527069,0.490379484111064,0.61469498490764,-6.97469851198529,"Up",FALSE,"GALNT3","Q14435","INFLAMMATION","2591"
"OID20447",-0.071508058007565,0.85568955613577,-0.687775055683264,0.492008412161402,0.615795077901097,-6.97647713476654,"Down",FALSE,"RABGAP1L","Q5R372","INFLAMMATION","9910"
"OID21212",0.0465271963009671,0.961208093994778,0.687599307431759,0.49211894958926,0.615795077901097,-6.97659755509989,"Up",FALSE,"NFKBIE","O00221","ONCOLOGY","4794"
"OID21067",-0.0564629508196721,0.540336031331593,-0.686438307434988,0.492849780093475,0.615970366659343,-6.97739197127515,"Down",FALSE,"BIN2","Q9UBW5","NEUROLOGY","51411"
"OID21243",0.0716872005044149,0.857630026109661,0.686007448944075,0.493121133280818,0.615970366659343,-6.97768646152202,"Up",FALSE,"AGR3","Q8TD06","ONCOLOGY","155465"
"OID20594",0.163426439680535,4.28233864229765,0.67892810734735,0.497591161259633,0.620777043277111,-6.98249875264211,"Up",FALSE,"BANK1","Q8NDB2","INFLAMMATION","55024"
"OID20168",0.0639930180748217,0.719084856396867,0.67853818580063,0.497837992719082,0.620777043277111,-6.98276236085407,"Up",FALSE,"MEP1B","Q16820","CARDIOMETABOLIC","4225"
"OID20337",0.0457325935266921,2.82336762402089,0.677574686987341,0.49844782762157,0.620995593436115,-6.98341350268638,"Up",FALSE,"PRCP","P42785","CARDIOMETABOLIC","5547"
"OID20059",-0.0387448045397216,0.0138650130548303,-0.674828997253046,0.500189282384023,0.622588974638267,-6.98526242032164,"Down",FALSE,"DUOX2","Q9NRD8","CARDIOMETABOLIC","50506"
"OID20190",-0.0410015973097936,2.52670757180157,-0.674184327319682,0.5005981328617,0.622588974638267,-6.98569600847597,"Down",FALSE,"SIGLEC7","Q9Y286","CARDIOMETABOLIC","27036"
"OID21273",-0.0434261790668344,1.67434856396867,-0.672908242151041,0.501408864190335,0.62305501471999,-6.98655203238717,"Down",FALSE,"PDCD1LG2","Q9BQ51","ONCOLOGY","80380"
"OID20786",0.0831728121059264,4.59304960835509,0.672221595113785,0.501845672423435,0.623056008595211,-6.9870116729798,"Up",FALSE,"AGRN","O00468","INFLAMMATION","375790"
"OID21314",0.0927632744850761,1.93008563968668,0.669665510568564,0.503472286831234,0.624532897466869,-6.98871993994388,"Up",FALSE,"INPPL1","O15357","ONCOLOGY","3636"
"OID21220",0.0614378226145427,0.957630809399478,0.667306463825041,0.50497598880412,0.625854889853501,-6.9902907624874,"Up",FALSE,"TBL1X","O60907","ONCOLOGY","6907"
"OID21210",-0.0366412316099206,0.0332530026109661,-0.665377915213356,0.506207010277826,0.62629421444763,-6.99157085927029,"Down",FALSE,"LSM1","O15116","ONCOLOGY","27257"
"OID21092",0.0400777763766294,2.79387597911227,0.663755695172128,0.507243381876213,0.627033557699921,-6.99264514547698,"Up",FALSE,"CNTN3","Q9P232","NEUROLOGY","5067"
"OID20956",-0.085366448087432,3.92505221932115,-0.660830418139386,0.509116127274306,0.628561361034874,-6.99457454754154,"Down",FALSE,"DNMBP","Q6XZF7","NEUROLOGY","23268"
"OID20503",-0.0315210172341322,0.243411227154047,-0.660450843908753,0.509359031545405,0.628561361034874,-6.99482468125696,"Down",FALSE,"FGF2","P09038","INFLAMMATION","2247"
"OID21144",0.106494808743169,4.39572323759791,0.659707255007854,0.509835978052758,0.628607085968413,-6.99531325804484,"Up",FALSE,"VSIG4","Q9Y279","NEUROLOGY","11326"
"OID20950",0.120472761664562,5.33222245430809,0.65237608098863,0.514547732727058,0.633869577643936,-7.00010421063548,"Up",FALSE,"RHOC","P08134","NEUROLOGY","389"
"OID21063",-0.065861584699453,4.5701681462141,-0.65122397426705,0.515290253793474,0.634158330311038,-7.00085226007489,"Down",FALSE,"MSR1","P21757","NEUROLOGY","4481"
"OID20844",0.0621287053383773,0.875869451697128,0.650635577355708,0.515669684969507,0.634158330311038,-7.00123379036556,"Up",FALSE,"TBC1D17","Q9HA65","NEUROLOGY","79735"
"OID21061",0.0901374947456902,3.61378563968668,0.649350716575774,0.516498740598636,0.634631728560147,-7.00206572792284,"Up",FALSE,"CLEC1B","Q9P126","NEUROLOGY","51266"
"OID21511",0.0892444976881038,2.44767963446475,0.644021882616441,0.519944556075812,0.63831681325802,-7.00549859175212,"Up",FALSE,"SPARC","P09486","ONCOLOGY","6678"
"OID20420",-0.0323440226986119,0.256339164490862,-0.64026330631138,0.522381912300792,0.640758585989556,-7.00790314611914,"Down",FALSE,"IL10RA","Q13651","INFLAMMATION","3587"
"OID20444",-0.0369359730979405,0.196375979112272,-0.63895863460895,0.523229618186887,0.641247962597823,-7.00873422167408,"Down",FALSE,"PRKAB1","Q9Y478","INFLAMMATION","5564"
"OID20351",0.0440271164354774,3.07808511749347,0.635726737060173,0.525331742956875,0.643272545574442,-7.01078657407385,"Up",FALSE,"SSC5D","A1L4H1","CARDIOMETABOLIC","284297"
"OID20515",0.0869746195880608,1.75991305483029,0.633818946267241,0.526575196286854,0.644222287867826,-7.01199261672036,"Up",FALSE,"FOXO1","Q12778","INFLAMMATION","2308"
"OID20827",-0.0653041950399324,0.557569712793734,-0.633153744212405,0.527008995463603,0.644222287867826,-7.01241241505491,"Down",FALSE,"DUSP3","P51452","NEUROLOGY","1845"
"OID21166",0.0410264775115596,1.50283916449086,0.630817157848491,0.528533965115028,0.64553421893109,-7.01388377611617,"Up",FALSE,"RAD23B","P54727","ONCOLOGY","5887"
"OID20263",-0.133922013451029,5.13940704960836,-0.628510274690493,0.530042239664473,0.64667194467617,-7.01533058101177,"Down",FALSE,"MB","P02144","CARDIOMETABOLIC","4151"
"OID20402",-0.0392550189155109,3.22282793733681,-0.627745832306407,0.5305420659643,0.64667194467617,-7.01580935402825,"Down",FALSE,"PROC","P04070","CARDIOMETABOLIC","5624"
"OID20637",0.0563290416141231,5.3607227154047,0.627316881942279,0.530823086847549,0.64667194467617,-7.01607726064455,"Up",FALSE,"CD22","P20273","INFLAMMATION","933"
"OID21476",-0.0928265069356859,2.0657088772846,-0.625862876329191,0.531775571178733,0.647280486554011,-7.01698473109996,"Down",FALSE,"ATOX1","O00244","ONCOLOGY","475"
"OID20666",0.0815466876839008,5.62000208877285,0.623028456171869,0.533634542443137,0.648990435022335,-7.01874801251906,"Up",FALSE,"IL12B","P29460","INFLAMMATION","3593"
"OID20968",0.0594497519966383,3.32322454308094,0.62142666788427,0.53468653245511,0.649716883399959,-7.01974095525591,"Up",FALSE,"FRZB","Q92765","NEUROLOGY","2487"
"OID21355",0.0568574443043291,1.23355248041775,0.619389403936441,0.536026060014358,0.65079119775745,-7.02100014166687,"Up",FALSE,"VPS37A","Q8NEZ2","ONCOLOGY","137492"
"OID20921",0.0742060487599828,1.8374,0.614201474159141,0.539444811992132,0.654385939165328,-7.02418807138272,"Up",FALSE,"ABHD14B","Q96IU4","NEUROLOGY","84836"
"OID21181",-0.0272709373686419,0.0283778067885118,-0.609483754526214,0.542562905357331,0.657610171124365,-7.02706414107537,"Down",FALSE,"MAGED1","Q9Y5V3","ONCOLOGY","9500"
"OID20373",-0.0475518411097096,2.5843592689295,-0.607120668553364,0.544128350851455,0.658414399335027,-7.02849619207456,"Down",FALSE,"RARRES2","Q99969","CARDIOMETABOLIC","5919"
"OID20992",0.0676386717108018,2.53082010443864,0.607091435700084,0.544147939548402,0.658414399335027,-7.02851364617908,"Up",FALSE,"FUT8","Q9BYC5","NEUROLOGY","2530"
"OID20967",0.0649917948717944,3.30988407310705,0.603617432234692,0.546453333442818,0.660644512258703,-7.03060886462895,"Up",FALSE,"TNFRSF10A","O00220","NEUROLOGY","8797"
"OID20583",-0.0648417738545609,0.993014882506527,-0.602783870887275,0.547007217349506,0.660755125606462,-7.03110981148536,"Down",FALSE,"ANXA11","P50995","INFLAMMATION","311"
"OID21207",-0.0274655317360234,-0.0626130548302872,-0.597453637837096,0.550555397981021,0.664479445705135,-7.03429704141451,"Down",FALSE,"FES","P07332","ONCOLOGY","2242"
"OID20449",0.0356241025641025,0.292004960835509,0.593803355124264,0.552992213916264,0.666183043331972,-7.03646302525275,"Up",FALSE,"IL22RA1","Q8N6P7","INFLAMMATION","58985"
"OID21263",-0.0860886666666663,0.863258994708995,-0.59331649799099,0.55332217298481,0.666183043331972,-7.03506399884672,"Down",FALSE,"GCG","P01275","ONCOLOGY","2641"
"OID20131",-0.0433746826397645,1.24341906005222,-0.593244847719953,0.553365481060218,0.666183043331972,-7.03679330640456,"Down",FALSE,"VSIR","Q9H7M9","CARDIOMETABOLIC","64115"
"OID20440",-0.0401753678015966,0.392865535248042,-0.583891122501188,0.559635349342381,0.673164069200558,-7.04227850789962,"Down",FALSE,"IL24","Q13007","INFLAMMATION","11009"
"OID21277",0.109998709541823,4.56342637075718,0.580589147070844,0.561856916910574,0.675267900979992,-7.04419407072249,"Up",FALSE,"STAT5B","P51692","ONCOLOGY","6777"
"OID21301",0.046379306431274,3.12266083550914,0.579396893527812,0.562659896023329,0.675664698670032,-7.04488329622282,"Up",FALSE,"FLT1","P17948","ONCOLOGY","2321"
"OID20328",-0.06350025220681,6.57747806788512,-0.576445077157054,0.564651086157404,0.677486483727061,-7.04658280916889,"Down",FALSE,"CCL15","Q16663","CARDIOMETABOLIC","6359"
"OID20980",-0.0681213787305575,3.73197754569191,-0.574972335995167,0.565645706524295,0.678110498844981,-7.04742761755132,"Down",FALSE,"OBP2B","Q9NPH6","NEUROLOGY","29989"
"OID21341",0.0252081799075241,0.389530809399478,0.570505079825364,0.568667540248952,0.68098579317187,-7.04997728782261,"Up",FALSE,"ATP6V1D","Q9Y5K8","ONCOLOGY","51382"
"OID21118",0.121557448507777,3.49446187989556,0.570018875750685,0.56899722676502,0.68098579317187,-7.0502532391619,"Up",FALSE,"TMSB10","P63313","NEUROLOGY","9168"
"OID20213",0.0402752080706174,4.2535498694517,0.569145176180427,0.569589057979478,0.68112365175956,-7.05074941352067,"Up",FALSE,"SORT1","Q99523","CARDIOMETABOLIC","6272"
"OID20913",-0.0621222404371584,1.13144595300261,-0.565173936119432,0.572284505675837,0.683774714557501,-7.05299334600582,"Down",FALSE,"NMNAT1","Q9HAN9","NEUROLOGY","64802"
"OID20459",-0.0732438713745277,2.07386109660574,-0.564437067649335,0.572785261403358,0.683801285334501,-7.05340804403282,"Down",FALSE,"MVK","Q03426","INFLAMMATION","4598"
"OID20382",0.0518754728877679,5.22709921671018,0.562660766251419,0.573993153727693,0.684100380764275,-7.05440559394953,"Up",FALSE,"FCN2","Q15485","CARDIOMETABOLIC","2220"
"OID20586",-0.0395341235813383,2.25390182767624,-0.562624282974521,0.574017806058652,0.684100380764275,-7.05442622717246,"Down",FALSE,"LTA","P01374","INFLAMMATION","4049"
"OID20057",0.0263039974779323,0.166535509138381,0.561486661601633,0.574792107530347,0.684100380764275,-7.05506334596714,"Up",FALSE,"MFAP3","P55082","CARDIOMETABOLIC","4238"
"OID21016",0.0834995628415286,3.12116109660574,0.561254114420428,0.574950704897057,0.684100380764275,-7.05519315452532,"Up",FALSE,"VTA1","Q9NP79","NEUROLOGY","51534"
"OID21432",-0.0567680748213537,3.87748407310705,-0.558987481862994,0.5764951177271,0.685367323820321,-7.0564582166865,"Down",FALSE,"ACP6","Q9NPH0","ONCOLOGY","51205"
"OID20760",0.10367250105086,2.6857180156658,0.553287177612198,0.580387784784723,0.689421566464978,-7.05961710416894,"Up",FALSE,"ATP5IF1","Q9UII2","INFLAMMATION","93974"
"OID20140",0.0381505548549808,0.370169451697128,0.550785199883309,0.582100249569772,0.690881442388043,-7.06099339500001,"Up",FALSE,"STK4","Q13043","CARDIOMETABOLIC","6789"
"OID20633",-0.0559359016393436,3.07300574412533,-0.548292076346338,0.583809007379918,0.692334499208218,-7.06235862045241,"Down",FALSE,"IL16","Q14005","INFLAMMATION","3603"
"OID21198",0.0583124884405205,0.891438120104439,0.546456042015734,0.585068901551029,0.693253283844461,-7.06336007223496,"Up",FALSE,"BGN","P21810","ONCOLOGY","633"
"OID20940",0.0508635561160158,1.75777415143603,0.541578287798977,0.58842218241453,0.696648963272877,-7.06600431725208,"Up",FALSE,"CDCP1","Q9H5V8","NEUROLOGY","64866"
"OID20930",-0.0494301849516607,0.209707049608355,-0.536357947610284,0.592020821757674,0.700329266797778,-7.06880805411833,"Down",FALSE,"CHMP1A","Q9HD42","NEUROLOGY","5119"
"OID21246",-0.0772407103825125,1.40977310704961,-0.535487821359835,0.592621627710849,0.700460137302567,-7.0692727444749,"Down",FALSE,"ATG4A","Q8WYN0","ONCOLOGY","115201"
"OID20431",-0.0820465405632609,0.235906266318538,-0.531647964865474,0.595276323119156,0.703016417964689,-7.07131441950868,"Down",FALSE,"IL10","P22301","INFLAMMATION","3586"
"OID20608",-0.0401214375788147,1.1898725848564,-0.53001430130105,0.59640741064033,0.703770594388961,-7.07217859958231,"Down",FALSE,"RAB6A","P20340","INFLAMMATION","5870"
"OID20775",0.19541102564102,4.48622349869452,0.526118878273546,0.599108412659627,0.706037040718639,-7.07422849577806,"Up",FALSE,"PNLIPRP2","P54317","INFLAMMATION","5408"
"OID21395",0.120068213535099,4.3217592689295,0.525819455033433,0.599316256397277,0.706037040718639,-7.07438543693547,"Up",FALSE,"HAO1","Q9UJM8","ONCOLOGY","54363"
"OID21018",-0.0562895922656571,6.16345613577024,-0.524977149793875,0.599901115839947,0.706143899946692,-7.07482644842783,"Down",FALSE,"CD8A","P01732","NEUROLOGY","925"
"OID21374",0.0507616687683908,5.92492506527415,0.523502433081778,0.600925661170705,0.706767711780195,-7.07559693306426,"Up",FALSE,"S100A12","P80511","ONCOLOGY","6283"
"OID20833",0.029773013871375,-0.508251958224543,0.522085928803048,0.601910621289073,0.707343978472109,-7.07633485388105,"Up",FALSE,"IVD","P26440","NEUROLOGY","3712"
"OID20310",0.0321547961328291,3.64576527415144,0.517771093129484,0.604914939513357,0.710290426100729,-7.07857082247269,"Up",FALSE,"PTPRF","P10586","CARDIOMETABOLIC","5792"
"OID21409",0.0384234468263975,3.05943420365535,0.515130531993119,0.60675707767281,0.711456700802321,-7.07992977862651,"Up",FALSE,"SLITRK2","Q9H156","ONCOLOGY","84631"
"OID20547",-0.0489427742749055,1.69733237597911,-0.514920514706539,0.606903931615136,0.711456700802321,-7.08003733311683,"Down",FALSE,"CLEC4C","Q8WTT0","INFLAMMATION","170482"
"OID21521",0.0832517234131971,2.00906501305483,0.514045717531086,0.607514815643307,0.711589075044496,-7.08048585444152,"Up",FALSE,"SRC","P12931","ONCOLOGY","6714"
"OID20774",-0.0401516729718365,3.68608825065274,-0.51054019176402,0.609965301166086,0.713770431265388,-7.08227578229028,"Down",FALSE,"DAG1","Q14118","INFLAMMATION","1605"
"OID20524",0.0907661076082376,1.82079007832898,0.509953512867278,0.610376114070192,0.713770431265388,-7.08257387351195,"Up",FALSE,"DAPP1","Q9UN19","INFLAMMATION","27071"
"OID20121",0.0515297898276601,3.03699060052219,0.50585700820246,0.613246417287068,0.716540580787589,-7.08464739421276,"Up",FALSE,"CCL27","Q9Y4X3","CARDIOMETABOLIC","10850"
"OID20613",-0.0507185498108446,6.02644516971279,-0.498857377059021,0.618164637125831,0.721192991103814,-7.08815174132108,"Down",FALSE,"CXCL6","P80162","INFLAMMATION","6372"
"OID21010",0.0509551240016825,2.64413681462141,0.498424970697443,0.618469037060252,0.721192991103814,-7.08836661843801,"Up",FALSE,"CD300C","Q08708","NEUROLOGY","10871"
"OID21036",-0.0511145229087856,1.35731958224543,-0.498037005144747,0.618742202304601,0.721192991103814,-7.08855925873707,"Down",FALSE,"ANXA3","P12429","NEUROLOGY","306"
"OID20470",-0.0223379192938203,-0.506569451697128,-0.495569994819517,0.620480373013015,0.722629546076282,-7.08978079996838,"Down",FALSE,"NFATC3","Q12968","INFLAMMATION","4775"
"OID20819",-0.028078541403951,0.100446214099217,-0.491335664382887,0.623468914076681,0.72551879333516,-7.09186309740835,"Down",FALSE,"PAK4","O96013","NEUROLOGY","10298"
"OID20394",-0.0412153047498943,5.19572584856397,-0.489993998944379,0.624416942245713,0.726030765231183,-7.0925193609268,"Down",FALSE,"ADA2","Q9NZK5","CARDIOMETABOLIC","51816"
"OID20124",-0.0229121899957968,0.143151436031332,-0.481473834565709,0.630453016610268,0.732354515564192,-7.09664397686968,"Down",FALSE,"ACOX1","Q15067","CARDIOMETABOLIC","51"
"OID20544",-0.0890783270281649,4.3333501305483,-0.480871843771454,0.630880621875102,0.732354515564192,-7.09693249080701,"Down",FALSE,"IKBKG","Q9Y6K9","INFLAMMATION","8517"
"OID20218",-0.103359903320724,3.85106553524804,-0.47898772422675,0.632219175027287,0.733312663241878,-7.09783370843592,"Down",FALSE,"SNAP23","O00161","CARDIOMETABOLIC","8773"
"OID20899",-0.0743903278688533,2.22200966057441,-0.475756227590664,0.634517775793721,0.735320216562039,-7.0993711793959,"Down",FALSE,"MAP4K5","Q9Y4K4","NEUROLOGY","11183"
"OID20776",-0.0393134426229502,6.08129295039164,-0.474948364264273,0.63509276174986,0.735320216562039,-7.09975412006633,"Down",FALSE,"OSCAR","Q8IYS5","INFLAMMATION","126014"
"OID20811",0.034726649852879,0.300144125326371,0.473686933226619,0.635991551027308,0.735320216562039,-7.10035024186618,"Up",FALSE,"ATP5PO","P48047","NEUROLOGY","539"
"OID21445",0.0649033333333335,2.81820208877285,0.473663499786576,0.636008248894808,0.735320216562039,-7.1003613047153,"Up",FALSE,"ARG1","P05089","ONCOLOGY","383"
"OID20120",0.0105834047919295,0.162704960835509,0.469777896343646,0.638779287577881,0.737903517621338,-7.1021883843343,"Up",FALSE,"TP53INP1","Q96A56","CARDIOMETABOLIC","94241"
"OID20097",-0.0577393610760827,2.37317597911227,-0.469083430872953,0.639275405748926,0.737903517621338,-7.10251304515335,"Down",FALSE,"GYS1","P13807","CARDIOMETABOLIC","2997"
"OID20588",0.0729287978142082,2.63975979112272,0.468156757338593,0.639937299318031,0.738071348446704,-7.10294586118838,"Up",FALSE,"MGMT","P16455","INFLAMMATION","4255"
"OID21307",-0.0752016225304747,3.38215718015666,-0.467055428228242,0.64072431806674,0.738383105255945,-7.10345914082029,"Down",FALSE,"MME","P08473","ONCOLOGY","4311"
"OID20859",0.0684298528793604,2.39923733681462,0.46530659342905,0.641974883065507,0.739228128848194,-7.10427171239111,"Up",FALSE,"CARHSP1","Q9Y2V2","NEUROLOGY","23589"
"OID20086",-0.0703751071878952,3.23994177545692,-0.462923761254328,0.643680451191939,0.74042489958596,-7.10537396125791,"Down",FALSE,"COMT","P21964","CARDIOMETABOLIC","1312"
"OID20658",-0.0533503572929797,4.0589634464752,-0.462407131742769,0.644050489982749,0.74042489958596,-7.1056121977223,"Down",FALSE,"AGRP","O00253","INFLAMMATION","181"
"OID20078",0.0463418158890293,0.383011749347259,0.461405494897647,0.644768170314124,0.740654112040903,-7.10607333150851,"Up",FALSE,"TSPAN1","O60635","CARDIOMETABOLIC","10103"
"OID20303",-0.029191517444304,4.39439451697128,-0.455755008256561,0.648822734251622,0.744713001803669,-7.1086562386426,"Down",FALSE,"TIE1","P35590","CARDIOMETABOLIC","7075"
"OID21448",0.053524161412358,3.54216214099217,0.453802001505721,0.650226929800696,0.745725748543495,-7.10954125865519,"Up",FALSE,"NUCB2","P80303","ONCOLOGY","4925"
"OID20135",0.0593494493484649,2.57026005221932,0.448275517804594,0.654206425753839,0.749688037211095,-7.11202574573904,"Up",FALSE,"SNX9","Q9Y5X1","CARDIOMETABOLIC","51429"
"OID20435",-0.015082501050862,-0.0298198433420366,-0.446813191598835,0.655260815403778,0.750294635586538,-7.11267829913086,"Down",FALSE,"ACTN4","O43707","INFLAMMATION","81"
"OID20867",-0.0428346279949566,0.681865796344648,-0.445903827319246,0.655917265434803,0.750375118350519,-7.1130826378604,"Down",FALSE,"PRTFDC1","Q9NRG1","NEUROLOGY","56952"
"OID20770",-0.0412273644388392,5.60487650130548,-0.445260865824048,0.656381314162456,0.750375118350519,-7.11336825917382,"Down",FALSE,"FST","P19883","INFLAMMATION","10468"
"OID20514",-0.0350804077343413,0.724331853785901,-0.443373377557414,0.657744627539184,0.751332592129092,-7.11420410194853,"Down",FALSE,"SH2D1A","O60880","INFLAMMATION","4068"
"OID20051",-0.0281825262715426,0.767132637075718,-0.437023370552911,0.662339276791856,0.755976698510833,-7.1169903021473,"Down",FALSE,"HNRNPK","P61978","CARDIOMETABOLIC","3190"
"OID21308",-0.037998415300546,1.28372349869452,-0.434455268020328,0.664201157757429,0.75731106360443,-7.11810566610033,"Down",FALSE,"NUDT2","P50583","ONCOLOGY","318"
"OID20761",-0.0827860865910057,3.02789425587467,-0.433738634386328,0.664721081780795,0.75731106360443,-7.1184157469226,"Down",FALSE,"SKAP2","O75563","INFLAMMATION","8935"
"OID20434",-0.0210083858764184,-0.223295300261097,-0.433218827248931,0.665098239904521,0.75731106360443,-7.11864040416987,"Down",FALSE,"LTO1","Q8WV07","INFLAMMATION","220064"
"OID20900",0.0717856368221941,0.9501545691906,0.430950334023107,0.666745557440122,0.758582326100266,-7.11961735317797,"Up",FALSE,"IL18RAP","O95256","NEUROLOGY","8807"
"OID21407",-0.0405953089533422,5.72853368146214,-0.428451642709205,0.668561781286696,0.760043584294899,-7.12068762171129,"Down",FALSE,"KLK14","Q9P0G3","ONCOLOGY","43847"
"OID21247",-0.050369714165615,1.62027937336815,-0.424377032120947,0.671527804841103,0.762221752960311,-7.12241945043261,"Down",FALSE,"GFAP","P14136","ONCOLOGY","2670"
"OID20729",-0.0814403110550662,2.36438903394256,-0.424140423610481,0.671700194293444,0.762221752960311,-7.12251951070923,"Down",FALSE,"PDLIM7","Q9NR12","INFLAMMATION","9260"
"OID20977",0.0631299201345086,3.9043911227154,0.423622010877497,0.672077962722178,0.762221752960311,-7.12273854935608,"Up",FALSE,"IPCEF1","Q8WWN9","NEUROLOGY","26034"
"OID20721",-0.0414203488860867,7.05568563968668,-0.422743052944936,0.672718602691939,0.76234328568341,-7.12310935635361,"Down",FALSE,"CKMT1A_CKMT1B","P12532","INFLAMMATION","1159"
"OID20162",-0.0728363303909204,4.04218563968668,-0.418403551261686,0.67588528209593,0.765324935114963,-7.12492853496384,"Down",FALSE,"EIF4EBP1","Q13541","CARDIOMETABOLIC","1978"
"OID20976",0.0431765910046226,4.56152062663185,0.414548011663996,0.678703594874392,0.767907709481795,-7.12652913521912,"Up",FALSE,"CX3CL1","P78423","NEUROLOGY","6376"
"OID20551",0.0699095460277406,2.71854516971279,0.410495306676811,0.681670900757775,0.770654839543402,-7.128195627946,"Up",FALSE,"GOPC","Q9HD26","INFLAMMATION","57120"
"OID20186",-0.0299917654476665,1.76538929503916,-0.406571745396479,0.684548284874184,0.773296046707675,-7.12979350391116,"Down",FALSE,"SEMA3F","Q13275","CARDIOMETABOLIC","6405"
"OID20685",0.0527669777217307,2.54081044386423,0.405113641414643,0.685618889549119,0.773488391336343,-7.13038331262038,"Up",FALSE,"PLA2G4A","P47712","INFLAMMATION","5321"
"OID21386",-0.0325464943253471,1.87317023498695,-0.404392004486486,0.686148902244836,0.773488391336343,-7.13067450325841,"Down",FALSE,"CBLN4","Q9NTU7","ONCOLOGY","140689"
"OID21501",0.0522538923917611,3.61380313315927,0.404128681831745,0.686342393432109,0.773488391336343,-7.13078058282833,"Up",FALSE,"CIAPIN1","Q6FI81","ONCOLOGY","57019"
"OID20063",0.0252679361076081,-0.29030365535248,0.402942259497814,0.687214265378248,0.773595657911655,-7.13125782742278,"Up",FALSE,"HEBP1","Q9NRV9","CARDIOMETABOLIC","50865"
"OID20441",0.0246621269440943,-0.0399963446475196,0.402525971821697,0.687520283798321,0.773595657911655,-7.13142494906558,"Up",FALSE,"CEP164","Q9UPV0","INFLAMMATION","22897"
"OID21336",-0.0467434636401851,3.31489660574413,-0.400774325043455,0.688808504439021,0.774435368090764,-7.13212626898687,"Down",FALSE,"UBAC1","Q9BSL1","ONCOLOGY","10422"
"OID20504",0.0310613913408994,1.81986762402089,0.390424779797031,0.696438267386941,0.782398022088002,-7.13620765378872,"Up",FALSE,"ITM2A","O43736","INFLAMMATION","9452"
"OID21516",0.0587696343001289,2.13977780678851,0.389519719409959,0.697107007410041,0.782534103369166,-7.13655946098394,"Up",FALSE,"PPY","P01298","ONCOLOGY","5539"
"OID21197",-0.0170957755359391,0.331812793733681,-0.376306667418312,0.70689594686268,0.792899770853037,-7.14160321690599,"Down",FALSE,"AKT3","Q9Y243","ONCOLOGY","10000"
"OID21168",0.0507618873476257,0.531391906005222,0.375322886403131,0.707626945780748,0.79309718080054,-7.14197164167127,"Up",FALSE,"GH2","P01242","ONCOLOGY","2689"
"OID21392",-0.0290071458596057,2.44807467362924,-0.372773312304384,0.709522100215108,0.7945980260246,-7.14292242959969,"Down",FALSE,"CPE","P16870","ONCOLOGY","1363"
"OID21297",-0.0753539302227834,2.82412819843342,-0.369696466612083,0.711811844166036,0.796538077770764,-7.14406101936717,"Down",FALSE,"COX5B","P10606","ONCOLOGY","1329"
"OID20488",0.0389107019756209,0.257581201044386,0.368421590278499,0.712761307532944,0.796976454197635,-7.14453006388562,"Up",FALSE,"IL1A","P01583","INFLAMMATION","3552"
"OID20881",-0.0393469272803701,1.20560731070496,-0.366175479275221,0.714435184165802,0.798223516945216,-7.14535249976973,"Down",FALSE,"KEL","P23276","NEUROLOGY","3792"
"OID21348",0.0700500588482533,3.5860365535248,0.360696978215218,0.718523720165094,0.802164371965562,-7.14733742795301,"Up",FALSE,"YES1","P07947","ONCOLOGY","7525"
"OID21509",-0.0335574779319034,4.40851514360313,-0.355609864182198,0.722327392317122,0.805781298689435,-7.14915380746041,"Down",FALSE,"P4HB","P07237","ONCOLOGY","5034"
"OID20707",0.0622799579655302,1.76923733681462,0.35472390299135,0.722990583063845,0.805891999374598,-7.14946747457243,"Up",FALSE,"MANF","P55145","INFLAMMATION","7873"
"OID20252",0.0426542959226547,4.3346046997389,0.347711751900736,0.728246608271889,0.811118007186695,-7.15192270658368,"Up",FALSE,"PLA2G1B","P04054","CARDIOMETABOLIC","5319"
"OID20163",0.0277941151744422,2.3864772845953,0.343875763927957,0.731127292519692,0.813692290506729,-7.15324516477767,"Up",FALSE,"PDCD6","O75340","CARDIOMETABOLIC","10016"
"OID21239",-0.0196241824295924,0.389704438642298,-0.340612209367332,0.733581204325689,0.815787969635339,-7.15435865597067,"Down",FALSE,"FLI1","Q01543","ONCOLOGY","2313"
"OID20558",-0.0478923034888626,2.28303942558747,-0.333803022528346,0.738709860536145,0.82085255886948,-7.15664774799103,"Down",FALSE,"BCR","P11274","INFLAMMATION","613"
"OID21200",0.0199628751576292,0.293151174934726,0.327391829189263,0.743549411938056,0.825588274793692,-7.15876084286573,"Up",FALSE,"CCT5","P48643","ONCOLOGY","22948"
"OID21475",0.0618949558638067,2.58381279373368,0.326517396109888,0.74421028006682,0.825680504825688,-7.159045877365,"Up",FALSE,"PPP1R12A","O14974","ONCOLOGY","4659"
"OID20910",-0.0476493989071049,1.82448798955614,-0.322171862191543,0.74749729033385,0.828683962674222,-7.16045106771027,"Down",FALSE,"CLPP","Q16740","NEUROLOGY","8192"
"OID20931",-0.0214846448087422,1.36457415143603,-0.319445098842067,0.749562136802743,0.830328909683038,-7.16132324678808,"Down",FALSE,"NAAA","Q02083","NEUROLOGY","27163"
"OID21176",0.0534011601513225,1.31553342036554,0.316782089806704,0.75158058081242,0.831919945763708,-7.16216778523614,"Up",FALSE,"PDP1","Q9P0J1","ONCOLOGY","54704"
"OID21465",0.0285043043295498,5.34195822454308,0.314845657068733,0.753049269731899,0.832377838058153,-7.16277754449601,"Up",FALSE,"HBEGF","Q99075","ONCOLOGY","1839"
"OID20403",0.0230803404791927,7.03713759791123,0.314700596128499,0.753159233456398,0.832377838058153,-7.1628231390587,"Up",FALSE,"ANG","P03950","CARDIOMETABOLIC","283"
"OID20839",-0.0411438377469521,1.11191096605744,-0.313802202017102,0.7538411524066,0.832487640486114,-7.16310449474758,"Down",FALSE,"PBLD","P30039","NEUROLOGY","64081"
"OID21240",0.0210596595208071,0.380013054830287,0.312976196608523,0.754468144077164,0.832536662460438,-7.16336257818894,"Up",FALSE,"STXBP3","O00186","ONCOLOGY","6814"
"OID21399",-0.0441496637242546,4.0764634464752,-0.309400466286864,0.757184224542601,0.834263454408785,-7.16447196459741,"Down",FALSE,"DCTN1","Q14203","ONCOLOGY","1639"
"OID20095",0.0548369104665831,3.54113446475196,0.309378880438175,0.757200630068715,0.834263454408785,-7.16447862301437,"Up",FALSE,"GPR37","O15354","CARDIOMETABOLIC","2861"
"OID20683",-0.0392375662042883,1.16368798955614,-0.307706118569434,0.758472284329506,0.83502071980498,-7.16499319454444,"Down",FALSE,"NCK2","O43639","INFLAMMATION","8440"
"OID21186",0.0131543127364438,0.303956135770235,0.306278270524748,0.759558120703767,0.835572405300757,-7.16543032539371,"Up",FALSE,"MZT1","Q08AG7","ONCOLOGY","440145"
"OID20587",0.0434637536780148,2.97501853785901,0.30409244066212,0.761221682893961,0.836758296042669,-7.166095308174,"Up",FALSE,"PIK3AP1","Q6ZUJ8","INFLAMMATION","118788"
"OID20254",-0.0396458890290035,4.76318590078329,-0.299196867334375,0.764951214233591,0.840211595034437,-7.16756762270198,"Down",FALSE,"LTBP2","Q14767","CARDIOMETABOLIC","4053"
"OID20112",0.0525901975619996,2.43546710182768,0.292422634163808,0.77012096090172,0.845240286581073,-7.16956554215696,"Up",FALSE,"ITGB1BP2","Q9UKP3","CARDIOMETABOLIC","26548"
"OID20619",0.0127174653215633,1.12113133159269,0.291018027212061,0.771194017605762,0.845768419922205,-7.16997418475847,"Up",FALSE,"IDS","P22304","INFLAMMATION","3423"
"OID20160",-0.0138233417402275,0.845503394255875,-0.28982595397199,0.772105206669788,0.846118359149638,-7.17031934952284,"Down",FALSE,"PLXNB3","Q9ULL4","CARDIOMETABOLIC","5365"
"OID21250",0.0522808743169376,2.68280026109661,0.288286062630816,0.773282846608523,0.846522626694279,-7.1707630485895,"Up",FALSE,"BAIAP2","Q9UQB8","ONCOLOGY","10458"
"OID20516",0.0084181294661623,-0.107620626631854,0.28764430643981,0.773773569654296,0.846522626694279,-7.17094740907953,"Up",FALSE,"VASH1","Q7L8A9","INFLAMMATION","22846"
"OID21235",0.0290110802858352,0.438528459530026,0.287020096383234,0.774251275779862,0.846522626694279,-7.17112612824122,"Up",FALSE,"NPTN","Q9Y639","ONCOLOGY","27020"
"OID21496",-0.0137142622950822,3.38862872062663,-0.285170800969709,0.775666412256376,0.847421485561438,-7.17165373940088,"Down",FALSE,"TEK","Q02763","ONCOLOGY","7010"
"OID20605",-0.0288721395544335,3.65703603133159,-0.28109954276014,0.778784995302923,0.850178577760028,-7.17280294343295,"Down",FALSE,"IL32","P24001","INFLAMMATION","9235"
"OID21002",0.0305828835645229,3.25798015665796,0.279314871276016,0.780153115739391,0.851021986558465,-7.17330154441867,"Up",FALSE,"PLA2G10","O15496","NEUROLOGY","8399"
"OID21087",0.0405336738125264,2.97620313315927,0.276459791933959,0.782343225899862,0.852760083761176,-7.17409259443367,"Up",FALSE,"PEBP1","P30086","NEUROLOGY","5037"
"OID21397",-0.0323313408995378,3.71530182767624,-0.273054526950541,0.784957644776028,0.854957678647061,-7.17502545965636,"Down",FALSE,"EPS8L2","Q9H6S3","ONCOLOGY","64787"
"OID20430",-0.0172978352248836,-0.0983378590078329,-0.269566724919605,0.787637959153538,0.857223643282868,-7.17596895494295,"Down",FALSE,"IL13","P35225","INFLAMMATION","3596"
"OID20127",0.0559164480874293,2.3436454308094,0.260755630167363,0.794420318137298,0.863947210516133,-7.17829846524975,"Up",FALSE,"CNST","Q6PJW8","CARDIOMETABOLIC","163882"
"OID21264",-0.0190326103404788,0.193651174934726,-0.258373901660227,0.796256364234555,0.865173137325689,-7.17891487027245,"Down",FALSE,"LYAR","Q9NX58","ONCOLOGY","55646"
"OID21119",0.0360789491382928,3.33675691906005,0.257722828236289,0.796758466564456,0.865173137325689,-7.17908238775792,"Up",FALSE,"CD177","Q8N6Q3","NEUROLOGY","57126"
"OID20814",0.0336465195460267,1.67242114882507,0.256032511183619,0.798062418604826,0.865931052533255,-7.17951532432951,"Up",FALSE,"SLC27A4","Q6P1M0","NEUROLOGY","10999"
"OID20920",-0.00446537200504413,0.0646671018276762,-0.254521695149791,0.799228238952342,0.86619583881214,-7.17989995842198,"Down",FALSE,"NGF","P01138","NEUROLOGY","4803"
"OID21332",0.0434760781841099,3.64317963446475,0.254145514533209,0.799518762346545,0.86619583881214,-7.17999527175682,"Up",FALSE,"SCAMP3","O14828","ONCOLOGY","10067"
"OID21512",0.0334797309794036,4.53056396866841,0.251439413345551,0.801608494488878,0.867801923200459,-7.18067735952489,"Up",FALSE,"TFPI2","P48307","ONCOLOGY","7980"
"OID20541",-0.0453460739806617,2.78776710182768,-0.246658199490438,0.805304166724688,0.871142811695367,-7.18186464967666,"Down",FALSE,"MLN","P12872","INFLAMMATION","4295"
"OID21192",0.025170870113493,1.70367545691906,0.243629261332358,0.807647672358022,0.872507141869277,-7.1826050176427,"Up",FALSE,"FEN1","P39748","ONCOLOGY","2237"
"OID20927",-0.0360837620849096,5.74708668407311,-0.243449863359233,0.807786528126699,0.872507141869277,-7.18264858130341,"Down",FALSE,"APRT","P07741","NEUROLOGY","353"
"OID20132",0.0169459310634722,1.48079608355091,0.240746720977861,0.809879484181682,0.874107086779172,-7.18330112905322,"Up",FALSE,"PCDH17","O14917","CARDIOMETABOLIC","27253"
"OID21211",0.0368150483396394,2.18463028720627,0.236261293312461,0.813355508236297,0.877196242467675,-7.18436780207522,"Up",FALSE,"RUVBL1","Q9Y265","ONCOLOGY","8607"
"OID20452",0.0172642917192099,0.453349608355091,0.233317335543045,0.815638944617152,0.878995514221652,-7.18505701269169,"Up",FALSE,"AOC1","P19801","INFLAMMATION","26"
"OID21040",0.0274079949558643,2.75740313315927,0.232352105844633,0.816387953747374,0.879139703018084,-7.18528110219431,"Up",FALSE,"CD74","P04233","NEUROLOGY","972"
"OID20450",-0.00889084068936507,-0.0614096605744125,-0.2242068122701,0.82271515885271,0.885286115964249,-7.18713519912496,"Down",FALSE,"IL2RB","P14784","INFLAMMATION","3560"
"OID21279",0.00701088272383322,0.193771540469974,0.223389174482218,0.823350937862506,0.885303604368338,-7.18731766512908,"Up",FALSE,"SEPTIN9","Q9UHD8","ONCOLOGY","10801"
"OID20484",0.0209566540563261,0.938514360313316,0.220131702039395,0.825885212597826,0.887360878798717,-7.18803790108467,"Up",FALSE,"ICA1","Q05084","INFLAMMATION","3382"
"OID21185",-0.0233762925598973,1.47014595300261,-0.218259421521206,0.827342581130066,0.887621551449315,-7.18844711722524,"Down",FALSE,"KIR3DL1","P43629","ONCOLOGY","3811"
"OID20528",-0.0113213997477929,0.733180417754569,-0.218223926288058,0.827370123534281,0.887621551449315,-7.18845488960422,"Down",FALSE,"ITGA6","P23229","INFLAMMATION","3655"
"OID21455",0.0387848928121065,4.75557075718016,0.214429282626191,0.830325786304115,0.890124192519565,-7.18927336741078,"Up",FALSE,"HDGF","P51858","ONCOLOGY","3068"
"OID20501",0.0165701008827234,0.944107049608355,0.212930151554019,0.831494095665122,0.89070844280769,-7.18959278269447,"Up",FALSE,"FABP9","Q0Z7S8","INFLAMMATION","646480"
"OID21464",0.0176496889449339,4.80064882506527,0.2097527124694,0.833971512902069,0.892693102574574,-7.1902624190491,"Up",FALSE,"WIF1","Q9Y5W5","ONCOLOGY","11197"
"OID21280",0.0259655359394689,2.7622044386423,0.206842482537777,0.836242180246406,0.894453649380324,-7.19086684233143,"Up",FALSE,"ABL1","P00519","ONCOLOGY","25"
"OID21030",-0.0285240058848251,3.57152480417755,-0.197977353653893,0.843167227839635,0.900676071640609,-7.19265610838878,"Down",FALSE,"CCL19","Q99731","NEUROLOGY","6363"
"OID20555",-0.0131530517023965,0.63841409921671,-0.197781688079013,0.843320212634804,0.900676071640609,-7.19269471622228,"Down",FALSE,"CASP2","P42575","INFLAMMATION","835"
"OID20671",-0.037203055905842,5.24392610966057,-0.196473219716888,0.844343415416966,0.901095400023035,-7.19295191614457,"Down",FALSE,"CCL20","P78556","INFLAMMATION","6364"
"OID20309",-0.0283236065573772,2.22144464751958,-0.194603157174192,0.845806233887481,0.901982916585978,-7.19331654322492,"Down",FALSE,"AZU1","P20160","CARDIOMETABOLIC","566"
"OID21088",0.0123132828919716,2.00094151436031,0.191069034604924,0.848572096664946,0.904257663038186,-7.19399615003765,"Up",FALSE,"SERPINB1","P30740","NEUROLOGY","1992"
"OID20582",-0.0276073392181601,1.45743812010444,-0.180884465038904,0.85655340391466,0.912082573915089,-7.19588482621053,"Down",FALSE,"AXIN1","O15169","INFLAMMATION","8312"
"OID21305",0.0116573686422863,2.27491148825065,0.178853820308762,0.858146440404677,0.912929337146087,-7.19624907828503,"Up",FALSE,"DPEP2","Q9H4A9","ONCOLOGY","64174"
"OID20559",0.03825636822194,3.2386498694517,0.178242386912632,0.858626332487293,0.912929337146087,-7.19635790287986,"Up",FALSE,"CLIP2","Q9UDT6","INFLAMMATION","7461"
"OID20706",-0.0147712862547296,3.34220234986945,-0.176686803379183,0.85984723109632,0.9131516021693,-7.19663320117441,"Down",FALSE,"NELL2","Q99435","INFLAMMATION","4753"
"OID20467",0.0164492980243803,0.626604438642298,0.175660193878736,0.86065322221946,0.9131516021693,-7.19681353201478,"Up",FALSE,"PADI2","Q9Y2J8","INFLAMMATION","11240"
"OID20579",0.0347240226986118,2.57625613577023,0.175533849388716,0.860752419959446,0.9131516021693,-7.19683565496503,"Up",FALSE,"DECR1","Q16698","INFLAMMATION","1666"
"OID20681",-0.0270566792770086,3.05711253263708,-0.173777175813208,0.862131877296762,0.913936537579431,-7.19714159994381,"Down",FALSE,"DBNL","Q9UJU6","INFLAMMATION","28988"
"OID21099",-0.0184911727616655,0.830559268929504,-0.171542867947864,0.863887014459038,0.915118268096342,-7.19752628521178,"Down",FALSE,"MESD","Q14696","NEUROLOGY","23184"
"OID21180",0.00882371164354752,0.383574151436031,0.162083693731329,0.871324907231671,0.921658916859539,-7.1990997624247,"Up",FALSE,"SMAD1","Q15797","ONCOLOGY","4086"
"OID20069",0.0101624968474153,0.71471592689295,0.162050009290379,0.871351432244393,0.921658916859539,-7.19910519929096,"Up",FALSE,"CNPY2","Q9Y2B0","CARDIOMETABOLIC","10330"
"OID20077",-0.0179161748633878,2.09049921671018,-0.159273037955114,0.873537246265762,0.923287518427348,-7.19955008906625,"Down",FALSE,"STK11","Q15831","CARDIOMETABOLIC","6794"
"OID20591",-0.0107061328289196,1.9761498694517,-0.157204091367902,0.875166311955542,0.924325690897612,-7.19987658018051,"Down",FALSE,"NTF3","P20783","INFLAMMATION","4908"
"OID20998",-0.0117860445565369,3.24649373368146,-0.152871205350323,0.878579831990181,0.927245627706033,-7.20054645067317,"Down",FALSE,"BCAN","Q96GW7","NEUROLOGY","63827"
"OID20271",-0.0295797898276577,6.21853916449086,-0.149068497376266,0.881577601809596,0.929172881425867,-7.20111890886691,"Down",FALSE,"CA3","P07451","CARDIOMETABOLIC","761"
"OID20508",0.0194387389659512,1.32131070496084,0.148905176910056,0.881706387133293,0.929172881425867,-7.20114317317393,"Up",FALSE,"SULT2A1","Q06520","INFLAMMATION","6822"
"OID20521",0.00855876839007979,0.607247780678851,0.140767855238851,0.888126913182274,0.935249343358489,-7.20231845509723,"Up",FALSE,"TBC1D5","Q92609","INFLAMMATION","9779"
"OID21253",0.0163532408575022,1.77129973890339,0.136288104772843,0.891664731810587,0.938283432810993,-7.20293728425679,"Up",FALSE,"MAP3K5","Q99683","ONCOLOGY","4217"
"OID21056",0.00881154686843199,7.0272772845953,0.1351522383885,0.892562037148009,0.938449865030182,-7.20309103703452,"Up",FALSE,"CTSS","P25774","NEUROLOGY","1520"
"OID21204",0.0218210592685984,2.36562323759791,0.134425503035258,0.893136330609551,0.938449865030182,-7.20318869502091,"Up",FALSE,"MAVS","Q7Z434","ONCOLOGY","57506"
"OID20823",0.0131215258511979,0.390430026109661,0.130657807513933,0.89611422446071,0.939518283862257,-7.20368667606778,"Up",FALSE,"IDI2","Q9BXS1","NEUROLOGY","91734"
"OID21268",0.00677541824295963,0.700967362924282,0.130643188783068,0.896125726992151,0.939518283862257,-7.20368859818687,"Up",FALSE,"ITGB1BP1","O14713","ONCOLOGY","9270"
"OID21111",0.0147001681378747,2.16794229765013,0.129349173507019,0.897148882676979,0.939518283862257,-7.20385632791734,"Up",FALSE,"FCRL5","Q96RD9","NEUROLOGY","83416"
"OID20682",-0.0224795964691047,6.24304464751958,-0.1291414297992,0.897313149330114,0.939518283862257,-7.20388310284157,"Down",FALSE,"PKLR","P30613","INFLAMMATION","5313"
"OID20192",-0.0249166918873489,2.4638590078329,-0.128980391677584,0.897440488083961,0.939518283862257,-7.20390382853564,"Down",FALSE,"GRAP2","O75791","CARDIOMETABOLIC","9402"
"OID20549",0.0140862084909622,1.17728798955614,0.126818058598405,0.899150579763541,0.940619457161127,-7.20417961725846,"Up",FALSE,"PSMG3","Q9BT73","INFLAMMATION","84262"
"OID20643",0.0284640184951631,4.34278511749347,0.122916705191834,0.902237168322033,0.9431579469877,-7.20466541015788,"Up",FALSE,"PPP1R9B","Q96SB3","INFLAMMATION","84687"
"OID20061",0.0110589491382928,0.115832375979112,0.121777386217481,0.903138832197433,0.943410373691617,-7.20480441386776,"Up",FALSE,"CTF1","Q16619","CARDIOMETABOLIC","1489"
"OID21209",0.00999490542244635,1.15805169712794,0.116055654646386,0.907668918140123,0.946959949176692,-7.20548292687214,"Up",FALSE,"FOPNL","Q96NB1","ONCOLOGY","123811"
"OID20056",-0.00677307271963013,0.161865274151436,-0.115811574607255,0.90786223259067,0.946959949176692,-7.20551114517873,"Down",FALSE,"TSLP","Q969D9","CARDIOMETABOLIC","85480"
"OID20805",-0.0078025556956706,0.106160835509138,-0.114818908209158,0.908648493149951,0.947088764924347,-7.20562529612135,"Down",FALSE,"SCARB1","Q8WTV0","NEUROLOGY","949"
"OID21249",0.0138696132828912,1.51769242819843,0.113281943217639,0.909866052885019,0.947666610475724,-7.20580009984633,"Up",FALSE,"CRACR2A","Q9BSW2","ONCOLOGY","84766"
"OID21447",0.011306506935688,3.61827310704961,0.107435568010654,0.914499377959972,0.951605152970022,-7.20644350451175,"Up",FALSE,"TACSTD2","P09758","ONCOLOGY","4070"
"OID20530",-0.0102281294661626,3.09052924281984,-0.106830158056218,0.91497934232387,0.951605152970022,-7.20650818358678,"Down",FALSE,"LSP1","P33241","INFLAMMATION","4046"
"OID20348",-0.00895456914669968,1.99254856396867,-0.105202087446547,0.916270216866063,0.95174367771479,-7.2066803061338,"Down",FALSE,"IL18BP","O95998","CARDIOMETABOLIC","10068"
"OID20878",-0.00891973938629703,0.095922454308094,-0.104982205085282,0.916444577001785,0.95174367771479,-7.20670334953755,"Down",FALSE,"S100A16","Q96FQ6","NEUROLOGY","140576"
"OID20058",-0.00614004203446829,0.116351436031332,-0.102993902685603,0.918021412360241,0.952688887627295,-7.20690953506146,"Down",FALSE,"TCL1B","O95988","CARDIOMETABOLIC","9623"
"OID20816",0.0166338881883156,2.02065143603133,0.100548392797093,0.919961282267206,0.95400919619727,-7.2071577265567,"Up",FALSE,"TDGF1","P13385","NEUROLOGY","6997"
"OID20875",0.0160978604455637,1.90299765013055,0.0936466646394366,0.925438533060216,0.95899322969039,-7.2078260087168,"Up",FALSE,"TDRKH","Q9Y2W6","NEUROLOGY","11022"
"OID20446",-0.00421207229928539,0.262648302872063,-0.0915797243605165,0.927079533126832,0.959997574520466,-7.20801691282396,"Down",FALSE,"ARTN","Q5T4W7","INFLAMMATION","9048"
"OID20812",-0.00835007145859562,0.343040208877285,-0.0846103360308978,0.932615141711624,0.963661925094992,-7.20862917252305,"Down",FALSE,"SIGLEC15","Q6ZMC9","NEUROLOGY","284266"
"OID20576",-0.0105888692728045,3.31902402088773,-0.0845871666689658,0.932633550029884,0.963661925094992,-7.20863112719758,"Down",FALSE,"IL4R","P24394","INFLAMMATION","3566"
"OID20080",0.00279707019756219,0.0923569190600522,0.0845773338625062,0.932641317289275,0.963661925094992,-7.20863196601007,"Up",FALSE,"MTPN","P58546","CARDIOMETABOLIC","136319"
"OID21281",-0.00854449348465835,0.922771279373368,-0.0833739248153522,0.933597534608912,0.963952945777554,-7.20873273396238,"Down",FALSE,"VPS53","Q5VIR6","ONCOLOGY","55275"
"OID21477",-0.00814619167717566,1.27378590078329,-0.0780136837428955,0.937857679457254,0.96765243606095,-7.20916407588092,"Down",FALSE,"TJAP1","Q5JTD0","ONCOLOGY","93643"
"OID21051",-0.00617969735182842,2.9701634464752,-0.0765625693608564,0.939011268019746,0.968087128240823,-7.20927592397206,"Down",FALSE,"BST1","Q10588","NEUROLOGY","683"
"OID20610",-0.00891684321143334,3.52550809399478,-0.075779459373573,0.939633902638223,0.968087128240823,-7.20933540516481,"Down",FALSE,"CCL3","P10147","INFLAMMATION","6348"
"OID21076",0.00465104245481328,0.0809563968668407,0.0742085879527497,0.940882936884775,0.968135600297327,-7.20945288557663,"Up",FALSE,"BCAM","P50895","NEUROLOGY","4059"
"OID21191",0.00600923076923029,1.86951618798956,0.0740161751115246,0.941035933389074,0.968135600297327,-7.20946710731248,"Up",FALSE,"LTBP3","Q9NS15","ONCOLOGY","4054"
"OID21326",0.00933207229928446,3.10622898172324,0.0713079673881938,0.943189665158858,0.968625122517832,-7.20966334669345,"Up",FALSE,"STX4","Q12846","ONCOLOGY","6810"
"OID20091",-0.00623018495166025,0.725009138381201,-0.071008897842858,0.943427528756927,0.968625122517832,-7.20968456923371,"Down",FALSE,"WASF1","Q92558","CARDIOMETABOLIC","8936"
"OID21222",0.00979327028163024,1.52567702349869,0.0708608801798166,0.943545255804634,0.968625122517832,-7.20969503985076,"Up",FALSE,"SH2B3","Q9UQQ2","ONCOLOGY","10019"
"OID20990",-0.00748862547288766,4.49797493472585,-0.0660247213569515,0.947392399979854,0.971876338529225,-7.21002512619178,"Down",FALSE,"ASGR1","P07306","NEUROLOGY","432"
"OID20138",0.0098351113913395,1.66623342036554,0.0629714300733924,0.949821920484061,0.973669673150448,-7.21022151413399,"Up",FALSE,"DOK2","O60496","CARDIOMETABOLIC","9046"
"OID20207",0.0103000252206797,4.40021775456919,0.0601921116002138,0.952033847140228,0.975237539471962,-7.21039219731513,"Up",FALSE,"CXCL5","P42830","CARDIOMETABOLIC","6374"
"OID20857",-0.00435851618327077,0.90055091383812,-0.0553144819240459,0.955916605890215,0.978469615504461,-7.21067311970809,"Down",FALSE,"CERT","Q9Y5P4","NEUROLOGY","10087"
"OID20627",-0.00961566204287632,4.51868877284595,-0.0545082852172322,0.956558469460974,0.978469615504461,-7.21071726704699,"Down",FALSE,"DNAJA2","O60884","INFLAMMATION","10294"
"OID20699",-0.00367616225304774,1.68469686684073,-0.0510242450577741,0.959332640991916,0.980605396264268,-7.21090060147144,"Down",FALSE,"CRLF1","O75462","INFLAMMATION","9244"
"OID21510",0.00261701555275305,4.04759686684073,0.0457990357373484,0.963494138835056,0.984155199710718,-7.21115286697684,"Up",FALSE,"ERBB4","Q15303","ONCOLOGY","2066"
"OID20943",0.00680134510298467,4.04480339425587,0.0435582408639446,0.965279111262689,0.984732366173764,-7.21125270414297,"Up",FALSE,"SCARB2","Q14108","NEUROLOGY","950"
"OID21241",-0.00333534258091686,0.736518276762402,-0.0428123388262491,0.965873313021108,0.984732366173764,-7.21128482743609,"Down",FALSE,"CEP85","Q6P2H3","ONCOLOGY","64793"
"OID20369",0.00333251786464966,2.11695639686684,0.0424945015798635,0.966126506211069,0.984732366173764,-7.21129834786826,"Up",FALSE,"TFRC","P02786","CARDIOMETABOLIC","7037"
"OID21179",-0.00435303068516213,3.07185143603133,-0.0396460481971757,0.96839585668331,0.985928465758104,-7.21141501162083,"Down",FALSE,"RNF41","Q9H4P4","ONCOLOGY","10193"
"OID20144",-0.00523938629676361,2.51126866840731,-0.038806630050126,0.969064664778442,0.985928465758104,-7.21144784827736,"Down",FALSE,"PLPBP","O94903","CARDIOMETABOLIC","11212"
"OID21086",-0.00401791088692754,0.83349138381201,-0.0379858834247323,0.969718617424416,0.985928465758104,-7.21147927512814,"Down",FALSE,"HARS","P12081","NEUROLOGY","3035"
"OID21294",0.00594298444724819,3.29211984334204,0.0375577182283488,0.970059778065706,0.985928465758104,-7.21149540318247,"Up",FALSE,"ADGRG1","Q9Y653","ONCOLOGY","9289"
"OID21357",-0.00583843631777843,4.2578044386423,-0.035588914112911,0.971628584635726,0.986309107042823,-7.21156721069353,"Down",FALSE,"AREG","P15514","ONCOLOGY","374"
"OID21290",0.0013729802437999,0.199544647519582,0.0342973448390996,0.97265779069768,0.986309107042823,-7.21161221951831,"Up",FALSE,"LPCAT2","Q7L5N7","ONCOLOGY","54947"
"OID20779",0.0084029087852017,3.81403263707572,0.0339862701803318,0.972905704621703,0.986309107042823,-7.21162280938663,"Up",FALSE,"MPIG6B","O95866","INFLAMMATION","80739"
"OID20725",0.00346515342580845,3.68956971279373,0.0336230856027952,0.973195130112233,0.986309107042823,-7.2116350529391,"Up",FALSE,"OMD","Q99983","INFLAMMATION","4958"
"OID20496",0.00460414459857204,0.45406135770235,0.0325686353071978,0.9740354522384,0.986461134832512,-7.21166985484991,"Up",FALSE,"SLAMF1","Q13291","INFLAMMATION","6504"
"OID21508",0.00503006725514643,3.13813002610966,0.029646434588128,0.976364387342147,0.987819750629775,-7.21176050720345,"Up",FALSE,"XPNPEP2","O43895","ONCOLOGY","7512"
"OID21255",-0.00316600252206875,2.10881723237598,-0.0291507137227601,0.97675948750166,0.987819750629775,-7.21177504059683,"Down",FALSE,"ARHGAP25","P42331","ONCOLOGY","9938"
"OID20545",-0.00355866330391055,1.93598146214099,-0.0256351755731466,0.979561605368181,0.989952994392596,-7.21187107663229,"Down",FALSE,"NFATC1","O95644","INFLAMMATION","4772"
"OID20655",-0.00226964270702021,6.21874386422976,-0.0216588170261337,0.98273133108845,0.991579797261191,-7.21196484695811,"Down",FALSE,"CCL13","Q99616","INFLAMMATION","6357"
"OID20464",-0.00173303068516166,1.43153785900783,-0.0215207309966799,0.982841410585137,0.991579797261191,-7.21196782000565,"Down",FALSE,"CXCL12","P48061","INFLAMMATION","6387"
"OID21221",0.000908327028163611,0.0545861618798956,0.0206264078219761,0.983554346914535,0.991579797261191,-7.21198661519893,"Up",FALSE,"PSMA1","P25786","ONCOLOGY","5682"
"OID21347",0.00408899117276144,4.8717908616188,0.0201339758037505,0.983946922684653,0.991579797261191,-7.2119966230197,"Up",FALSE,"PPME1","Q9Y570","ONCOLOGY","51400"
"OID21170",0.00150641866330363,0.69856501305483,0.0188868639728715,0.984941138507246,0.99188223180187,-7.21202088778676,"Up",FALSE,"STX16","O14662","ONCOLOGY","8675"
"OID20463",-0.0010131525851202,0.366820104438642,-0.0158882738656502,0.987331751597902,0.9930029117505,-7.21207288261705,"Down",FALSE,"FXYD5","Q96DB9","INFLAMMATION","53827"
"OID20747",0.00114662883564535,4.35377336814621,0.0149280849379079,0.98809727707568,0.9930029117505,-7.21208763693303,"Up",FALSE,"CRHBP","P24387","INFLAMMATION","1393"
"OID20959",-0.00237901218999706,3.06489138381201,-0.0148761915117368,0.98813865675942,0.9930029117505,-7.21208840789923,"Down",FALSE,"MITD1","Q8WV92","NEUROLOGY","129531"
"OID20841",0.000396401849517055,0.110287467362924,0.00582092589792785,0.995358612970601,0.998957946596282,-7.21218185922329,"Up",FALSE,"GHRHR","Q02643","NEUROLOGY","2692"
"OID21323",-0.00059728457335138,1.43841409921671,-0.00481373369793587,0.996161703218826,0.998957946596282,-7.2121872000743,"Down",FALSE,"ERBIN","Q96RT1","ONCOLOGY","55914"
"OID21140",0.000473984867588827,4.21935822454308,0.00195451647679347,0.998441534361564,0.999580415001277,-7.21219684942486,"Up",FALSE,"FYB1","O15117","NEUROLOGY","2533"
"OID21043",-0.00014795292139546,2.22926422976501,-0.000973771909337888,0.99922354668959,0.999580415001277,-7.2121982814291,"Down",FALSE,"FABP5","Q01469","NEUROLOGY","2171"
"OID21385",-8.00378310216254e-05,2.94586318537859,-0.000556712168234686,0.99955609619878,0.999580415001277,-7.21219859970346,"Down",FALSE,"HMBS","P08397","ONCOLOGY","3145"
"OID21238",-4.2076502733484e-05,0.715433159268929,-0.000526213275188542,0.999580415001277,0.999580415001277,-7.21219861617203,"Down",FALSE,"CDC27","P30260","ONCOLOGY","996"
