"feature","factor","value","view"
"OID20775","Factor1",0.0552068650722504,"Protein"
"OID20984","Factor1",0.198930770158768,"Protein"
"OID20083","Factor1",0.202598363161087,"Protein"
"OID21402","Factor1",0.278720170259476,"Protein"
"OID20911","Factor1",0.127937018871307,"Protein"
"OID20850","Factor1",0.277187764644623,"Protein"
"OID20101","Factor1",0.12960521876812,"Protein"
"OID21140","Factor1",0.262472569942474,"Protein"
"OID20563","Factor1",0.125710740685463,"Protein"
"OID20125","Factor1",0.297528952360153,"Protein"
"OID21485","Factor1",0.108201310038567,"Protein"
"OID21276","Factor1",0.130137071013451,"Protein"
"OID20594","Factor1",0.246801540255547,"Protein"
"OID20779","Factor1",0.256292074918747,"Protein"
"OID20983","Factor1",0.29395654797554,"Protein"
"OID20643","Factor1",0.275894612073898,"Protein"
"OID20049","Factor1",0.208896964788437,"Protein"
"OID20312","Factor1",0.0823962688446045,"Protein"
"OID20246","Factor1",0.230852693319321,"Protein"
"OID20495","Factor1",-0.0270837545394897,"Protein"
"OID21031","Factor1",0.288488864898682,"Protein"
"OID20778","Factor1",0.366394847631454,"Protein"
"OID20127","Factor1",0.253399550914764,"Protein"
"OID20274","Factor1",0.142937123775482,"Protein"
"OID21373","Factor1",0.177394032478333,"Protein"
"OID20559","Factor1",0.260397642850876,"Protein"
"OID20218","Factor1",0.260491579771042,"Protein"
"OID20263","Factor1",0.308793812990189,"Protein"
"OID21489","Factor1",0.309420019388199,"Protein"
"OID20219","Factor1",0.0403165705502033,"Protein"
"OID20192","Factor1",0.282720774412155,"Protein"
"OID20896","Factor1",0.176927492022514,"Protein"
"OID20399","Factor1",0.246029809117317,"Protein"
"OID21297","Factor1",0.290243625640869,"Protein"
"OID21348","Factor1",0.298616617918015,"Protein"
"OID20593","Factor1",0.109336875379086,"Protein"
"OID21395","Factor1",0.10350327193737,"Protein"
"OID21507","Factor1",0.217474102973938,"Protein"
"OID20729","Factor1",0.314046531915665,"Protein"
"OID20220","Factor1",0.0831094309687614,"Protein"
"OID21411","Factor1",0.365883201360703,"Protein"
"OID21387","Factor1",0.308988183736801,"Protein"
"OID20266","Factor1",0.321230500936508,"Protein"
"OID21461","Factor1",0.218113273382187,"Protein"
"OID21475","Factor1",0.273662656545639,"Protein"
"OID20671","Factor1",0.192058607935905,"Protein"
"OID20950","Factor1",0.32081264257431,"Protein"
"OID20206","Factor1",0.30970510840416,"Protein"
"OID21250","Factor1",0.0869173780083656,"Protein"
"OID20579","Factor1",0.284394174814224,"Protein"
"OID20761","Factor1",0.292450547218323,"Protein"
"OID20711","Factor1",0.272374719381332,"Protein"
"OID20707","Factor1",0.283470749855042,"Protein"
"OID20760","Factor1",0.361884504556656,"Protein"
"OID20672","Factor1",0.217309668660164,"Protein"
"OID21277","Factor1",0.353859812021255,"Protein"
"OID20169","Factor1",0.210124373435974,"Protein"
"OID20524","Factor1",0.245811477303505,"Protein"
"OID20523","Factor1",0.0812292918562889,"Protein"
"OID20544","Factor1",0.29932102560997,"Protein"
"OID21047","Factor1",0.260793536901474,"Protein"
"OID20258","Factor1",0.354647934436798,"Protein"
"OID20112","Factor1",0.27724215388298,"Protein"
"OID20993","Factor1",0.344217240810394,"Protein"
"OID20656","Factor1",0.219927445054054,"Protein"
"OID20863","Factor1",0.329711824655533,"Protein"
"OID20640","Factor1",0.269224643707275,"Protein"
"OID20596","Factor1",0.197294369339943,"Protein"
"OID20625","Factor1",0.410144090652466,"Protein"
"OID21097","Factor1",0.35721629858017,"Protein"
"OID20166","Factor1",0.0735575780272484,"Protein"
"OID21306","Factor1",0.300190269947052,"Protein"
"OID21176","Factor1",0.252496600151062,"Protein"
"OID21118","Factor1",0.461840629577637,"Protein"
"OID21332","Factor1",0.387005686759949,"Protein"
"OID20551","Factor1",0.297059297561646,"Protein"
"OID20856","Factor1",0.448478132486343,"Protein"
"OID20918","Factor1",0.327792078256607,"Protein"
"OID21420","Factor1",0.369131147861481,"Protein"
"OID20875","Factor1",0.300856709480286,"Protein"
"OID21378","Factor1",0.15252685546875,"Protein"
"OID21506","Factor1",0.336289376020432,"Protein"
"OID21459","Factor1",0.0876154825091362,"Protein"
"OID20075","Factor1",0.278077870607376,"Protein"
"OID21505","Factor1",0.380357027053833,"Protein"
"OID20698","Factor1",0.205174639821053,"Protein"
"OID20271","Factor1",0.305872976779938,"Protein"
"OID20717","Factor1",0.275918692350388,"Protein"
"OID20050","Factor1",0.219097569584846,"Protein"
"OID20090","Factor1",0.145175442099571,"Protein"
"OID20627","Factor1",0.357868134975433,"Protein"
"OID20908","Factor1",0.316116333007812,"Protein"
"OID20741","Factor1",0.111980818212032,"Protein"
"OID20519","Factor1",0.322604328393936,"Protein"
"OID20138","Factor1",0.293582230806351,"Protein"
"OID20095","Factor1",0.391476035118103,"Protein"
"OID20689","Factor1",0.211168572306633,"Protein"
"OID20203","Factor1",0.214237213134766,"Protein"
"OID20541","Factor1",0.252634078264236,"Protein"
"OID20742","Factor1",0.368921518325806,"Protein"
"OID20554","Factor1",0.302778691053391,"Protein"
"OID21319","Factor1",0.316224277019501,"Protein"
"OID20415","Factor1",0.370457947254181,"Protein"
"OID21521","Factor1",0.262776225805283,"Protein"
"OID20925","Factor1",0.140702351927757,"Protein"
"OID21204","Factor1",0.291275590658188,"Protein"
"OID20938","Factor1",0.306959837675095,"Protein"
"OID20577","Factor1",0.338097810745239,"Protein"
"OID21029","Factor1",0.231284365057945,"Protein"
"OID20364","Factor1",0.337735623121262,"Protein"
"OID21408","Factor1",0.365197718143463,"Protein"
"OID20788","Factor1",0.21750196814537,"Protein"
"OID21469","Factor1",0.331970810890198,"Protein"
"OID20899","Factor1",0.334507703781128,"Protein"
"OID20952","Factor1",0.335360318422318,"Protein"
"OID21078","Factor1",0.142855674028397,"Protein"
"OID20187","Factor1",0.0360571704804897,"Protein"
"OID20475","Factor1",0.27255180478096,"Protein"
"OID20616","Factor1",0.234158053994179,"Protein"
"OID21069","Factor1",0.133825987577438,"Protein"
"OID20772","Factor1",0.0876138508319855,"Protein"
"OID20684","Factor1",0.199904575943947,"Protein"
"OID20230","Factor1",0.342592775821686,"Protein"
"OID21451","Factor1",0.400525629520416,"Protein"
"OID20916","Factor1",0.151407048106194,"Protein"
"OID21158","Factor1",0.43956446647644,"Protein"
"OID20182","Factor1",-0.0823186263442039,"Protein"
"OID21307","Factor1",0.161443188786507,"Protein"
"OID20412","Factor1",0.146142885088921,"Protein"
"OID21226","Factor1",0.268708884716034,"Protein"
"OID21391","Factor1",0.235830083489418,"Protein"
"OID20615","Factor1",0.307293891906738,"Protein"
"OID21224","Factor1",0.361816644668579,"Protein"
"OID20158","Factor1",0.308470964431763,"Protein"
"OID20582","Factor1",0.281327486038208,"Protein"
"OID20816","Factor1",0.180271297693253,"Protein"
"OID20937","Factor1",0.380515664815903,"Protein"
"OID21376","Factor1",0.0269029084593058,"Protein"
"OID20681","Factor1",0.343346476554871,"Protein"
"OID20251","Factor1",0.347758412361145,"Protein"
"OID21350","Factor1",0.28059458732605,"Protein"
"OID21263","Factor1",0.205233246088028,"Protein"
"OID21149","Factor1",0.119626939296722,"Protein"
"OID20207","Factor1",0.142787739634514,"Protein"
"OID21282","Factor1",0.151119753718376,"Protein"
"OID21269","Factor1",0.189324095845222,"Protein"
"OID21309","Factor1",0.297675222158432,"Protein"
"OID20959","Factor1",0.283451467752457,"Protein"
"OID21508","Factor1",-0.0381943993270397,"Protein"
"OID21292","Factor1",0.316477745771408,"Protein"
"OID20697","Factor1",0.105286702513695,"Protein"
"OID20588","Factor1",0.334868878126144,"Protein"
"OID21422","Factor1",0.287928849458694,"Protein"
"OID20910","Factor1",0.310042798519135,"Protein"
"OID20175","Factor1",0.26525092124939,"Protein"
"OID21383","Factor1",0.126853793859482,"Protein"
"OID21082","Factor1",0.226979658007622,"Protein"
"OID20965","Factor1",0.273362278938293,"Protein"
"OID20225","Factor1",0.301116794347763,"Protein"
"OID20245","Factor1",0.341020703315735,"Protein"
"OID21033","Factor1",0.179994821548462,"Protein"
"OID20558","Factor1",0.293881475925446,"Protein"
"OID20871","Factor1",0.334943473339081,"Protein"
"OID21144","Factor1",0.357388973236084,"Protein"
"OID20322","Factor1",0.31003749370575,"Protein"
"OID21347","Factor1",0.244784399867058,"Protein"
"OID21296","Factor1",0.252206236124039,"Protein"
"OID20971","Factor1",0.379273623228073,"Protein"
"OID21294","Factor1",0.175474360585213,"Protein"
"OID20737","Factor1",0.376949280500412,"Protein"
"OID20847","Factor1",0.203058317303658,"Protein"
"OID21003","Factor1",0.0866477563977242,"Protein"
"OID20553","Factor1",0.326893866062164,"Protein"
"OID20977","Factor1",0.263592213392258,"Protein"
"OID21154","Factor1",0.394001364707947,"Protein"
"OID21512","Factor1",0.217146679759026,"Protein"
"OID20704","Factor1",0.172626361250877,"Protein"
"OID20644","Factor1",0.371476620435715,"Protein"
"OID20964","Factor1",0.312762498855591,"Protein"
"OID20117","Factor1",0.0676958188414574,"Protein"
"OID21019","Factor1",0.134109795093536,"Protein"
"OID20688","Factor1",0.366449356079102,"Protein"
"OID20700","Factor1",0.178395912051201,"Protein"
"OID21287","Factor1",0.291750848293304,"Protein"
"OID20548","Factor1",0.236482217907906,"Protein"
"OID21061","Factor1",0.309590250253677,"Protein"
"OID20477","Factor1",0.265756100416183,"Protein"
"OID20787","Factor1",0.378539443016052,"Protein"
"OID20292","Factor1",0.423806488513947,"Protein"
"OID20431","Factor1",0.00667440891265869,"Protein"
"OID20714","Factor1",0.211670160293579,"Protein"
"OID20110","Factor1",0.309221237897873,"Protein"
"OID20740","Factor1",0.106334693729877,"Protein"
"OID21123","Factor1",0.429316103458405,"Protein"
"OID20105","Factor1",0.216406375169754,"Protein"
"OID20326","Factor1",0.341526806354523,"Protein"
"OID21314","Factor1",0.31659784913063,"Protein"
"OID20795","Factor1",0.135259062051773,"Protein"
"OID21320","Factor1",0.29047480225563,"Protein"
"OID20325","Factor1",0.357127130031586,"Protein"
"OID20511","Factor1",0.0926016718149185,"Protein"
"OID20903","Factor1",0.329376339912415,"Protein"
"OID21511","Factor1",0.164722427725792,"Protein"
"OID21222","Factor1",0.244265496730804,"Protein"
"OID20086","Factor1",0.384225219488144,"Protein"
"OID20515","Factor1",0.282129526138306,"Protein"
"OID20214","Factor1",0.0964891836047173,"Protein"
"OID20305","Factor1",0.327609688043594,"Protein"
"OID21356","Factor1",0.313254237174988,"Protein"
"OID20981","Factor1",0.362548887729645,"Protein"
"OID21363","Factor1",0.347705334424973,"Protein"
"OID21455","Factor1",0.359505951404572,"Protein"
"OID20334","Factor1",0.206857815384865,"Protein"
"OID20139","Factor1",0.119417786598206,"Protein"
"OID21156","Factor1",0.260059297084808,"Protein"
"OID20227","Factor1",0.12734392285347,"Protein"
"OID20814","Factor1",0.294010281562805,"Protein"
"OID20745","Factor1",0.14261956512928,"Protein"
"OID20683","Factor1",0.272740036249161,"Protein"
"OID21211","Factor1",0.118279732763767,"Protein"
"OID20723","Factor1",0.255933463573456,"Protein"
"OID20900","Factor1",-0.0131567567586899,"Protein"
"OID21453","Factor1",0.115307055413723,"Protein"
"OID20177","Factor1",0.335506409406662,"Protein"
"OID20526","Factor1",0.292845726013184,"Protein"
"OID20146","Factor1",0.373748570680618,"Protein"
"OID21357","Factor1",0.250462919473648,"Protein"
"OID20545","Factor1",0.29504132270813,"Protein"
"OID20685","Factor1",0.304456740617752,"Protein"
"OID20200","Factor1",0.168899685144424,"Protein"
"OID21467","Factor1",0.34073531627655,"Protein"
"OID21000","Factor1",0.356134057044983,"Protein"
"OID20244","Factor1",0.117367930710316,"Protein"
"OID20250","Factor1",0.20596906542778,"Protein"
"OID20280","Factor1",0.237901225686073,"Protein"
"OID21450","Factor1",0.226590275764465,"Protein"
"OID20409","Factor1",0.0684174597263336,"Protein"
"OID21417","Factor1",0.305312842130661,"Protein"
"OID20943","Factor1",0.440513342618942,"Protein"
"OID20724","Factor1",0.445237696170807,"Protein"
"OID20201","Factor1",0.198505774140358,"Protein"
"OID21205","Factor1",0.288674205541611,"Protein"
"OID20987","Factor1",0.0891106650233269,"Protein"
"OID20646","Factor1",0.431002497673035,"Protein"
"OID21323","Factor1",0.317163616418839,"Protein"
"OID20997","Factor1",0.159505680203438,"Protein"
"OID21030","Factor1",0.188479259610176,"Protein"
"OID21462","Factor1",0.309996336698532,"Protein"
"OID20483","Factor1",0.327133476734161,"Protein"
"OID20149","Factor1",0.0422881953418255,"Protein"
"OID21499","Factor1",0.13060462474823,"Protein"
"OID20682","Factor1",0.1414415538311,"Protein"
"OID20868","Factor1",0.308966010808945,"Protein"
"OID20574","Factor1",0.107002884149551,"Protein"
"OID21151","Factor1",0.442636162042618,"Protein"
"OID20472","Factor1",0.0183329377323389,"Protein"
"OID20675","Factor1",0.234474763274193,"Protein"
"OID20436","Factor1",0.212235927581787,"Protein"
"OID20184","Factor1",0.299674481153488,"Protein"
"OID21060","Factor1",0.193507060408592,"Protein"
"OID21367","Factor1",0.333209991455078,"Protein"
"OID20178","Factor1",0.0869125500321388,"Protein"
"OID21375","Factor1",0.378646492958069,"Protein"
"OID21430","Factor1",0.156528532505035,"Protein"
"OID21312","Factor1",0.190665811300278,"Protein"
"OID21380","Factor1",0.230219766497612,"Protein"
"OID20421","Factor1",0.112646773457527,"Protein"
"OID21326","Factor1",0.354153007268906,"Protein"
"OID20631","Factor1",0.157990202307701,"Protein"
"OID20097","Factor1",0.26690211892128,"Protein"
"OID20758","Factor1",0.255424857139587,"Protein"
"OID21482","Factor1",0.415623545646667,"Protein"
"OID20371","Factor1",0.363308161497116,"Protein"
"OID21415","Factor1",0.365989297628403,"Protein"
"OID21527","Factor1",0.421739161014557,"Protein"
"OID20233","Factor1",0.466336727142334,"Protein"
"OID21016","Factor1",0.354997158050537,"Protein"
"OID21284","Factor1",0.218870088458061,"Protein"
"OID21143","Factor1",0.496857523918152,"Protein"
"OID21022","Factor1",0.335033118724823,"Protein"
"OID20865","Factor1",0.273497998714447,"Protein"
"OID21311","Factor1",0.255795747041702,"Protein"
"OID20342","Factor1",0.168573498725891,"Protein"
"OID20309","Factor1",0.18179102241993,"Protein"
"OID20546","Factor1",0.153353646397591,"Protein"
"OID21099","Factor1",0.300592750310898,"Protein"
"OID20135","Factor1",0.401704788208008,"Protein"
"OID21476","Factor1",0.482691913843155,"Protein"
"OID20359","Factor1",0.237591043114662,"Protein"
"OID20601","Factor1",0.198161080479622,"Protein"
"OID21104","Factor1",0.28492084145546,"Protein"
"OID20756","Factor1",0.231993243098259,"Protein"
"OID21439","Factor1",0.24134536087513,"Protein"
"OID21399","Factor1",0.334364354610443,"Protein"
"OID21043","Factor1",0.427328497171402,"Protein"
"OID20609","Factor1",0.332931011915207,"Protein"
"OID20289","Factor1",0.226016744971275,"Protein"
"OID21101","Factor1",0.421947121620178,"Protein"
"OID21014","Factor1",0.253880321979523,"Protein"
"OID21249","Factor1",0.344685614109039,"Protein"
"OID21446","Factor1",0.442411661148071,"Protein"
"OID20970","Factor1",0.43912062048912,"Protein"
"OID20956","Factor1",0.430092364549637,"Protein"
"OID20635","Factor1",0.412463217973709,"Protein"
"OID20648","Factor1",0.383874922990799,"Protein"
"OID20331","Factor1",0.290693700313568,"Protein"
"OID21437","Factor1",0.392836183309555,"Protein"
"OID21442","Factor1",0.410696268081665,"Protein"
"OID21369","Factor1",0.379090249538422,"Protein"
"OID20576","Factor1",0.334146797657013,"Protein"
"OID20636","Factor1",0.389815390110016,"Protein"
"OID20162","Factor1",0.357225805521011,"Protein"
"OID21381","Factor1",0.32506188750267,"Protein"
"OID20153","Factor1",0.157710283994675,"Protein"
"OID20732","Factor1",0.328886300325394,"Protein"
"OID21024","Factor1",0.227114856243134,"Protein"
"OID21434","Factor1",0.249941691756248,"Protein"
"OID20507","Factor1",0.33320564031601,"Protein"
"OID20137","Factor1",0.0756178051233292,"Protein"
"OID21042","Factor1",0.170831397175789,"Protein"
"OID21516","Factor1",0.228049263358116,"Protein"
"OID20299","Factor1",0.411523401737213,"Protein"
"OID21257","Factor1",-0.0767870992422104,"Protein"
"OID21253","Factor1",0.267689317464828,"Protein"
"OID20988","Factor1",0.281589806079865,"Protein"
"OID21119","Factor1",0.177005872130394,"Protein"
"OID21038","Factor1",0.365025132894516,"Protein"
"OID21091","Factor1",0.366235047578812,"Protein"
"OID20597","Factor1",0.290583997964859,"Protein"
"OID20179","Factor1",0.232642382383347,"Protein"
"OID21168","Factor1",0.0339834243059158,"Protein"
"OID21368","Factor1",0.30716660618782,"Protein"
"OID20738","Factor1",0.434195756912231,"Protein"
"OID20122","Factor1",0.176598489284515,"Protein"
"OID20703","Factor1",0.312320321798325,"Protein"
"OID21436","Factor1",0.2856105864048,"Protein"
"OID21421","Factor1",0.178951561450958,"Protein"
"OID20589","Factor1",0.370171576738358,"Protein"
"OID20927","Factor1",0.328322976827621,"Protein"
"OID21418","Factor1",0.38316935300827,"Protein"
"OID21013","Factor1",0.153516575694084,"Protein"
"OID20904","Factor1",0.323986262083054,"Protein"
"OID20568","Factor1",0.417295187711716,"Protein"
"OID20533","Factor1",0.338343888521194,"Protein"
"OID20254","Factor1",0.313902407884598,"Protein"
"OID21403","Factor1",0.446622937917709,"Protein"
"OID21012","Factor1",0.45424023270607,"Protein"
"OID21280","Factor1",0.440244555473328,"Protein"
"OID21187","Factor1",0.104301862418652,"Protein"
"OID21425","Factor1",0.132027059793472,"Protein"
"OID20078","Factor1",0.0945019125938416,"Protein"
"OID20102","Factor1",0.330909430980682,"Protein"
"OID21073","Factor1",0.345348089933395,"Protein"
"OID21428","Factor1",0.323394119739532,"Protein"
"OID20687","Factor1",0.333112865686417,"Protein"
"OID20883","Factor1",0.0858137235045433,"Protein"
"OID21242","Factor1",0.0557029359042645,"Protein"
"OID20583","Factor1",0.296675086021423,"Protein"
"OID21361","Factor1",0.359880149364471,"Protein"
"OID21365","Factor1",0.253177583217621,"Protein"
"OID21419","Factor1",0.405974447727203,"Protein"
"OID21498","Factor1",0.181783497333527,"Protein"
"OID20995","Factor1",0.380907326936722,"Protein"
"OID21094","Factor1",0.436443954706192,"Protein"
"OID20715","Factor1",0.151486322283745,"Protein"
"OID20718","Factor1",0.400751531124115,"Protein"
"OID20960","Factor1",0.413179159164429,"Protein"
"OID20866","Factor1",0.245246171951294,"Protein"
"OID20986","Factor1",0.19072300195694,"Protein"
"OID20152","Factor1",0.367219656705856,"Protein"
"OID20395","Factor1",0.178056284785271,"Protein"
"OID21285","Factor1",0.276115000247955,"Protein"
"OID20313","Factor1",0.122073672711849,"Protein"
"OID20509","Factor1",0.366972953081131,"Protein"
"OID21255","Factor1",0.289759188890457,"Protein"
"OID20141","Factor1",0.119381323456764,"Protein"
"OID20942","Factor1",0.381549328565598,"Protein"
"OID21466","Factor1",0.135486230254173,"Protein"
"OID20215","Factor1",0.112546883523464,"Protein"
"OID20923","Factor1",0.367836147546768,"Protein"
"OID20752","Factor1",0.0660368055105209,"Protein"
"OID20990","Factor1",0.387472033500671,"Protein"
"OID21004","Factor1",0.156862020492554,"Protein"
"OID20103","Factor1",0.200854480266571,"Protein"
"OID20784","Factor1",0.338564872741699,"Protein"
"OID20156","Factor1",0.210029974579811,"Protein"
"OID20221","Factor1",0.359981596469879,"Protein"
"OID21410","Factor1",0.342509478330612,"Protein"
"OID21225","Factor1",0.29433411359787,"Protein"
"OID21385","Factor1",0.078725554049015,"Protein"
"OID21155","Factor1",0.427231520414352,"Protein"
"OID20610","Factor1",0.247787401080132,"Protein"
"OID20935","Factor1",0.460635095834732,"Protein"
"OID21327","Factor1",0.232229590415955,"Protein"
"OID20748","Factor1",0.309212237596512,"Protein"
"OID20708","Factor1",0.407399952411652,"Protein"
"OID20567","Factor1",0.182781562209129,"Protein"
"OID20647","Factor1",0.379799574613571,"Protein"
"OID20968","Factor1",0.178759440779686,"Protein"
"OID20383","Factor1",0.440692663192749,"Protein"
"OID21036","Factor1",0.199649289250374,"Protein"
"OID20978","Factor1",0.0775642022490501,"Protein"
"OID20327","Factor1",0.345156580209732,"Protein"
"OID20958","Factor1",0.430432587862015,"Protein"
"OID20252","Factor1",0.26251494884491,"Protein"
"OID20642","Factor1",0.271427810192108,"Protein"
"OID20205","Factor1",0.437695264816284,"Protein"
"OID21248","Factor1",0.0114680640399456,"Protein"
"OID21150","Factor1",0.237594395875931,"Protein"
"OID21111","Factor1",0.148340687155724,"Protein"
"OID21121","Factor1",0.234518080949783,"Protein"
"OID20295","Factor1",0.367986768484116,"Protein"
"OID21281","Factor1",0.282017439603806,"Protein"
"OID20650","Factor1",0.33039465546608,"Protein"
"OID20895","Factor1",0.372258096933365,"Protein"
"OID20459","Factor1",0.247678279876709,"Protein"
"OID21457","Factor1",0.392187863588333,"Protein"
"OID20485","Factor1",0.380890011787415,"Protein"
"OID20786","Factor1",0.451831579208374,"Protein"
"OID20859","Factor1",0.155441656708717,"Protein"
"OID20298","Factor1",0.107643090188503,"Protein"
"OID21142","Factor1",0.41584512591362,"Protein"
"OID20744","Factor1",0.206736519932747,"Protein"
"OID20400","Factor1",0.428935199975967,"Protein"
"OID20344","Factor1",0.345405578613281,"Protein"
"OID20107","Factor1",0.266824811697006,"Protein"
"OID20762","Factor1",0.153481617569923,"Protein"
"OID21128","Factor1",0.188604682683945,"Protein"
"OID21313","Factor1",0.143998205661774,"Protein"
"OID20985","Factor1",0.39056721329689,"Protein"
"OID21021","Factor1",0.402676403522491,"Protein"
"OID21513","Factor1",0.347030222415924,"Protein"
"OID21486","Factor1",0.44426155090332,"Protein"
"OID20992","Factor1",0.164228707551956,"Protein"
"OID20508","Factor1",0.21636737883091,"Protein"
"OID20276","Factor1",0.270820528268814,"Protein"
"OID20975","Factor1",0.382514089345932,"Protein"
"OID21125","Factor1",0.434497088193893,"Protein"
"OID21448","Factor1",0.41679784655571,"Protein"
"OID21477","Factor1",0.306122809648514,"Protein"
"OID21372","Factor1",0.356007725000381,"Protein"
"OID20759","Factor1",0.301552981138229,"Protein"
"OID21066","Factor1",0.28252112865448,"Protein"
"OID20536","Factor1",0.370217889547348,"Protein"
"OID21198","Factor1",0.126925975084305,"Protein"
"OID21427","Factor1",0.190619513392448,"Protein"
"OID21075","Factor1",0.196370050311089,"Protein"
"OID20886","Factor1",0.208420634269714,"Protein"
"OID20674","Factor1",0.339182257652283,"Protein"
"OID21034","Factor1",0.375014752149582,"Protein"
"OID20749","Factor1",0.223203524947166,"Protein"
"OID21328","Factor1",0.405472427606583,"Protein"
"OID20722","Factor1",0.420965522527695,"Protein"
"OID20617","Factor1",0.39590859413147,"Protein"
"OID21463","Factor1",0.278063327074051,"Protein"
"OID20226","Factor1",0.334470897912979,"Protein"
"OID20561","Factor1",0.444786995649338,"Protein"
"OID21141","Factor1",0.163723781704903,"Protein"
"OID20474","Factor1",0.244243875145912,"Protein"
"OID20999","Factor1",0.43231800198555,"Protein"
"OID21304","Factor1",0.28873136639595,"Protein"
"OID20552","Factor1",0.358325719833374,"Protein"
"OID20961","Factor1",0.222278922796249,"Protein"
"OID20197","Factor1",0.320700109004974,"Protein"
"OID21481","Factor1",0.0893995463848114,"Protein"
"OID21431","Factor1",0.28108474612236,"Protein"
"OID20408","Factor1",0.430614739656448,"Protein"
"OID20478","Factor1",0.267885267734528,"Protein"
"OID20782","Factor1",0.406258970499039,"Protein"
"OID20392","Factor1",0.385132730007172,"Protein"
"OID20368","Factor1",0.203170344233513,"Protein"
"OID20425","Factor1",0.221891462802887,"Protein"
"OID20522","Factor1",0.127038240432739,"Protein"
"OID21112","Factor1",0.254594415426254,"Protein"
"OID21522","Factor1",0.310039162635803,"Protein"
"OID20286","Factor1",0.318901032209396,"Protein"
"OID20293","Factor1",0.371554017066956,"Protein"
"OID20966","Factor1",0.399031937122345,"Protein"
"OID20308","Factor1",0.0780665650963783,"Protein"
"OID20743","Factor1",0.110393866896629,"Protein"
"OID21259","Factor1",0.341107219457626,"Protein"
"OID20496","Factor1",0.175221920013428,"Protein"
"OID20839","Factor1",0.116619810461998,"Protein"
"OID21040","Factor1",0.400433927774429,"Protein"
"OID21244","Factor1",0.322651743888855,"Protein"
"OID20641","Factor1",0.26926201581955,"Protein"
"OID20783","Factor1",0.472835749387741,"Protein"
"OID21445","Factor1",0.110146678984165,"Protein"
"OID20955","Factor1",0.381341904401779,"Protein"
"OID21310","Factor1",0.164262816309929,"Protein"
"OID20996","Factor1",0.0512631349265575,"Protein"
"OID20543","Factor1",0.0740354359149933,"Protein"
"OID20669","Factor1",0.14789491891861,"Protein"
"OID20587","Factor1",0.259856641292572,"Protein"
"OID20379","Factor1",0.261203616857529,"Protein"
"OID20217","Factor1",0.208588138222694,"Protein"
"OID20505","Factor1",0.318247318267822,"Protein"
"OID20085","Factor1",0.279044806957245,"Protein"
"OID20973","Factor1",0.209920138120651,"Protein"
"OID20979","Factor1",0.197535455226898,"Protein"
"OID20666","Factor1",0.217650175094604,"Protein"
"OID20570","Factor1",0.148656070232391,"Protein"
"OID21041","Factor1",0.316664457321167,"Protein"
"OID21501","Factor1",0.409395635128021,"Protein"
"OID20963","Factor1",0.196487843990326,"Protein"
"OID21342","Factor1",0.449958175420761,"Protein"
"OID20144","Factor1",0.350303053855896,"Protein"
"OID20887","Factor1",0.377816736698151,"Protein"
"OID21454","Factor1",0.286984503269196,"Protein"
"OID20854","Factor1",0.187452122569084,"Protein"
"OID21087","Factor1",0.37865823507309,"Protein"
"OID20294","Factor1",0.459557801485062,"Protein"
"OID20398","Factor1",0.0976992398500443,"Protein"
"OID21444","Factor1",0.365971863269806,"Protein"
"OID20630","Factor1",0.247216507792473,"Protein"
"OID20247","Factor1",0.168656215071678,"Protein"
"OID20378","Factor1",0.302290022373199,"Protein"
"OID21295","Factor1",0.268172860145569,"Protein"
"OID21193","Factor1",0.220182284712791,"Protein"
"OID20912","Factor1",0.438199579715729,"Protein"
"OID21026","Factor1",0.287602990865707,"Protein"
"OID20620","Factor1",0.401546955108643,"Protein"
"OID21179","Factor1",0.344570755958557,"Protein"
"OID20510","Factor1",0.376515299081802,"Protein"
"OID20653","Factor1",0.361234933137894,"Protein"
"OID20980","Factor1",0.165434792637825,"Protein"
"OID20655","Factor1",0.175158321857452,"Protein"
"OID20623","Factor1",0.373735696077347,"Protein"
"OID20572","Factor1",0.357734978199005,"Protein"
"OID20413","Factor1",0.40106675028801,"Protein"
"OID20686","Factor1",0.26955783367157,"Protein"
"OID21133","Factor1",0.32432547211647,"Protein"
"OID20695","Factor1",0.139334380626678,"Protein"
"OID21246","Factor1",0.157488495111465,"Protein"
"OID21215","Factor1",0.164053440093994,"Protein"
"OID21129","Factor1",0.344591319561005,"Protein"
"OID21324","Factor1",0.359506785869598,"Protein"
"OID20234","Factor1",0.19053091108799,"Protein"
"OID20324","Factor1",0.174956351518631,"Protein"
"OID21086","Factor1",0.33766981959343,"Protein"
"OID21015","Factor1",0.420181691646576,"Protein"
"OID20870","Factor1",0.360457897186279,"Protein"
"OID20355","Factor1",0.110874250531197,"Protein"
"OID21068","Factor1",0.355666369199753,"Protein"
"OID20691","Factor1",0.494976431131363,"Protein"
"OID21050","Factor1",0.450028777122498,"Protein"
"OID20622","Factor1",0.243573993444443,"Protein"
"OID20962","Factor1",0.226605296134949,"Protein"
"OID20604","Factor1",0.0749010741710663,"Protein"
"OID20404","Factor1",-0.0508582107722759,"Protein"
"OID20223","Factor1",0.29483699798584,"Protein"
"OID20534","Factor1",0.321942985057831,"Protein"
"OID20106","Factor1",0.35316476225853,"Protein"
"OID20222","Factor1",0.448280304670334,"Protein"
"OID20259","Factor1",0.401001393795013,"Protein"
"OID20766","Factor1",0.353679805994034,"Protein"
"OID20216","Factor1",0.180553615093231,"Protein"
"OID20339","Factor1",0.459755003452301,"Protein"
"OID20232","Factor1",0.31587016582489,"Protein"
"OID20739","Factor1",0.395744293928146,"Protein"
"OID20328","Factor1",0.391502320766449,"Protein"
"OID20768","Factor1",0.423744261264801,"Protein"
"OID20195","Factor1",0.272907763719559,"Protein"
"OID20445","Factor1",0.23089599609375,"Protein"
"OID20108","Factor1",0.413179457187653,"Protein"
"OID20500","Factor1",0.273392111063004,"Protein"
"OID21145","Factor1",0.401557058095932,"Protein"
"OID21216","Factor1",0.0157591681927443,"Protein"
"OID20731","Factor1",0.313185423612595,"Protein"
"OID20658","Factor1",0.366730242967606,"Protein"
"OID20967","Factor1",0.397148221731186,"Protein"
"OID21235","Factor1",0.100946687161922,"Protein"
"OID21103","Factor1",0.0754566788673401,"Protein"
"OID21005","Factor1",0.145874664187431,"Protein"
"OID21397","Factor1",0.381965070962906,"Protein"
"OID20151","Factor1",0.348474949598312,"Protein"
"OID21490","Factor1",0.438599973917007,"Protein"
"OID20832","Factor1",0.093170203268528,"Protein"
"OID21493","Factor1",0.446757137775421,"Protein"
"OID21037","Factor1",0.315593302249908,"Protein"
"OID21229","Factor1",0.348828464746475,"Protein"
"OID20926","Factor1",0.33209240436554,"Protein"
"OID21247","Factor1",0.221467271447182,"Protein"
"OID21083","Factor1",0.184116721153259,"Protein"
"OID20753","Factor1",0.378186792135239,"Protein"
"OID20338","Factor1",0.322092771530151,"Protein"
"OID21192","Factor1",0.142625823616982,"Protein"
"OID21160","Factor1",0.334192246198654,"Protein"
"OID21218","Factor1",0.114798419177532,"Protein"
"OID20375","Factor1",0.261614918708801,"Protein"
"OID20079","Factor1",0.402055472135544,"Protein"
"OID21053","Factor1",0.28411877155304,"Protein"
"OID20919","Factor1",0.416546851396561,"Protein"
"OID20171","Factor1",0.395514607429504,"Protein"
"OID20693","Factor1",0.230824694037437,"Protein"
"OID20600","Factor1",0.288101822137833,"Protein"
"OID20484","Factor1",0.32920578122139,"Protein"
"OID21058","Factor1",0.410688132047653,"Protein"
"OID20638","Factor1",0.253956526517868,"Protein"
"OID21132","Factor1",0.136587858200073,"Protein"
"OID20823","Factor1",0.218721836805344,"Protein"
"OID20917","Factor1",0.333848506212234,"Protein"
"OID20780","Factor1",0.298825174570084,"Protein"
"OID21384","Factor1",0.379598796367645,"Protein"
"OID21441","Factor1",0.253442376852036,"Protein"
"OID20751","Factor1",0.42846554517746,"Protein"
"OID21064","Factor1",0.450826317071915,"Protein"
"OID21110","Factor1",0.471925556659698,"Protein"
"OID20827","Factor1",0.108689539134502,"Protein"
"OID21185","Factor1",0.108440637588501,"Protein"
"OID20091","Factor1",0.259704828262329,"Protein"
"OID20867","Factor1",0.210643023252487,"Protein"
"OID20677","Factor1",0.297751128673553,"Protein"
"OID20934","Factor1",0.405132591724396,"Protein"
"OID21271","Factor1",0.206781059503555,"Protein"
"OID20126","Factor1",0.223424926400185,"Protein"
"OID21414","Factor1",0.369661867618561,"Protein"
"OID20333","Factor1",0.166659399867058,"Protein"
"OID20386","Factor1",0.317154258489609,"Protein"
"OID20418","Factor1",0.301376909017563,"Protein"
"OID20872","Factor1",0.282432317733765,"Protein"
"OID20261","Factor1",0.187099888920784,"Protein"
"OID21227","Factor1",0.221517577767372,"Protein"
"OID21010","Factor1",0.387254178524017,"Protein"
"OID20165","Factor1",0.367018491029739,"Protein"
"OID20660","Factor1",0.188531160354614,"Protein"
"OID20512","Factor1",0.193914636969566,"Protein"
"OID20467","Factor1",0.207017734646797,"Protein"
"OID20455","Factor1",0.100363373756409,"Protein"
"OID20735","Factor1",0.28884169459343,"Protein"
"OID21001","Factor1",0.396655172109604,"Protein"
"OID21137","Factor1",0.375070571899414,"Protein"
"OID20727","Factor1",0.083527959883213,"Protein"
"OID21432","Factor1",0.298014760017395,"Protein"
"OID20278","Factor1",0.278542280197144,"Protein"
"OID20167","Factor1",0.485428929328918,"Protein"
"OID20188","Factor1",0.319370955228806,"Protein"
"OID21480","Factor1",0.135319113731384,"Protein"
"OID20340","Factor1",0.156465381383896,"Protein"
"OID20922","Factor1",0.389064639806747,"Protein"
"OID21219","Factor1",0.328021556138992,"Protein"
"OID20228","Factor1",0.238661050796509,"Protein"
"OID20771","Factor1",0.428904443979263,"Protein"
"OID20664","Factor1",0.248499497771263,"Protein"
"OID20930","Factor1",0.30685368180275,"Protein"
"OID20237","Factor1",-0.18395833671093,"Protein"
"OID20770","Factor1",0.214444667100906,"Protein"
"OID21275","Factor1",0.404390543699265,"Protein"
"OID20240","Factor1",0.224113270640373,"Protein"
"OID21317","Factor1",0.412914514541626,"Protein"
"OID20721","Factor1",-0.024676725268364,"Protein"
"OID21008","Factor1",0.384349316358566,"Protein"
"OID21201","Factor1",0.155831202864647,"Protein"
"OID21220","Factor1",0.295295536518097,"Protein"
"OID20730","Factor1",0.397376000881195,"Protein"
"OID21114","Factor1",0.272375255823135,"Protein"
"OID20709","Factor1",0.354258716106415,"Protein"
"OID20272","Factor1",0.174093768000603,"Protein"
"OID20429","Factor1",0.388053148984909,"Protein"
"OID21283","Factor1",0.387034922838211,"Protein"
"OID21355","Factor1",0.320825487375259,"Protein"
"OID21519","Factor1",0.223643973469734,"Protein"
"OID20096","Factor1",0.137403771281242,"Protein"
"OID20940","Factor1",0.23177133500576,"Protein"
"OID20764","Factor1",0.394907385110855,"Protein"
"OID20812","Factor1",0.0377327799797058,"Protein"
"OID20673","Factor1",0.389030069112778,"Protein"
"OID21175","Factor1",0.360283493995667,"Protein"
"OID21291","Factor1",0.290271043777466,"Protein"
"OID20183","Factor1",0.185881927609444,"Protein"
"OID20113","Factor1",0.188226819038391,"Protein"
"OID21288","Factor1",0.36628645658493,"Protein"
"OID21470","Factor1",0.355411797761917,"Protein"
"OID20893","Factor1",0.273336499929428,"Protein"
"OID20191","Factor1",0.164842084050179,"Protein"
"OID20494","Factor1",0.187959864735603,"Protein"
"OID20053","Factor1",0.211890876293182,"Protein"
"OID21002","Factor1",0.265275508165359,"Protein"
"OID20129","Factor1",-0.00514630507677794,"Protein"
"OID20087","Factor1",0.337245225906372,"Protein"
"OID20953","Factor1",0.163431376218796,"Protein"
"OID20667","Factor1",0.360284358263016,"Protein"
"OID20913","Factor1",0.209153488278389,"Protein"
"OID21465","Factor1",0.259378105401993,"Protein"
"OID20605","Factor1",0.276469439268112,"Protein"
"OID20725","Factor1",0.276345461606979,"Protein"
"OID20405","Factor1",0.191381797194481,"Protein"
"OID20061","Factor1",0.171289205551147,"Protein"
"OID21018","Factor1",0.0493775121867657,"Protein"
"OID20297","Factor1",0.397409677505493,"Protein"
"OID21206","Factor1",0.326152622699738,"Protein"
"OID20239","Factor1",0.291258901357651,"Protein"
"OID21398","Factor1",0.226869747042656,"Protein"
"OID21321","Factor1",0.418081372976303,"Protein"
"OID20456","Factor1",0.079188197851181,"Protein"
"OID20976","Factor1",0.320718884468079,"Protein"
"OID21209","Factor1",0.282605916261673,"Protein"
"OID20824","Factor1",0.112601056694984,"Protein"
"OID20275","Factor1",0.314483165740967,"Protein"
"OID21494","Factor1",-0.175410121679306,"Protein"
"OID21299","Factor1",0.355050802230835,"Protein"
"OID20590","Factor1",0.134244412183762,"Protein"
"OID20384","Factor1",0.281023561954498,"Protein"
"OID21049","Factor1",0.21294566988945,"Protein"
"OID20174","Factor1",0.339542418718338,"Protein"
"OID21067","Factor1",0.26100942492485,"Protein"
"OID20489","Factor1",0.179244637489319,"Protein"
"OID21243","Factor1",0.116831921041012,"Protein"
"OID21077","Factor1",0.302003741264343,"Protein"
"OID21270","Factor1",0.194328248500824,"Protein"
"OID21337","Factor1",0.280490338802338,"Protein"
"OID20196","Factor1",0.143426433205605,"Protein"
"OID20121","Factor1",0.270924150943756,"Protein"
"OID21262","Factor1",0.381041824817657,"Protein"
"OID20537","Factor1",0.282244741916656,"Protein"
"OID20296","Factor1",0.153450310230255,"Protein"
"OID21509","Factor1",0.418400377035141,"Protein"
"OID20921","Factor1",0.429623186588287,"Protein"
"OID21406","Factor1",0.273583233356476,"Protein"
"OID21084","Factor1",0.0959085449576378,"Protein"
"OID20951","Factor1",0.135651037096977,"Protein"
"OID20491","Factor1",0.0361306443810463,"Protein"
"OID20777","Factor1",-0.0531385466456413,"Protein"
"OID21472","Factor1",0.135538101196289,"Protein"
"OID20304","Factor1",0.280703604221344,"Protein"
"OID21011","Factor1",0.227374970912933,"Protein"
"OID20488","Factor1",0.022356640547514,"Protein"
"OID20155","Factor1",0.364083528518677,"Protein"
"OID21171","Factor1",0.211187973618507,"Protein"
"OID20176","Factor1",0.403309196233749,"Protein"
"OID20540","Factor1",0.429838567972183,"Protein"
"OID21059","Factor1",0.298095494508743,"Protein"
"OID21401","Factor1",0.360336780548096,"Protein"
"OID20972","Factor1",0.311369508504868,"Protein"
"OID21162","Factor1",0.206531703472137,"Protein"
"OID21063","Factor1",0.310424029827118,"Protein"
"OID21435","Factor1",0.145044475793839,"Protein"
"OID21316","Factor1",0.432293891906738,"Protein"
"OID21336","Factor1",0.203310295939445,"Protein"
"OID21471","Factor1",0.274655818939209,"Protein"
"OID20427","Factor1",0.139580875635147,"Protein"
"OID20750","Factor1",0.20979318022728,"Protein"
"OID20763","Factor1",0.339962899684906,"Protein"
"OID21331","Factor1",0.262407720088959,"Protein"
"OID20424","Factor1",0.295990854501724,"Protein"
"OID21046","Factor1",0.287801772356033,"Protein"
"OID21352","Factor1",0.0782758817076683,"Protein"
"OID20792","Factor1",0.258211314678192,"Protein"
"OID21027","Factor1",0.282156378030777,"Protein"
"OID20822","Factor1",0.293640792369843,"Protein"
"OID20680","Factor1",0.297388136386871,"Protein"
"OID20329","Factor1",0.178650423884392,"Protein"
"OID21170","Factor1",0.216901257634163,"Protein"
"OID20585","Factor1",0.210834577679634,"Protein"
"OID20114","Factor1",0.391498446464539,"Protein"
"OID20557","Factor1",0.391884028911591,"Protein"
"OID20864","Factor1",0.304652273654938,"Protein"
"OID20077","Factor1",0.374901831150055,"Protein"
"OID21315","Factor1",0.282965391874313,"Protein"
"OID20382","Factor1",-0.0651881471276283,"Protein"
"OID20633","Factor1",0.358056515455246,"Protein"
"OID21238","Factor1",0.305719465017319,"Protein"
"OID20932","Factor1",0.368070662021637,"Protein"
"OID20694","Factor1",0.250227421522141,"Protein"
"OID20264","Factor1",0.301385879516602,"Protein"
"OID21524","Factor1",0.180127874016762,"Protein"
"OID21447","Factor1",0.320450931787491,"Protein"
"OID21138","Factor1",0.188939213752747,"Protein"
"OID21172","Factor1",0.212703049182892,"Protein"
"OID21389","Factor1",0.186694487929344,"Protein"
"OID21115","Factor1",0.418959856033325,"Protein"
"OID20211","Factor1",0.177170485258102,"Protein"
"OID20279","Factor1",0.110887452960014,"Protein"
"OID20569","Factor1",0.176138490438461,"Protein"
"OID20142","Factor1",0.212060585618019,"Protein"
"OID20613","Factor1",0.194313228130341,"Protein"
"OID20710","Factor1",0.377504914999008,"Protein"
"OID20807","Factor1",0.333649754524231,"Protein"
"OID20713","Factor1",0.46875137090683,"Protein"
"OID20148","Factor1",0.172018423676491,"Protein"
"OID20632","Factor1",0.161002695560455,"Protein"
"OID21438","Factor1",0.374648898839951,"Protein"
"OID21440","Factor1",0.290758073329926,"Protein"
"OID20549","Factor1",0.280155181884766,"Protein"
"OID20115","Factor1",-0.0275898221880198,"Protein"
"OID21241","Factor1",0.269467949867249,"Protein"
"OID21529","Factor1",0.408523231744766,"Protein"
"OID21374","Factor1",0.124055035412312,"Protein"
"OID20154","Factor1",0.448453396558762,"Protein"
"OID20480","Factor1",0.41456001996994,"Protein"
"OID20767","Factor1",0.339060038328171,"Protein"
"OID21135","Factor1",0.294960290193558,"Protein"
"OID20320","Factor1",0.210818365216255,"Protein"
"OID20242","Factor1",0.40926319360733,"Protein"
"OID20602","Factor1",0.275670826435089,"Protein"
"OID20282","Factor1",0.35663890838623,"Protein"
"OID21189","Factor1",0.152098298072815,"Protein"
"OID20652","Factor1",0.23921899497509,"Protein"
"OID20454","Factor1",0.0421391166746616,"Protein"
"OID20302","Factor1",0.257544964551926,"Protein"
"OID20676","Factor1",0.0793501138687134,"Protein"
"OID21079","Factor1",0.340475678443909,"Protein"
"OID20828","Factor1",0.254799842834473,"Protein"
"OID21423","Factor1",0.279605567455292,"Protein"
"OID20535","Factor1",0.198407515883446,"Protein"
"OID21344","Factor1",0.356349259614944,"Protein"
"OID20451","Factor1",0.245509266853333,"Protein"
"OID21278","Factor1",0.29188346862793,"Protein"
"OID20070","Factor1",0.0204965826123953,"Protein"
"OID20529","Factor1",0.175208240747452,"Protein"
"OID20314","Factor1",0.194698289036751,"Protein"
"OID21346","Factor1",0.135948106646538,"Protein"
"OID20476","Factor1",0.111847445368767,"Protein"
"OID20765","Factor1",0.160801723599434,"Protein"
"OID20915","Factor1",0.199444711208344,"Protein"
"OID20538","Factor1",0.332015126943588,"Protein"
"OID21360","Factor1",0.405264645814896,"Protein"
"OID20562","Factor1",0.243677780032158,"Protein"
"OID21405","Factor1",0.00189487694296986,"Protein"
"OID20774","Factor1",0.338195115327835,"Protein"
"OID20661","Factor1",0.119088880717754,"Protein"
"OID20639","Factor1",0.259680598974228,"Protein"
"OID20267","Factor1",0.302253484725952,"Protein"
"OID20936","Factor1",0.31732577085495,"Protein"
"OID21433","Factor1",0.100334815680981,"Protein"
"OID20804","Factor1",0.132227927446365,"Protein"
"OID21152","Factor1",0.114262193441391,"Protein"
"OID20084","Factor1",0.275724202394485,"Protein"
"OID20881","Factor1",0.160165786743164,"Protein"
"OID20612","Factor1",0.165163367986679,"Protein"
"OID21460","Factor1",0.300523728132248,"Protein"
"OID20316","Factor1",0.371095180511475,"Protein"
"OID20373","Factor1",0.301143527030945,"Protein"
"OID21174","Factor1",0.282256186008453,"Protein"
"OID20140","Factor1",0.241408139467239,"Protein"
"OID20781","Factor1",0.352612107992172,"Protein"
"OID20811","Factor1",0.233567774295807,"Protein"
"OID20497","Factor1",0.372737467288971,"Protein"
"OID21407","Factor1",0.209741607308388,"Protein"
"OID20547","Factor1",0.0501128360629082,"Protein"
"OID20857","Factor1",0.255650460720062,"Protein"
"OID20401","Factor1",0.293430536985397,"Protein"
"OID21517","Factor1",0.32356858253479,"Protein"
"OID20530","Factor1",0.295747011899948,"Protein"
"OID21236","Factor1",0.296971201896667,"Protein"
"OID21412","Factor1",0.265302211046219,"Protein"
"OID20391","Factor1",0.252213686704636,"Protein"
"OID20458","Factor1",0.0830801278352737,"Protein"
"OID21404","Factor1",0.215152680873871,"Protein"
"OID21394","Factor1",0.135106056928635,"Protein"
"OID21514","Factor1",0.118315503001213,"Protein"
"OID20662","Factor1",0.235962212085724,"Protein"
"OID21286","Factor1",0.283232927322388,"Protein"
"OID20884","Factor1",0.271416187286377,"Protein"
"OID21456","Factor1",0.0494197905063629,"Protein"
"OID21196","Factor1",0.108618550002575,"Protein"
"OID20599","Factor1",0.221325665712357,"Protein"
"OID21134","Factor1",0.251787304878235,"Protein"
"OID20690","Factor1",0.309916704893112,"Protein"
"OID20720","Factor1",0.459817439317703,"Protein"
"OID20581","Factor1",-0.0206148773431778,"Protein"
"OID20848","Factor1",0.318146228790283,"Protein"
"OID21339","Factor1",0.276597678661346,"Protein"
"OID20394","Factor1",0.211298123002052,"Protein"
"OID20888","Factor1",0.213125631213188,"Protein"
"OID20290","Factor1",0.146754205226898,"Protein"
"OID20362","Factor1",0.264042288064957,"Protein"
"OID21055","Factor1",0.115045018494129,"Protein"
"OID20071","Factor1",0.346561789512634,"Protein"
"OID20941","Factor1",0.142592146992683,"Protein"
"OID21468","Factor1",0.171969249844551,"Protein"
"OID20878","Factor1",0.060401413589716,"Protein"
"OID20834","Factor1",0.205031171441078,"Protein"
"OID20414","Factor1",0.37324532866478,"Protein"
"OID21359","Factor1",0.32435342669487,"Protein"
"OID20702","Factor1",0.349797010421753,"Protein"
"OID21161","Factor1",0.134913489222527,"Protein"
"OID20168","Factor1",-0.0609955675899982,"Protein"
"OID21301","Factor1",0.235353991389275,"Protein"
"OID20556","Factor1",0.273238033056259,"Protein"
"OID21231","Factor1",0.256652563810349,"Protein"
"OID20525","Factor1",0.400284618139267,"Protein"
"OID20806","Factor1",0.329039245843887,"Protein"
"OID20502","Factor1",0.335029125213623,"Protein"
"OID20332","Factor1",0.412574738264084,"Protein"
"OID20668","Factor1",0.250160843133926,"Protein"
"OID20208","Factor1",0.222256109118462,"Protein"
"OID20265","Factor1",0.285298615694046,"Protein"
"OID21400","Factor1",0.408463656902313,"Protein"
"OID21518","Factor1",0.401964604854584,"Protein"
"OID20348","Factor1",0.35212841629982,"Protein"
"OID20447","Factor1",0.291967034339905,"Protein"
"OID20566","Factor1",0.382970064878464,"Protein"
"OID21318","Factor1",0.456018179655075,"Protein"
"OID20352","Factor1",0.195655316114426,"Protein"
"OID20442","Factor1",0.311147570610046,"Protein"
"OID21458","Factor1",0.389835923910141,"Protein"
"OID20473","Factor1",0.321824073791504,"Protein"
"OID21147","Factor1",0.243948936462402,"Protein"
"OID20855","Factor1",0.371612548828125,"Protein"
"OID21122","Factor1",0.460389703512192,"Protein"
"OID21023","Factor1",0.455907106399536,"Protein"
"OID20493","Factor1",0.336253046989441,"Protein"
"OID20852","Factor1",0.263537436723709,"Protein"
"OID21429","Factor1",0.152876079082489,"Protein"
"OID21102","Factor1",0.341845840215683,"Protein"
"OID20629","Factor1",0.385461062192917,"Protein"
"OID21070","Factor1",0.175038516521454,"Protein"
"OID20281","Factor1",0.182410418987274,"Protein"
"OID20651","Factor1",0.366473525762558,"Protein"
"OID21228","Factor1",0.219466999173164,"Protein"
"OID20393","Factor1",0.123479880392551,"Protein"
"OID20624","Factor1",0.167911797761917,"Protein"
"OID21090","Factor1",0.411563694477081,"Protein"
"OID21096","Factor1",-0.0415535271167755,"Protein"
"OID21194","Factor1",0.261110931634903,"Protein"
"OID20410","Factor1",0.176390707492828,"Protein"
"OID21525","Factor1",0.40759003162384,"Protein"
"OID20229","Factor1",0.168510422110558,"Protein"
"OID20185","Factor1",0.417999386787415,"Protein"
"OID20131","Factor1",0.338828206062317,"Protein"
"OID20719","Factor1",0.306146919727325,"Protein"
"OID20974","Factor1",0.387129843235016,"Protein"
"OID20170","Factor1",0.265380948781967,"Protein"
"OID20231","Factor1",0.417478829622269,"Protein"
"OID20897","Factor1",0.0252024792134762,"Protein"
"OID21526","Factor1",0.371650815010071,"Protein"
"OID20416","Factor1",0.126781672239304,"Protein"
"OID20654","Factor1",0.143654108047485,"Protein"
"OID20236","Factor1",0.37548840045929,"Protein"
"OID21165","Factor1",0.204168364405632,"Protein"
"OID21424","Factor1",0.346318364143372,"Protein"
"OID21308","Factor1",0.361910939216614,"Protein"
"OID20388","Factor1",0.295483887195587,"Protein"
"OID20994","Factor1",0.224245563149452,"Protein"
"OID20747","Factor1",0.190736070275307,"Protein"
"OID20346","Factor1",0.35725599527359,"Protein"
"OID21362","Factor1",0.278020560741425,"Protein"
"OID21345","Factor1",0.398579239845276,"Protein"
"OID20621","Factor1",0.382969528436661,"Protein"
"OID20076","Factor1",0.246891975402832,"Protein"
"OID21303","Factor1",0.277891844511032,"Protein"
"OID20835","Factor1",0.258063912391663,"Protein"
"OID20948","Factor1",0.165637895464897,"Protein"
"OID20565","Factor1",0.414340257644653,"Protein"
"OID20397","Factor1",0.403031408786774,"Protein"
"OID20235","Factor1",0.189342156052589,"Protein"
"OID20255","Factor1",0.375440120697021,"Protein"
"OID20367","Factor1",0.238425493240356,"Protein"
"OID20982","Factor1",0.409443020820618,"Protein"
"OID20611","Factor1",0.114773370325565,"Protein"
"OID20706","Factor1",0.16213895380497,"Protein"
"OID20773","Factor1",0.151028454303741,"Protein"
"OID20270","Factor1",0.477626353502274,"Protein"
"OID20199","Factor1",0.296491712331772,"Protein"
"OID20377","Factor1",0.439182817935944,"Protein"
"OID20555","Factor1",0.256355613470078,"Protein"
"OID21240","Factor1",0.236965775489807,"Protein"
"OID21130","Factor1",0.414781272411346,"Protein"
"OID21028","Factor1",0.166258737444878,"Protein"
"OID20531","Factor1",0.362468540668488,"Protein"
"OID20130","Factor1",0.227614223957062,"Protein"
"OID20133","Factor1",0.306200742721558,"Protein"
"OID20481","Factor1",0.275041878223419,"Protein"
"OID20238","Factor1",0.181562036275864,"Protein"
"OID20358","Factor1",0.15527331829071,"Protein"
"OID21322","Factor1",0.277950048446655,"Protein"
"OID20194","Factor1",0.176720604300499,"Protein"
"OID20353","Factor1",0.398626655340195,"Protein"
"OID20145","Factor1",0.232450693845749,"Protein"
"OID20132","Factor1",0.237736195325851,"Protein"
"OID21353","Factor1",0.251865953207016,"Protein"
"OID21230","Factor1",0.335501819849014,"Protein"
"OID20513","Factor1",0.423178344964981,"Protein"
"OID20082","Factor1",0.369100242853165,"Protein"
"OID21136","Factor1",0.228885859251022,"Protein"
"OID20380","Factor1",0.441182911396027,"Protein"
"OID20914","Factor1",0.227540567517281,"Protein"
"OID20204","Factor1",0.285914450883865,"Protein"
"OID20637","Factor1",0.0502495467662811,"Protein"
"OID20464","Factor1",0.223957508802414,"Protein"
"OID20957","Factor1",0.190662726759911,"Protein"
"OID21052","Factor1",0.385742545127869,"Protein"
"OID20213","Factor1",0.271639943122864,"Protein"
"OID21366","Factor1",0.229733005166054,"Protein"
"OID20733","Factor1",0.37717792391777,"Protein"
"OID21252","Factor1",0.364387273788452,"Protein"
"OID20755","Factor1",0.302026152610779,"Protein"
"OID20360","Factor1",0.246222734451294,"Protein"
"OID20172","Factor1",0.142514020204544,"Protein"
"OID21474","Factor1",0.258213877677917,"Protein"
"OID20337","Factor1",0.177861109375954,"Protein"
"OID20487","Factor1",0.25318855047226,"Protein"
"OID20374","Factor1",-0.0247336383908987,"Protein"
"OID20754","Factor1",0.0929752662777901,"Protein"
"OID20575","Factor1",0.143001288175583,"Protein"
"OID20909","Factor1",0.365972101688385,"Protein"
"OID20626","Factor1",0.502922177314758,"Protein"
"OID20396","Factor1",0.301594078540802,"Protein"
"OID20462","Factor1",0.0909281149506569,"Protein"
"OID20775","Factor2",-0.00152855506166816,"Protein"
"OID20984","Factor2",-0.0020413869060576,"Protein"
"OID20083","Factor2",-0.00164058059453964,"Protein"
"OID21402","Factor2",0.000411898858146742,"Protein"
"OID20911","Factor2",0.00287577020935714,"Protein"
"OID20850","Factor2",-0.00131115049589425,"Protein"
"OID20101","Factor2",0.00294063240289688,"Protein"
"OID21140","Factor2",0.00096031348221004,"Protein"
"OID20563","Factor2",0.00302536715753376,"Protein"
"OID20125","Factor2",0.000812784535810351,"Protein"
"OID21485","Factor2",-0.00154824543278664,"Protein"
"OID21276","Factor2",0.00273180077783763,"Protein"
"OID20594","Factor2",0.003087701741606,"Protein"
"OID20779","Factor2",0.000512910599354655,"Protein"
"OID20983","Factor2",-0.00306165753863752,"Protein"
"OID20643","Factor2",0.00104701681993902,"Protein"
"OID20049","Factor2",-0.000130994711071253,"Protein"
"OID20312","Factor2",-0.000801701506134123,"Protein"
"OID20246","Factor2",-0.000285244663245976,"Protein"
"OID20495","Factor2",0.00123149796854705,"Protein"
"OID21031","Factor2",-0.00123191415332258,"Protein"
"OID20778","Factor2",-0.00128883379511535,"Protein"
"OID20127","Factor2",0.00195613945834339,"Protein"
"OID20274","Factor2",-0.00253781443461776,"Protein"
"OID21373","Factor2",-0.000797476037405431,"Protein"
"OID20559","Factor2",-0.00395953562110662,"Protein"
"OID20218","Factor2",0.00152977067045867,"Protein"
"OID20263","Factor2",-0.00146642350591719,"Protein"
"OID21489","Factor2",-0.00195971294306219,"Protein"
"OID20219","Factor2",-0.00139118265360594,"Protein"
"OID20192","Factor2",0.00289787026122212,"Protein"
"OID20896","Factor2",0.00156045914627612,"Protein"
"OID20399","Factor2",0.00169842306058854,"Protein"
"OID21297","Factor2",0.000620671955402941,"Protein"
"OID21348","Factor2",-0.00230017770081758,"Protein"
"OID20593","Factor2",-0.000710241554770619,"Protein"
"OID21395","Factor2",0.00166675704531372,"Protein"
"OID21507","Factor2",-0.000595855468418449,"Protein"
"OID20729","Factor2",-0.000162615702720359,"Protein"
"OID20220","Factor2",-0.00065517338225618,"Protein"
"OID21411","Factor2",-0.00127868622075766,"Protein"
"OID21387","Factor2",-0.00200113235041499,"Protein"
"OID20266","Factor2",-0.00391199300065637,"Protein"
"OID21461","Factor2",-0.00244412128813565,"Protein"
"OID21475","Factor2",0.00187469774391502,"Protein"
"OID20671","Factor2",-0.0011365432292223,"Protein"
"OID20950","Factor2",0.000929633330088109,"Protein"
"OID20206","Factor2",-0.00128907535690814,"Protein"
"OID21250","Factor2",-0.000300271058222279,"Protein"
"OID20579","Factor2",-0.00914681423455477,"Protein"
"OID20761","Factor2",0.00258721620775759,"Protein"
"OID20711","Factor2",-0.00295885768719018,"Protein"
"OID20707","Factor2",0.00416193529963493,"Protein"
"OID20760","Factor2",-0.00379715207964182,"Protein"
"OID20672","Factor2",0.00272211688570678,"Protein"
"OID21277","Factor2",0.00106037140358239,"Protein"
"OID20169","Factor2",0.00187648320570588,"Protein"
"OID20524","Factor2",-0.000201018381631002,"Protein"
"OID20523","Factor2",0.000682816316839308,"Protein"
"OID20544","Factor2",0.00127855432219803,"Protein"
"OID21047","Factor2",-0.00103357573971152,"Protein"
"OID20258","Factor2",-0.00356668327003717,"Protein"
"OID20112","Factor2",-0.00234395312145352,"Protein"
"OID20993","Factor2",-0.000136275572003797,"Protein"
"OID20656","Factor2",-0.00293941306881607,"Protein"
"OID20863","Factor2",-0.0031886943615973,"Protein"
"OID20640","Factor2",0.00395874818786979,"Protein"
"OID20596","Factor2",0.00166438729502261,"Protein"
"OID20625","Factor2",-0.00282146804966033,"Protein"
"OID21097","Factor2",-0.00249266903847456,"Protein"
"OID20166","Factor2",0.000234013117733411,"Protein"
"OID21306","Factor2",0.00128145760390908,"Protein"
"OID21176","Factor2",0.000762344687245786,"Protein"
"OID21118","Factor2",0.00379847781732678,"Protein"
"OID21332","Factor2",0.00483895000070333,"Protein"
"OID20551","Factor2",-0.000508930999785662,"Protein"
"OID20856","Factor2",-0.0034488441888243,"Protein"
"OID20918","Factor2",0.00162159604951739,"Protein"
"OID21420","Factor2",6.71051457175054e-05,"Protein"
"OID20875","Factor2",-0.0049756015650928,"Protein"
"OID21378","Factor2",-0.000743977667298168,"Protein"
"OID21506","Factor2",-0.00175568566191941,"Protein"
"OID21459","Factor2",0.00243504974059761,"Protein"
"OID20075","Factor2",0.000744407181628048,"Protein"
"OID21505","Factor2",0.0014002543175593,"Protein"
"OID20698","Factor2",0.00387862324714661,"Protein"
"OID20271","Factor2",-0.000826490577310324,"Protein"
"OID20717","Factor2",0.00305225537158549,"Protein"
"OID20050","Factor2",-0.00338617688976228,"Protein"
"OID20090","Factor2",-0.00189564435277134,"Protein"
"OID20627","Factor2",-0.00130210386123508,"Protein"
"OID20908","Factor2",0.00573624158278108,"Protein"
"OID20741","Factor2",0.00291482475586236,"Protein"
"OID20519","Factor2",-0.00107564369682223,"Protein"
"OID20138","Factor2",0.00123123673256487,"Protein"
"OID20095","Factor2",-0.00477314414456487,"Protein"
"OID20689","Factor2",-0.0015367433661595,"Protein"
"OID20203","Factor2",0.00484300125390291,"Protein"
"OID20541","Factor2",0.00124545162543654,"Protein"
"OID20742","Factor2",-0.00323860137723386,"Protein"
"OID20554","Factor2",0.000838206731714308,"Protein"
"OID21319","Factor2",-0.00118773686699569,"Protein"
"OID20415","Factor2",-0.00377875030972064,"Protein"
"OID21521","Factor2",-0.00286450330168009,"Protein"
"OID20925","Factor2",-4.90536658617202e-05,"Protein"
"OID21204","Factor2",0.000322402454912663,"Protein"
"OID20938","Factor2",-0.000468539772555232,"Protein"
"OID20577","Factor2",0.00301597267389297,"Protein"
"OID21029","Factor2",-0.00201500416733325,"Protein"
"OID20364","Factor2",-0.00409378297626972,"Protein"
"OID21408","Factor2",-0.00103372125886381,"Protein"
"OID20788","Factor2",0.00129854481201619,"Protein"
"OID21469","Factor2",0.00262897228822112,"Protein"
"OID20899","Factor2",0.00357472244650126,"Protein"
"OID20952","Factor2",0.00807159207761288,"Protein"
"OID21078","Factor2",-0.00294756982475519,"Protein"
"OID20187","Factor2",0.000231194528168999,"Protein"
"OID20475","Factor2",-0.00360920652747154,"Protein"
"OID20616","Factor2",0.00288416189141572,"Protein"
"OID21069","Factor2",0.000154275941895321,"Protein"
"OID20772","Factor2",0.00184784166049212,"Protein"
"OID20684","Factor2",0.00311148469336331,"Protein"
"OID20230","Factor2",-0.000549107906408608,"Protein"
"OID21451","Factor2",-0.00278049428015947,"Protein"
"OID20916","Factor2",-0.000926947046536952,"Protein"
"OID21158","Factor2",-0.00392764760181308,"Protein"
"OID20182","Factor2",0.00180038693360984,"Protein"
"OID21307","Factor2",0.0008148611523211,"Protein"
"OID20412","Factor2",0.00026638206327334,"Protein"
"OID21226","Factor2",-0.0044380440376699,"Protein"
"OID21391","Factor2",0.000656417454592884,"Protein"
"OID20615","Factor2",0.000540535897016525,"Protein"
"OID21224","Factor2",-0.000731813721358776,"Protein"
"OID20158","Factor2",-0.000428561499575153,"Protein"
"OID20582","Factor2",-0.000933546980377287,"Protein"
"OID20816","Factor2",0.00127488805446774,"Protein"
"OID20937","Factor2",-0.0029882222879678,"Protein"
"OID21376","Factor2",0.00116235867608339,"Protein"
"OID20681","Factor2",0.000681312521919608,"Protein"
"OID20251","Factor2",-0.00352567061781883,"Protein"
"OID21350","Factor2",-0.001845563063398,"Protein"
"OID21263","Factor2",-0.00222184346057475,"Protein"
"OID21149","Factor2",-0.000767499790526927,"Protein"
"OID20207","Factor2",0.00283939996734262,"Protein"
"OID21282","Factor2",2.33993923757225e-05,"Protein"
"OID21269","Factor2",-0.00105544808320701,"Protein"
"OID21309","Factor2",0.000682855257764459,"Protein"
"OID20959","Factor2",0.0023644317407161,"Protein"
"OID21508","Factor2",-0.00269927736371756,"Protein"
"OID21292","Factor2",-0.000795145228039473,"Protein"
"OID20697","Factor2",0.00260024704039097,"Protein"
"OID20588","Factor2",0.00315537326969206,"Protein"
"OID21422","Factor2",-0.000627980276476592,"Protein"
"OID20910","Factor2",-0.00598239852115512,"Protein"
"OID20175","Factor2",-0.00213397666811943,"Protein"
"OID21383","Factor2",0.00176123855635524,"Protein"
"OID21082","Factor2",-0.000997324590571225,"Protein"
"OID20965","Factor2",0.00154110661242157,"Protein"
"OID20225","Factor2",0.00172908301465213,"Protein"
"OID20245","Factor2",-0.000301015592413023,"Protein"
"OID21033","Factor2",-0.0022116822656244,"Protein"
"OID20558","Factor2",0.00419358350336552,"Protein"
"OID20871","Factor2",-0.00157998513896018,"Protein"
"OID21144","Factor2",-0.00658026756718755,"Protein"
"OID20322","Factor2",-0.0032370388507843,"Protein"
"OID21347","Factor2",-0.00201946473680437,"Protein"
"OID21296","Factor2",0.000988634652458131,"Protein"
"OID20971","Factor2",0.000118894058687147,"Protein"
"OID21294","Factor2",0.00120645947754383,"Protein"
"OID20737","Factor2",-0.00159650086425245,"Protein"
"OID20847","Factor2",-0.000171403007698245,"Protein"
"OID21003","Factor2",0.00470144907012582,"Protein"
"OID20553","Factor2",-0.00316862552426755,"Protein"
"OID20977","Factor2",0.0021695455070585,"Protein"
"OID21154","Factor2",-0.00261461595073342,"Protein"
"OID21512","Factor2",0.00122563145123422,"Protein"
"OID20704","Factor2",0.00383783387951553,"Protein"
"OID20644","Factor2",0.00293640233576298,"Protein"
"OID20964","Factor2",0.0019702676218003,"Protein"
"OID20117","Factor2",0.00288522080518305,"Protein"
"OID21019","Factor2",0.000406206148909405,"Protein"
"OID20688","Factor2",-0.00141172704752535,"Protein"
"OID20700","Factor2",-0.00110671960283071,"Protein"
"OID21287","Factor2",-0.000920219987165183,"Protein"
"OID20548","Factor2",5.37938576599117e-05,"Protein"
"OID21061","Factor2",0.00309139280579984,"Protein"
"OID20477","Factor2",-0.001052386010997,"Protein"
"OID20787","Factor2",-0.00324074714444578,"Protein"
"OID20292","Factor2",-8.20162022137083e-05,"Protein"
"OID20431","Factor2",-0.00118766154628247,"Protein"
"OID20714","Factor2",-0.00467450683936477,"Protein"
"OID20110","Factor2",0.000780379923526198,"Protein"
"OID20740","Factor2",0.00243770098313689,"Protein"
"OID21123","Factor2",-0.000642666767816991,"Protein"
"OID20105","Factor2",-0.00232475087977946,"Protein"
"OID20326","Factor2",0.000687568041030318,"Protein"
"OID21314","Factor2",-0.0019120960496366,"Protein"
"OID20795","Factor2",-0.00267810886725783,"Protein"
"OID21320","Factor2",0.000100492536148522,"Protein"
"OID20325","Factor2",0.000454761582659557,"Protein"
"OID20511","Factor2",0.000917539990041405,"Protein"
"OID20903","Factor2",0.00126971025019884,"Protein"
"OID21511","Factor2",0.0030151279643178,"Protein"
"OID21222","Factor2",0.00139762542676181,"Protein"
"OID20086","Factor2",0.000450796011136845,"Protein"
"OID20515","Factor2",0.000611779687460512,"Protein"
"OID20214","Factor2",0.00326520157977939,"Protein"
"OID20305","Factor2",-0.00552664604038,"Protein"
"OID21356","Factor2",0.000415652815718204,"Protein"
"OID20981","Factor2",-0.00188570527825505,"Protein"
"OID21363","Factor2",0.00148369441740215,"Protein"
"OID21455","Factor2",-0.000664935505483299,"Protein"
"OID20334","Factor2",-3.52094029949512e-05,"Protein"
"OID20139","Factor2",0.000209278412512504,"Protein"
"OID21156","Factor2",-0.00222943094559014,"Protein"
"OID20227","Factor2",0.0013752575032413,"Protein"
"OID20814","Factor2",-0.00237163109704852,"Protein"
"OID20745","Factor2",0.00205411016941071,"Protein"
"OID20683","Factor2",0.0024687391705811,"Protein"
"OID21211","Factor2",-0.000512894883286208,"Protein"
"OID20723","Factor2",-0.000509320350829512,"Protein"
"OID20900","Factor2",-0.001010931446217,"Protein"
"OID21453","Factor2",-0.00468235602602363,"Protein"
"OID20177","Factor2",0.000483755371533334,"Protein"
"OID20526","Factor2",0.000834874925203621,"Protein"
"OID20146","Factor2",0.00399755779653788,"Protein"
"OID21357","Factor2",0.00239655002951622,"Protein"
"OID20545","Factor2",0.000419754302129149,"Protein"
"OID20685","Factor2",-0.00123684934806079,"Protein"
"OID20200","Factor2",0.000998321571387351,"Protein"
"OID21467","Factor2",-0.00462607340887189,"Protein"
"OID21000","Factor2",-0.00102408498059958,"Protein"
"OID20244","Factor2",-0.00103989650961012,"Protein"
"OID20250","Factor2",-0.00479142088443041,"Protein"
"OID20280","Factor2",-0.00229583377949893,"Protein"
"OID21450","Factor2",-0.000447644793894142,"Protein"
"OID20409","Factor2",0.000981458462774754,"Protein"
"OID21417","Factor2",0.000384962244424969,"Protein"
"OID20943","Factor2",-0.00457798410207033,"Protein"
"OID20724","Factor2",0.00145491887815297,"Protein"
"OID20201","Factor2",-0.00167667318601161,"Protein"
"OID21205","Factor2",-0.00536743644624949,"Protein"
"OID20987","Factor2",0.000518000160809606,"Protein"
"OID20646","Factor2",-0.00369002437219024,"Protein"
"OID21323","Factor2",-0.0030019055120647,"Protein"
"OID20997","Factor2",-0.00253218598663807,"Protein"
"OID21030","Factor2",0.00353871867991984,"Protein"
"OID21462","Factor2",-0.00101027870550752,"Protein"
"OID20483","Factor2",-0.00224455026909709,"Protein"
"OID20149","Factor2",-0.00104519899468869,"Protein"
"OID21499","Factor2",-0.000180208022356965,"Protein"
"OID20682","Factor2",-0.00488237012177706,"Protein"
"OID20868","Factor2",0.000734649540390819,"Protein"
"OID20574","Factor2",0.00242094835266471,"Protein"
"OID21151","Factor2",-0.00158574117813259,"Protein"
"OID20472","Factor2",-0.00276772887445986,"Protein"
"OID20675","Factor2",0.00589972827583551,"Protein"
"OID20436","Factor2",-0.00463275937363505,"Protein"
"OID20184","Factor2",-0.000566652975976467,"Protein"
"OID21060","Factor2",-0.00144754338543862,"Protein"
"OID21367","Factor2",-0.00257156020961702,"Protein"
"OID20178","Factor2",-0.00592164974659681,"Protein"
"OID21375","Factor2",-0.00615017674863338,"Protein"
"OID21430","Factor2",-0.00294074392877519,"Protein"
"OID21312","Factor2",-0.00146726914681494,"Protein"
"OID21380","Factor2",0.00454962439835072,"Protein"
"OID20421","Factor2",-3.7475794670172e-05,"Protein"
"OID21326","Factor2",-0.00270269182510674,"Protein"
"OID20631","Factor2",-0.00293683703057468,"Protein"
"OID20097","Factor2",0.000691745837684721,"Protein"
"OID20758","Factor2",-0.00167021248489618,"Protein"
"OID21482","Factor2",-0.00391250057145953,"Protein"
"OID20371","Factor2",-0.00352563988417387,"Protein"
"OID21415","Factor2",0.00032133050262928,"Protein"
"OID21527","Factor2",-0.00128403457347304,"Protein"
"OID20233","Factor2",0.00291414652019739,"Protein"
"OID21016","Factor2",-0.00108908372931182,"Protein"
"OID21284","Factor2",0.00162202981300652,"Protein"
"OID21143","Factor2",0.00212173722684383,"Protein"
"OID21022","Factor2",-0.00173645990435034,"Protein"
"OID20865","Factor2",7.67011661082506e-05,"Protein"
"OID21311","Factor2",0.000601220293901861,"Protein"
"OID20342","Factor2",0.000659159501083195,"Protein"
"OID20309","Factor2",0.00238459557294846,"Protein"
"OID20546","Factor2",0.00187160540372133,"Protein"
"OID21099","Factor2",0.00167974829673767,"Protein"
"OID20135","Factor2",0.000188632766366936,"Protein"
"OID21476","Factor2",-0.00249738851562142,"Protein"
"OID20359","Factor2",0.00134838803205639,"Protein"
"OID20601","Factor2",-0.0010572683531791,"Protein"
"OID21104","Factor2",0.000596663390751928,"Protein"
"OID20756","Factor2",0.00330278370529413,"Protein"
"OID21439","Factor2",0.00218478124588728,"Protein"
"OID21399","Factor2",-0.00134745566174388,"Protein"
"OID21043","Factor2",-0.00120046315714717,"Protein"
"OID20609","Factor2",0.00197963672690094,"Protein"
"OID20289","Factor2",-0.00244298647157848,"Protein"
"OID21101","Factor2",-0.00285210274159908,"Protein"
"OID21014","Factor2",-0.000506937270984054,"Protein"
"OID21249","Factor2",0.000333281757775694,"Protein"
"OID21446","Factor2",-0.000157679838594049,"Protein"
"OID20970","Factor2",0.00600613187998533,"Protein"
"OID20956","Factor2",0.00308045209385455,"Protein"
"OID20635","Factor2",0.00118923827540129,"Protein"
"OID20648","Factor2",0.00269766640849411,"Protein"
"OID20331","Factor2",0.000569304917007685,"Protein"
"OID21437","Factor2",0.0019436739385128,"Protein"
"OID21442","Factor2",-0.00349280680529773,"Protein"
"OID21369","Factor2",-0.000536468811333179,"Protein"
"OID20576","Factor2",-0.00230367528274655,"Protein"
"OID20636","Factor2",0.00130720774177462,"Protein"
"OID20162","Factor2",0.000512265018187463,"Protein"
"OID21381","Factor2",-0.00145365041680634,"Protein"
"OID20153","Factor2",-0.00232308683916926,"Protein"
"OID20732","Factor2",0.0045100306160748,"Protein"
"OID21024","Factor2",-0.00135397701524198,"Protein"
"OID21434","Factor2",0.00240974430926144,"Protein"
"OID20507","Factor2",-0.0020388844422996,"Protein"
"OID20137","Factor2",0.00262515875510871,"Protein"
"OID21042","Factor2",-0.000270431308308616,"Protein"
"OID21516","Factor2",0.00178744364529848,"Protein"
"OID20299","Factor2",0.0021329908631742,"Protein"
"OID21257","Factor2",0.00208031223155558,"Protein"
"OID21253","Factor2",0.000994346803054214,"Protein"
"OID20988","Factor2",0.00277809565886855,"Protein"
"OID21119","Factor2",-7.29762323317118e-05,"Protein"
"OID21038","Factor2",0.000391870038583875,"Protein"
"OID21091","Factor2",0.00076539849396795,"Protein"
"OID20597","Factor2",5.58526153326966e-05,"Protein"
"OID20179","Factor2",-0.00205780682154,"Protein"
"OID21168","Factor2",-4.66115307062864e-06,"Protein"
"OID21368","Factor2",-0.000528508215211332,"Protein"
"OID20738","Factor2",-0.00320757087320089,"Protein"
"OID20122","Factor2",2.46479812631151e-05,"Protein"
"OID20703","Factor2",-0.00150110991671681,"Protein"
"OID21436","Factor2",-0.00395308434963226,"Protein"
"OID21421","Factor2",-0.00187925668433309,"Protein"
"OID20589","Factor2",-0.0034819960128516,"Protein"
"OID20927","Factor2",-0.000404040678404272,"Protein"
"OID21418","Factor2",-0.00192327843979001,"Protein"
"OID21013","Factor2",0.00319448090158403,"Protein"
"OID20904","Factor2",0.000831847195513546,"Protein"
"OID20568","Factor2",0.00119670911226422,"Protein"
"OID20533","Factor2",0.000381889694835991,"Protein"
"OID20254","Factor2",0.00258814799599349,"Protein"
"OID21403","Factor2",0.000183531592483632,"Protein"
"OID21012","Factor2",0.00552572496235371,"Protein"
"OID21280","Factor2",-0.000108372667455114,"Protein"
"OID21187","Factor2",-0.00384924584068358,"Protein"
"OID21425","Factor2",0.00526062725111842,"Protein"
"OID20078","Factor2",0.00246393447741866,"Protein"
"OID20102","Factor2",0.00280739436857402,"Protein"
"OID21073","Factor2",-0.00350912008434534,"Protein"
"OID21428","Factor2",-5.5461405281676e-05,"Protein"
"OID20687","Factor2",0.000925379688851535,"Protein"
"OID20883","Factor2",0.00159160420298576,"Protein"
"OID21242","Factor2",0.00147127639502287,"Protein"
"OID20583","Factor2",0.000877536309417337,"Protein"
"OID21361","Factor2",0.000228788660024293,"Protein"
"OID21365","Factor2",-0.000305652269162238,"Protein"
"OID21419","Factor2",0.00286920322105289,"Protein"
"OID21498","Factor2",-0.00242660334333777,"Protein"
"OID20995","Factor2",0.000104261249362025,"Protein"
"OID21094","Factor2",-0.000257015082752332,"Protein"
"OID20715","Factor2",-0.00158461008686572,"Protein"
"OID20718","Factor2",-0.0057479995302856,"Protein"
"OID20960","Factor2",-0.00227013463154435,"Protein"
"OID20866","Factor2",-0.000959654222242534,"Protein"
"OID20986","Factor2",0.00171942880842835,"Protein"
"OID20152","Factor2",-0.000451466592494398,"Protein"
"OID20395","Factor2",0.00195294339209795,"Protein"
"OID21285","Factor2",0.00265643908642232,"Protein"
"OID20313","Factor2",0.0039274818263948,"Protein"
"OID20509","Factor2",-0.00451350072398782,"Protein"
"OID21255","Factor2",0.00260237837210298,"Protein"
"OID20141","Factor2",-0.000434813584433869,"Protein"
"OID20942","Factor2",-0.00192708114627749,"Protein"
"OID21466","Factor2",0.00141687016002834,"Protein"
"OID20215","Factor2",0.000714951253030449,"Protein"
"OID20923","Factor2",0.00229856814257801,"Protein"
"OID20752","Factor2",-0.000949586799833924,"Protein"
"OID20990","Factor2",-0.003137320978567,"Protein"
"OID21004","Factor2",0.00337250321172178,"Protein"
"OID20103","Factor2",0.00265116500668228,"Protein"
"OID20784","Factor2",0.000435948168160394,"Protein"
"OID20156","Factor2",0.00206968048587441,"Protein"
"OID20221","Factor2",-0.00239435280673206,"Protein"
"OID21410","Factor2",0.00275794067420065,"Protein"
"OID21225","Factor2",-0.00203002104535699,"Protein"
"OID21385","Factor2",-7.01392782502808e-05,"Protein"
"OID21155","Factor2",-0.00637052021920681,"Protein"
"OID20610","Factor2",0.00225723697803915,"Protein"
"OID20935","Factor2",-0.00392035627737641,"Protein"
"OID21327","Factor2",0.00413398165255785,"Protein"
"OID20748","Factor2",-0.000417976931203157,"Protein"
"OID20708","Factor2",-0.000336234574206173,"Protein"
"OID20567","Factor2",0.00567135121673346,"Protein"
"OID20647","Factor2",0.00470096198841929,"Protein"
"OID20968","Factor2",0.000108436921436805,"Protein"
"OID20383","Factor2",0.000624212087132037,"Protein"
"OID21036","Factor2",0.00362994079478085,"Protein"
"OID20978","Factor2",0.0015110521344468,"Protein"
"OID20327","Factor2",-0.00159144750796258,"Protein"
"OID20958","Factor2",0.00276838941499591,"Protein"
"OID20252","Factor2",-0.00227545201778412,"Protein"
"OID20642","Factor2",0.00086893979460001,"Protein"
"OID20205","Factor2",-0.00420054048299789,"Protein"
"OID21248","Factor2",0.000173885375261307,"Protein"
"OID21150","Factor2",-0.00284677883610129,"Protein"
"OID21111","Factor2",0.00384807051159441,"Protein"
"OID21121","Factor2",-0.000520453555509448,"Protein"
"OID20295","Factor2",-0.000125222984934226,"Protein"
"OID21281","Factor2",-0.00102532759774476,"Protein"
"OID20650","Factor2",0.00149443501140922,"Protein"
"OID20895","Factor2",-0.00392104219645262,"Protein"
"OID20459","Factor2",0.00134462083224207,"Protein"
"OID21457","Factor2",0.000221581693040207,"Protein"
"OID20485","Factor2",-0.00242541660554707,"Protein"
"OID20786","Factor2",-0.00460350932553411,"Protein"
"OID20859","Factor2",0.000675265968311578,"Protein"
"OID20298","Factor2",-0.00159911741502583,"Protein"
"OID21142","Factor2",-0.0030219298787415,"Protein"
"OID20744","Factor2",-0.00118871068116277,"Protein"
"OID20400","Factor2",-0.00714761996641755,"Protein"
"OID20344","Factor2",-0.00429741805419326,"Protein"
"OID20107","Factor2",-0.00317387841641903,"Protein"
"OID20762","Factor2",-0.00152970862109214,"Protein"
"OID21128","Factor2",-0.00289670820347965,"Protein"
"OID21313","Factor2",0.00110980065073818,"Protein"
"OID20985","Factor2",0.0068163676187396,"Protein"
"OID21021","Factor2",0.00237285625189543,"Protein"
"OID21513","Factor2",0.00303795398212969,"Protein"
"OID21486","Factor2",-0.00307748792693019,"Protein"
"OID20992","Factor2",0.00257917400449514,"Protein"
"OID20508","Factor2",-0.00364875933155417,"Protein"
"OID20276","Factor2",0.00220930832438171,"Protein"
"OID20975","Factor2",-0.000260785833233967,"Protein"
"OID21125","Factor2",-0.005831987131387,"Protein"
"OID21448","Factor2",-0.000735000241547823,"Protein"
"OID21477","Factor2",-0.00326469889841974,"Protein"
"OID21372","Factor2",0.0021893426310271,"Protein"
"OID20759","Factor2",3.39155994879548e-05,"Protein"
"OID21066","Factor2",0.0029207409825176,"Protein"
"OID20536","Factor2",-0.00319567159749568,"Protein"
"OID21198","Factor2",-0.00185899622738361,"Protein"
"OID21427","Factor2",-0.00126077141612768,"Protein"
"OID21075","Factor2",-0.00254382565617561,"Protein"
"OID20886","Factor2",-0.00160178798250854,"Protein"
"OID20674","Factor2",0.000536112056579441,"Protein"
"OID21034","Factor2",0.00241459044627845,"Protein"
"OID20749","Factor2",0.00444336654618382,"Protein"
"OID21328","Factor2",0.000492914114147425,"Protein"
"OID20722","Factor2",0.000439572933828458,"Protein"
"OID20617","Factor2",0.000270242162514478,"Protein"
"OID21463","Factor2",0.00140926707535982,"Protein"
"OID20226","Factor2",0.00411473168060184,"Protein"
"OID20561","Factor2",-0.00178182008676231,"Protein"
"OID21141","Factor2",-0.00150740903336555,"Protein"
"OID20474","Factor2",1.41181126309675e-05,"Protein"
"OID20999","Factor2",-0.00201865332201123,"Protein"
"OID21304","Factor2",0.00371972541324794,"Protein"
"OID20552","Factor2",-0.00427322881296277,"Protein"
"OID20961","Factor2",-0.0015929420478642,"Protein"
"OID20197","Factor2",-0.00123343523591757,"Protein"
"OID21481","Factor2",-0.00268226047046483,"Protein"
"OID21431","Factor2",0.0046046357601881,"Protein"
"OID20408","Factor2",-6.74498005537316e-05,"Protein"
"OID20478","Factor2",-0.00116373621858656,"Protein"
"OID20782","Factor2",-0.00256276363506913,"Protein"
"OID20392","Factor2",-0.000235371335293166,"Protein"
"OID20368","Factor2",-0.000796528300270438,"Protein"
"OID20425","Factor2",-0.00161862361710519,"Protein"
"OID20522","Factor2",-0.00170238234568387,"Protein"
"OID21112","Factor2",-0.00189327099360526,"Protein"
"OID21522","Factor2",0.0041090901941061,"Protein"
"OID20286","Factor2",0.00142505171243101,"Protein"
"OID20293","Factor2",-0.000277745915809646,"Protein"
"OID20966","Factor2",0.00472273118793964,"Protein"
"OID20308","Factor2",0.000752372317947447,"Protein"
"OID20743","Factor2",0.0013365593040362,"Protein"
"OID21259","Factor2",0.0018869370687753,"Protein"
"OID20496","Factor2",-1.84545660886215e-05,"Protein"
"OID20839","Factor2",0.00149489403702319,"Protein"
"OID21040","Factor2",0.00577954854816198,"Protein"
"OID21244","Factor2",-0.000340213271556422,"Protein"
"OID20641","Factor2",0.000609652255661786,"Protein"
"OID20783","Factor2",-0.0024563604965806,"Protein"
"OID21445","Factor2",-0.000520072528161108,"Protein"
"OID20955","Factor2",0.00264531699940562,"Protein"
"OID21310","Factor2",0.00215523922815919,"Protein"
"OID20996","Factor2",0.00105863437056541,"Protein"
"OID20543","Factor2",-0.00242582941427827,"Protein"
"OID20669","Factor2",-0.000407677405746654,"Protein"
"OID20587","Factor2",-0.000548739393707365,"Protein"
"OID20379","Factor2",0.00450074160471559,"Protein"
"OID20217","Factor2",-0.00296562979929149,"Protein"
"OID20505","Factor2",0.00460039218887687,"Protein"
"OID20085","Factor2",0.00113753310870379,"Protein"
"OID20973","Factor2",0.00446046888828278,"Protein"
"OID20979","Factor2",-0.00359677732922137,"Protein"
"OID20666","Factor2",0.0038159592077136,"Protein"
"OID20570","Factor2",-0.00322594703175128,"Protein"
"OID21041","Factor2",0.00037547163083218,"Protein"
"OID21501","Factor2",-0.00321279256604612,"Protein"
"OID20963","Factor2",0.000287838920485228,"Protein"
"OID21342","Factor2",-0.00253394455648959,"Protein"
"OID20144","Factor2",-0.000238904045545496,"Protein"
"OID20887","Factor2",0.00131042127031833,"Protein"
"OID21454","Factor2",0.00176701403688639,"Protein"
"OID20854","Factor2",0.00324205355718732,"Protein"
"OID21087","Factor2",0.000869087409228086,"Protein"
"OID20294","Factor2",-0.0049365758895874,"Protein"
"OID20398","Factor2",-0.001686000963673,"Protein"
"OID21444","Factor2",0.00270211789757013,"Protein"
"OID20630","Factor2",0.00387247418984771,"Protein"
"OID20247","Factor2",-0.00119921925943345,"Protein"
"OID20378","Factor2",-0.00229386962018907,"Protein"
"OID21295","Factor2",0.00276391580700874,"Protein"
"OID21193","Factor2",0.00104863895103335,"Protein"
"OID20912","Factor2",0.000688489701133221,"Protein"
"OID21026","Factor2",-0.00307433702982962,"Protein"
"OID20620","Factor2",-0.00282700848765671,"Protein"
"OID21179","Factor2",0.00200755568221211,"Protein"
"OID20510","Factor2",-0.00194451655261219,"Protein"
"OID20653","Factor2",0.00716450624167919,"Protein"
"OID20980","Factor2",0.00294397003017366,"Protein"
"OID20655","Factor2",0.00353226670995355,"Protein"
"OID20623","Factor2",-0.0029218983836472,"Protein"
"OID20572","Factor2",0.0045063360594213,"Protein"
"OID20413","Factor2",0.000217352295294404,"Protein"
"OID20686","Factor2",0.00411516102030873,"Protein"
"OID21133","Factor2",0.00317897112108767,"Protein"
"OID20695","Factor2",0.00203065993264318,"Protein"
"OID21246","Factor2",-0.00152649206575006,"Protein"
"OID21215","Factor2",0.000223158232984133,"Protein"
"OID21129","Factor2",-0.00192031892947853,"Protein"
"OID21324","Factor2",1.11910412670113e-05,"Protein"
"OID20234","Factor2",-0.000134991918457672,"Protein"
"OID20324","Factor2",-0.0026894963812083,"Protein"
"OID21086","Factor2",-0.00318239931948483,"Protein"
"OID21015","Factor2",-0.00458330428227782,"Protein"
"OID20870","Factor2",-0.00187442207243294,"Protein"
"OID20355","Factor2",-0.00200052000582218,"Protein"
"OID21068","Factor2",0.000189862912520766,"Protein"
"OID20691","Factor2",-0.00250730104744434,"Protein"
"OID21050","Factor2",-0.00222174404188991,"Protein"
"OID20622","Factor2",0.00184125988744199,"Protein"
"OID20962","Factor2",-1.12728839667398e-05,"Protein"
"OID20604","Factor2",-0.000585032219532877,"Protein"
"OID20404","Factor2",-0.00245587807148695,"Protein"
"OID20223","Factor2",0.000886947615072131,"Protein"
"OID20534","Factor2",0.00348897161893547,"Protein"
"OID20106","Factor2",0.00137559231370687,"Protein"
"OID20222","Factor2",-0.00203463272191584,"Protein"
"OID20259","Factor2",-0.000335650227498263,"Protein"
"OID20766","Factor2",0.000236280044191517,"Protein"
"OID20216","Factor2",0.00253115873783827,"Protein"
"OID20339","Factor2",0.000372717098798603,"Protein"
"OID20232","Factor2",-0.000982484314590693,"Protein"
"OID20739","Factor2",-0.00207140645943582,"Protein"
"OID20328","Factor2",-0.00165861414279789,"Protein"
"OID20768","Factor2",-0.00304581713862717,"Protein"
"OID20195","Factor2",-0.000729587627574801,"Protein"
"OID20445","Factor2",-0.00300995586439967,"Protein"
"OID20108","Factor2",0.00230498937889934,"Protein"
"OID20500","Factor2",0.00270401523448527,"Protein"
"OID21145","Factor2",-0.000477686146041378,"Protein"
"OID21216","Factor2",-0.000363497587386519,"Protein"
"OID20731","Factor2",0.00177355320192873,"Protein"
"OID20658","Factor2",-0.00413309410214424,"Protein"
"OID20967","Factor2",-0.00199223961681128,"Protein"
"OID21235","Factor2",-0.000782184128183872,"Protein"
"OID21103","Factor2",0.00169946020469069,"Protein"
"OID21005","Factor2",-0.00159282761160284,"Protein"
"OID21397","Factor2",0.00125920271966606,"Protein"
"OID20151","Factor2",0.00229909527115524,"Protein"
"OID21490","Factor2",-0.00077767571201548,"Protein"
"OID20832","Factor2",0.00247172592207789,"Protein"
"OID21493","Factor2",-0.000422510900534689,"Protein"
"OID21037","Factor2",0.00266738422214985,"Protein"
"OID21229","Factor2",-0.000272431410849094,"Protein"
"OID20926","Factor2",0.00339680747129023,"Protein"
"OID21247","Factor2",-0.000457740970887244,"Protein"
"OID21083","Factor2",-0.00197631283663213,"Protein"
"OID20753","Factor2",-0.00262202438898385,"Protein"
"OID20338","Factor2",-0.0002581657608971,"Protein"
"OID21192","Factor2",0.00279541662894189,"Protein"
"OID21160","Factor2",0.0013615827774629,"Protein"
"OID21218","Factor2",0.00138893211260438,"Protein"
"OID20375","Factor2",0.00186263839714229,"Protein"
"OID20079","Factor2",0.00190497643779963,"Protein"
"OID21053","Factor2",3.06928814097773e-05,"Protein"
"OID20919","Factor2",-0.000383153004804626,"Protein"
"OID20171","Factor2",-0.00447025103494525,"Protein"
"OID20693","Factor2",0.00131277716718614,"Protein"
"OID20600","Factor2",-0.000700342643540353,"Protein"
"OID20484","Factor2",-0.00130057660862803,"Protein"
"OID21058","Factor2",-0.00347231654450297,"Protein"
"OID20638","Factor2",0.00140673480927944,"Protein"
"OID21132","Factor2",0.00252346461638808,"Protein"
"OID20823","Factor2",-0.00188847898971289,"Protein"
"OID20917","Factor2",0.00284214573912323,"Protein"
"OID20780","Factor2",-0.00485523091629148,"Protein"
"OID21384","Factor2",0.00146856287028641,"Protein"
"OID21441","Factor2",-0.00114134885370731,"Protein"
"OID20751","Factor2",0.00212704064324498,"Protein"
"OID21064","Factor2",0.0048861769028008,"Protein"
"OID21110","Factor2",-0.000679168559145182,"Protein"
"OID20827","Factor2",0.00146763527300209,"Protein"
"OID21185","Factor2",0.00101406872272491,"Protein"
"OID20091","Factor2",0.00104982033371925,"Protein"
"OID20867","Factor2",-0.00092314014909789,"Protein"
"OID20677","Factor2",0.00032984183053486,"Protein"
"OID20934","Factor2",0.00128523411694914,"Protein"
"OID21271","Factor2",-0.00367113086394966,"Protein"
"OID20126","Factor2",0.00929158180952072,"Protein"
"OID21414","Factor2",0.00152090075425804,"Protein"
"OID20333","Factor2",-3.61120764864609e-05,"Protein"
"OID20386","Factor2",-0.00106916099321097,"Protein"
"OID20418","Factor2",0.00145435146987438,"Protein"
"OID20872","Factor2",-0.00188035261817276,"Protein"
"OID20261","Factor2",-4.07639890909195e-05,"Protein"
"OID21227","Factor2",-0.000765234522987157,"Protein"
"OID21010","Factor2",-0.00096125400159508,"Protein"
"OID20165","Factor2",-0.00318125681951642,"Protein"
"OID20660","Factor2",-0.00095629203133285,"Protein"
"OID20512","Factor2",-0.000837352592498064,"Protein"
"OID20467","Factor2",-0.00120020553003997,"Protein"
"OID20455","Factor2",-0.000656261923722923,"Protein"
"OID20735","Factor2",0.00146060134284198,"Protein"
"OID21001","Factor2",0.00632777763530612,"Protein"
"OID21137","Factor2",-0.00309691880829632,"Protein"
"OID20727","Factor2",0.00105882505886257,"Protein"
"OID21432","Factor2",0.00204081181436777,"Protein"
"OID20278","Factor2",0.00041448773117736,"Protein"
"OID20167","Factor2",-0.00494158500805497,"Protein"
"OID20188","Factor2",0.000785231415648013,"Protein"
"OID21480","Factor2",0.00074022525222972,"Protein"
"OID20340","Factor2",0.00021215106244199,"Protein"
"OID20922","Factor2",0.000849714153446257,"Protein"
"OID21219","Factor2",-0.00118425791151822,"Protein"
"OID20228","Factor2",-0.000707527797203511,"Protein"
"OID20771","Factor2",-0.000199270769371651,"Protein"
"OID20664","Factor2",0.00273805623874068,"Protein"
"OID20930","Factor2",0.00153662485536188,"Protein"
"OID20237","Factor2",-0.000521988782566041,"Protein"
"OID20770","Factor2",-0.00177517614793032,"Protein"
"OID21275","Factor2",-0.000893823686055839,"Protein"
"OID20240","Factor2",-0.00350434333086014,"Protein"
"OID21317","Factor2",0.000564345740713179,"Protein"
"OID20721","Factor2",0.000790676625911146,"Protein"
"OID21008","Factor2",0.00189422210678458,"Protein"
"OID21201","Factor2",-0.000814053229987621,"Protein"
"OID21220","Factor2",0.00033661795896478,"Protein"
"OID20730","Factor2",-0.00179166556335986,"Protein"
"OID21114","Factor2",-0.00230908789671957,"Protein"
"OID20709","Factor2",0.000549839925952256,"Protein"
"OID20272","Factor2",0.000738158065360039,"Protein"
"OID20429","Factor2",-0.000447461614385247,"Protein"
"OID21283","Factor2",-0.000814956903923303,"Protein"
"OID21355","Factor2",-0.000367860891856253,"Protein"
"OID21519","Factor2",0.000542455876711756,"Protein"
"OID20096","Factor2",-0.00121364928781986,"Protein"
"OID20940","Factor2",0.00498064002022147,"Protein"
"OID20764","Factor2",-0.000247775460593402,"Protein"
"OID20812","Factor2",0.000680462515447289,"Protein"
"OID20673","Factor2",0.00121801882050931,"Protein"
"OID21175","Factor2",-0.000985662685707211,"Protein"
"OID21291","Factor2",0.00125368230510503,"Protein"
"OID20183","Factor2",0.0033099555876106,"Protein"
"OID20113","Factor2",0.000304295419482514,"Protein"
"OID21288","Factor2",0.000187492521945387,"Protein"
"OID21470","Factor2",-0.00418422417715192,"Protein"
"OID20893","Factor2",-0.0037422263994813,"Protein"
"OID20191","Factor2",-0.00135700334794819,"Protein"
"OID20494","Factor2",0.00317473616451025,"Protein"
"OID20053","Factor2",0.00263356743380427,"Protein"
"OID21002","Factor2",0.00163833424448967,"Protein"
"OID20129","Factor2",-0.00024044667952694,"Protein"
"OID20087","Factor2",0.000675038259942085,"Protein"
"OID20953","Factor2",0.0012381587876007,"Protein"
"OID20667","Factor2",-0.00076208810787648,"Protein"
"OID20913","Factor2",0.000688649597577751,"Protein"
"OID21465","Factor2",0.00287704006768763,"Protein"
"OID20605","Factor2",0.00149546551983804,"Protein"
"OID20725","Factor2",-0.00167839706409723,"Protein"
"OID20405","Factor2",0.000722712895367295,"Protein"
"OID20061","Factor2",-0.0020819257479161,"Protein"
"OID21018","Factor2",0.000160590323503129,"Protein"
"OID20297","Factor2",0.00473532779142261,"Protein"
"OID21206","Factor2",-0.00199949601665139,"Protein"
"OID20239","Factor2",0.00257863663136959,"Protein"
"OID21398","Factor2",0.00174350140150636,"Protein"
"OID21321","Factor2",0.00140439521055669,"Protein"
"OID20456","Factor2",-0.00130783056374639,"Protein"
"OID20976","Factor2",0.000764342898037285,"Protein"
"OID21209","Factor2",-0.000511082645971328,"Protein"
"OID20824","Factor2",0.00348237250000238,"Protein"
"OID20275","Factor2",0.00160540430806577,"Protein"
"OID21494","Factor2",-0.000373891612980515,"Protein"
"OID21299","Factor2",0.00416270224377513,"Protein"
"OID20590","Factor2",7.19993404345587e-05,"Protein"
"OID20384","Factor2",0.000656886317301542,"Protein"
"OID21049","Factor2",0.00161854294128716,"Protein"
"OID20174","Factor2",0.00310982507653534,"Protein"
"OID21067","Factor2",-0.000774263113271445,"Protein"
"OID20489","Factor2",0.00187437562271953,"Protein"
"OID21243","Factor2",-2.23592578549869e-05,"Protein"
"OID21077","Factor2",0.00143514084629714,"Protein"
"OID21270","Factor2",0.00110676197800785,"Protein"
"OID21337","Factor2",-0.00143368565477431,"Protein"
"OID20196","Factor2",0.00126135523896664,"Protein"
"OID20121","Factor2",0.000913053750991821,"Protein"
"OID21262","Factor2",0.0014233865076676,"Protein"
"OID20537","Factor2",0.00168986956123263,"Protein"
"OID20296","Factor2",-0.000372164649888873,"Protein"
"OID21509","Factor2",-0.000680704892147332,"Protein"
"OID20921","Factor2",0.00060480844695121,"Protein"
"OID21406","Factor2",0.00135369866620749,"Protein"
"OID21084","Factor2",0.00297870207577944,"Protein"
"OID20951","Factor2",-0.000114860238682013,"Protein"
"OID20491","Factor2",0.000938881712500006,"Protein"
"OID20777","Factor2",0.0018176770536229,"Protein"
"OID21472","Factor2",-0.000380252924514934,"Protein"
"OID20304","Factor2",-0.00160219322424382,"Protein"
"OID21011","Factor2",-0.00222071935422719,"Protein"
"OID20488","Factor2",-0.00247615319676697,"Protein"
"OID20155","Factor2",0.00233769486658275,"Protein"
"OID21171","Factor2",0.00158675026614219,"Protein"
"OID20176","Factor2",0.00389678520150483,"Protein"
"OID20540","Factor2",-0.000296365265967324,"Protein"
"OID21059","Factor2",0.00159474252723157,"Protein"
"OID21401","Factor2",-0.000189915677765384,"Protein"
"OID20972","Factor2",0.00125288206618279,"Protein"
"OID21162","Factor2",0.00101589108817279,"Protein"
"OID21063","Factor2",0.000639254343695939,"Protein"
"OID21435","Factor2",0.00157344783656299,"Protein"
"OID21316","Factor2",0.00216819066554308,"Protein"
"OID21336","Factor2",0.00259278737939894,"Protein"
"OID21471","Factor2",3.95201022911351e-05,"Protein"
"OID20427","Factor2",-0.000447261991212144,"Protein"
"OID20750","Factor2",-0.00116656348109245,"Protein"
"OID20763","Factor2",0.00506771681830287,"Protein"
"OID21331","Factor2",0.00476294569671154,"Protein"
"OID20424","Factor2",-0.00225587771274149,"Protein"
"OID21046","Factor2",0.00355811254121363,"Protein"
"OID21352","Factor2",0.00159977993462235,"Protein"
"OID20792","Factor2",-0.00179701601155102,"Protein"
"OID21027","Factor2",0.000782353803515434,"Protein"
"OID20822","Factor2",0.00234458642080426,"Protein"
"OID20680","Factor2",-0.000419757212512195,"Protein"
"OID20329","Factor2",0.000554405967704952,"Protein"
"OID21170","Factor2",0.00022935593733564,"Protein"
"OID20585","Factor2",-0.000781618116889149,"Protein"
"OID20114","Factor2",-0.00130283844191581,"Protein"
"OID20557","Factor2",0.000166425699717365,"Protein"
"OID20864","Factor2",-0.000457907415693626,"Protein"
"OID20077","Factor2",-0.00216526817530394,"Protein"
"OID21315","Factor2",0.0010605042334646,"Protein"
"OID20382","Factor2",0.00116822950076312,"Protein"
"OID20633","Factor2",0.00376251060515642,"Protein"
"OID21238","Factor2",-0.00145739794243127,"Protein"
"OID20932","Factor2",0.00204228656366467,"Protein"
"OID20694","Factor2",-2.16987009480363e-05,"Protein"
"OID20264","Factor2",-0.00167767994571477,"Protein"
"OID21524","Factor2",0.00264346995390952,"Protein"
"OID21447","Factor2",0.00225209048949182,"Protein"
"OID21138","Factor2",-0.00048530675121583,"Protein"
"OID21172","Factor2",0.00207501044496894,"Protein"
"OID21389","Factor2",0.000640982878394425,"Protein"
"OID21115","Factor2",-0.00196077604778111,"Protein"
"OID20211","Factor2",-0.00456564407795668,"Protein"
"OID20279","Factor2",0.0028636681381613,"Protein"
"OID20569","Factor2",-0.00175855739507824,"Protein"
"OID20142","Factor2",0.00152950058691204,"Protein"
"OID20613","Factor2",0.000597571954131126,"Protein"
"OID20710","Factor2",0.000117733994557057,"Protein"
"OID20807","Factor2",-0.00157579896040261,"Protein"
"OID20713","Factor2",0.00136965280398726,"Protein"
"OID20148","Factor2",0.0011589874047786,"Protein"
"OID20632","Factor2",0.00431973533704877,"Protein"
"OID21438","Factor2",-2.12351769732777e-05,"Protein"
"OID21440","Factor2",0.00312472926452756,"Protein"
"OID20549","Factor2",0.000520202273037285,"Protein"
"OID20115","Factor2",8.65877154865302e-05,"Protein"
"OID21241","Factor2",-0.000335056887706742,"Protein"
"OID21529","Factor2",0.0035071384627372,"Protein"
"OID21374","Factor2",0.0048928614705801,"Protein"
"OID20154","Factor2",0.000644791987724602,"Protein"
"OID20480","Factor2",-7.67814854043536e-05,"Protein"
"OID20767","Factor2",0.00294901640154421,"Protein"
"OID21135","Factor2",-0.00264148693531752,"Protein"
"OID20320","Factor2",-0.000763828167691827,"Protein"
"OID20242","Factor2",-0.00216525024734437,"Protein"
"OID20602","Factor2",0.00105205911677331,"Protein"
"OID20282","Factor2",-0.00507099227979779,"Protein"
"OID21189","Factor2",4.21507029386703e-05,"Protein"
"OID20652","Factor2",-0.00299466773867607,"Protein"
"OID20454","Factor2",-0.00210372288711369,"Protein"
"OID20302","Factor2",-0.00121794524602592,"Protein"
"OID20676","Factor2",-0.00208541820757091,"Protein"
"OID21079","Factor2",0.00293985800817609,"Protein"
"OID20828","Factor2",0.00159687257837504,"Protein"
"OID21423","Factor2",0.000727045640815049,"Protein"
"OID20535","Factor2",0.00174228276591748,"Protein"
"OID21344","Factor2",-0.00219554826617241,"Protein"
"OID20451","Factor2",-0.000993866939097643,"Protein"
"OID21278","Factor2",0.00159404648002237,"Protein"
"OID20070","Factor2",0.000304037035675719,"Protein"
"OID20529","Factor2",0.00206079613417387,"Protein"
"OID20314","Factor2",1.56062051246408e-05,"Protein"
"OID21346","Factor2",0.000708992825821042,"Protein"
"OID20476","Factor2",0.000856279919389635,"Protein"
"OID20765","Factor2",0.00154600921086967,"Protein"
"OID20915","Factor2",-0.000887079862877727,"Protein"
"OID20538","Factor2",0.00076026568422094,"Protein"
"OID21360","Factor2",0.00184887205250561,"Protein"
"OID20562","Factor2",-0.00274122692644596,"Protein"
"OID21405","Factor2",-0.00198321440257132,"Protein"
"OID20774","Factor2",-0.00166131812147796,"Protein"
"OID20661","Factor2",0.00380073930136859,"Protein"
"OID20639","Factor2",0.00108345074113458,"Protein"
"OID20267","Factor2",0.00101638271007687,"Protein"
"OID20936","Factor2",0.00151777092833072,"Protein"
"OID21433","Factor2",0.00205073016695678,"Protein"
"OID20804","Factor2",-0.00111622817348689,"Protein"
"OID21152","Factor2",-0.000508616911247373,"Protein"
"OID20084","Factor2",-0.00371566228568554,"Protein"
"OID20881","Factor2",0.000375853065634146,"Protein"
"OID20612","Factor2",0.00253860233351588,"Protein"
"OID21460","Factor2",0.00202784966677427,"Protein"
"OID20316","Factor2",0.00221650954335928,"Protein"
"OID20373","Factor2",-0.000883092172443867,"Protein"
"OID21174","Factor2",0.000276884122285992,"Protein"
"OID20140","Factor2",-5.56458053324604e-06,"Protein"
"OID20781","Factor2",-0.00569231156259775,"Protein"
"OID20811","Factor2",-0.000891083560418338,"Protein"
"OID20497","Factor2",0.000497503962833434,"Protein"
"OID21407","Factor2",0.000455407483968884,"Protein"
"OID20547","Factor2",0.0014448476722464,"Protein"
"OID20857","Factor2",-0.00220031221397221,"Protein"
"OID20401","Factor2",-3.91462453990243e-05,"Protein"
"OID21517","Factor2",0.00285493256524205,"Protein"
"OID20530","Factor2",0.0031370515935123,"Protein"
"OID21236","Factor2",0.0022180275991559,"Protein"
"OID21412","Factor2",-0.00143714004661888,"Protein"
"OID20391","Factor2",-0.00136008765548468,"Protein"
"OID20458","Factor2",0.000908521469682455,"Protein"
"OID21404","Factor2",-1.28515684991726e-05,"Protein"
"OID21394","Factor2",0.00338233355432749,"Protein"
"OID21514","Factor2",-0.00142430537380278,"Protein"
"OID20662","Factor2",0.00203598849475384,"Protein"
"OID21286","Factor2",0.00177343538962305,"Protein"
"OID20884","Factor2",0.00263743195682764,"Protein"
"OID21456","Factor2",-0.000252167781582102,"Protein"
"OID21196","Factor2",-0.000598042155615985,"Protein"
"OID20599","Factor2",0.00091116240946576,"Protein"
"OID21134","Factor2",-0.00085002527339384,"Protein"
"OID20690","Factor2",-3.530189758294e-07,"Protein"
"OID20720","Factor2",0.00393838668242097,"Protein"
"OID20581","Factor2",0.00145296892151237,"Protein"
"OID20848","Factor2",0.000851582153700292,"Protein"
"OID21339","Factor2",0.00126391847152263,"Protein"
"OID20394","Factor2",0.00164728215895593,"Protein"
"OID20888","Factor2",0.00206628628075123,"Protein"
"OID20290","Factor2",0.00146065501030535,"Protein"
"OID20362","Factor2",-0.00285596889443696,"Protein"
"OID21055","Factor2",0.00016139198851306,"Protein"
"OID20071","Factor2",-0.00274893082678318,"Protein"
"OID20941","Factor2",-0.000704778009094298,"Protein"
"OID21468","Factor2",0.00162241153884679,"Protein"
"OID20878","Factor2",-0.00025378615828231,"Protein"
"OID20834","Factor2",-0.000914385018404573,"Protein"
"OID20414","Factor2",0.000926501641515642,"Protein"
"OID21359","Factor2",0.00305377575568855,"Protein"
"OID20702","Factor2",0.000515680818352848,"Protein"
"OID21161","Factor2",-0.00211324752308428,"Protein"
"OID20168","Factor2",0.000512518512550741,"Protein"
"OID21301","Factor2",-0.0017047404544428,"Protein"
"OID20556","Factor2",5.93156437389553e-05,"Protein"
"OID21231","Factor2",-0.00245110620744526,"Protein"
"OID20525","Factor2",-0.00104239769279957,"Protein"
"OID20806","Factor2",-0.00160713167861104,"Protein"
"OID20502","Factor2",0.00378241646103561,"Protein"
"OID20332","Factor2",-0.00128843577113003,"Protein"
"OID20668","Factor2",0.00142376683652401,"Protein"
"OID20208","Factor2",-0.000539300322998315,"Protein"
"OID20265","Factor2",-2.71151402557734e-05,"Protein"
"OID21400","Factor2",-0.00110726116690785,"Protein"
"OID21518","Factor2",0.00250834692269564,"Protein"
"OID20348","Factor2",0.00311292451806366,"Protein"
"OID20447","Factor2",-0.0026312277186662,"Protein"
"OID20566","Factor2",0.00327611062675714,"Protein"
"OID21318","Factor2",-0.00267474353313446,"Protein"
"OID20352","Factor2",0.000855354533996433,"Protein"
"OID20442","Factor2",-0.00040092712151818,"Protein"
"OID21458","Factor2",-0.00116464239545166,"Protein"
"OID20473","Factor2",0.00216619693674147,"Protein"
"OID21147","Factor2",0.000483426119899377,"Protein"
"OID20855","Factor2",-0.000928365741856396,"Protein"
"OID21122","Factor2",-0.000342934421496466,"Protein"
"OID21023","Factor2",-0.00120698800310493,"Protein"
"OID20493","Factor2",0.00232759886421263,"Protein"
"OID20852","Factor2",-0.00327037880197167,"Protein"
"OID21429","Factor2",-0.000485758093418553,"Protein"
"OID21102","Factor2",-0.000748417747672647,"Protein"
"OID20629","Factor2",0.003332010935992,"Protein"
"OID21070","Factor2",0.00376475695520639,"Protein"
"OID20281","Factor2",1.71342196608748e-06,"Protein"
"OID20651","Factor2",0.0033021850977093,"Protein"
"OID21228","Factor2",0.00175555539317429,"Protein"
"OID20393","Factor2",0.00468134693801403,"Protein"
"OID20624","Factor2",-0.000161138610565104,"Protein"
"OID21090","Factor2",0.00156009464990348,"Protein"
"OID21096","Factor2",0.00122894556261599,"Protein"
"OID21194","Factor2",0.00456825457513332,"Protein"
"OID20410","Factor2",-0.00333251105621457,"Protein"
"OID21525","Factor2",-0.00281880307011306,"Protein"
"OID20229","Factor2",-0.000926835113205016,"Protein"
"OID20185","Factor2",-0.0027392755728215,"Protein"
"OID20131","Factor2",-0.000460340030258521,"Protein"
"OID20719","Factor2",-0.00130648701451719,"Protein"
"OID20974","Factor2",0.00240932730957866,"Protein"
"OID20170","Factor2",-0.00135781662538648,"Protein"
"OID20231","Factor2",0.00208823359571397,"Protein"
"OID20897","Factor2",-0.00244096876122057,"Protein"
"OID21526","Factor2",-0.000655564712360501,"Protein"
"OID20416","Factor2",0.00010585106065264,"Protein"
"OID20654","Factor2",-0.00186904252041131,"Protein"
"OID20236","Factor2",-0.000163072909344919,"Protein"
"OID21165","Factor2",0.00104346685111523,"Protein"
"OID21424","Factor2",-0.00182452832814306,"Protein"
"OID21308","Factor2",-0.000652054906822741,"Protein"
"OID20388","Factor2",0.000222435046453029,"Protein"
"OID20994","Factor2",0.00239611696451902,"Protein"
"OID20747","Factor2",0.000761166156735271,"Protein"
"OID20346","Factor2",-0.000382237980375066,"Protein"
"OID21362","Factor2",-0.00141309970058501,"Protein"
"OID21345","Factor2",0.00455518951639533,"Protein"
"OID20621","Factor2",0.00306664686650038,"Protein"
"OID20076","Factor2",-0.000913482159376144,"Protein"
"OID21303","Factor2",-0.000916193588636816,"Protein"
"OID20835","Factor2",-0.000548548821825534,"Protein"
"OID20948","Factor2",0.00150767678860575,"Protein"
"OID20565","Factor2",0.00443275365978479,"Protein"
"OID20397","Factor2",0.00421011541038752,"Protein"
"OID20235","Factor2",-0.000657270895317197,"Protein"
"OID20255","Factor2",0.000441399723058566,"Protein"
"OID20367","Factor2",-0.00150743557605892,"Protein"
"OID20982","Factor2",0.00357812829315662,"Protein"
"OID20611","Factor2",0.00222687446512282,"Protein"
"OID20706","Factor2",-0.000373671005945653,"Protein"
"OID20773","Factor2",-0.000973217480350286,"Protein"
"OID20270","Factor2",0.00532795349135995,"Protein"
"OID20199","Factor2",-0.0043314597569406,"Protein"
"OID20377","Factor2",-0.00135088397655636,"Protein"
"OID20555","Factor2",-0.00140126422047615,"Protein"
"OID21240","Factor2",0.000555197184439749,"Protein"
"OID21130","Factor2",-0.00190492509864271,"Protein"
"OID21028","Factor2",-5.03842020407319e-05,"Protein"
"OID20531","Factor2",-0.000678251381032169,"Protein"
"OID20130","Factor2",0.00280214101076126,"Protein"
"OID20133","Factor2",-0.00044007902033627,"Protein"
"OID20481","Factor2",6.73350878059864e-05,"Protein"
"OID20238","Factor2",0.000975984439719468,"Protein"
"OID20358","Factor2",-0.000759862596169114,"Protein"
"OID21322","Factor2",-0.00198415969498456,"Protein"
"OID20194","Factor2",0.00191858096513897,"Protein"
"OID20353","Factor2",-0.00199739262461662,"Protein"
"OID20145","Factor2",0.00289830286055803,"Protein"
"OID20132","Factor2",0.00235760328359902,"Protein"
"OID21353","Factor2",0.00160464062355459,"Protein"
"OID21230","Factor2",-0.00218376307748258,"Protein"
"OID20513","Factor2",0.00320998672395945,"Protein"
"OID20082","Factor2",-0.00161030155140907,"Protein"
"OID21136","Factor2",0.000475807901239023,"Protein"
"OID20380","Factor2",0.000699378957506269,"Protein"
"OID20914","Factor2",0.00308918440714478,"Protein"
"OID20204","Factor2",-0.000525151030160487,"Protein"
"OID20637","Factor2",0.00263525429181755,"Protein"
"OID20464","Factor2",0.00123746413737535,"Protein"
"OID20957","Factor2",0.00247370987199247,"Protein"
"OID21052","Factor2",-0.00109489355236292,"Protein"
"OID20213","Factor2",0.00113969936501235,"Protein"
"OID21366","Factor2",-0.00137306889519095,"Protein"
"OID20733","Factor2",0.00147695792838931,"Protein"
"OID21252","Factor2",0.00168667722027749,"Protein"
"OID20755","Factor2",0.00050437095342204,"Protein"
"OID20360","Factor2",-6.26657129032537e-05,"Protein"
"OID20172","Factor2",0.00250987848266959,"Protein"
"OID21474","Factor2",0.00284824683330953,"Protein"
"OID20337","Factor2",0.00196571392007172,"Protein"
"OID20487","Factor2",0.000589085568208247,"Protein"
"OID20374","Factor2",-0.00164604152087122,"Protein"
"OID20754","Factor2",0.00184827763587236,"Protein"
"OID20575","Factor2",-0.000261909503024071,"Protein"
"OID20909","Factor2",0.000646282394882292,"Protein"
"OID20626","Factor2",0.00132452708203346,"Protein"
"OID20396","Factor2",-0.000183988770004362,"Protein"
"OID20462","Factor2",0.00219435780309141,"Protein"
"OID20775","Factor3",0.0161495059728622,"Protein"
"OID20984","Factor3",-0.0680009126663208,"Protein"
"OID20083","Factor3",-0.0236107222735882,"Protein"
"OID21402","Factor3",-0.147615537047386,"Protein"
"OID20911","Factor3",-0.0415598079562187,"Protein"
"OID20850","Factor3",0.402709543704987,"Protein"
"OID20101","Factor3",-0.0429077818989754,"Protein"
"OID21140","Factor3",0.388209342956543,"Protein"
"OID20563","Factor3",-0.0393427833914757,"Protein"
"OID20125","Factor3",-0.252146303653717,"Protein"
"OID21485","Factor3",-0.0451877564191818,"Protein"
"OID21276","Factor3",-0.0403749980032444,"Protein"
"OID20594","Factor3",0.39741313457489,"Protein"
"OID20779","Factor3",0.369149744510651,"Protein"
"OID20983","Factor3",-0.129224881529808,"Protein"
"OID20643","Factor3",0.368507623672485,"Protein"
"OID20049","Factor3",-0.200445875525475,"Protein"
"OID20312","Factor3",-0.0533744283020496,"Protein"
"OID20246","Factor3",-0.196747198700905,"Protein"
"OID20495","Factor3",0.0255274381488562,"Protein"
"OID21031","Factor3",0.393913775682449,"Protein"
"OID20778","Factor3",-0.203571572899818,"Protein"
"OID20127","Factor3",0.396021783351898,"Protein"
"OID20274","Factor3",-0.0153183666989207,"Protein"
"OID21373","Factor3",-0.109304003417492,"Protein"
"OID20559","Factor3",0.38741934299469,"Protein"
"OID20218","Factor3",0.388077974319458,"Protein"
"OID20263","Factor3",-0.172403067350388,"Protein"
"OID21489","Factor3",-0.0912695825099945,"Protein"
"OID20219","Factor3",-0.012446247972548,"Protein"
"OID20192","Factor3",0.394246935844421,"Protein"
"OID20896","Factor3",-0.0597450919449329,"Protein"
"OID20399","Factor3",-0.138361483812332,"Protein"
"OID21297","Factor3",0.385368376970291,"Protein"
"OID21348","Factor3",0.394594341516495,"Protein"
"OID20593","Factor3",-0.0936323553323746,"Protein"
"OID21395","Factor3",0.0350167490541935,"Protein"
"OID21507","Factor3",-0.0805616453289986,"Protein"
"OID20729","Factor3",0.37609076499939,"Protein"
"OID20220","Factor3",-0.0741503611207008,"Protein"
"OID21411","Factor3",-0.252702206373215,"Protein"
"OID21387","Factor3",0.398331165313721,"Protein"
"OID20266","Factor3",-0.209536954760551,"Protein"
"OID21461","Factor3",-0.066312275826931,"Protein"
"OID21475","Factor3",0.410104870796204,"Protein"
"OID20671","Factor3",-0.0411629788577557,"Protein"
"OID20950","Factor3",0.382670819759369,"Protein"
"OID20206","Factor3",0.363119512796402,"Protein"
"OID21250","Factor3",0.0692587494850159,"Protein"
"OID20579","Factor3",0.393776834011078,"Protein"
"OID20761","Factor3",0.392011046409607,"Protein"
"OID20711","Factor3",0.411414921283722,"Protein"
"OID20707","Factor3",0.402115643024445,"Protein"
"OID20760","Factor3",0.339054346084595,"Protein"
"OID20672","Factor3",0.0941470190882683,"Protein"
"OID21277","Factor3",0.411559611558914,"Protein"
"OID20169","Factor3",-0.0598519816994667,"Protein"
"OID20524","Factor3",0.413014084100723,"Protein"
"OID20523","Factor3",0.00421910546720028,"Protein"
"OID20544","Factor3",0.405014008283615,"Protein"
"OID21047","Factor3",-0.127326294779778,"Protein"
"OID20258","Factor3",-0.246527209877968,"Protein"
"OID20112","Factor3",0.372034579515457,"Protein"
"OID20993","Factor3",0.402499079704285,"Protein"
"OID20656","Factor3",-0.0535212606191635,"Protein"
"OID20863","Factor3",-0.20997266471386,"Protein"
"OID20640","Factor3",0.361159235239029,"Protein"
"OID20596","Factor3",-0.101395778357983,"Protein"
"OID20625","Factor3",0.335476249456406,"Protein"
"OID21097","Factor3",-0.213241249322891,"Protein"
"OID20166","Factor3",0.0553716644644737,"Protein"
"OID21306","Factor3",-0.178447857499123,"Protein"
"OID21176","Factor3",0.437437862157822,"Protein"
"OID21118","Factor3",-0.096960611641407,"Protein"
"OID21332","Factor3",0.321684598922729,"Protein"
"OID20551","Factor3",0.397737383842468,"Protein"
"OID20856","Factor3",0.193540006875992,"Protein"
"OID20918","Factor3",0.405586898326874,"Protein"
"OID21420","Factor3",0.144937470555305,"Protein"
"OID20875","Factor3",0.391811728477478,"Protein"
"OID21378","Factor3",-0.0810725390911102,"Protein"
"OID21506","Factor3",0.396581560373306,"Protein"
"OID21459","Factor3",-0.0606222897768021,"Protein"
"OID20075","Factor3",-0.103532023727894,"Protein"
"OID21505","Factor3",-0.256253719329834,"Protein"
"OID20698","Factor3",0.385650247335434,"Protein"
"OID20271","Factor3",-0.161544412374496,"Protein"
"OID20717","Factor3",0.418949633836746,"Protein"
"OID20050","Factor3",-0.0953137949109077,"Protein"
"OID20090","Factor3",-0.113840520381927,"Protein"
"OID20627","Factor3",0.385997623205185,"Protein"
"OID20908","Factor3",0.372063338756561,"Protein"
"OID20741","Factor3",0.245139867067337,"Protein"
"OID20519","Factor3",0.368886083364487,"Protein"
"OID20138","Factor3",0.389279842376709,"Protein"
"OID20095","Factor3",-0.254082202911377,"Protein"
"OID20689","Factor3",-0.0497132763266563,"Protein"
"OID20203","Factor3",-0.0893259793519974,"Protein"
"OID20541","Factor3",-0.208681106567383,"Protein"
"OID20742","Factor3",0.398642659187317,"Protein"
"OID20554","Factor3",0.402672827243805,"Protein"
"OID21319","Factor3",0.334288895130157,"Protein"
"OID20415","Factor3",-0.257856160402298,"Protein"
"OID21521","Factor3",0.44264617562294,"Protein"
"OID20925","Factor3",-0.0819450840353966,"Protein"
"OID21204","Factor3",0.393522143363953,"Protein"
"OID20938","Factor3",-0.171534821391106,"Protein"
"OID20577","Factor3",0.419114083051682,"Protein"
"OID21029","Factor3",-0.0040638530626893,"Protein"
"OID20364","Factor3",-0.171229809522629,"Protein"
"OID21408","Factor3",-0.257775008678436,"Protein"
"OID20788","Factor3",0.39054799079895,"Protein"
"OID21469","Factor3",-0.237985327839851,"Protein"
"OID20899","Factor3",0.388918846845627,"Protein"
"OID20952","Factor3",0.359335750341415,"Protein"
"OID21078","Factor3",-0.067307636141777,"Protein"
"OID20187","Factor3",-0.0631143674254417,"Protein"
"OID20475","Factor3",0.401585072278976,"Protein"
"OID20616","Factor3",0.363696753978729,"Protein"
"OID21069","Factor3",-0.168362215161324,"Protein"
"OID20772","Factor3",-0.131394356489182,"Protein"
"OID20684","Factor3",0.14195491373539,"Protein"
"OID20230","Factor3",0.359165042638779,"Protein"
"OID21451","Factor3",-0.295289158821106,"Protein"
"OID20916","Factor3",-0.148784831166267,"Protein"
"OID21158","Factor3",-0.307330638170242,"Protein"
"OID20182","Factor3",0.0431922599673271,"Protein"
"OID21307","Factor3",0.023766377940774,"Protein"
"OID20412","Factor3",0.317339897155762,"Protein"
"OID21226","Factor3",0.379582047462463,"Protein"
"OID21391","Factor3",-0.227539330720901,"Protein"
"OID20615","Factor3",0.429093599319458,"Protein"
"OID21224","Factor3",0.223158299922943,"Protein"
"OID20158","Factor3",-0.222307726740837,"Protein"
"OID20582","Factor3",0.412317663431168,"Protein"
"OID20816","Factor3",-0.138158649206161,"Protein"
"OID20937","Factor3",0.239960566163063,"Protein"
"OID21376","Factor3",-0.0395884178578854,"Protein"
"OID20681","Factor3",0.40817853808403,"Protein"
"OID20251","Factor3",-0.185546711087227,"Protein"
"OID21350","Factor3",0.406964123249054,"Protein"
"OID21263","Factor3",-0.0906691029667854,"Protein"
"OID21149","Factor3",-0.0180732551962137,"Protein"
"OID20207","Factor3",0.294659942388535,"Protein"
"OID21282","Factor3",-0.0137106720358133,"Protein"
"OID21269","Factor3",0.187940895557404,"Protein"
"OID21309","Factor3",0.259243994951248,"Protein"
"OID20959","Factor3",0.390143722295761,"Protein"
"OID21508","Factor3",0.0470110476016998,"Protein"
"OID21292","Factor3",0.372575730085373,"Protein"
"OID20697","Factor3",-0.0301487427204847,"Protein"
"OID20588","Factor3",0.331065982580185,"Protein"
"OID21422","Factor3",-0.164688989520073,"Protein"
"OID20910","Factor3",0.379378378391266,"Protein"
"OID20175","Factor3",-0.239544659852982,"Protein"
"OID21383","Factor3",-0.0628997534513474,"Protein"
"OID21082","Factor3",-0.162531867623329,"Protein"
"OID20965","Factor3",-0.176318451762199,"Protein"
"OID20225","Factor3",0.375783503055573,"Protein"
"OID20245","Factor3",-0.278487682342529,"Protein"
"OID21033","Factor3",-0.0682357549667358,"Protein"
"OID20558","Factor3",0.387412875890732,"Protein"
"OID20871","Factor3",-0.237770527601242,"Protein"
"OID21144","Factor3",-0.239587545394897,"Protein"
"OID20322","Factor3",-0.146749407052994,"Protein"
"OID21347","Factor3",0.152726247906685,"Protein"
"OID21296","Factor3",-0.108360640704632,"Protein"
"OID20971","Factor3",-0.257668077945709,"Protein"
"OID21294","Factor3",-0.12475261837244,"Protein"
"OID20737","Factor3",-0.249929860234261,"Protein"
"OID20847","Factor3",0.00215605017729104,"Protein"
"OID21003","Factor3",0.0719644725322723,"Protein"
"OID20553","Factor3",0.39715787768364,"Protein"
"OID20977","Factor3",0.368704855442047,"Protein"
"OID21154","Factor3",-0.294921517372131,"Protein"
"OID21512","Factor3",-0.0535483285784721,"Protein"
"OID20704","Factor3",0.00341206346638501,"Protein"
"OID20644","Factor3",0.339484423398972,"Protein"
"OID20964","Factor3",-0.213984489440918,"Protein"
"OID20117","Factor3",0.048025619238615,"Protein"
"OID21019","Factor3",-0.0185853075236082,"Protein"
"OID20688","Factor3",-0.273003429174423,"Protein"
"OID20700","Factor3",-0.0693425685167313,"Protein"
"OID21287","Factor3",0.374673753976822,"Protein"
"OID20548","Factor3",-0.0628100261092186,"Protein"
"OID21061","Factor3",0.284320473670959,"Protein"
"OID20477","Factor3",-0.179588109254837,"Protein"
"OID20787","Factor3",-0.285239845514297,"Protein"
"OID20292","Factor3",-0.303862720727921,"Protein"
"OID20431","Factor3",-0.0284501388669014,"Protein"
"OID20714","Factor3",0.216283142566681,"Protein"
"OID20110","Factor3",0.389190763235092,"Protein"
"OID20740","Factor3",0.247300997376442,"Protein"
"OID21123","Factor3",-0.332859426736832,"Protein"
"OID20105","Factor3",-0.0485455170273781,"Protein"
"OID20326","Factor3",-0.279868304729462,"Protein"
"OID21314","Factor3",0.392838388681412,"Protein"
"OID20795","Factor3",-0.0664291679859161,"Protein"
"OID21320","Factor3",0.409708738327026,"Protein"
"OID20325","Factor3",-0.224134758114815,"Protein"
"OID20511","Factor3",-0.117457933723927,"Protein"
"OID20903","Factor3",0.421512633562088,"Protein"
"OID21511","Factor3",0.1607276648283,"Protein"
"OID21222","Factor3",0.399387329816818,"Protein"
"OID20086","Factor3",0.341671288013458,"Protein"
"OID20515","Factor3",0.414658844470978,"Protein"
"OID20214","Factor3",-0.0571796782314777,"Protein"
"OID20305","Factor3",0.440595597028732,"Protein"
"OID21356","Factor3",0.320269465446472,"Protein"
"OID20981","Factor3",-0.205955520272255,"Protein"
"OID21363","Factor3",0.274399280548096,"Protein"
"OID21455","Factor3",0.0204621534794569,"Protein"
"OID20334","Factor3",-0.127774968743324,"Protein"
"OID20139","Factor3",0.0327170304954052,"Protein"
"OID21156","Factor3",-0.125625178217888,"Protein"
"OID20227","Factor3",0.0160090457648039,"Protein"
"OID20814","Factor3",0.383972555398941,"Protein"
"OID20745","Factor3",0.0966191813349724,"Protein"
"OID20683","Factor3",0.413463115692139,"Protein"
"OID21211","Factor3",0.0686538144946098,"Protein"
"OID20723","Factor3",-0.166156247258186,"Protein"
"OID20900","Factor3",0.0357192866504192,"Protein"
"OID21453","Factor3",0.123253375291824,"Protein"
"OID20177","Factor3",0.391236007213593,"Protein"
"OID20526","Factor3",0.393032431602478,"Protein"
"OID20146","Factor3",0.318117707967758,"Protein"
"OID21357","Factor3",-0.133816048502922,"Protein"
"OID20545","Factor3",0.401629090309143,"Protein"
"OID20685","Factor3",0.430643111467361,"Protein"
"OID20200","Factor3",-0.179906100034714,"Protein"
"OID21467","Factor3",-0.284885168075562,"Protein"
"OID21000","Factor3",0.328750938177109,"Protein"
"OID20244","Factor3",0.0337248556315899,"Protein"
"OID20250","Factor3",-0.128614217042923,"Protein"
"OID20280","Factor3",-0.0817724019289017,"Protein"
"OID21450","Factor3",-0.243048697710037,"Protein"
"OID20409","Factor3",-0.0758241564035416,"Protein"
"OID21417","Factor3",-0.199974328279495,"Protein"
"OID20943","Factor3",-0.33438965678215,"Protein"
"OID20724","Factor3",0.153976157307625,"Protein"
"OID20201","Factor3",-0.0839296728372574,"Protein"
"OID21205","Factor3",0.376558840274811,"Protein"
"OID20987","Factor3",0.120995827019215,"Protein"
"OID20646","Factor3",-0.306786298751831,"Protein"
"OID21323","Factor3",0.394394040107727,"Protein"
"OID20997","Factor3",-0.0514634810388088,"Protein"
"OID21030","Factor3",-0.0980727076530457,"Protein"
"OID21462","Factor3",-0.276821583509445,"Protein"
"OID20483","Factor3",0.3694027364254,"Protein"
"OID20149","Factor3",-0.028742479160428,"Protein"
"OID21499","Factor3",-0.167221754789352,"Protein"
"OID20682","Factor3",-0.047232374548912,"Protein"
"OID20868","Factor3",0.317464113235474,"Protein"
"OID20574","Factor3",-0.012805150821805,"Protein"
"OID21151","Factor3",0.182725623250008,"Protein"
"OID20472","Factor3",0.0038401682395488,"Protein"
"OID20675","Factor3",-0.113576024770737,"Protein"
"OID20436","Factor3",0.282846301794052,"Protein"
"OID20184","Factor3",0.396914124488831,"Protein"
"OID21060","Factor3",-0.0718427672982216,"Protein"
"OID21367","Factor3",0.36975821852684,"Protein"
"OID20178","Factor3",0.0675974264740944,"Protein"
"OID21375","Factor3",0.334659248590469,"Protein"
"OID21430","Factor3",-0.0468433238565922,"Protein"
"OID21312","Factor3",-0.028419490903616,"Protein"
"OID21380","Factor3",-0.12584000825882,"Protein"
"OID20421","Factor3",-0.0877132937312126,"Protein"
"OID21326","Factor3",0.379845887422562,"Protein"
"OID20631","Factor3",-0.0507760643959045,"Protein"
"OID20097","Factor3",0.320901781320572,"Protein"
"OID20758","Factor3",-0.125650256872177,"Protein"
"OID21482","Factor3",-0.265980571508408,"Protein"
"OID20371","Factor3",-0.288578152656555,"Protein"
"OID21415","Factor3",-0.238642945885658,"Protein"
"OID21527","Factor3",-0.304461777210236,"Protein"
"OID20233","Factor3",-0.306000769138336,"Protein"
"OID21016","Factor3",0.35074445605278,"Protein"
"OID21284","Factor3",-0.126627832651138,"Protein"
"OID21143","Factor3",-0.104573450982571,"Protein"
"OID21022","Factor3",0.113002374768257,"Protein"
"OID20865","Factor3",0.419395565986633,"Protein"
"OID21311","Factor3",0.0866618454456329,"Protein"
"OID20342","Factor3",0.131678655743599,"Protein"
"OID20309","Factor3",-0.0548719577491283,"Protein"
"OID20546","Factor3",0.0226793847978115,"Protein"
"OID21099","Factor3",0.396025568246841,"Protein"
"OID20135","Factor3",0.343375742435455,"Protein"
"OID21476","Factor3",0.0543533936142921,"Protein"
"OID20359","Factor3",-0.183629229664803,"Protein"
"OID20601","Factor3",-0.108152277767658,"Protein"
"OID21104","Factor3",-0.115638189017773,"Protein"
"OID20756","Factor3",-0.133170992136002,"Protein"
"OID21439","Factor3",-0.167479604482651,"Protein"
"OID21399","Factor3",0.39928063750267,"Protein"
"OID21043","Factor3",-0.07952930778265,"Protein"
"OID20609","Factor3",-0.246494740247726,"Protein"
"OID20289","Factor3",-0.110636249184608,"Protein"
"OID21101","Factor3",-0.324521213769913,"Protein"
"OID21014","Factor3",-0.14121787250042,"Protein"
"OID21249","Factor3",0.342455983161926,"Protein"
"OID21446","Factor3",-0.337487787008286,"Protein"
"OID20970","Factor3",-0.340519607067108,"Protein"
"OID20956","Factor3",0.21136999130249,"Protein"
"OID20635","Factor3",-0.270851463079453,"Protein"
"OID20648","Factor3",0.277874976396561,"Protein"
"OID20331","Factor3",0.364281117916107,"Protein"
"OID21437","Factor3",0.252042144536972,"Protein"
"OID21442","Factor3",0.339665055274963,"Protein"
"OID21369","Factor3",-0.185895979404449,"Protein"
"OID20576","Factor3",-0.171120062470436,"Protein"
"OID20636","Factor3",-0.302120268344879,"Protein"
"OID20162","Factor3",-0.0156292859464884,"Protein"
"OID21381","Factor3",-0.181157231330872,"Protein"
"OID20153","Factor3",-0.0520764328539371,"Protein"
"OID20732","Factor3",-0.182643964886665,"Protein"
"OID21024","Factor3",-0.103237815201283,"Protein"
"OID21434","Factor3",0.132095456123352,"Protein"
"OID20507","Factor3",0.412685751914978,"Protein"
"OID20137","Factor3",0.0541804917156696,"Protein"
"OID21042","Factor3",0.218226954340935,"Protein"
"OID21516","Factor3",-0.165595635771751,"Protein"
"OID20299","Factor3",-0.332790434360504,"Protein"
"OID21257","Factor3",0.014518759213388,"Protein"
"OID21253","Factor3",0.424726545810699,"Protein"
"OID20988","Factor3",0.175327375531197,"Protein"
"OID21119","Factor3",-0.04614232853055,"Protein"
"OID21038","Factor3",-0.324560165405273,"Protein"
"OID21091","Factor3",0.209113612771034,"Protein"
"OID20597","Factor3",0.369693905115128,"Protein"
"OID20179","Factor3",-0.142126992344856,"Protein"
"OID21168","Factor3",-0.0127555914223194,"Protein"
"OID21368","Factor3",-0.0388544239103794,"Protein"
"OID20738","Factor3",-0.330136150121689,"Protein"
"OID20122","Factor3",0.038751307874918,"Protein"
"OID20703","Factor3",-0.220609828829765,"Protein"
"OID21436","Factor3",0.262944370508194,"Protein"
"OID21421","Factor3",-0.0401082411408424,"Protein"
"OID20589","Factor3",0.341252684593201,"Protein"
"OID20927","Factor3",0.337024003267288,"Protein"
"OID21418","Factor3",-0.275639176368713,"Protein"
"OID21013","Factor3",-0.0819247663021088,"Protein"
"OID20904","Factor3",-0.0584541074931622,"Protein"
"OID20568","Factor3",-0.292102694511414,"Protein"
"OID20533","Factor3",0.299695461988449,"Protein"
"OID20254","Factor3",-0.184555158019066,"Protein"
"OID21403","Factor3",-0.0162771828472614,"Protein"
"OID21012","Factor3",-0.0420633517205715,"Protein"
"OID21280","Factor3",0.220765396952629,"Protein"
"OID21187","Factor3",0.0736288726329803,"Protein"
"OID21425","Factor3",0.0744508802890778,"Protein"
"OID20078","Factor3",0.00599439395591617,"Protein"
"OID20102","Factor3",-0.254225462675095,"Protein"
"OID21073","Factor3",0.266773223876953,"Protein"
"OID21428","Factor3",0.368085891008377,"Protein"
"OID20687","Factor3",-0.159537613391876,"Protein"
"OID20883","Factor3",0.0944884419441223,"Protein"
"OID21242","Factor3",0.0445153973996639,"Protein"
"OID20583","Factor3",0.374729007482529,"Protein"
"OID21361","Factor3",0.308700740337372,"Protein"
"OID21365","Factor3",-0.232080221176147,"Protein"
"OID21419","Factor3",-0.358823299407959,"Protein"
"OID21498","Factor3",0.0239842124283314,"Protein"
"OID20995","Factor3",-0.279198229312897,"Protein"
"OID21094","Factor3",-0.342164248228073,"Protein"
"OID20715","Factor3",-0.129673629999161,"Protein"
"OID20718","Factor3",0.19761449098587,"Protein"
"OID20960","Factor3",0.16509847342968,"Protein"
"OID20866","Factor3",-0.155904188752174,"Protein"
"OID20986","Factor3",0.00333065656013787,"Protein"
"OID20152","Factor3",-0.256670981645584,"Protein"
"OID20395","Factor3",-0.0666592344641685,"Protein"
"OID21285","Factor3",0.419964909553528,"Protein"
"OID20313","Factor3",0.211715906858444,"Protein"
"OID20509","Factor3",-0.290762335062027,"Protein"
"OID21255","Factor3",0.385385513305664,"Protein"
"OID20141","Factor3",-0.0810551643371582,"Protein"
"OID20942","Factor3",0.365447700023651,"Protein"
"OID21466","Factor3",-0.0299542844295502,"Protein"
"OID20215","Factor3",0.00977293588221073,"Protein"
"OID20923","Factor3",0.258056551218033,"Protein"
"OID20752","Factor3",-0.00176089687738568,"Protein"
"OID20990","Factor3",-0.224044814705849,"Protein"
"OID21004","Factor3",-0.0666456073522568,"Protein"
"OID20103","Factor3",-0.0956235527992249,"Protein"
"OID20784","Factor3",-0.252597361803055,"Protein"
"OID20156","Factor3",-0.0496353767812252,"Protein"
"OID20221","Factor3",-0.21420507133007,"Protein"
"OID21410","Factor3",-0.000842009903863072,"Protein"
"OID21225","Factor3",0.350689560174942,"Protein"
"OID21385","Factor3",-0.08554407954216,"Protein"
"OID21155","Factor3",-0.304234325885773,"Protein"
"OID20610","Factor3",-0.0954559072852135,"Protein"
"OID20935","Factor3",-0.320415079593658,"Protein"
"OID21327","Factor3",-0.16852593421936,"Protein"
"OID20748","Factor3",-0.215348213911057,"Protein"
"OID20708","Factor3",-0.337064981460571,"Protein"
"OID20567","Factor3",-0.0109768752008677,"Protein"
"OID20647","Factor3",-0.321315884590149,"Protein"
"OID20968","Factor3",-0.0965996459126472,"Protein"
"OID20383","Factor3",-0.329851299524307,"Protein"
"OID21036","Factor3",0.245669856667519,"Protein"
"OID20978","Factor3",-0.0627260208129883,"Protein"
"OID20327","Factor3",-0.205756023526192,"Protein"
"OID20958","Factor3",0.289713621139526,"Protein"
"OID20252","Factor3",-0.149050399661064,"Protein"
"OID20642","Factor3",-0.201710686087608,"Protein"
"OID20205","Factor3",-0.344113826751709,"Protein"
"OID21248","Factor3",-0.0148668922483921,"Protein"
"OID21150","Factor3",-0.102331854403019,"Protein"
"OID21111","Factor3",-0.0654975101351738,"Protein"
"OID21121","Factor3",-0.185467973351479,"Protein"
"OID20295","Factor3",-0.296566158533096,"Protein"
"OID21281","Factor3",0.42134964466095,"Protein"
"OID20650","Factor3",-0.0192330647259951,"Protein"
"OID20895","Factor3",0.291375190019608,"Protein"
"OID20459","Factor3",0.19555339217186,"Protein"
"OID21457","Factor3",-0.20231169462204,"Protein"
"OID20485","Factor3",0.35297617316246,"Protein"
"OID20786","Factor3",-0.280005186796188,"Protein"
"OID20859","Factor3",-0.0270943474024534,"Protein"
"OID20298","Factor3",-0.0211408026516438,"Protein"
"OID21142","Factor3",-0.280807286500931,"Protein"
"OID20744","Factor3",0.066548690199852,"Protein"
"OID20400","Factor3",-0.336618304252625,"Protein"
"OID20344","Factor3",-0.251035690307617,"Protein"
"OID20107","Factor3",0.220960214734077,"Protein"
"OID20762","Factor3",0.106306962668896,"Protein"
"OID21128","Factor3",0.0336299538612366,"Protein"
"OID21313","Factor3",-0.0773922055959702,"Protein"
"OID20985","Factor3",-0.285524785518646,"Protein"
"OID21021","Factor3",0.0420024432241917,"Protein"
"OID21513","Factor3",0.386058419942856,"Protein"
"OID21486","Factor3",-0.327558636665344,"Protein"
"OID20992","Factor3",0.19257153570652,"Protein"
"OID20508","Factor3",-0.0522277131676674,"Protein"
"OID20276","Factor3",-0.113772630691528,"Protein"
"OID20975","Factor3",-0.174474626779556,"Protein"
"OID21125","Factor3",-0.297076940536499,"Protein"
"OID21448","Factor3",-0.165121704339981,"Protein"
"OID21477","Factor3",0.42689511179924,"Protein"
"OID21372","Factor3",-0.264081984758377,"Protein"
"OID20759","Factor3",-0.204297125339508,"Protein"
"OID21066","Factor3",0.0586985386908054,"Protein"
"OID20536","Factor3",0.273982405662537,"Protein"
"OID21198","Factor3",-0.0345602221786976,"Protein"
"OID21427","Factor3",-0.144451305270195,"Protein"
"OID21075","Factor3",0.0140568241477013,"Protein"
"OID20886","Factor3",-0.0750838741660118,"Protein"
"OID20674","Factor3",-0.176577731966972,"Protein"
"OID21034","Factor3",0.142790511250496,"Protein"
"OID20749","Factor3",0.0641425400972366,"Protein"
"OID21328","Factor3",-0.329609960317612,"Protein"
"OID20722","Factor3",0.264790445566177,"Protein"
"OID20617","Factor3",-0.193340167403221,"Protein"
"OID21463","Factor3",-0.173811823129654,"Protein"
"OID20226","Factor3",-0.205543801188469,"Protein"
"OID20561","Factor3",-0.257302522659302,"Protein"
"OID21141","Factor3",-0.0570209622383118,"Protein"
"OID20474","Factor3",0.380269467830658,"Protein"
"OID20999","Factor3",-0.340388804674149,"Protein"
"OID21304","Factor3",-0.0637800469994545,"Protein"
"OID20552","Factor3",0.36394926905632,"Protein"
"OID20961","Factor3",0.0868718028068542,"Protein"
"OID20197","Factor3",-0.240818813443184,"Protein"
"OID21481","Factor3",0.0302071515470743,"Protein"
"OID21431","Factor3",-0.126533091068268,"Protein"
"OID20408","Factor3",-0.345616638660431,"Protein"
"OID20478","Factor3",0.323303818702698,"Protein"
"OID20782","Factor3",-0.286606550216675,"Protein"
"OID20392","Factor3",-0.260781764984131,"Protein"
"OID20368","Factor3",-0.194226443767548,"Protein"
"OID20425","Factor3",0.416231632232666,"Protein"
"OID20522","Factor3",-0.0650593712925911,"Protein"
"OID21112","Factor3",-0.0462712720036507,"Protein"
"OID21522","Factor3",0.36177459359169,"Protein"
"OID20286","Factor3",0.331842422485352,"Protein"
"OID20293","Factor3",-0.294801473617554,"Protein"
"OID20966","Factor3",0.123042315244675,"Protein"
"OID20308","Factor3",-0.111261434853077,"Protein"
"OID20743","Factor3",-0.0731342509388924,"Protein"
"OID21259","Factor3",0.311587035655975,"Protein"
"OID20496","Factor3",-0.123490989208221,"Protein"
"OID20839","Factor3",0.0922621861100197,"Protein"
"OID21040","Factor3",-0.228091657161713,"Protein"
"OID21244","Factor3",0.208994701504707,"Protein"
"OID20641","Factor3",0.311412632465363,"Protein"
"OID20783","Factor3",-0.255865335464478,"Protein"
"OID21445","Factor3",-0.0329090990126133,"Protein"
"OID20955","Factor3",0.304962158203125,"Protein"
"OID21310","Factor3",-0.101172313094139,"Protein"
"OID20996","Factor3",0.0166146978735924,"Protein"
"OID20543","Factor3",-0.0566386096179485,"Protein"
"OID20669","Factor3",0.0598759390413761,"Protein"
"OID20587","Factor3",0.148283138871193,"Protein"
"OID20379","Factor3",0.279272735118866,"Protein"
"OID20217","Factor3",-0.0761521607637405,"Protein"
"OID20505","Factor3",0.387617647647858,"Protein"
"OID20085","Factor3",0.400864064693451,"Protein"
"OID20973","Factor3",0.0882434770464897,"Protein"
"OID20979","Factor3",-0.137520655989647,"Protein"
"OID20666","Factor3",-0.163803339004517,"Protein"
"OID20570","Factor3",-0.131728067994118,"Protein"
"OID21041","Factor3",0.365598231554031,"Protein"
"OID21501","Factor3",0.301541060209274,"Protein"
"OID20963","Factor3",-0.0733376741409302,"Protein"
"OID21342","Factor3",-0.306305289268494,"Protein"
"OID20144","Factor3",0.302963316440582,"Protein"
"OID20887","Factor3",0.254074960947037,"Protein"
"OID21454","Factor3",-0.191651687026024,"Protein"
"OID20854","Factor3",0.115695543587208,"Protein"
"OID21087","Factor3",0.0217726118862629,"Protein"
"OID20294","Factor3",-0.181097522377968,"Protein"
"OID20398","Factor3",-0.040585458278656,"Protein"
"OID21444","Factor3",-0.230550661683083,"Protein"
"OID20630","Factor3",-0.0776447802782059,"Protein"
"OID20247","Factor3",-0.0283027701079845,"Protein"
"OID20378","Factor3",-0.145002648234367,"Protein"
"OID21295","Factor3",0.380779236555099,"Protein"
"OID21193","Factor3",-0.101537950336933,"Protein"
"OID20912","Factor3",-0.322468757629395,"Protein"
"OID21026","Factor3",-0.173739925026894,"Protein"
"OID20620","Factor3",0.258851319551468,"Protein"
"OID21179","Factor3",0.372929185628891,"Protein"
"OID20510","Factor3",0.371852219104767,"Protein"
"OID20653","Factor3",-0.232393518090248,"Protein"
"OID20980","Factor3",-0.103242352604866,"Protein"
"OID20655","Factor3",-0.00021872301294934,"Protein"
"OID20623","Factor3",0.319922775030136,"Protein"
"OID20572","Factor3",0.122430190443993,"Protein"
"OID20413","Factor3",-0.358887791633606,"Protein"
"OID20686","Factor3",-0.232243269681931,"Protein"
"OID21133","Factor3",-0.228983223438263,"Protein"
"OID20695","Factor3",-0.00920714251697063,"Protein"
"OID21246","Factor3",0.0973105356097221,"Protein"
"OID21215","Factor3",-0.0724214538931847,"Protein"
"OID21129","Factor3",-0.262294799089432,"Protein"
"OID21324","Factor3",0.117428675293922,"Protein"
"OID20234","Factor3",0.183018550276756,"Protein"
"OID20324","Factor3",-0.0815636292099953,"Protein"
"OID21086","Factor3",0.409639865159988,"Protein"
"OID21015","Factor3",0.261818081140518,"Protein"
"OID20870","Factor3",0.335505813360214,"Protein"
"OID20355","Factor3",-0.000911174749489874,"Protein"
"OID21068","Factor3",-0.285721659660339,"Protein"
"OID20691","Factor3",-0.0706367194652557,"Protein"
"OID21050","Factor3",-0.341272562742233,"Protein"
"OID20622","Factor3",-0.182258769869804,"Protein"
"OID20962","Factor3",0.171660333871841,"Protein"
"OID20604","Factor3",0.167922273278236,"Protein"
"OID20404","Factor3",0.071272574365139,"Protein"
"OID20223","Factor3",-0.170322716236115,"Protein"
"OID20534","Factor3",0.0720603689551353,"Protein"
"OID20106","Factor3",-0.231322273612022,"Protein"
"OID20222","Factor3",-0.247777625918388,"Protein"
"OID20259","Factor3",-0.3419449031353,"Protein"
"OID20766","Factor3",-0.274964243173599,"Protein"
"OID20216","Factor3",0.121784903109074,"Protein"
"OID20339","Factor3",-0.328443348407745,"Protein"
"OID20232","Factor3",0.179754644632339,"Protein"
"OID20739","Factor3",-0.247959211468697,"Protein"
"OID20328","Factor3",-0.226443484425545,"Protein"
"OID20768","Factor3",-0.2606420814991,"Protein"
"OID20195","Factor3",-0.0195570439100266,"Protein"
"OID20445","Factor3",0.346780717372894,"Protein"
"OID20108","Factor3",0.109405733644962,"Protein"
"OID20500","Factor3",0.0353652462363243,"Protein"
"OID21145","Factor3",-0.268634080886841,"Protein"
"OID21216","Factor3",-0.0151482364162803,"Protein"
"OID20731","Factor3",-0.172505497932434,"Protein"
"OID20658","Factor3",-0.272679567337036,"Protein"
"OID20967","Factor3",-0.159321591258049,"Protein"
"OID21235","Factor3",-0.0273590385913849,"Protein"
"OID21103","Factor3",-0.018652169033885,"Protein"
"OID21005","Factor3",-0.184139654040337,"Protein"
"OID21397","Factor3",-0.162209928035736,"Protein"
"OID20151","Factor3",0.382663726806641,"Protein"
"OID21490","Factor3",-0.325396209955215,"Protein"
"OID20832","Factor3",0.00906135234981775,"Protein"
"OID21493","Factor3",-0.350890189409256,"Protein"
"OID21037","Factor3",0.398406147956848,"Protein"
"OID21229","Factor3",0.378356575965881,"Protein"
"OID20926","Factor3",0.381207138299942,"Protein"
"OID21247","Factor3",-0.150283604860306,"Protein"
"OID21083","Factor3",-0.16206294298172,"Protein"
"OID20753","Factor3",-0.30407240986824,"Protein"
"OID20338","Factor3",-0.228715375065804,"Protein"
"OID21192","Factor3",0.0963238701224327,"Protein"
"OID21160","Factor3",0.192710444331169,"Protein"
"OID21218","Factor3",-0.0481716245412827,"Protein"
"OID20375","Factor3",-0.154459685087204,"Protein"
"OID20079","Factor3",-0.27533757686615,"Protein"
"OID21053","Factor3",0.0953813791275024,"Protein"
"OID20919","Factor3",-0.247575491666794,"Protein"
"OID20171","Factor3",-0.0713418498635292,"Protein"
"OID20693","Factor3",-0.109074145555496,"Protein"
"OID20600","Factor3",-0.180717810988426,"Protein"
"OID20484","Factor3",0.36698916554451,"Protein"
"OID21058","Factor3",-0.331739753484726,"Protein"
"OID20638","Factor3",-0.140028044581413,"Protein"
"OID21132","Factor3",0.0110479686409235,"Protein"
"OID20823","Factor3",-0.104739524424076,"Protein"
"OID20917","Factor3",-0.214619234204292,"Protein"
"OID20780","Factor3",-0.136412873864174,"Protein"
"OID21384","Factor3",-0.307087391614914,"Protein"
"OID21441","Factor3",-0.0809652507305145,"Protein"
"OID20751","Factor3",-0.0476107075810432,"Protein"
"OID21064","Factor3",-0.327825844287872,"Protein"
"OID21110","Factor3",-0.294960975646973,"Protein"
"OID20827","Factor3",0.123550072312355,"Protein"
"OID21185","Factor3",-0.00611779885366559,"Protein"
"OID20091","Factor3",0.397877722978592,"Protein"
"OID20867","Factor3",0.371859520673752,"Protein"
"OID20677","Factor3",-0.238407805562019,"Protein"
"OID20934","Factor3",-0.282038778066635,"Protein"
"OID21271","Factor3",0.303193837404251,"Protein"
"OID20126","Factor3",-0.0907621085643768,"Protein"
"OID21414","Factor3",0.281132608652115,"Protein"
"OID20333","Factor3",-0.108283296227455,"Protein"
"OID20386","Factor3",0.023011215031147,"Protein"
"OID20418","Factor3",-0.120323240756989,"Protein"
"OID20872","Factor3",0.189671114087105,"Protein"
"OID20261","Factor3",-0.0234463065862656,"Protein"
"OID21227","Factor3",0.16629247367382,"Protein"
"OID21010","Factor3",-0.259243935346603,"Protein"
"OID20165","Factor3",-0.212002009153366,"Protein"
"OID20660","Factor3",-0.100940436124802,"Protein"
"OID20512","Factor3",-0.0891358181834221,"Protein"
"OID20467","Factor3",-0.150953635573387,"Protein"
"OID20455","Factor3",-0.0423901155591011,"Protein"
"OID20735","Factor3",-0.142483443021774,"Protein"
"OID21001","Factor3",-0.325684159994125,"Protein"
"OID21137","Factor3",-0.249787628650665,"Protein"
"OID20727","Factor3",-0.0686263516545296,"Protein"
"OID21432","Factor3",-0.0144289992749691,"Protein"
"OID20278","Factor3",-0.25963568687439,"Protein"
"OID20167","Factor3",-0.193002700805664,"Protein"
"OID20188","Factor3",-0.264721482992172,"Protein"
"OID21480","Factor3",0.0982227697968483,"Protein"
"OID20340","Factor3",-0.103114642202854,"Protein"
"OID20922","Factor3",-0.270905941724777,"Protein"
"OID21219","Factor3",0.334501653909683,"Protein"
"OID20228","Factor3",-0.0857899636030197,"Protein"
"OID20771","Factor3",-0.311488777399063,"Protein"
"OID20664","Factor3",-0.22414955496788,"Protein"
"OID20930","Factor3",0.414010316133499,"Protein"
"OID20237","Factor3",0.144422203302383,"Protein"
"OID20770","Factor3",-0.118394732475281,"Protein"
"OID21275","Factor3",-0.24819178879261,"Protein"
"OID20240","Factor3",-0.0223556403070688,"Protein"
"OID21317","Factor3",0.227275222539902,"Protein"
"OID20721","Factor3",-0.0076492503285408,"Protein"
"OID21008","Factor3",-0.303821802139282,"Protein"
"OID21201","Factor3",-0.110457666218281,"Protein"
"OID21220","Factor3",0.326180309057236,"Protein"
"OID20730","Factor3",-0.271784961223602,"Protein"
"OID21114","Factor3",0.235318958759308,"Protein"
"OID20709","Factor3",-0.0983334928750992,"Protein"
"OID20272","Factor3",-0.0664722099900246,"Protein"
"OID20429","Factor3",-0.239052087068558,"Protein"
"OID21283","Factor3",-0.121206372976303,"Protein"
"OID21355","Factor3",0.396810978651047,"Protein"
"OID21519","Factor3",0.154701977968216,"Protein"
"OID20096","Factor3",0.0687101483345032,"Protein"
"OID20940","Factor3",-0.0695153474807739,"Protein"
"OID20764","Factor3",-0.240753456950188,"Protein"
"OID20812","Factor3",-0.0149305500090122,"Protein"
"OID20673","Factor3",-0.30307212471962,"Protein"
"OID21175","Factor3",0.301979124546051,"Protein"
"OID21291","Factor3",-0.231157556176186,"Protein"
"OID20183","Factor3",-0.0460732914507389,"Protein"
"OID20113","Factor3",-0.0605415441095829,"Protein"
"OID21288","Factor3",0.272731721401215,"Protein"
"OID21470","Factor3",0.389421671628952,"Protein"
"OID20893","Factor3",0.332793295383453,"Protein"
"OID20191","Factor3",-0.146973550319672,"Protein"
"OID20494","Factor3",-0.132048264145851,"Protein"
"OID20053","Factor3",0.165119662880898,"Protein"
"OID21002","Factor3",-0.144777029752731,"Protein"
"OID20129","Factor3",-0.0679437518119812,"Protein"
"OID20087","Factor3",-0.184381246566772,"Protein"
"OID20953","Factor3",0.117815017700195,"Protein"
"OID20667","Factor3",-0.31655564904213,"Protein"
"OID20913","Factor3",0.0437562502920628,"Protein"
"OID21465","Factor3",0.110177882015705,"Protein"
"OID20605","Factor3",-0.101673327386379,"Protein"
"OID20725","Factor3",-0.151330411434174,"Protein"
"OID20405","Factor3",-0.210047870874405,"Protein"
"OID20061","Factor3",0.177733168005943,"Protein"
"OID21018","Factor3",-0.119848623871803,"Protein"
"OID20297","Factor3",0.0431266315281391,"Protein"
"OID21206","Factor3",0.294857382774353,"Protein"
"OID20239","Factor3",-0.310546845197678,"Protein"
"OID21398","Factor3",-0.149071797728539,"Protein"
"OID21321","Factor3",-0.336645543575287,"Protein"
"OID20456","Factor3",-0.0393783487379551,"Protein"
"OID20976","Factor3",-0.257478058338165,"Protein"
"OID21209","Factor3",0.285746246576309,"Protein"
"OID20824","Factor3",-0.00899370014667511,"Protein"
"OID20275","Factor3",-0.263084769248962,"Protein"
"OID21494","Factor3",0.184826761484146,"Protein"
"OID21299","Factor3",-0.0912181884050369,"Protein"
"OID20590","Factor3",-0.0579103380441666,"Protein"
"OID20384","Factor3",-0.180010050535202,"Protein"
"OID21049","Factor3",-0.115183040499687,"Protein"
"OID20174","Factor3",0.181129530072212,"Protein"
"OID21067","Factor3",0.405210584402084,"Protein"
"OID20489","Factor3",0.0823803097009659,"Protein"
"OID21243","Factor3",-0.00548299681395292,"Protein"
"OID21077","Factor3",0.304184019565582,"Protein"
"OID21270","Factor3",0.285305023193359,"Protein"
"OID21337","Factor3",0.108970507979393,"Protein"
"OID20196","Factor3",-0.161637201905251,"Protein"
"OID20121","Factor3",-0.18186043202877,"Protein"
"OID21262","Factor3",-0.307820349931717,"Protein"
"OID20537","Factor3",-0.169193238019943,"Protein"
"OID20296","Factor3",0.101875379681587,"Protein"
"OID21509","Factor3",0.0920008793473244,"Protein"
"OID20921","Factor3",0.0766517370939255,"Protein"
"OID21406","Factor3",-0.225555062294006,"Protein"
"OID21084","Factor3",0.0918269753456116,"Protein"
"OID20951","Factor3",-0.139716669917107,"Protein"
"OID20491","Factor3",-0.0426571369171143,"Protein"
"OID20777","Factor3",-0.0307899042963982,"Protein"
"OID21472","Factor3",-0.101551666855812,"Protein"
"OID20304","Factor3",-0.17076413333416,"Protein"
"OID21011","Factor3",-0.0939030200242996,"Protein"
"OID20488","Factor3",-0.0368041768670082,"Protein"
"OID20155","Factor3",-0.247256010770798,"Protein"
"OID21171","Factor3",-0.0874679535627365,"Protein"
"OID20176","Factor3",0.27270719408989,"Protein"
"OID20540","Factor3",-0.159383475780487,"Protein"
"OID21059","Factor3",0.0716932266950607,"Protein"
"OID21401","Factor3",-0.23283739387989,"Protein"
"OID20972","Factor3",-0.145074263215065,"Protein"
"OID21162","Factor3",0.156319707632065,"Protein"
"OID21063","Factor3",-0.169250562787056,"Protein"
"OID21435","Factor3",-0.0456948094069958,"Protein"
"OID21316","Factor3",-0.231553092598915,"Protein"
"OID21336","Factor3",-0.0199695825576782,"Protein"
"OID21471","Factor3",0.332314789295197,"Protein"
"OID20427","Factor3",0.0643597096204758,"Protein"
"OID20750","Factor3",0.0193368289619684,"Protein"
"OID20763","Factor3",-0.195320621132851,"Protein"
"OID21331","Factor3",0.305632770061493,"Protein"
"OID20424","Factor3",-0.127201840281487,"Protein"
"OID21046","Factor3",0.316019803285599,"Protein"
"OID21352","Factor3",-0.0286028627306223,"Protein"
"OID20792","Factor3",-0.0465403608977795,"Protein"
"OID21027","Factor3",0.244740977883339,"Protein"
"OID20822","Factor3",-0.0596261359751225,"Protein"
"OID20680","Factor3",-0.234266206622124,"Protein"
"OID20329","Factor3",-0.0936257392168045,"Protein"
"OID21170","Factor3",0.360428482294083,"Protein"
"OID20585","Factor3",-0.190113186836243,"Protein"
"OID20114","Factor3",0.30443286895752,"Protein"
"OID20557","Factor3",0.110028505325317,"Protein"
"OID20864","Factor3",0.359307885169983,"Protein"
"OID20077","Factor3",0.175760924816132,"Protein"
"OID21315","Factor3",-0.206946909427643,"Protein"
"OID20382","Factor3",0.08590067923069,"Protein"
"OID20633","Factor3",-0.169067963957787,"Protein"
"OID21238","Factor3",0.37258568406105,"Protein"
"OID20932","Factor3",0.312584519386292,"Protein"
"OID20694","Factor3",-0.0466117821633816,"Protein"
"OID20264","Factor3",-0.215443089604378,"Protein"
"OID21524","Factor3",0.159497201442719,"Protein"
"OID21447","Factor3",-0.189175397157669,"Protein"
"OID21138","Factor3",0.0833867564797401,"Protein"
"OID21172","Factor3",-0.0015117694856599,"Protein"
"OID21389","Factor3",-0.196939766407013,"Protein"
"OID21115","Factor3",0.121164701879025,"Protein"
"OID20211","Factor3",-0.124262802302837,"Protein"
"OID20279","Factor3",-0.0785982087254524,"Protein"
"OID20569","Factor3",-0.149865657091141,"Protein"
"OID20142","Factor3",0.0663313716650009,"Protein"
"OID20613","Factor3",0.119938164949417,"Protein"
"OID20710","Factor3",0.116066589951515,"Protein"
"OID20807","Factor3",-0.209353774785995,"Protein"
"OID20713","Factor3",-0.313945651054382,"Protein"
"OID20148","Factor3",0.0155854299664497,"Protein"
"OID20632","Factor3",-0.100634776055813,"Protein"
"OID21438","Factor3",-0.209967225790024,"Protein"
"OID21440","Factor3",-0.183596238493919,"Protein"
"OID20549","Factor3",0.0452978983521461,"Protein"
"OID20115","Factor3",-0.000990320928394794,"Protein"
"OID21241","Factor3",0.369833588600159,"Protein"
"OID21529","Factor3",-0.209492415189743,"Protein"
"OID21374","Factor3",-0.00595713965594769,"Protein"
"OID20154","Factor3",-0.101992323994637,"Protein"
"OID20480","Factor3",-0.250191539525986,"Protein"
"OID20767","Factor3",-0.196836173534393,"Protein"
"OID21135","Factor3",0.214813649654388,"Protein"
"OID20320","Factor3",-0.122304037213326,"Protein"
"OID20242","Factor3",-0.29261377453804,"Protein"
"OID20602","Factor3",-0.142608121037483,"Protein"
"OID20282","Factor3",-0.16945843398571,"Protein"
"OID21189","Factor3",0.0111835924908519,"Protein"
"OID20652","Factor3",-0.0651661306619644,"Protein"
"OID20454","Factor3",0.00524388905614614,"Protein"
"OID20302","Factor3",-0.0520308241248131,"Protein"
"OID20676","Factor3",-0.0150583349168301,"Protein"
"OID21079","Factor3",-0.246414884924889,"Protein"
"OID20828","Factor3",0.246923997998238,"Protein"
"OID21423","Factor3",-0.0589668974280357,"Protein"
"OID20535","Factor3",0.24685375392437,"Protein"
"OID21344","Factor3",-0.281843781471252,"Protein"
"OID20451","Factor3",0.335783153772354,"Protein"
"OID21278","Factor3",0.174137562513351,"Protein"
"OID20070","Factor3",0.00392722385004163,"Protein"
"OID20529","Factor3",-0.132367923855782,"Protein"
"OID20314","Factor3",-0.0440304167568684,"Protein"
"OID21346","Factor3",0.0806217640638351,"Protein"
"OID20476","Factor3",-0.00691606383770704,"Protein"
"OID20765","Factor3",-0.0500170402228832,"Protein"
"OID20915","Factor3",-0.112938977777958,"Protein"
"OID20538","Factor3",-0.244085267186165,"Protein"
"OID21360","Factor3",0.0392307974398136,"Protein"
"OID20562","Factor3",-0.147802203893661,"Protein"
"OID21405","Factor3",0.0174631401896477,"Protein"
"OID20774","Factor3",0.0766646414995193,"Protein"
"OID20661","Factor3",-0.0354578346014023,"Protein"
"OID20639","Factor3",-0.158674344420433,"Protein"
"OID20267","Factor3",-0.204288169741631,"Protein"
"OID20936","Factor3",-0.269586056470871,"Protein"
"OID21433","Factor3",-0.0189722944051027,"Protein"
"OID20804","Factor3",0.0251926109194756,"Protein"
"OID21152","Factor3",-0.0858142748475075,"Protein"
"OID20084","Factor3",0.346221834421158,"Protein"
"OID20881","Factor3",0.0795277431607246,"Protein"
"OID20612","Factor3",0.00813967268913984,"Protein"
"OID21460","Factor3",-0.246334314346313,"Protein"
"OID20316","Factor3",-0.201011911034584,"Protein"
"OID20373","Factor3",-0.10818400233984,"Protein"
"OID21174","Factor3",0.211131542921066,"Protein"
"OID20140","Factor3",0.410230755805969,"Protein"
"OID20781","Factor3",-0.157771497964859,"Protein"
"OID20811","Factor3",0.375063836574554,"Protein"
"OID20497","Factor3",-0.0606336295604706,"Protein"
"OID21407","Factor3",-0.114592254161835,"Protein"
"OID20547","Factor3",-0.0903935432434082,"Protein"
"OID20857","Factor3",0.245315343141556,"Protein"
"OID20401","Factor3",-0.231325820088387,"Protein"
"OID21517","Factor3",-0.245407462120056,"Protein"
"OID20530","Factor3",-0.078271821141243,"Protein"
"OID21236","Factor3",0.396040081977844,"Protein"
"OID21412","Factor3",-0.215753361582756,"Protein"
"OID20391","Factor3",-0.078043632209301,"Protein"
"OID20458","Factor3",-0.0921295881271362,"Protein"
"OID21404","Factor3",0.0584955848753452,"Protein"
"OID21394","Factor3",-0.0904945731163025,"Protein"
"OID21514","Factor3",0.070495218038559,"Protein"
"OID20662","Factor3",-0.235558167099953,"Protein"
"OID21286","Factor3",0.403432458639145,"Protein"
"OID20884","Factor3",0.0294403769075871,"Protein"
"OID21456","Factor3",-0.0329380743205547,"Protein"
"OID21196","Factor3",-0.0993408635258675,"Protein"
"OID20599","Factor3",-0.13361981511116,"Protein"
"OID21134","Factor3",0.00539642432704568,"Protein"
"OID20690","Factor3",-0.163517728447914,"Protein"
"OID20720","Factor3",-0.180110365152359,"Protein"
"OID20581","Factor3",-0.0555090345442295,"Protein"
"OID20848","Factor3",-0.141431778669357,"Protein"
"OID21339","Factor3",-0.248605370521545,"Protein"
"OID20394","Factor3",-0.160545393824577,"Protein"
"OID20888","Factor3",-0.0889180675148964,"Protein"
"OID20290","Factor3",-0.0429142862558365,"Protein"
"OID20362","Factor3",-0.0153395012021065,"Protein"
"OID21055","Factor3",-0.0866478607058525,"Protein"
"OID20071","Factor3",0.13524141907692,"Protein"
"OID20941","Factor3",-0.0432273708283901,"Protein"
"OID21468","Factor3",-6.79430522723123e-05,"Protein"
"OID20878","Factor3",-0.0212889201939106,"Protein"
"OID20834","Factor3",-0.0418173111975193,"Protein"
"OID20414","Factor3",-0.291620910167694,"Protein"
"OID21359","Factor3",-0.0230324175208807,"Protein"
"OID20702","Factor3",-0.199342116713524,"Protein"
"OID21161","Factor3",0.0331199429929256,"Protein"
"OID20168","Factor3",0.0347963608801365,"Protein"
"OID21301","Factor3",-0.151440247893333,"Protein"
"OID20556","Factor3",-0.158228561282158,"Protein"
"OID21231","Factor3",0.337761253118515,"Protein"
"OID20525","Factor3",-0.200516402721405,"Protein"
"OID20806","Factor3",0.122016042470932,"Protein"
"OID20502","Factor3",0.333904951810837,"Protein"
"OID20332","Factor3",-0.277031064033508,"Protein"
"OID20668","Factor3",-0.124612465500832,"Protein"
"OID20208","Factor3",-0.112672477960587,"Protein"
"OID20265","Factor3",-0.153041034936905,"Protein"
"OID21400","Factor3",-0.303627967834473,"Protein"
"OID21518","Factor3",-0.260498642921448,"Protein"
"OID20348","Factor3",-0.227703064680099,"Protein"
"OID20447","Factor3",0.190070852637291,"Protein"
"OID20566","Factor3",-0.303815603256226,"Protein"
"OID21318","Factor3",-0.257732063531876,"Protein"
"OID20352","Factor3",-0.0910003036260605,"Protein"
"OID20442","Factor3",0.0711834654211998,"Protein"
"OID21458","Factor3",-0.232304960489273,"Protein"
"OID20473","Factor3",-0.144977480173111,"Protein"
"OID21147","Factor3",-0.21712552011013,"Protein"
"OID20855","Factor3",0.156783640384674,"Protein"
"OID21122","Factor3",-0.2700135409832,"Protein"
"OID21023","Factor3",0.13421306014061,"Protein"
"OID20493","Factor3",-0.21013143658638,"Protein"
"OID20852","Factor3",-0.135620653629303,"Protein"
"OID21429","Factor3",-0.0164797250181437,"Protein"
"OID21102","Factor3",-0.172212526202202,"Protein"
"OID20629","Factor3",-0.178987398743629,"Protein"
"OID21070","Factor3",0.165956869721413,"Protein"
"OID20281","Factor3",-0.0429939143359661,"Protein"
"OID20651","Factor3",-0.30329042673111,"Protein"
"OID21228","Factor3",-0.175111100077629,"Protein"
"OID20393","Factor3",-0.103392347693443,"Protein"
"OID20624","Factor3",-0.0502520054578781,"Protein"
"OID21090","Factor3",-0.316607385873795,"Protein"
"OID21096","Factor3",-0.00667507853358984,"Protein"
"OID21194","Factor3",0.0258984491229057,"Protein"
"OID20410","Factor3",-0.0909453555941582,"Protein"
"OID21525","Factor3",-0.295156329870224,"Protein"
"OID20229","Factor3",-0.159965649247169,"Protein"
"OID20185","Factor3",-0.288699775934219,"Protein"
"OID20131","Factor3",0.263266533613205,"Protein"
"OID20719","Factor3",-0.141363173723221,"Protein"
"OID20974","Factor3",-0.329500943422318,"Protein"
"OID20170","Factor3",-0.121431075036526,"Protein"
"OID20231","Factor3",-0.260219901800156,"Protein"
"OID20897","Factor3",-0.0823808461427689,"Protein"
"OID21526","Factor3",-0.293186396360397,"Protein"
"OID20416","Factor3",0.0324829444289207,"Protein"
"OID20654","Factor3",-0.111238107085228,"Protein"
"OID20236","Factor3",-0.279278934001923,"Protein"
"OID21165","Factor3",-0.119304671883583,"Protein"
"OID21424","Factor3",-0.216736868023872,"Protein"
"OID21308","Factor3",0.257671326398849,"Protein"
"OID20388","Factor3",-0.0961693227291107,"Protein"
"OID20994","Factor3",-0.144033893942833,"Protein"
"OID20747","Factor3",-0.0652080103754997,"Protein"
"OID20346","Factor3",-0.286006242036819,"Protein"
"OID21362","Factor3",-0.260678112506866,"Protein"
"OID21345","Factor3",0.0315065570175648,"Protein"
"OID20621","Factor3",0.0772435516119003,"Protein"
"OID20076","Factor3",-0.185433030128479,"Protein"
"OID21303","Factor3",-0.128975942730904,"Protein"
"OID20835","Factor3",-0.166448026895523,"Protein"
"OID20948","Factor3",0.0536622330546379,"Protein"
"OID20565","Factor3",-0.328040570020676,"Protein"
"OID20397","Factor3",-0.308671802282333,"Protein"
"OID20235","Factor3",-0.0653653144836426,"Protein"
"OID20255","Factor3",-0.307441592216492,"Protein"
"OID20367","Factor3",-0.116374291479588,"Protein"
"OID20982","Factor3",-0.350527226924896,"Protein"
"OID20611","Factor3",-0.0760233625769615,"Protein"
"OID20706","Factor3",-0.0676570162177086,"Protein"
"OID20773","Factor3",0.0353256464004517,"Protein"
"OID20270","Factor3",-0.122385859489441,"Protein"
"OID20199","Factor3",0.208862379193306,"Protein"
"OID20377","Factor3",-0.2506383061409,"Protein"
"OID20555","Factor3",0.381694078445435,"Protein"
"OID21240","Factor3",0.413430422544479,"Protein"
"OID21130","Factor3",-0.323243379592896,"Protein"
"OID21028","Factor3",-0.0306789055466652,"Protein"
"OID20531","Factor3",0.302373051643372,"Protein"
"OID20130","Factor3",-0.00624828087165952,"Protein"
"OID20133","Factor3",-0.232173010706902,"Protein"
"OID20481","Factor3",-0.202688977122307,"Protein"
"OID20238","Factor3",-0.173626750707626,"Protein"
"OID20358","Factor3",-0.0441518686711788,"Protein"
"OID21322","Factor3",-0.114101901650429,"Protein"
"OID20194","Factor3",0.116799436509609,"Protein"
"OID20353","Factor3",-0.262630552053452,"Protein"
"OID20145","Factor3",-0.168160125613213,"Protein"
"OID20132","Factor3",-0.161382809281349,"Protein"
"OID21353","Factor3",-0.103205762803555,"Protein"
"OID21230","Factor3",0.177222400903702,"Protein"
"OID20513","Factor3",-0.173798650503159,"Protein"
"OID20082","Factor3",-0.0157024972140789,"Protein"
"OID21136","Factor3",-0.201811969280243,"Protein"
"OID20380","Factor3",-0.0692186579108238,"Protein"
"OID20914","Factor3",-0.187165662646294,"Protein"
"OID20204","Factor3",-0.139430075883865,"Protein"
"OID20637","Factor3",0.00616408232599497,"Protein"
"OID20464","Factor3",-0.0667186826467514,"Protein"
"OID20957","Factor3",-0.114847905933857,"Protein"
"OID21052","Factor3",-0.306761622428894,"Protein"
"OID20213","Factor3",0.10191684961319,"Protein"
"OID21366","Factor3",-0.127956107258797,"Protein"
"OID20733","Factor3",-0.208134099841118,"Protein"
"OID21252","Factor3",-0.119118362665176,"Protein"
"OID20755","Factor3",-0.222417920827866,"Protein"
"OID20360","Factor3",-0.122791238129139,"Protein"
"OID20172","Factor3",-0.0997532829642296,"Protein"
"OID21474","Factor3",-0.130752503871918,"Protein"
"OID20337","Factor3",-0.0302217211574316,"Protein"
"OID20487","Factor3",-0.0901440382003784,"Protein"
"OID20374","Factor3",-0.0165734440088272,"Protein"
"OID20754","Factor3",-0.093418262898922,"Protein"
"OID20575","Factor3",-0.0757510364055634,"Protein"
"OID20909","Factor3",-0.301014512777328,"Protein"
"OID20626","Factor3",-0.218214213848114,"Protein"
"OID20396","Factor3",-0.223948135972023,"Protein"
"OID20462","Factor3",0.0781136229634285,"Protein"
"OID20775","Factor4",0.0510914474725723,"Protein"
"OID20984","Factor4",0.216282561421394,"Protein"
"OID20083","Factor4",0.211659491062164,"Protein"
"OID21402","Factor4",0.0200801286846399,"Protein"
"OID20911","Factor4",-0.129569917917252,"Protein"
"OID20850","Factor4",-0.00133504020050168,"Protein"
"OID20101","Factor4",-0.128931775689125,"Protein"
"OID21140","Factor4",-0.032700277864933,"Protein"
"OID20563","Factor4",-0.126040279865265,"Protein"
"OID20125","Factor4",-0.0354492552578449,"Protein"
"OID21485","Factor4",-0.0587844401597977,"Protein"
"OID21276","Factor4",-0.129320278763771,"Protein"
"OID20594","Factor4",-0.0628789588809013,"Protein"
"OID20779","Factor4",-0.0262613967061043,"Protein"
"OID20983","Factor4",-0.012812995351851,"Protein"
"OID20643","Factor4",-0.05245715752244,"Protein"
"OID20049","Factor4",-0.0414447262883186,"Protein"
"OID20312","Factor4",0.0219195540994406,"Protein"
"OID20246","Factor4",-0.0645749345421791,"Protein"
"OID20495","Factor4",-0.261486768722534,"Protein"
"OID21031","Factor4",0.00882546696811914,"Protein"
"OID20778","Factor4",0.0557168684899807,"Protein"
"OID20127","Factor4",-0.0584593489766121,"Protein"
"OID20274","Factor4",-0.0739688575267792,"Protein"
"OID21373","Factor4",0.0083658043295145,"Protein"
"OID20559","Factor4",-0.0215142481029034,"Protein"
"OID20218","Factor4",-0.00404157442972064,"Protein"
"OID20263","Factor4",-0.0155443772673607,"Protein"
"OID21489","Factor4",0.121862955391407,"Protein"
"OID20219","Factor4",0.133409053087234,"Protein"
"OID20192","Factor4",-0.0133994929492474,"Protein"
"OID20896","Factor4",-0.140837267041206,"Protein"
"OID20399","Factor4",0.041875496506691,"Protein"
"OID21297","Factor4",-0.0497409589588642,"Protein"
"OID21348","Factor4",-0.0104980366304517,"Protein"
"OID20593","Factor4",0.0487358681857586,"Protein"
"OID21395","Factor4",0.139877885580063,"Protein"
"OID21507","Factor4",0.157953292131424,"Protein"
"OID20729","Factor4",-0.0464819371700287,"Protein"
"OID20220","Factor4",-0.0753355473279953,"Protein"
"OID21411","Factor4",0.0161892808973789,"Protein"
"OID21387","Factor4",-0.0296657104045153,"Protein"
"OID20266","Factor4",0.0952743515372276,"Protein"
"OID21461","Factor4",0.175224885344505,"Protein"
"OID21475","Factor4",-0.0294480808079243,"Protein"
"OID20671","Factor4",-0.0231014937162399,"Protein"
"OID20950","Factor4",-0.049037229269743,"Protein"
"OID20206","Factor4",-0.0347455441951752,"Protein"
"OID21250","Factor4",0.178079172968864,"Protein"
"OID20579","Factor4",-0.0361470431089401,"Protein"
"OID20761","Factor4",-0.0213356483727694,"Protein"
"OID20711","Factor4",-0.0785220488905907,"Protein"
"OID20707","Factor4",0.0258857998996973,"Protein"
"OID20760","Factor4",-0.0711902603507042,"Protein"
"OID20672","Factor4",0.233850032091141,"Protein"
"OID21277","Factor4",-0.0258504785597324,"Protein"
"OID20169","Factor4",0.320768028497696,"Protein"
"OID20524","Factor4",-0.0227127578109503,"Protein"
"OID20523","Factor4",-0.136578619480133,"Protein"
"OID20544","Factor4",-0.051702793687582,"Protein"
"OID21047","Factor4",0.00313877523876727,"Protein"
"OID20258","Factor4",0.0794049277901649,"Protein"
"OID20112","Factor4",-0.00855259038507938,"Protein"
"OID20993","Factor4",-0.0146397016942501,"Protein"
"OID20656","Factor4",0.170882344245911,"Protein"
"OID20863","Factor4",0.00636888109147549,"Protein"
"OID20640","Factor4",0.0536501966416836,"Protein"
"OID20596","Factor4",-0.156169533729553,"Protein"
"OID20625","Factor4",-0.00819695647805929,"Protein"
"OID21097","Factor4",0.0759368389844894,"Protein"
"OID20166","Factor4",-0.0304058622568846,"Protein"
"OID21306","Factor4",0.104582987725735,"Protein"
"OID21176","Factor4",-0.0425589419901371,"Protein"
"OID21118","Factor4",-0.0544351674616337,"Protein"
"OID21332","Factor4",-0.0420365072786808,"Protein"
"OID20551","Factor4",-0.0303178448230028,"Protein"
"OID20856","Factor4",-0.0362602546811104,"Protein"
"OID20918","Factor4",-0.0520343072712421,"Protein"
"OID21420","Factor4",-0.0457726716995239,"Protein"
"OID20875","Factor4",-0.0462047010660172,"Protein"
"OID21378","Factor4",-0.0248096045106649,"Protein"
"OID21506","Factor4",-0.0500868931412697,"Protein"
"OID21459","Factor4",0.0877160578966141,"Protein"
"OID20075","Factor4",0.0764229893684387,"Protein"
"OID21505","Factor4",0.143667250871658,"Protein"
"OID20698","Factor4",0.0949181392788887,"Protein"
"OID20271","Factor4",-0.0282294601202011,"Protein"
"OID20717","Factor4",-0.0123014915734529,"Protein"
"OID20050","Factor4",-0.0592581629753113,"Protein"
"OID20090","Factor4",-0.0124139087274671,"Protein"
"OID20627","Factor4",-0.0390602797269821,"Protein"
"OID20908","Factor4",-0.0555359162390232,"Protein"
"OID20741","Factor4",0.195657446980476,"Protein"
"OID20519","Factor4",0.000407393672503531,"Protein"
"OID20138","Factor4",-0.0219466853886843,"Protein"
"OID20095","Factor4",-0.083895668387413,"Protein"
"OID20689","Factor4",0.0859842672944069,"Protein"
"OID20203","Factor4",0.0287569295614958,"Protein"
"OID20541","Factor4",-0.00214970763772726,"Protein"
"OID20742","Factor4",-0.050566703081131,"Protein"
"OID20554","Factor4",-0.0558703951537609,"Protein"
"OID21319","Factor4",-0.0954662561416626,"Protein"
"OID20415","Factor4",0.0629559904336929,"Protein"
"OID21521","Factor4",-0.0473251715302467,"Protein"
"OID20925","Factor4",-0.0177802424877882,"Protein"
"OID21204","Factor4",-0.0621523223817348,"Protein"
"OID20938","Factor4",0.119440577924252,"Protein"
"OID20577","Factor4",-0.0450934134423733,"Protein"
"OID21029","Factor4",-0.0279232710599899,"Protein"
"OID20364","Factor4",0.131441667675972,"Protein"
"OID21408","Factor4",-0.027788957580924,"Protein"
"OID20788","Factor4",-0.0136164557188749,"Protein"
"OID21469","Factor4",0.0122230527922511,"Protein"
"OID20899","Factor4",-0.0338890999555588,"Protein"
"OID20952","Factor4",-0.00634567765519023,"Protein"
"OID21078","Factor4",0.0207678228616714,"Protein"
"OID20187","Factor4",-0.00187944481149316,"Protein"
"OID20475","Factor4",-0.0587874837219715,"Protein"
"OID20616","Factor4",0.0933869853615761,"Protein"
"OID21069","Factor4",-0.0668124184012413,"Protein"
"OID20772","Factor4",0.299015700817108,"Protein"
"OID20684","Factor4",0.161855384707451,"Protein"
"OID20230","Factor4",-0.0654177814722061,"Protein"
"OID21451","Factor4",0.0906778499484062,"Protein"
"OID20916","Factor4",-0.0290398914366961,"Protein"
"OID21158","Factor4",0.0316565595567226,"Protein"
"OID20182","Factor4",0.0863614603877068,"Protein"
"OID21307","Factor4",0.117366038262844,"Protein"
"OID20412","Factor4",0.0670573338866234,"Protein"
"OID21226","Factor4",-0.138231039047241,"Protein"
"OID21391","Factor4",-0.0215675998479128,"Protein"
"OID20615","Factor4",-0.0632599219679832,"Protein"
"OID21224","Factor4",-0.0472408980131149,"Protein"
"OID20158","Factor4",0.0420211777091026,"Protein"
"OID20582","Factor4",-0.0346935279667377,"Protein"
"OID20816","Factor4",-0.067638948559761,"Protein"
"OID20937","Factor4",-0.0377126149833202,"Protein"
"OID21376","Factor4",-0.184073597192764,"Protein"
"OID20681","Factor4",-0.0370767302811146,"Protein"
"OID20251","Factor4",0.0525617524981499,"Protein"
"OID21350","Factor4",-0.0400363691151142,"Protein"
"OID21263","Factor4",-0.0485435426235199,"Protein"
"OID21149","Factor4",-0.00290274131111801,"Protein"
"OID20207","Factor4",-0.0201041400432587,"Protein"
"OID21282","Factor4",0.189117848873138,"Protein"
"OID21269","Factor4",0.0679846405982971,"Protein"
"OID21309","Factor4",0.0168812535703182,"Protein"
"OID20959","Factor4",0.0278875883668661,"Protein"
"OID21508","Factor4",-0.070180743932724,"Protein"
"OID21292","Factor4",-0.0311416611075401,"Protein"
"OID20697","Factor4",-0.359919309616089,"Protein"
"OID20588","Factor4",0.0397080630064011,"Protein"
"OID21422","Factor4",0.097494512796402,"Protein"
"OID20910","Factor4",-0.0234924610704184,"Protein"
"OID20175","Factor4",-0.0604925341904163,"Protein"
"OID21383","Factor4",-0.00464353244751692,"Protein"
"OID21082","Factor4",-0.063051775097847,"Protein"
"OID20965","Factor4",0.0749833732843399,"Protein"
"OID20225","Factor4",-0.0223721526563168,"Protein"
"OID20245","Factor4",0.046797651797533,"Protein"
"OID21033","Factor4",0.205223321914673,"Protein"
"OID20558","Factor4",-0.0234646592289209,"Protein"
"OID20871","Factor4",0.0410001315176487,"Protein"
"OID21144","Factor4",0.0601649433374405,"Protein"
"OID20322","Factor4",0.0501929260790348,"Protein"
"OID21347","Factor4",-0.0228669848293066,"Protein"
"OID21296","Factor4",0.00800136756151915,"Protein"
"OID20971","Factor4",-0.00622675428166986,"Protein"
"OID21294","Factor4",-0.0411664806306362,"Protein"
"OID20737","Factor4",0.0740266442298889,"Protein"
"OID20847","Factor4",0.0569549947977066,"Protein"
"OID21003","Factor4",-0.00645449571311474,"Protein"
"OID20553","Factor4",-0.0492543168365955,"Protein"
"OID20977","Factor4",0.0319905430078506,"Protein"
"OID21154","Factor4",0.0206082910299301,"Protein"
"OID21512","Factor4",0.130367532372475,"Protein"
"OID20704","Factor4",0.0460872314870358,"Protein"
"OID20644","Factor4",-0.0349092110991478,"Protein"
"OID20964","Factor4",0.08855801820755,"Protein"
"OID20117","Factor4",-0.0610350370407104,"Protein"
"OID21019","Factor4",-0.0100117782130837,"Protein"
"OID20688","Factor4",0.0588794983923435,"Protein"
"OID20700","Factor4",-0.181150019168854,"Protein"
"OID21287","Factor4",0.000187983954674564,"Protein"
"OID20548","Factor4",0.100992009043694,"Protein"
"OID21061","Factor4",0.115743979811668,"Protein"
"OID20477","Factor4",-0.0540737323462963,"Protein"
"OID20787","Factor4",0.000705964048393071,"Protein"
"OID20292","Factor4",0.137991651892662,"Protein"
"OID20431","Factor4",-0.02319604344666,"Protein"
"OID20714","Factor4",-0.0713185518980026,"Protein"
"OID20110","Factor4",0.0459942035377026,"Protein"
"OID20740","Factor4",0.188783064484596,"Protein"
"OID21123","Factor4",0.038254514336586,"Protein"
"OID20105","Factor4",0.184909954667091,"Protein"
"OID20326","Factor4",0.0287402793765068,"Protein"
"OID21314","Factor4",-0.0313719362020493,"Protein"
"OID20795","Factor4",-0.424449801445007,"Protein"
"OID21320","Factor4",0.000879124505445361,"Protein"
"OID20325","Factor4",0.00164018082432449,"Protein"
"OID20511","Factor4",-0.00990958139300346,"Protein"
"OID20903","Factor4",-0.0529310964047909,"Protein"
"OID21511","Factor4",0.203122898936272,"Protein"
"OID21222","Factor4",-0.00617698393762112,"Protein"
"OID20086","Factor4",-0.0214068051427603,"Protein"
"OID20515","Factor4",-0.0293465070426464,"Protein"
"OID20214","Factor4",0.263574212789536,"Protein"
"OID20305","Factor4",-0.0511398315429688,"Protein"
"OID21356","Factor4",0.0413627922534943,"Protein"
"OID20981","Factor4",0.145709052681923,"Protein"
"OID21363","Factor4",-0.0328866355121136,"Protein"
"OID21455","Factor4",0.00710075814276934,"Protein"
"OID20334","Factor4",0.268727451562881,"Protein"
"OID20139","Factor4",0.033613532781601,"Protein"
"OID21156","Factor4",0.0785848572850227,"Protein"
"OID20227","Factor4",-0.0220199413597584,"Protein"
"OID20814","Factor4",-0.0326800122857094,"Protein"
"OID20745","Factor4",0.233407557010651,"Protein"
"OID20683","Factor4",-0.0144239645451307,"Protein"
"OID21211","Factor4",0.0150671871379018,"Protein"
"OID20723","Factor4",-0.0475034043192863,"Protein"
"OID20900","Factor4",-0.0246092323213816,"Protein"
"OID21453","Factor4",-0.0399654768407345,"Protein"
"OID20177","Factor4",-0.0582585260272026,"Protein"
"OID20526","Factor4",-0.0400633923709393,"Protein"
"OID20146","Factor4",-0.0769780501723289,"Protein"
"OID21357","Factor4",0.000757308735046536,"Protein"
"OID20545","Factor4",-0.0773641839623451,"Protein"
"OID20685","Factor4",-0.0366790667176247,"Protein"
"OID20200","Factor4",-0.0704828873276711,"Protein"
"OID21467","Factor4",-0.04091527312994,"Protein"
"OID21000","Factor4",-0.0154675813391805,"Protein"
"OID20244","Factor4",-0.0789545848965645,"Protein"
"OID20250","Factor4",-0.141199544072151,"Protein"
"OID20280","Factor4",0.0892035216093063,"Protein"
"OID21450","Factor4",0.0598453804850578,"Protein"
"OID20409","Factor4",0.00528877414762974,"Protein"
"OID21417","Factor4",-0.0883163511753082,"Protein"
"OID20943","Factor4",-0.128354147076607,"Protein"
"OID20724","Factor4",-0.00270356819964945,"Protein"
"OID20201","Factor4",0.0124292988330126,"Protein"
"OID21205","Factor4",-0.0630760118365288,"Protein"
"OID20987","Factor4",0.0905080735683441,"Protein"
"OID20646","Factor4",0.134460657835007,"Protein"
"OID21323","Factor4",-0.029156606644392,"Protein"
"OID20997","Factor4",-0.157782420516014,"Protein"
"OID21030","Factor4",0.0559173226356506,"Protein"
"OID21462","Factor4",-0.0157805550843477,"Protein"
"OID20483","Factor4",-0.0550332628190517,"Protein"
"OID20149","Factor4",-0.084970623254776,"Protein"
"OID21499","Factor4",-0.0441628322005272,"Protein"
"OID20682","Factor4",-0.00891065318137407,"Protein"
"OID20868","Factor4",0.0118982056155801,"Protein"
"OID20574","Factor4",-0.0742911472916603,"Protein"
"OID21151","Factor4",-0.0262287333607674,"Protein"
"OID20472","Factor4",-0.00510256830602884,"Protein"
"OID20675","Factor4",0.0580049157142639,"Protein"
"OID20436","Factor4",-0.181947454810143,"Protein"
"OID20184","Factor4",-0.065391443669796,"Protein"
"OID21060","Factor4",0.0795774981379509,"Protein"
"OID21367","Factor4",0.0105051072314382,"Protein"
"OID20178","Factor4",-0.216578930616379,"Protein"
"OID21375","Factor4",-0.0391521155834198,"Protein"
"OID21430","Factor4",-0.156523808836937,"Protein"
"OID21312","Factor4",0.0438775606453419,"Protein"
"OID21380","Factor4",0.268733888864517,"Protein"
"OID20421","Factor4",0.0384979322552681,"Protein"
"OID21326","Factor4",-0.0369458459317684,"Protein"
"OID20631","Factor4",-0.154279321432114,"Protein"
"OID20097","Factor4",0.133898347616196,"Protein"
"OID20758","Factor4",-0.0499356240034103,"Protein"
"OID21482","Factor4",0.0780822187662125,"Protein"
"OID20371","Factor4",-0.0171137899160385,"Protein"
"OID21415","Factor4",0.0586074367165565,"Protein"
"OID21527","Factor4",0.141689777374268,"Protein"
"OID20233","Factor4",0.0191404670476913,"Protein"
"OID21016","Factor4",0.00544025609269738,"Protein"
"OID21284","Factor4",0.216908290982246,"Protein"
"OID21143","Factor4",-0.040281355381012,"Protein"
"OID21022","Factor4",-0.0304118692874908,"Protein"
"OID20865","Factor4",-0.0707308724522591,"Protein"
"OID21311","Factor4",0.0212454572319984,"Protein"
"OID20342","Factor4",0.172116279602051,"Protein"
"OID20309","Factor4",0.0555444993078709,"Protein"
"OID20546","Factor4",-0.0132250664755702,"Protein"
"OID21099","Factor4",-0.00935577880591154,"Protein"
"OID20135","Factor4",-0.0288934018462896,"Protein"
"OID21476","Factor4",-0.044781282544136,"Protein"
"OID20359","Factor4",-0.0129498224705458,"Protein"
"OID20601","Factor4",-0.0739501714706421,"Protein"
"OID21104","Factor4",0.0814322829246521,"Protein"
"OID20756","Factor4",-0.230954706668854,"Protein"
"OID21439","Factor4",0.0484463199973106,"Protein"
"OID21399","Factor4",-0.0397081337869167,"Protein"
"OID21043","Factor4",-0.0564207248389721,"Protein"
"OID20609","Factor4",-0.0598954074084759,"Protein"
"OID20289","Factor4",0.0946455523371696,"Protein"
"OID21101","Factor4",0.0207604616880417,"Protein"
"OID21014","Factor4",-0.121990062296391,"Protein"
"OID21249","Factor4",-0.0166166517883539,"Protein"
"OID21446","Factor4",0.0781868025660515,"Protein"
"OID20970","Factor4",0.0195238068699837,"Protein"
"OID20956","Factor4",-0.00111349078360945,"Protein"
"OID20635","Factor4",0.0714857205748558,"Protein"
"OID20648","Factor4",-0.00431949133053422,"Protein"
"OID20331","Factor4",0.0671823844313622,"Protein"
"OID21437","Factor4",0.0632537230849266,"Protein"
"OID21442","Factor4",-0.0550111122429371,"Protein"
"OID21369","Factor4",0.0557582601904869,"Protein"
"OID20576","Factor4",-0.00554470112547278,"Protein"
"OID20636","Factor4",0.111204840242863,"Protein"
"OID20162","Factor4",-0.022951677441597,"Protein"
"OID21381","Factor4",-0.0373477712273598,"Protein"
"OID20153","Factor4",-0.155050948262215,"Protein"
"OID20732","Factor4",0.180172055959702,"Protein"
"OID21024","Factor4",-0.0318281352519989,"Protein"
"OID21434","Factor4",0.140397310256958,"Protein"
"OID20507","Factor4",-0.0784346535801888,"Protein"
"OID20137","Factor4",0.0826970636844635,"Protein"
"OID21042","Factor4",-0.224098160862923,"Protein"
"OID21516","Factor4",-0.120916992425919,"Protein"
"OID20299","Factor4",0.0424946248531342,"Protein"
"OID21257","Factor4",-0.168258160352707,"Protein"
"OID21253","Factor4",-0.0611430406570435,"Protein"
"OID20988","Factor4",0.0914558097720146,"Protein"
"OID21119","Factor4",-0.0226418618112803,"Protein"
"OID21038","Factor4",-0.15607938170433,"Protein"
"OID21091","Factor4",0.11908221244812,"Protein"
"OID20597","Factor4",-0.0348473712801933,"Protein"
"OID20179","Factor4",-0.0222364589571953,"Protein"
"OID21168","Factor4",-0.00594687415286899,"Protein"
"OID21368","Factor4",-0.00301190069876611,"Protein"
"OID20738","Factor4",0.0972601771354675,"Protein"
"OID20122","Factor4",-0.04244789108634,"Protein"
"OID20703","Factor4",0.0306061301380396,"Protein"
"OID21436","Factor4",-0.0759788602590561,"Protein"
"OID21421","Factor4",-0.0694946497678757,"Protein"
"OID20589","Factor4",-0.074213519692421,"Protein"
"OID20927","Factor4",-0.0424853935837746,"Protein"
"OID21418","Factor4",-0.143641203641891,"Protein"
"OID21013","Factor4",0.11196680366993,"Protein"
"OID20904","Factor4",-0.00985145941376686,"Protein"
"OID20568","Factor4",0.0162068568170071,"Protein"
"OID20533","Factor4",-0.168628588318825,"Protein"
"OID20254","Factor4",-0.0595261268317699,"Protein"
"OID21403","Factor4",-0.0721829384565353,"Protein"
"OID21012","Factor4",0.0709283500909805,"Protein"
"OID21280","Factor4",-0.0297284945845604,"Protein"
"OID21187","Factor4",-0.026950852945447,"Protein"
"OID21425","Factor4",0.127419143915176,"Protein"
"OID20078","Factor4",-0.00201246980577707,"Protein"
"OID20102","Factor4",0.00651892367750406,"Protein"
"OID21073","Factor4",-0.0358052104711533,"Protein"
"OID21428","Factor4",-0.0421051941812038,"Protein"
"OID20687","Factor4",0.0113798705860972,"Protein"
"OID20883","Factor4",0.0423668809235096,"Protein"
"OID21242","Factor4",-0.00441803503781557,"Protein"
"OID20583","Factor4",0.0434815920889378,"Protein"
"OID21361","Factor4",-0.0434667356312275,"Protein"
"OID21365","Factor4",-0.09259033203125,"Protein"
"OID21419","Factor4",0.0574156865477562,"Protein"
"OID21498","Factor4",-0.013062578625977,"Protein"
"OID20995","Factor4",0.0408947840332985,"Protein"
"OID21094","Factor4",0.0784412696957588,"Protein"
"OID20715","Factor4",-0.134591072797775,"Protein"
"OID20718","Factor4",-0.047932256013155,"Protein"
"OID20960","Factor4",0.00536236679181457,"Protein"
"OID20866","Factor4",-0.011196150444448,"Protein"
"OID20986","Factor4",-0.0587398745119572,"Protein"
"OID20152","Factor4",0.0991044864058495,"Protein"
"OID20395","Factor4",0.156589925289154,"Protein"
"OID21285","Factor4",-0.0374671556055546,"Protein"
"OID20313","Factor4",0.19689553976059,"Protein"
"OID20509","Factor4",-0.0663570091128349,"Protein"
"OID21255","Factor4",0.0175713542848825,"Protein"
"OID20141","Factor4",-0.0178239922970533,"Protein"
"OID20942","Factor4",-0.0130635034292936,"Protein"
"OID21466","Factor4",-0.33320489525795,"Protein"
"OID20215","Factor4",-0.0263927020132542,"Protein"
"OID20923","Factor4",-0.0333684757351875,"Protein"
"OID20752","Factor4",0.0628906637430191,"Protein"
"OID20990","Factor4",0.00750217493623495,"Protein"
"OID21004","Factor4",-0.0980709791183472,"Protein"
"OID20103","Factor4",0.0941382721066475,"Protein"
"OID20784","Factor4",-0.0273518413305283,"Protein"
"OID20156","Factor4",0.10655865073204,"Protein"
"OID20221","Factor4",0.128971606492996,"Protein"
"OID21410","Factor4",-0.0134319318458438,"Protein"
"OID21225","Factor4",0.0283300187438726,"Protein"
"OID21385","Factor4",0.0243120566010475,"Protein"
"OID21155","Factor4",0.0206672083586454,"Protein"
"OID20610","Factor4",0.140668526291847,"Protein"
"OID20935","Factor4",0.0613349862396717,"Protein"
"OID21327","Factor4",0.00613912846893072,"Protein"
"OID20748","Factor4",-0.0249155461788177,"Protein"
"OID20708","Factor4",0.0234617590904236,"Protein"
"OID20567","Factor4",0.184908017516136,"Protein"
"OID20647","Factor4",0.123862020671368,"Protein"
"OID20968","Factor4",0.124954625964165,"Protein"
"OID20383","Factor4",0.121440000832081,"Protein"
"OID21036","Factor4",0.175889119505882,"Protein"
"OID20978","Factor4",0.0911791026592255,"Protein"
"OID20327","Factor4",-0.0668645203113556,"Protein"
"OID20958","Factor4",-0.0386469624936581,"Protein"
"OID20252","Factor4",0.0712261125445366,"Protein"
"OID20642","Factor4",0.0258645415306091,"Protein"
"OID20205","Factor4",-0.00279441545717418,"Protein"
"OID21248","Factor4",0.0793612971901894,"Protein"
"OID21150","Factor4",0.0597043111920357,"Protein"
"OID21111","Factor4",0.32214543223381,"Protein"
"OID21121","Factor4",-0.232154190540314,"Protein"
"OID20295","Factor4",-0.0139498300850391,"Protein"
"OID21281","Factor4",-0.0114069795235991,"Protein"
"OID20650","Factor4",0.124292530119419,"Protein"
"OID20895","Factor4",-0.0488464348018169,"Protein"
"OID20459","Factor4",0.025351582095027,"Protein"
"OID21457","Factor4",0.121023379266262,"Protein"
"OID20485","Factor4",-0.058484498411417,"Protein"
"OID20786","Factor4",0.0256543569266796,"Protein"
"OID20859","Factor4",-0.00977357663214207,"Protein"
"OID20298","Factor4",0.0939133018255234,"Protein"
"OID21142","Factor4",0.14408840239048,"Protein"
"OID20744","Factor4",0.00943468417972326,"Protein"
"OID20400","Factor4",0.00920330826193094,"Protein"
"OID20344","Factor4",-0.0154858091846108,"Protein"
"OID20107","Factor4",-0.00681198248639703,"Protein"
"OID20762","Factor4",-0.190270781517029,"Protein"
"OID21128","Factor4",-0.0318800397217274,"Protein"
"OID21313","Factor4",-0.156813085079193,"Protein"
"OID20985","Factor4",0.222671031951904,"Protein"
"OID21021","Factor4",-0.0312031321227551,"Protein"
"OID21513","Factor4",0.0159871969372034,"Protein"
"OID21486","Factor4",0.0402043759822845,"Protein"
"OID20992","Factor4",0.231610327959061,"Protein"
"OID20508","Factor4",0.0388139337301254,"Protein"
"OID20276","Factor4",0.0691964402794838,"Protein"
"OID20975","Factor4",-0.0241916608065367,"Protein"
"OID21125","Factor4",-0.0429862625896931,"Protein"
"OID21448","Factor4",-0.0912036374211311,"Protein"
"OID21477","Factor4",-0.0356272831559181,"Protein"
"OID21372","Factor4",-0.043801985681057,"Protein"
"OID20759","Factor4",0.143320187926292,"Protein"
"OID21066","Factor4",0.136481732130051,"Protein"
"OID20536","Factor4",-0.163781404495239,"Protein"
"OID21198","Factor4",0.135053291916847,"Protein"
"OID21427","Factor4",-0.112672537565231,"Protein"
"OID21075","Factor4",0.0938192158937454,"Protein"
"OID20886","Factor4",0.013423316180706,"Protein"
"OID20674","Factor4",-0.0880245044827461,"Protein"
"OID21034","Factor4",-0.0475062169134617,"Protein"
"OID20749","Factor4",-0.0566839464008808,"Protein"
"OID21328","Factor4",0.0571710616350174,"Protein"
"OID20722","Factor4",-0.0573213063180447,"Protein"
"OID20617","Factor4",-0.0416740253567696,"Protein"
"OID21463","Factor4",0.0529580824077129,"Protein"
"OID20226","Factor4",0.0688905790448189,"Protein"
"OID20561","Factor4",0.00906801782548428,"Protein"
"OID21141","Factor4",-0.0280797798186541,"Protein"
"OID20474","Factor4",-0.0215606242418289,"Protein"
"OID20999","Factor4",0.028347184881568,"Protein"
"OID21304","Factor4",-0.0454122722148895,"Protein"
"OID20552","Factor4",-0.0833257883787155,"Protein"
"OID20961","Factor4",0.0299451537430286,"Protein"
"OID20197","Factor4",-0.0395637676119804,"Protein"
"OID21481","Factor4",-0.12225878238678,"Protein"
"OID21431","Factor4",-0.0802126303315163,"Protein"
"OID20408","Factor4",0.0357497446238995,"Protein"
"OID20478","Factor4",0.0012828161707148,"Protein"
"OID20782","Factor4",0.00540493614971638,"Protein"
"OID20392","Factor4",0.0406082235276699,"Protein"
"OID20368","Factor4",-0.134418740868568,"Protein"
"OID20425","Factor4",-0.0357988588511944,"Protein"
"OID20522","Factor4",-0.00556570291519165,"Protein"
"OID21112","Factor4",0.00476995203644037,"Protein"
"OID21522","Factor4",-0.112290754914284,"Protein"
"OID20286","Factor4",0.0182881057262421,"Protein"
"OID20293","Factor4",0.0441886149346828,"Protein"
"OID20966","Factor4",-0.0176827106624842,"Protein"
"OID20308","Factor4",-0.157312944531441,"Protein"
"OID20743","Factor4",-0.204866513609886,"Protein"
"OID21259","Factor4",-0.0962732061743736,"Protein"
"OID20496","Factor4",0.0788590759038925,"Protein"
"OID20839","Factor4",0.0272358749061823,"Protein"
"OID21040","Factor4",-0.0538155511021614,"Protein"
"OID21244","Factor4",-0.0217048190534115,"Protein"
"OID20641","Factor4",-0.0114107867702842,"Protein"
"OID20783","Factor4",0.0907275751233101,"Protein"
"OID21445","Factor4",0.0645165368914604,"Protein"
"OID20955","Factor4",-0.039652269333601,"Protein"
"OID21310","Factor4",0.063567154109478,"Protein"
"OID20996","Factor4",0.104186341166496,"Protein"
"OID20543","Factor4",-0.193983018398285,"Protein"
"OID20669","Factor4",0.0253297947347164,"Protein"
"OID20587","Factor4",-0.0299761313945055,"Protein"
"OID20379","Factor4",0.140748590230942,"Protein"
"OID20217","Factor4",-0.0433740355074406,"Protein"
"OID20505","Factor4",-0.0836043879389763,"Protein"
"OID20085","Factor4",-0.040765892714262,"Protein"
"OID20973","Factor4",-0.0272260941565037,"Protein"
"OID20979","Factor4",-0.257021218538284,"Protein"
"OID20666","Factor4",-0.00010302502050763,"Protein"
"OID20570","Factor4",-0.250664979219437,"Protein"
"OID21041","Factor4",0.00767402816563845,"Protein"
"OID21501","Factor4",-0.0138158518821001,"Protein"
"OID20963","Factor4",-0.071832500398159,"Protein"
"OID21342","Factor4",0.000470039929496124,"Protein"
"OID20144","Factor4",0.00275519234128296,"Protein"
"OID20887","Factor4",-0.00332680810242891,"Protein"
"OID21454","Factor4",-0.108437277376652,"Protein"
"OID20854","Factor4",0.109241165220737,"Protein"
"OID21087","Factor4",-0.0303158536553383,"Protein"
"OID20294","Factor4",-0.0710845142602921,"Protein"
"OID20398","Factor4",-0.0761624425649643,"Protein"
"OID21444","Factor4",0.138270065188408,"Protein"
"OID20630","Factor4",-0.127495974302292,"Protein"
"OID20247","Factor4",-0.0145960822701454,"Protein"
"OID20378","Factor4",-0.197124525904655,"Protein"
"OID21295","Factor4",0.0189384408295155,"Protein"
"OID21193","Factor4",-0.0879585966467857,"Protein"
"OID20912","Factor4",-0.00391897605732083,"Protein"
"OID21026","Factor4",0.0755771994590759,"Protein"
"OID20620","Factor4",-0.0252332258969545,"Protein"
"OID21179","Factor4",-0.0276054665446281,"Protein"
"OID20510","Factor4",-0.0918042808771133,"Protein"
"OID20653","Factor4",0.289665967226028,"Protein"
"OID20980","Factor4",0.0629228353500366,"Protein"
"OID20655","Factor4",0.255158245563507,"Protein"
"OID20623","Factor4",-0.0479882061481476,"Protein"
"OID20572","Factor4",0.181414678692818,"Protein"
"OID20413","Factor4",-0.050112571567297,"Protein"
"OID20686","Factor4",0.123949199914932,"Protein"
"OID21133","Factor4",0.193590372800827,"Protein"
"OID20695","Factor4",0.187502518296242,"Protein"
"OID21246","Factor4",-0.0151040004566312,"Protein"
"OID21215","Factor4",-0.00875767506659031,"Protein"
"OID21129","Factor4",-0.0389697141945362,"Protein"
"OID21324","Factor4",0.0646527260541916,"Protein"
"OID20234","Factor4",-0.201513111591339,"Protein"
"OID20324","Factor4",0.092379666864872,"Protein"
"OID21086","Factor4",0.0060723596252501,"Protein"
"OID21015","Factor4",-0.0376687124371529,"Protein"
"OID20870","Factor4",-0.00691834278404713,"Protein"
"OID20355","Factor4",-0.0925601720809937,"Protein"
"OID21068","Factor4",0.0541340373456478,"Protein"
"OID20691","Factor4",0.0270716995000839,"Protein"
"OID21050","Factor4",-0.0371515937149525,"Protein"
"OID20622","Factor4",0.159679755568504,"Protein"
"OID20962","Factor4",-0.0959882736206055,"Protein"
"OID20604","Factor4",-0.0737244710326195,"Protein"
"OID20404","Factor4",-0.0910117477178574,"Protein"
"OID20223","Factor4",-0.0254481211304665,"Protein"
"OID20534","Factor4",0.0471470318734646,"Protein"
"OID20106","Factor4",-0.0269971340894699,"Protein"
"OID20222","Factor4",0.0784455984830856,"Protein"
"OID20259","Factor4",0.0176373887807131,"Protein"
"OID20766","Factor4",-0.1495551019907,"Protein"
"OID20216","Factor4",0.153045654296875,"Protein"
"OID20339","Factor4",0.02343525364995,"Protein"
"OID20232","Factor4",-0.0730352178215981,"Protein"
"OID20739","Factor4",-0.0374617204070091,"Protein"
"OID20328","Factor4",0.0620630271732807,"Protein"
"OID20768","Factor4",0.0423851571977139,"Protein"
"OID20195","Factor4",0.0127801354974508,"Protein"
"OID20445","Factor4",-0.0138043109327555,"Protein"
"OID20108","Factor4",-0.0197556782513857,"Protein"
"OID20500","Factor4",0.0526305548846722,"Protein"
"OID21145","Factor4",0.038652453571558,"Protein"
"OID21216","Factor4",0.06772381067276,"Protein"
"OID20731","Factor4",0.120399631559849,"Protein"
"OID20658","Factor4",-0.00938197690993547,"Protein"
"OID20967","Factor4",0.0204302351921797,"Protein"
"OID21235","Factor4",-0.00622593704611063,"Protein"
"OID21103","Factor4",0.0625051558017731,"Protein"
"OID21005","Factor4",0.075375497341156,"Protein"
"OID21397","Factor4",0.0324185900390148,"Protein"
"OID20151","Factor4",-0.0193876083940268,"Protein"
"OID21490","Factor4",0.0188424848020077,"Protein"
"OID20832","Factor4",0.120066910982132,"Protein"
"OID21493","Factor4",-0.00296338205225766,"Protein"
"OID21037","Factor4",-0.0930696204304695,"Protein"
"OID21229","Factor4",-0.0434366948902607,"Protein"
"OID20926","Factor4",0.0539907440543175,"Protein"
"OID21247","Factor4",-0.0264733284711838,"Protein"
"OID21083","Factor4",-0.116486176848412,"Protein"
"OID20753","Factor4",0.0370981097221375,"Protein"
"OID20338","Factor4",0.0326303541660309,"Protein"
"OID21192","Factor4",0.203481465578079,"Protein"
"OID21160","Factor4",-0.0115766301751137,"Protein"
"OID21218","Factor4",-0.084345854818821,"Protein"
"OID20375","Factor4",0.115224748849869,"Protein"
"OID20079","Factor4",-0.0286892205476761,"Protein"
"OID21053","Factor4",-0.0435850918292999,"Protein"
"OID20919","Factor4",0.0801292806863785,"Protein"
"OID20171","Factor4",-0.133864402770996,"Protein"
"OID20693","Factor4",0.0813625752925873,"Protein"
"OID20600","Factor4",0.0950338691473007,"Protein"
"OID20484","Factor4",-0.0250054225325584,"Protein"
"OID21058","Factor4",0.00171369849704206,"Protein"
"OID20638","Factor4",-0.141837686300278,"Protein"
"OID21132","Factor4",0.150352388620377,"Protein"
"OID20823","Factor4",-0.0222887545824051,"Protein"
"OID20917","Factor4",0.0556225404143333,"Protein"
"OID20780","Factor4",-0.0371780209243298,"Protein"
"OID21384","Factor4",0.00831731129437685,"Protein"
"OID21441","Factor4",0.00430558063089848,"Protein"
"OID20751","Factor4",0.0184793882071972,"Protein"
"OID21064","Factor4",0.0834495276212692,"Protein"
"OID21110","Factor4",0.0309471487998962,"Protein"
"OID20827","Factor4",0.0265346243977547,"Protein"
"OID21185","Factor4",0.00885523483157158,"Protein"
"OID20091","Factor4",0.00979676656424999,"Protein"
"OID20867","Factor4",-0.0308298114687204,"Protein"
"OID20677","Factor4",0.241304337978363,"Protein"
"OID20934","Factor4",0.024947214871645,"Protein"
"OID21271","Factor4",-0.0160289313644171,"Protein"
"OID20126","Factor4",0.231868326663971,"Protein"
"OID21414","Factor4",-0.0206661149859428,"Protein"
"OID20333","Factor4",0.0251106582581997,"Protein"
"OID20386","Factor4",-0.0133551694452763,"Protein"
"OID20418","Factor4",0.129788085818291,"Protein"
"OID20872","Factor4",-0.042158592492342,"Protein"
"OID20261","Factor4",-0.0179318599402905,"Protein"
"OID21227","Factor4",-0.0512573793530464,"Protein"
"OID21010","Factor4",-0.0169071611016989,"Protein"
"OID20165","Factor4",-0.00916451122611761,"Protein"
"OID20660","Factor4",-0.29688024520874,"Protein"
"OID20512","Factor4",0.0165008623152971,"Protein"
"OID20467","Factor4",0.0334924943745136,"Protein"
"OID20455","Factor4",0.096066027879715,"Protein"
"OID20735","Factor4",-0.0279538054019213,"Protein"
"OID21001","Factor4",0.0894868746399879,"Protein"
"OID21137","Factor4",0.134596094489098,"Protein"
"OID20727","Factor4",-0.165052935481071,"Protein"
"OID21432","Factor4",0.155040338635445,"Protein"
"OID20278","Factor4",0.0170599929988384,"Protein"
"OID20167","Factor4",0.0543805584311485,"Protein"
"OID20188","Factor4",-0.0446604490280151,"Protein"
"OID21480","Factor4",-0.0540964566171169,"Protein"
"OID20340","Factor4",0.0263941437005997,"Protein"
"OID20922","Factor4",-0.00989021826535463,"Protein"
"OID21219","Factor4",0.0108327763155103,"Protein"
"OID20228","Factor4",0.0480744056403637,"Protein"
"OID20771","Factor4",-0.078483946621418,"Protein"
"OID20664","Factor4",0.173409000039101,"Protein"
"OID20930","Factor4",-0.0399434939026833,"Protein"
"OID20237","Factor4",0.0630159229040146,"Protein"
"OID20770","Factor4",-0.11254645884037,"Protein"
"OID21275","Factor4",0.050854317843914,"Protein"
"OID20240","Factor4",0.201830819249153,"Protein"
"OID21317","Factor4",-0.0271760728210211,"Protein"
"OID20721","Factor4",-0.0975504741072655,"Protein"
"OID21008","Factor4",0.135802701115608,"Protein"
"OID21201","Factor4",-0.00707402126863599,"Protein"
"OID21220","Factor4",-0.0117147546261549,"Protein"
"OID20730","Factor4",0.039874292910099,"Protein"
"OID21114","Factor4",0.0370521321892738,"Protein"
"OID20709","Factor4",0.0639871284365654,"Protein"
"OID20272","Factor4",-0.299127519130707,"Protein"
"OID20429","Factor4",-0.076027013361454,"Protein"
"OID21283","Factor4",-0.0207467377185822,"Protein"
"OID21355","Factor4",-0.0593312904238701,"Protein"
"OID21519","Factor4",-0.0696069076657295,"Protein"
"OID20096","Factor4",0.13277131319046,"Protein"
"OID20940","Factor4",0.100777000188828,"Protein"
"OID20764","Factor4",0.0663595572113991,"Protein"
"OID20812","Factor4",0.0810397639870644,"Protein"
"OID20673","Factor4",-0.0690501630306244,"Protein"
"OID21175","Factor4",-0.0528455376625061,"Protein"
"OID21291","Factor4",-0.011953235603869,"Protein"
"OID20183","Factor4",-0.0237880647182465,"Protein"
"OID20113","Factor4",-0.0209526475518942,"Protein"
"OID21288","Factor4",0.107377499341965,"Protein"
"OID21470","Factor4",-0.0322068147361279,"Protein"
"OID20893","Factor4",-0.0150940530002117,"Protein"
"OID20191","Factor4",-0.148684591054916,"Protein"
"OID20494","Factor4",0.0514552518725395,"Protein"
"OID20053","Factor4",-0.0438242405653,"Protein"
"OID21002","Factor4",-0.121212400496006,"Protein"
"OID20129","Factor4",0.0749810934066772,"Protein"
"OID20087","Factor4",0.165917903184891,"Protein"
"OID20953","Factor4",0.0418694019317627,"Protein"
"OID20667","Factor4",0.0136976186186075,"Protein"
"OID20913","Factor4",0.0678515583276749,"Protein"
"OID21465","Factor4",0.178272724151611,"Protein"
"OID20605","Factor4",-0.00979971513152122,"Protein"
"OID20725","Factor4",-0.126359641551971,"Protein"
"OID20405","Factor4",-0.175386905670166,"Protein"
"OID20061","Factor4",0.0268957354128361,"Protein"
"OID21018","Factor4",0.0825908407568932,"Protein"
"OID20297","Factor4",0.194441393017769,"Protein"
"OID21206","Factor4",-0.0719650685787201,"Protein"
"OID20239","Factor4",0.0296707637608051,"Protein"
"OID21398","Factor4",0.223486632108688,"Protein"
"OID21321","Factor4",0.0514672361314297,"Protein"
"OID20456","Factor4",0.0830005705356598,"Protein"
"OID20976","Factor4",-0.137566924095154,"Protein"
"OID21209","Factor4",0.0151937240734696,"Protein"
"OID20824","Factor4",0.00540892640128732,"Protein"
"OID20275","Factor4",-0.0366679914295673,"Protein"
"OID21494","Factor4",-0.0986881479620934,"Protein"
"OID21299","Factor4",-0.108951881527901,"Protein"
"OID20590","Factor4",0.0640237852931023,"Protein"
"OID20384","Factor4",0.188465312123299,"Protein"
"OID21049","Factor4",0.240122109651566,"Protein"
"OID20174","Factor4",0.0184845253825188,"Protein"
"OID21067","Factor4",-0.015388679690659,"Protein"
"OID20489","Factor4",-0.099367693066597,"Protein"
"OID21243","Factor4",-0.183079823851585,"Protein"
"OID21077","Factor4",-0.0195545610040426,"Protein"
"OID21270","Factor4",-0.0724941864609718,"Protein"
"OID21337","Factor4",-0.0441301055252552,"Protein"
"OID20196","Factor4",-0.265116930007935,"Protein"
"OID20121","Factor4",-0.0782378539443016,"Protein"
"OID21262","Factor4",0.0600099228322506,"Protein"
"OID20537","Factor4",0.164734438061714,"Protein"
"OID20296","Factor4",-0.0364998020231724,"Protein"
"OID21509","Factor4",-0.0505721680819988,"Protein"
"OID20921","Factor4",-0.0122151132673025,"Protein"
"OID21406","Factor4",-0.0199736952781677,"Protein"
"OID21084","Factor4",-0.0334836468100548,"Protein"
"OID20951","Factor4",-0.0964423269033432,"Protein"
"OID20491","Factor4",-0.304821729660034,"Protein"
"OID20777","Factor4",-0.214698418974876,"Protein"
"OID21472","Factor4",-0.0251620952039957,"Protein"
"OID20304","Factor4",0.0289211384952068,"Protein"
"OID21011","Factor4",-0.0799036175012589,"Protein"
"OID20488","Factor4",0.0253698211163282,"Protein"
"OID20155","Factor4",0.168369933962822,"Protein"
"OID21171","Factor4",0.0146014653146267,"Protein"
"OID20176","Factor4",-0.0645023584365845,"Protein"
"OID20540","Factor4",-0.0673738047480583,"Protein"
"OID21059","Factor4",0.00807846337556839,"Protein"
"OID21401","Factor4",-0.00466358475387096,"Protein"
"OID20972","Factor4",-0.117667004466057,"Protein"
"OID21162","Factor4",-0.0196966696530581,"Protein"
"OID21063","Factor4",-0.00227747624740005,"Protein"
"OID21435","Factor4",-0.0537699833512306,"Protein"
"OID21316","Factor4",-0.0231708995997906,"Protein"
"OID21336","Factor4",-0.00132947112433612,"Protein"
"OID21471","Factor4",-0.026109803467989,"Protein"
"OID20427","Factor4",0.0426179319620132,"Protein"
"OID20750","Factor4",-0.209925979375839,"Protein"
"OID20763","Factor4",0.247289195656776,"Protein"
"OID21331","Factor4",0.0953521281480789,"Protein"
"OID20424","Factor4",-0.125831425189972,"Protein"
"OID21046","Factor4",-0.075861930847168,"Protein"
"OID21352","Factor4",-0.146403014659882,"Protein"
"OID20792","Factor4",0.0214970391243696,"Protein"
"OID21027","Factor4",-0.0871616974473,"Protein"
"OID20822","Factor4",-0.0355631224811077,"Protein"
"OID20680","Factor4",-0.0862713605165482,"Protein"
"OID20329","Factor4",-0.137070298194885,"Protein"
"OID21170","Factor4",0.00154246611054987,"Protein"
"OID20585","Factor4",0.0836569145321846,"Protein"
"OID20114","Factor4",-0.0154443616047502,"Protein"
"OID20557","Factor4",-0.111207909882069,"Protein"
"OID20864","Factor4",-0.0323553383350372,"Protein"
"OID20077","Factor4",0.0148965734988451,"Protein"
"OID21315","Factor4",-0.16823735833168,"Protein"
"OID20382","Factor4",0.238671213388443,"Protein"
"OID20633","Factor4",-0.0301349740475416,"Protein"
"OID21238","Factor4",-0.0653232112526894,"Protein"
"OID20932","Factor4",-0.0659877061843872,"Protein"
"OID20694","Factor4",0.103941023349762,"Protein"
"OID20264","Factor4",-0.172723263502121,"Protein"
"OID21524","Factor4",0.165702149271965,"Protein"
"OID21447","Factor4",-0.107971787452698,"Protein"
"OID21138","Factor4",0.00496310135349631,"Protein"
"OID21172","Factor4",-0.0256358440965414,"Protein"
"OID21389","Factor4",-0.0424939133226871,"Protein"
"OID21115","Factor4",-0.0473786219954491,"Protein"
"OID20211","Factor4",-0.445785224437714,"Protein"
"OID20279","Factor4",-0.193889409303665,"Protein"
"OID20569","Factor4",0.0143390288576484,"Protein"
"OID20142","Factor4",0.0203239116817713,"Protein"
"OID20613","Factor4",-0.0139830214902759,"Protein"
"OID20710","Factor4",-0.0516363754868507,"Protein"
"OID20807","Factor4",-0.00769029045477509,"Protein"
"OID20713","Factor4",0.0177085604518652,"Protein"
"OID20148","Factor4",-0.0298909340053797,"Protein"
"OID20632","Factor4",0.236995115876198,"Protein"
"OID21438","Factor4",0.0775059759616852,"Protein"
"OID21440","Factor4",-0.0347864478826523,"Protein"
"OID20549","Factor4",-0.0187140740454197,"Protein"
"OID20115","Factor4",-0.144343093037605,"Protein"
"OID21241","Factor4",-0.00361195020377636,"Protein"
"OID21529","Factor4",0.0259370841085911,"Protein"
"OID21374","Factor4",0.156920939683914,"Protein"
"OID20154","Factor4",-0.0432975515723228,"Protein"
"OID20480","Factor4",0.0499926060438156,"Protein"
"OID20767","Factor4",-0.0191919952630997,"Protein"
"OID21135","Factor4",-0.152159079909325,"Protein"
"OID20320","Factor4",0.0637468174099922,"Protein"
"OID20242","Factor4",0.0142938774079084,"Protein"
"OID20602","Factor4",-0.0642743036150932,"Protein"
"OID20282","Factor4",0.0820174068212509,"Protein"
"OID21189","Factor4",0.235703498125076,"Protein"
"OID20652","Factor4",-0.0676396116614342,"Protein"
"OID20454","Factor4",0.00271260691806674,"Protein"
"OID20302","Factor4",-0.0492852032184601,"Protein"
"OID20676","Factor4",-0.147445470094681,"Protein"
"OID21079","Factor4",0.170096382498741,"Protein"
"OID20828","Factor4",0.0430895760655403,"Protein"
"OID21423","Factor4",0.0518042035400867,"Protein"
"OID20535","Factor4",-0.0803385674953461,"Protein"
"OID21344","Factor4",0.0281648319214582,"Protein"
"OID20451","Factor4",0.00222798250615597,"Protein"
"OID21278","Factor4",-0.0175029691308737,"Protein"
"OID20070","Factor4",0.0246088579297066,"Protein"
"OID20529","Factor4",-0.0333522856235504,"Protein"
"OID20314","Factor4",0.129597902297974,"Protein"
"OID21346","Factor4",-0.100801274180412,"Protein"
"OID20476","Factor4",0.0668497681617737,"Protein"
"OID20765","Factor4",0.134716272354126,"Protein"
"OID20915","Factor4",-0.0117150479927659,"Protein"
"OID20538","Factor4",-0.0103115765377879,"Protein"
"OID21360","Factor4",-0.0631845444440842,"Protein"
"OID20562","Factor4",-0.256673544645309,"Protein"
"OID21405","Factor4",0.178685665130615,"Protein"
"OID20774","Factor4",0.117565348744392,"Protein"
"OID20661","Factor4",0.195464596152306,"Protein"
"OID20639","Factor4",-0.080746129155159,"Protein"
"OID20267","Factor4",0.119907431304455,"Protein"
"OID20936","Factor4",0.0414223521947861,"Protein"
"OID21433","Factor4",0.0019000603351742,"Protein"
"OID20804","Factor4",0.0407433658838272,"Protein"
"OID21152","Factor4",0.00346461497247219,"Protein"
"OID20084","Factor4",0.0115516530349851,"Protein"
"OID20881","Factor4",-0.0232326239347458,"Protein"
"OID20612","Factor4",-0.110516890883446,"Protein"
"OID21460","Factor4",-0.098399244248867,"Protein"
"OID20316","Factor4",0.217395275831223,"Protein"
"OID20373","Factor4",0.0660286247730255,"Protein"
"OID21174","Factor4",-0.111445218324661,"Protein"
"OID20140","Factor4",-0.0138641586527228,"Protein"
"OID20781","Factor4",-0.111076138913631,"Protein"
"OID20811","Factor4",0.0233949217945337,"Protein"
"OID20497","Factor4",0.00709989853203297,"Protein"
"OID21407","Factor4",0.0583040118217468,"Protein"
"OID20547","Factor4",-0.0503683127462864,"Protein"
"OID20857","Factor4",0.0107576455920935,"Protein"
"OID20401","Factor4",0.207190617918968,"Protein"
"OID21517","Factor4",0.0731852129101753,"Protein"
"OID20530","Factor4",0.0123340049758554,"Protein"
"OID21236","Factor4",-0.0495206490159035,"Protein"
"OID21412","Factor4",-0.140527367591858,"Protein"
"OID20391","Factor4",0.00368191907182336,"Protein"
"OID20458","Factor4",-0.0215078424662352,"Protein"
"OID21404","Factor4",0.0404070019721985,"Protein"
"OID21394","Factor4",-0.0595728345215321,"Protein"
"OID21514","Factor4",-0.240108206868172,"Protein"
"OID20662","Factor4",-0.122267879545689,"Protein"
"OID21286","Factor4",0.019420500844717,"Protein"
"OID20884","Factor4",0.0337702333927155,"Protein"
"OID21456","Factor4",0.0378399677574635,"Protein"
"OID21196","Factor4",0.108142241835594,"Protein"
"OID20599","Factor4",-0.0604375004768372,"Protein"
"OID21134","Factor4",-0.0361415706574917,"Protein"
"OID20690","Factor4",-0.201089188456535,"Protein"
"OID20720","Factor4",0.101990088820457,"Protein"
"OID20581","Factor4",-0.307209044694901,"Protein"
"OID20848","Factor4",0.0454977862536907,"Protein"
"OID21339","Factor4",0.177908971905708,"Protein"
"OID20394","Factor4",0.127142772078514,"Protein"
"OID20888","Factor4",0.0585190244019032,"Protein"
"OID20290","Factor4",-0.023235721513629,"Protein"
"OID20362","Factor4",-0.052652582526207,"Protein"
"OID21055","Factor4",-0.107267305254936,"Protein"
"OID20071","Factor4",-0.0193327367305756,"Protein"
"OID20941","Factor4",-0.134936854243279,"Protein"
"OID21468","Factor4",0.10151843726635,"Protein"
"OID20878","Factor4",-0.0197917260229588,"Protein"
"OID20834","Factor4",0.00628543645143509,"Protein"
"OID20414","Factor4",-0.00877942610532045,"Protein"
"OID21359","Factor4",0.0330186523497105,"Protein"
"OID20702","Factor4",0.12092674523592,"Protein"
"OID21161","Factor4",0.0617052502930164,"Protein"
"OID20168","Factor4",0.0589006915688515,"Protein"
"OID21301","Factor4",-0.0786703675985336,"Protein"
"OID20556","Factor4",-0.0910006165504456,"Protein"
"OID21231","Factor4",-0.00619681179523468,"Protein"
"OID20525","Factor4",-0.080839179456234,"Protein"
"OID20806","Factor4",-0.0203335862606764,"Protein"
"OID20502","Factor4",0.00983033422380686,"Protein"
"OID20332","Factor4",0.119146540760994,"Protein"
"OID20668","Factor4",-0.00732571398839355,"Protein"
"OID20208","Factor4",-0.030400762334466,"Protein"
"OID20265","Factor4",0.19852639734745,"Protein"
"OID21400","Factor4",-0.0999076068401337,"Protein"
"OID21518","Factor4",0.00665314123034477,"Protein"
"OID20348","Factor4",-0.077250674366951,"Protein"
"OID20447","Factor4",-0.0478723011910915,"Protein"
"OID20566","Factor4",0.0686385482549667,"Protein"
"OID21318","Factor4",0.0250400044023991,"Protein"
"OID20352","Factor4",0.147759988903999,"Protein"
"OID20442","Factor4",-0.0201042350381613,"Protein"
"OID21458","Factor4",-0.0479206293821335,"Protein"
"OID20473","Factor4",0.0494305603206158,"Protein"
"OID21147","Factor4",-0.0672829523682594,"Protein"
"OID20855","Factor4",-0.0311153251677752,"Protein"
"OID21122","Factor4",0.00272876233793795,"Protein"
"OID21023","Factor4",-0.0620387047529221,"Protein"
"OID20493","Factor4",-0.00358022935688496,"Protein"
"OID20852","Factor4",0.0165204182267189,"Protein"
"OID21429","Factor4",-0.15796323120594,"Protein"
"OID21102","Factor4",0.0794522315263748,"Protein"
"OID20629","Factor4",0.103331327438354,"Protein"
"OID21070","Factor4",0.210669696331024,"Protein"
"OID20281","Factor4",-0.0112385228276253,"Protein"
"OID20651","Factor4",0.0135441021993756,"Protein"
"OID21228","Factor4",-0.206896722316742,"Protein"
"OID20393","Factor4",-0.0089910700917244,"Protein"
"OID20624","Factor4",0.165492355823517,"Protein"
"OID21090","Factor4",0.00703049264848232,"Protein"
"OID21096","Factor4",-0.279610276222229,"Protein"
"OID21194","Factor4",0.1277766674757,"Protein"
"OID20410","Factor4",-0.227956593036652,"Protein"
"OID21525","Factor4",-0.0513137243688107,"Protein"
"OID20229","Factor4",-0.032761387526989,"Protein"
"OID20185","Factor4",-0.0216513406485319,"Protein"
"OID20131","Factor4",-0.0320628993213177,"Protein"
"OID20719","Factor4",-0.116037726402283,"Protein"
"OID20974","Factor4",0.0181248933076859,"Protein"
"OID20170","Factor4",0.0260842870920897,"Protein"
"OID20231","Factor4",0.0434761047363281,"Protein"
"OID20897","Factor4",-0.129084765911102,"Protein"
"OID21526","Factor4",-0.0494875833392143,"Protein"
"OID20416","Factor4",0.0471119061112404,"Protein"
"OID20654","Factor4",-0.395557999610901,"Protein"
"OID20236","Factor4",0.033787913620472,"Protein"
"OID21165","Factor4",-0.15588153898716,"Protein"
"OID21424","Factor4",0.165310993790627,"Protein"
"OID21308","Factor4",-0.0440947562456131,"Protein"
"OID20388","Factor4",0.146947115659714,"Protein"
"OID20994","Factor4",-0.13362318277359,"Protein"
"OID20747","Factor4",0.210900202393532,"Protein"
"OID20346","Factor4",0.0380552932620049,"Protein"
"OID21362","Factor4",-0.00705355918034911,"Protein"
"OID21345","Factor4",0.0199847836047411,"Protein"
"OID20621","Factor4",0.0908282175660133,"Protein"
"OID20076","Factor4",-0.120021387934685,"Protein"
"OID21303","Factor4",0.0338790975511074,"Protein"
"OID20835","Factor4",-0.0624988600611687,"Protein"
"OID20948","Factor4",-0.0477647595107555,"Protein"
"OID20565","Factor4",0.0657837316393852,"Protein"
"OID20397","Factor4",0.0366612784564495,"Protein"
"OID20235","Factor4",-0.0380777604877949,"Protein"
"OID20255","Factor4",0.0914450064301491,"Protein"
"OID20367","Factor4",-0.12794728577137,"Protein"
"OID20982","Factor4",-0.033546295017004,"Protein"
"OID20611","Factor4",-0.112394787371159,"Protein"
"OID20706","Factor4",-0.0877602994441986,"Protein"
"OID20773","Factor4",0.0580824799835682,"Protein"
"OID20270","Factor4",0.0792015269398689,"Protein"
"OID20199","Factor4",-0.0151893198490143,"Protein"
"OID20377","Factor4",-0.0308847557753325,"Protein"
"OID20555","Factor4",0.0608456172049046,"Protein"
"OID21240","Factor4",-0.0260489545762539,"Protein"
"OID21130","Factor4",0.00619749492034316,"Protein"
"OID21028","Factor4",-0.0442058108747005,"Protein"
"OID20531","Factor4",0.0101718911901116,"Protein"
"OID20130","Factor4",0.0361370071768761,"Protein"
"OID20133","Factor4",-0.0694042518734932,"Protein"
"OID20481","Factor4",-0.0687364563345909,"Protein"
"OID20238","Factor4",-0.118104226887226,"Protein"
"OID20358","Factor4",-0.010851894505322,"Protein"
"OID21322","Factor4",-0.230399399995804,"Protein"
"OID20194","Factor4",-0.0209094639867544,"Protein"
"OID20353","Factor4",0.0338450819253922,"Protein"
"OID20145","Factor4",0.17470471560955,"Protein"
"OID20132","Factor4",-0.00656334403902292,"Protein"
"OID21353","Factor4",0.065755270421505,"Protein"
"OID21230","Factor4",-0.00314752315171063,"Protein"
"OID20513","Factor4",0.0829988718032837,"Protein"
"OID20082","Factor4",0.00398492813110352,"Protein"
"OID21136","Factor4",-0.0129591282457113,"Protein"
"OID20380","Factor4",0.0284514501690865,"Protein"
"OID20914","Factor4",-0.00192987977061421,"Protein"
"OID20204","Factor4",-0.0579630695283413,"Protein"
"OID20637","Factor4",0.0628567561507225,"Protein"
"OID20464","Factor4",0.00623346585780382,"Protein"
"OID20957","Factor4",-0.017624344676733,"Protein"
"OID21052","Factor4",0.0721177980303764,"Protein"
"OID20213","Factor4",0.199872046709061,"Protein"
"OID21366","Factor4",-0.189195305109024,"Protein"
"OID20733","Factor4",-0.194506600499153,"Protein"
"OID21252","Factor4",0.138548195362091,"Protein"
"OID20755","Factor4",-0.19694396853447,"Protein"
"OID20360","Factor4",0.0870708525180817,"Protein"
"OID20172","Factor4",0.0895380154252052,"Protein"
"OID21474","Factor4",0.143017947673798,"Protein"
"OID20337","Factor4",0.235204428434372,"Protein"
"OID20487","Factor4",-0.0290394816547632,"Protein"
"OID20374","Factor4",-0.0506279915571213,"Protein"
"OID20754","Factor4",0.107685223221779,"Protein"
"OID20575","Factor4",-0.167810708284378,"Protein"
"OID20909","Factor4",-0.0667483359575272,"Protein"
"OID20626","Factor4",0.0804188176989555,"Protein"
"OID20396","Factor4",-0.114425159990788,"Protein"
"OID20462","Factor4",0.346303403377533,"Protein"
"OID20775","Factor5",0.0682160779833794,"Protein"
"OID20984","Factor5",-0.269636571407318,"Protein"
"OID20083","Factor5",-0.251637548208237,"Protein"
"OID21402","Factor5",-0.130205497145653,"Protein"
"OID20911","Factor5",-0.489963918924332,"Protein"
"OID20850","Factor5",0.039634495973587,"Protein"
"OID20101","Factor5",-0.493754506111145,"Protein"
"OID21140","Factor5",0.0235813893377781,"Protein"
"OID20563","Factor5",-0.49012815952301,"Protein"
"OID20125","Factor5",-0.0405898354947567,"Protein"
"OID21485","Factor5",-0.0159705858677626,"Protein"
"OID21276","Factor5",-0.492899566888809,"Protein"
"OID20594","Factor5",0.0470625162124634,"Protein"
"OID20779","Factor5",0.0484285615384579,"Protein"
"OID20983","Factor5",-0.329729080200195,"Protein"
"OID20643","Factor5",0.0203537046909332,"Protein"
"OID20049","Factor5",-0.0760013908147812,"Protein"
"OID20312","Factor5",-0.101084239780903,"Protein"
"OID20246","Factor5",-0.181733593344688,"Protein"
"OID20495","Factor5",-0.00304396217688918,"Protein"
"OID21031","Factor5",0.0665098801255226,"Protein"
"OID20778","Factor5",0.173066422343254,"Protein"
"OID20127","Factor5",0.0172343924641609,"Protein"
"OID20274","Factor5",-0.464396297931671,"Protein"
"OID21373","Factor5",-0.10048945248127,"Protein"
"OID20559","Factor5",0.0472169555723667,"Protein"
"OID20218","Factor5",-0.00680332165211439,"Protein"
"OID20263","Factor5",-0.174700066447258,"Protein"
"OID21489","Factor5",-0.166282430291176,"Protein"
"OID20219","Factor5",-0.0339760780334473,"Protein"
"OID20192","Factor5",-0.0133248837664723,"Protein"
"OID20896","Factor5",-0.212449938058853,"Protein"
"OID20399","Factor5",-0.390386432409286,"Protein"
"OID21297","Factor5",0.00135544047225267,"Protein"
"OID21348","Factor5",0.0269630420953035,"Protein"
"OID20593","Factor5",-0.141647070646286,"Protein"
"OID21395","Factor5",0.0762965083122253,"Protein"
"OID21507","Factor5",-0.185035824775696,"Protein"
"OID20729","Factor5",0.038179587572813,"Protein"
"OID20220","Factor5",0.0050994367338717,"Protein"
"OID21411","Factor5",0.0520125851035118,"Protein"
"OID21387","Factor5",0.0827937424182892,"Protein"
"OID20266","Factor5",-0.204339429736137,"Protein"
"OID21461","Factor5",-0.310101598501205,"Protein"
"OID21475","Factor5",0.0029133774805814,"Protein"
"OID20671","Factor5",-0.435792058706284,"Protein"
"OID20950","Factor5",0.0353677459061146,"Protein"
"OID20206","Factor5",0.0333943255245686,"Protein"
"OID21250","Factor5",-0.017757385969162,"Protein"
"OID20579","Factor5",0.0212746914476156,"Protein"
"OID20761","Factor5",0.0179345589131117,"Protein"
"OID20711","Factor5",0.0667752474546432,"Protein"
"OID20707","Factor5",0.00442248489707708,"Protein"
"OID20760","Factor5",0.0122174881398678,"Protein"
"OID20672","Factor5",-0.122212193906307,"Protein"
"OID21277","Factor5",0.0854693651199341,"Protein"
"OID20169","Factor5",-0.263626545667648,"Protein"
"OID20524","Factor5",0.033168476074934,"Protein"
"OID20523","Factor5",-0.467862784862518,"Protein"
"OID20544","Factor5",0.0340143851935863,"Protein"
"OID21047","Factor5",0.118958204984665,"Protein"
"OID20258","Factor5",-0.0846652463078499,"Protein"
"OID20112","Factor5",-0.0243331398814917,"Protein"
"OID20993","Factor5",0.0627259835600853,"Protein"
"OID20656","Factor5",-0.414777129888535,"Protein"
"OID20863","Factor5",-0.141772285103798,"Protein"
"OID20640","Factor5",0.0162982996553183,"Protein"
"OID20596","Factor5",-0.307616084814072,"Protein"
"OID20625","Factor5",0.0551075488328934,"Protein"
"OID21097","Factor5",-0.173541635274887,"Protein"
"OID20166","Factor5",0.23054701089859,"Protein"
"OID21306","Factor5",-0.227237194776535,"Protein"
"OID21176","Factor5",0.038275633007288,"Protein"
"OID21118","Factor5",-0.00682803941890597,"Protein"
"OID21332","Factor5",0.0287907291203737,"Protein"
"OID20551","Factor5",0.0189360491931438,"Protein"
"OID20856","Factor5",0.0294226314872503,"Protein"
"OID20918","Factor5",0.0244435016065836,"Protein"
"OID21420","Factor5",0.020701564848423,"Protein"
"OID20875","Factor5",0.0276884958148003,"Protein"
"OID21378","Factor5",-0.00164809299167246,"Protein"
"OID21506","Factor5",0.0451532825827599,"Protein"
"OID21459","Factor5",0.149305775761604,"Protein"
"OID20075","Factor5",0.131654337048531,"Protein"
"OID21505","Factor5",-0.186127364635468,"Protein"
"OID20698","Factor5",0.0193401575088501,"Protein"
"OID20271","Factor5",-0.0121161779388785,"Protein"
"OID20717","Factor5",-0.034524030983448,"Protein"
"OID20050","Factor5",-0.184500575065613,"Protein"
"OID20090","Factor5",-0.17099130153656,"Protein"
"OID20627","Factor5",0.0844752788543701,"Protein"
"OID20908","Factor5",-0.0225752666592598,"Protein"
"OID20741","Factor5",-0.0128127271309495,"Protein"
"OID20519","Factor5",0.0459429584443569,"Protein"
"OID20138","Factor5",0.000989258638583124,"Protein"
"OID20095","Factor5",-0.104559265077114,"Protein"
"OID20689","Factor5",0.00119993824046105,"Protein"
"OID20203","Factor5",-0.323541045188904,"Protein"
"OID20541","Factor5",-0.0649389401078224,"Protein"
"OID20742","Factor5",0.08505729585886,"Protein"
"OID20554","Factor5",0.0679664835333824,"Protein"
"OID21319","Factor5",-0.0539315268397331,"Protein"
"OID20415","Factor5",-0.0956897586584091,"Protein"
"OID21521","Factor5",0.0482816249132156,"Protein"
"OID20925","Factor5",-0.01504872366786,"Protein"
"OID21204","Factor5",0.0455360934138298,"Protein"
"OID20938","Factor5",-0.185947597026825,"Protein"
"OID20577","Factor5",0.0674169585108757,"Protein"
"OID21029","Factor5",-0.0432818606495857,"Protein"
"OID20364","Factor5",-0.0959053114056587,"Protein"
"OID21408","Factor5",-0.0870633199810982,"Protein"
"OID20788","Factor5",0.0881428793072701,"Protein"
"OID21469","Factor5",-0.0277554057538509,"Protein"
"OID20899","Factor5",0.0411172360181808,"Protein"
"OID20952","Factor5",-0.0415724851191044,"Protein"
"OID21078","Factor5",0.243123725056648,"Protein"
"OID20187","Factor5",0.0854543745517731,"Protein"
"OID20475","Factor5",0.0596741251647472,"Protein"
"OID20616","Factor5",-0.00200059800408781,"Protein"
"OID21069","Factor5",0.221624866127968,"Protein"
"OID20772","Factor5",-0.111800342798233,"Protein"
"OID20684","Factor5",-0.165857151150703,"Protein"
"OID20230","Factor5",0.0694094002246857,"Protein"
"OID21451","Factor5",-0.0340797491371632,"Protein"
"OID20916","Factor5",-0.0343669690191746,"Protein"
"OID21158","Factor5",-0.0143959457054734,"Protein"
"OID20182","Factor5",0.231159657239914,"Protein"
"OID21307","Factor5",0.0504239313304424,"Protein"
"OID20412","Factor5",0.0938017815351486,"Protein"
"OID21226","Factor5",0.147725164890289,"Protein"
"OID21391","Factor5",-0.0329081974923611,"Protein"
"OID20615","Factor5",0.00738168321549892,"Protein"
"OID21224","Factor5",-0.090479701757431,"Protein"
"OID20158","Factor5",-0.0164115466177464,"Protein"
"OID20582","Factor5",0.0269264727830887,"Protein"
"OID20816","Factor5",-0.00206483830697834,"Protein"
"OID20937","Factor5",-0.139582112431526,"Protein"
"OID21376","Factor5",0.231691837310791,"Protein"
"OID20681","Factor5",0.085229866206646,"Protein"
"OID20251","Factor5",-0.247232928872108,"Protein"
"OID21350","Factor5",-0.035458579659462,"Protein"
"OID21263","Factor5",-0.109409429132938,"Protein"
"OID21149","Factor5",0.217260271310806,"Protein"
"OID20207","Factor5",0.161960572004318,"Protein"
"OID21282","Factor5",-0.174147918820381,"Protein"
"OID21269","Factor5",-0.0225048661231995,"Protein"
"OID21309","Factor5",-0.104394920170307,"Protein"
"OID20959","Factor5",0.0112425833940506,"Protein"
"OID21508","Factor5",0.160857707262039,"Protein"
"OID21292","Factor5",-0.0537702441215515,"Protein"
"OID20697","Factor5",-0.272620260715485,"Protein"
"OID20588","Factor5",0.0303403679281473,"Protein"
"OID21422","Factor5",-0.273989945650101,"Protein"
"OID20910","Factor5",0.0231940522789955,"Protein"
"OID20175","Factor5",0.0789539664983749,"Protein"
"OID21383","Factor5",-0.0542841888964176,"Protein"
"OID21082","Factor5",-0.0115096876397729,"Protein"
"OID20965","Factor5",0.0752305909991264,"Protein"
"OID20225","Factor5",0.0359765514731407,"Protein"
"OID20245","Factor5",0.0341906398534775,"Protein"
"OID21033","Factor5",-0.0867909938097,"Protein"
"OID20558","Factor5",-0.0157390721142292,"Protein"
"OID20871","Factor5",-0.115382082760334,"Protein"
"OID21144","Factor5",-0.253846526145935,"Protein"
"OID20322","Factor5",-0.362320363521576,"Protein"
"OID21347","Factor5",0.233337879180908,"Protein"
"OID21296","Factor5",-0.126399993896484,"Protein"
"OID20971","Factor5",0.0628775134682655,"Protein"
"OID21294","Factor5",-0.246538326144218,"Protein"
"OID20737","Factor5",-0.0035276897251606,"Protein"
"OID20847","Factor5",-0.079706609249115,"Protein"
"OID21003","Factor5",0.177258893847466,"Protein"
"OID20553","Factor5",0.14986751973629,"Protein"
"OID20977","Factor5",-0.0854416489601135,"Protein"
"OID21154","Factor5",0.0733522996306419,"Protein"
"OID21512","Factor5",-0.14849491417408,"Protein"
"OID20704","Factor5",-0.320481240749359,"Protein"
"OID20644","Factor5",0.00613283738493919,"Protein"
"OID20964","Factor5",-0.273374378681183,"Protein"
"OID20117","Factor5",0.244203597307205,"Protein"
"OID21019","Factor5",-0.453214973211288,"Protein"
"OID20688","Factor5",0.0129527179524302,"Protein"
"OID20700","Factor5",-0.370108336210251,"Protein"
"OID21287","Factor5",0.113018304109573,"Protein"
"OID20548","Factor5",-0.125775724649429,"Protein"
"OID21061","Factor5",-0.0210243985056877,"Protein"
"OID20477","Factor5",-0.170716568827629,"Protein"
"OID20787","Factor5",0.0478168986737728,"Protein"
"OID20292","Factor5",-0.00527974544093013,"Protein"
"OID20431","Factor5",-0.117738090455532,"Protein"
"OID20714","Factor5",0.150402754545212,"Protein"
"OID20110","Factor5",0.0499417595565319,"Protein"
"OID20740","Factor5",-0.0168594308197498,"Protein"
"OID21123","Factor5",0.202360659837723,"Protein"
"OID20105","Factor5",-0.165706753730774,"Protein"
"OID20326","Factor5",0.0299880504608154,"Protein"
"OID21314","Factor5",0.00845806859433651,"Protein"
"OID20795","Factor5",0.0632208734750748,"Protein"
"OID21320","Factor5",0.0141984233632684,"Protein"
"OID20325","Factor5",-0.124431855976582,"Protein"
"OID20511","Factor5",-0.0200914908200502,"Protein"
"OID20903","Factor5",0.115990273654461,"Protein"
"OID21511","Factor5",-0.00072563299909234,"Protein"
"OID21222","Factor5",0.00532159255817533,"Protein"
"OID20086","Factor5",0.132205501198769,"Protein"
"OID20515","Factor5",0.0181081965565681,"Protein"
"OID20214","Factor5",-0.154093563556671,"Protein"
"OID20305","Factor5",0.0972324907779694,"Protein"
"OID21356","Factor5",-0.108826339244843,"Protein"
"OID20981","Factor5",-0.275643229484558,"Protein"
"OID21363","Factor5",0.184135720133781,"Protein"
"OID21455","Factor5",0.00645428150892258,"Protein"
"OID20334","Factor5",0.0612370818853378,"Protein"
"OID20139","Factor5",0.0344603843986988,"Protein"
"OID21156","Factor5",-0.09293582290411,"Protein"
"OID20227","Factor5",0.0778951421380043,"Protein"
"OID20814","Factor5",-0.00361131643876433,"Protein"
"OID20745","Factor5",0.00650432566180825,"Protein"
"OID20683","Factor5",0.00623785238713026,"Protein"
"OID21211","Factor5",-0.017865153029561,"Protein"
"OID20723","Factor5",-0.136906623840332,"Protein"
"OID20900","Factor5",0.0875820368528366,"Protein"
"OID21453","Factor5",0.226494953036308,"Protein"
"OID20177","Factor5",0.16794365644455,"Protein"
"OID20526","Factor5",-0.0110228909179568,"Protein"
"OID20146","Factor5",0.0619611516594887,"Protein"
"OID21357","Factor5",-0.335513532161713,"Protein"
"OID20545","Factor5",0.0683716684579849,"Protein"
"OID20685","Factor5",0.0351798124611378,"Protein"
"OID20200","Factor5",0.246304199099541,"Protein"
"OID21467","Factor5",-0.224989637732506,"Protein"
"OID21000","Factor5",0.162957012653351,"Protein"
"OID20244","Factor5",0.0213954541832209,"Protein"
"OID20250","Factor5",-0.400549650192261,"Protein"
"OID20280","Factor5",-0.0689932107925415,"Protein"
"OID21450","Factor5",0.396410584449768,"Protein"
"OID20409","Factor5",0.191233456134796,"Protein"
"OID21417","Factor5",-0.0756870657205582,"Protein"
"OID20943","Factor5",0.119209051132202,"Protein"
"OID20724","Factor5",0.0439102463424206,"Protein"
"OID20201","Factor5",-0.254181742668152,"Protein"
"OID21205","Factor5",-0.0473021231591702,"Protein"
"OID20987","Factor5",0.164324030280113,"Protein"
"OID20646","Factor5",0.00495124608278275,"Protein"
"OID21323","Factor5",0.0431876592338085,"Protein"
"OID20997","Factor5",-0.201852977275848,"Protein"
"OID21030","Factor5",-0.269011408090591,"Protein"
"OID21462","Factor5",0.221384212374687,"Protein"
"OID20483","Factor5",0.0157030988484621,"Protein"
"OID20149","Factor5",0.116335779428482,"Protein"
"OID21499","Factor5",-0.0371545739471912,"Protein"
"OID20682","Factor5",0.229407921433449,"Protein"
"OID20868","Factor5",0.0986107066273689,"Protein"
"OID20574","Factor5",-0.468609511852264,"Protein"
"OID21151","Factor5",0.0404164865612984,"Protein"
"OID20472","Factor5",-0.11542646586895,"Protein"
"OID20675","Factor5",-0.239871978759766,"Protein"
"OID20436","Factor5",0.0677668526768684,"Protein"
"OID20184","Factor5",0.0143784424290061,"Protein"
"OID21060","Factor5",0.0485032685101032,"Protein"
"OID21367","Factor5",-0.0161574650555849,"Protein"
"OID20178","Factor5",-0.332622617483139,"Protein"
"OID21375","Factor5",0.140581250190735,"Protein"
"OID21430","Factor5",-0.204886943101883,"Protein"
"OID21312","Factor5",-0.323671281337738,"Protein"
"OID21380","Factor5",-0.127505600452423,"Protein"
"OID20421","Factor5",-0.126146584749222,"Protein"
"OID21326","Factor5",0.0272959358990192,"Protein"
"OID20631","Factor5",-0.20547491312027,"Protein"
"OID20097","Factor5",-0.0926941335201263,"Protein"
"OID20758","Factor5",-0.257641911506653,"Protein"
"OID21482","Factor5",-0.11561443656683,"Protein"
"OID20371","Factor5",0.083210326731205,"Protein"
"OID21415","Factor5",-0.114283174276352,"Protein"
"OID21527","Factor5",0.0781492069363594,"Protein"
"OID20233","Factor5",0.119625866413116,"Protein"
"OID21016","Factor5",0.194142863154411,"Protein"
"OID21284","Factor5",0.0316532105207443,"Protein"
"OID21143","Factor5",0.0965254157781601,"Protein"
"OID21022","Factor5",0.234652414917946,"Protein"
"OID20865","Factor5",0.0170325189828873,"Protein"
"OID21311","Factor5",0.242769077420235,"Protein"
"OID20342","Factor5",-0.196353331208229,"Protein"
"OID20309","Factor5",-0.309357583522797,"Protein"
"OID20546","Factor5",0.0156590174883604,"Protein"
"OID21099","Factor5",-0.00120079424232244,"Protein"
"OID20135","Factor5",0.143079832196236,"Protein"
"OID21476","Factor5",0.0460897833108902,"Protein"
"OID20359","Factor5",-0.323194026947021,"Protein"
"OID20601","Factor5",-0.318094521760941,"Protein"
"OID21104","Factor5",-0.344181716442108,"Protein"
"OID20756","Factor5",-0.054218478500843,"Protein"
"OID21439","Factor5",-0.155950322747231,"Protein"
"OID21399","Factor5",0.135716155171394,"Protein"
"OID21043","Factor5",0.0597233064472675,"Protein"
"OID20609","Factor5",-0.125782683491707,"Protein"
"OID20289","Factor5",-0.0795064568519592,"Protein"
"OID21101","Factor5",0.200019925832748,"Protein"
"OID21014","Factor5",-0.286288142204285,"Protein"
"OID21249","Factor5",0.0315047614276409,"Protein"
"OID21446","Factor5",0.171501085162163,"Protein"
"OID20970","Factor5",0.0631054267287254,"Protein"
"OID20956","Factor5",0.0052002496086061,"Protein"
"OID20635","Factor5",-0.0503588616847992,"Protein"
"OID20648","Factor5",-0.040573462843895,"Protein"
"OID20331","Factor5",-0.0622054859995842,"Protein"
"OID21437","Factor5",0.123544774949551,"Protein"
"OID21442","Factor5",0.096253976225853,"Protein"
"OID21369","Factor5",0.203239992260933,"Protein"
"OID20576","Factor5",-0.230267226696014,"Protein"
"OID20636","Factor5",0.0213459338992834,"Protein"
"OID20162","Factor5",0.24314871430397,"Protein"
"OID21381","Factor5",-0.106970459222794,"Protein"
"OID20153","Factor5",-0.203631058335304,"Protein"
"OID20732","Factor5",-0.0526974722743034,"Protein"
"OID21024","Factor5",-0.263423293828964,"Protein"
"OID21434","Factor5",-0.200710982084274,"Protein"
"OID20507","Factor5",0.141285017132759,"Protein"
"OID20137","Factor5",0.0375458374619484,"Protein"
"OID21042","Factor5",-0.0442410409450531,"Protein"
"OID21516","Factor5",0.0891327932476997,"Protein"
"OID20299","Factor5",0.148715808987617,"Protein"
"OID21257","Factor5",0.222830444574356,"Protein"
"OID21253","Factor5",0.0560993477702141,"Protein"
"OID20988","Factor5",-0.0299002509564161,"Protein"
"OID21119","Factor5",-0.338348925113678,"Protein"
"OID21038","Factor5",0.179555132985115,"Protein"
"OID21091","Factor5",0.0283563565462828,"Protein"
"OID20597","Factor5",0.0273284278810024,"Protein"
"OID20179","Factor5",0.0377396009862423,"Protein"
"OID21168","Factor5",0.0349115803837776,"Protein"
"OID21368","Factor5",-0.220995411276817,"Protein"
"OID20738","Factor5",0.0511405393481255,"Protein"
"OID20122","Factor5",0.221154391765594,"Protein"
"OID20703","Factor5",-0.20496492087841,"Protein"
"OID21436","Factor5",0.23151695728302,"Protein"
"OID21421","Factor5",-0.458297342061996,"Protein"
"OID20589","Factor5",-0.0448196157813072,"Protein"
"OID20927","Factor5",0.209082782268524,"Protein"
"OID21418","Factor5",-0.0837208777666092,"Protein"
"OID21013","Factor5",-0.337202429771423,"Protein"
"OID20904","Factor5",-0.213672190904617,"Protein"
"OID20568","Factor5",0.151212364435196,"Protein"
"OID20533","Factor5",0.14030134677887,"Protein"
"OID20254","Factor5",-0.294491767883301,"Protein"
"OID21403","Factor5",-0.07212795317173,"Protein"
"OID21012","Factor5",0.0114422012120485,"Protein"
"OID21280","Factor5",0.0249343570321798,"Protein"
"OID21187","Factor5",-0.171075537800789,"Protein"
"OID21425","Factor5",0.0731047466397285,"Protein"
"OID20078","Factor5",-0.130389004945755,"Protein"
"OID20102","Factor5",-0.185124009847641,"Protein"
"OID21073","Factor5",0.141026839613914,"Protein"
"OID21428","Factor5",-0.0240365900099277,"Protein"
"OID20687","Factor5",-0.178398489952087,"Protein"
"OID20883","Factor5",-0.234104692935944,"Protein"
"OID21242","Factor5",0.239913359284401,"Protein"
"OID20583","Factor5",-0.0349979586899281,"Protein"
"OID21361","Factor5",0.0442717485129833,"Protein"
"OID21365","Factor5",0.156749233603477,"Protein"
"OID21419","Factor5",0.174083471298218,"Protein"
"OID21498","Factor5",0.123479604721069,"Protein"
"OID20995","Factor5",0.162268623709679,"Protein"
"OID21094","Factor5",0.158982321619987,"Protein"
"OID20715","Factor5",0.0321651846170425,"Protein"
"OID20718","Factor5",-0.0183187909424305,"Protein"
"OID20960","Factor5",0.0258107054978609,"Protein"
"OID20866","Factor5",-0.159942746162415,"Protein"
"OID20986","Factor5",0.175560772418976,"Protein"
"OID20152","Factor5",-0.145565032958984,"Protein"
"OID20395","Factor5",-0.138014793395996,"Protein"
"OID21285","Factor5",0.0231364518404007,"Protein"
"OID20313","Factor5",-0.0224936660379171,"Protein"
"OID20509","Factor5",0.120483718812466,"Protein"
"OID21255","Factor5",-0.0939480736851692,"Protein"
"OID20141","Factor5",0.220030337572098,"Protein"
"OID20942","Factor5",0.0802965983748436,"Protein"
"OID21466","Factor5",0.0019973455928266,"Protein"
"OID20215","Factor5",0.235242992639542,"Protein"
"OID20923","Factor5",0.230214580893517,"Protein"
"OID20752","Factor5",0.17841862142086,"Protein"
"OID20990","Factor5",-0.203951269388199,"Protein"
"OID21004","Factor5",-0.307242661714554,"Protein"
"OID20103","Factor5",-0.259508103132248,"Protein"
"OID20784","Factor5",0.100001484155655,"Protein"
"OID20156","Factor5",-0.34142279624939,"Protein"
"OID20221","Factor5",-0.229186549782753,"Protein"
"OID21410","Factor5",-0.10331891477108,"Protein"
"OID21225","Factor5",-0.0532383136451244,"Protein"
"OID21385","Factor5",0.194074466824532,"Protein"
"OID21155","Factor5",-0.0959909483790398,"Protein"
"OID20610","Factor5",-0.222685530781746,"Protein"
"OID20935","Factor5",0.0564270317554474,"Protein"
"OID21327","Factor5",0.215085864067078,"Protein"
"OID20748","Factor5",0.124519281089306,"Protein"
"OID20708","Factor5",0.205893710255623,"Protein"
"OID20567","Factor5",-0.328828066587448,"Protein"
"OID20647","Factor5",0.286427319049835,"Protein"
"OID20968","Factor5",-0.206222534179688,"Protein"
"OID20383","Factor5",0.0667044445872307,"Protein"
"OID21036","Factor5",-0.213157385587692,"Protein"
"OID20978","Factor5",0.140708774328232,"Protein"
"OID20327","Factor5",-0.218459606170654,"Protein"
"OID20958","Factor5",0.103822134435177,"Protein"
"OID20252","Factor5",-0.0986230671405792,"Protein"
"OID20642","Factor5",0.0496497489511967,"Protein"
"OID20205","Factor5",0.0863457173109055,"Protein"
"OID21248","Factor5",0.0145109770819545,"Protein"
"OID21150","Factor5",0.112991519272327,"Protein"
"OID21111","Factor5",-0.148505851626396,"Protein"
"OID21121","Factor5",0.0781532377004623,"Protein"
"OID20295","Factor5",0.162980020046234,"Protein"
"OID21281","Factor5",0.0342334173619747,"Protein"
"OID20650","Factor5",-0.0921634957194328,"Protein"
"OID20895","Factor5",0.176975220441818,"Protein"
"OID20459","Factor5",0.154360070824623,"Protein"
"OID21457","Factor5",-0.0755374953150749,"Protein"
"OID20485","Factor5",0.0612701363861561,"Protein"
"OID20786","Factor5",0.0499757640063763,"Protein"
"OID20859","Factor5",0.243847280740738,"Protein"
"OID20298","Factor5",-0.0313490964472294,"Protein"
"OID21142","Factor5",-0.064491480588913,"Protein"
"OID20744","Factor5",0.250303506851196,"Protein"
"OID20400","Factor5",0.0708759650588036,"Protein"
"OID20344","Factor5",-0.107826761901379,"Protein"
"OID20107","Factor5",0.125033289194107,"Protein"
"OID20762","Factor5",0.0286970231682062,"Protein"
"OID21128","Factor5",0.295863658189774,"Protein"
"OID21313","Factor5",-0.0937843844294548,"Protein"
"OID20985","Factor5",0.10368987172842,"Protein"
"OID21021","Factor5",0.180603608489037,"Protein"
"OID21513","Factor5",0.0678505599498749,"Protein"
"OID21486","Factor5",0.092686615884304,"Protein"
"OID20992","Factor5",0.0778816267848015,"Protein"
"OID20508","Factor5",0.12843368947506,"Protein"
"OID20276","Factor5",-0.343346297740936,"Protein"
"OID20975","Factor5",0.199565052986145,"Protein"
"OID21125","Factor5",-0.0269215553998947,"Protein"
"OID21448","Factor5",-0.111175492405891,"Protein"
"OID21477","Factor5",0.0127951512113214,"Protein"
"OID21372","Factor5",0.0949616730213165,"Protein"
"OID20759","Factor5",-0.188635483384132,"Protein"
"OID21066","Factor5",-0.0762270465493202,"Protein"
"OID20536","Factor5",0.0384187735617161,"Protein"
"OID21198","Factor5",-0.119960635900497,"Protein"
"OID21427","Factor5",0.0812390297651291,"Protein"
"OID21075","Factor5",0.0168681964278221,"Protein"
"OID20886","Factor5",-0.0659036710858345,"Protein"
"OID20674","Factor5",0.118475466966629,"Protein"
"OID21034","Factor5",-0.219975396990776,"Protein"
"OID20749","Factor5",0.245740741491318,"Protein"
"OID21328","Factor5",0.0278170946985483,"Protein"
"OID20722","Factor5",0.137186765670776,"Protein"
"OID20617","Factor5",-0.207426011562347,"Protein"
"OID21463","Factor5",-0.20626363158226,"Protein"
"OID20226","Factor5",-0.184251055121422,"Protein"
"OID20561","Factor5",0.113635644316673,"Protein"
"OID21141","Factor5",0.254560261964798,"Protein"
"OID20474","Factor5",-0.02729182690382,"Protein"
"OID20999","Factor5",0.04018534719944,"Protein"
"OID21304","Factor5",0.25399774312973,"Protein"
"OID20552","Factor5",0.10411324352026,"Protein"
"OID20961","Factor5",-0.19240964949131,"Protein"
"OID20197","Factor5",-0.00850597489625216,"Protein"
"OID21481","Factor5",0.014264733530581,"Protein"
"OID21431","Factor5",-0.161933988332748,"Protein"
"OID20408","Factor5",0.263871639966965,"Protein"
"OID20478","Factor5",-0.0810718759894371,"Protein"
"OID20782","Factor5",-0.147730484604836,"Protein"
"OID20392","Factor5",-0.105833396315575,"Protein"
"OID20368","Factor5",0.124028354883194,"Protein"
"OID20425","Factor5",0.0321381203830242,"Protein"
"OID20522","Factor5",-0.141364261507988,"Protein"
"OID21112","Factor5",-0.312389671802521,"Protein"
"OID21522","Factor5",0.0430443920195103,"Protein"
"OID20286","Factor5",-0.0239552427083254,"Protein"
"OID20293","Factor5",0.195829123258591,"Protein"
"OID20966","Factor5",-0.0859202146530151,"Protein"
"OID20308","Factor5",0.125040248036385,"Protein"
"OID20743","Factor5",0.147429704666138,"Protein"
"OID21259","Factor5",0.0274440012872219,"Protein"
"OID20496","Factor5",0.00940082035958767,"Protein"
"OID20839","Factor5",0.196882426738739,"Protein"
"OID21040","Factor5",-0.0779352262616158,"Protein"
"OID21244","Factor5",0.0469655953347683,"Protein"
"OID20641","Factor5",0.23595067858696,"Protein"
"OID20783","Factor5",0.0316883698105812,"Protein"
"OID21445","Factor5",0.119428031146526,"Protein"
"OID20955","Factor5",0.180461868643761,"Protein"
"OID21310","Factor5",-0.397842288017273,"Protein"
"OID20996","Factor5",0.0987506583333015,"Protein"
"OID20543","Factor5",-0.0795344933867455,"Protein"
"OID20669","Factor5",0.146247699856758,"Protein"
"OID20587","Factor5",0.0939970761537552,"Protein"
"OID20379","Factor5",-0.125108271837234,"Protein"
"OID20217","Factor5",-0.125937581062317,"Protein"
"OID20505","Factor5",-0.0492129661142826,"Protein"
"OID20085","Factor5",-0.0184631980955601,"Protein"
"OID20973","Factor5",0.243406102061272,"Protein"
"OID20979","Factor5",-0.307273328304291,"Protein"
"OID20666","Factor5",0.227648422122002,"Protein"
"OID20570","Factor5",-0.360085666179657,"Protein"
"OID21041","Factor5",-0.0287238117307425,"Protein"
"OID21501","Factor5",0.191530585289001,"Protein"
"OID20963","Factor5",-0.17118439078331,"Protein"
"OID21342","Factor5",-0.00157706928439438,"Protein"
"OID20144","Factor5",0.217172160744667,"Protein"
"OID20887","Factor5",-0.0136490827426314,"Protein"
"OID21454","Factor5",0.0951519533991814,"Protein"
"OID20854","Factor5",-0.148083120584488,"Protein"
"OID21087","Factor5",0.242269620299339,"Protein"
"OID20294","Factor5",0.107381872832775,"Protein"
"OID20398","Factor5",0.357073068618774,"Protein"
"OID21444","Factor5",-0.184147745370865,"Protein"
"OID20630","Factor5",-0.127552449703217,"Protein"
"OID20247","Factor5",-0.321206569671631,"Protein"
"OID20378","Factor5",-0.21066552400589,"Protein"
"OID21295","Factor5",0.00510205700993538,"Protein"
"OID21193","Factor5",-0.160278826951981,"Protein"
"OID20912","Factor5",0.237741872668266,"Protein"
"OID21026","Factor5",-0.295921236276627,"Protein"
"OID20620","Factor5",-0.00997211039066315,"Protein"
"OID21179","Factor5",0.0496585890650749,"Protein"
"OID20510","Factor5",0.0983939170837402,"Protein"
"OID20653","Factor5",-0.0116519285365939,"Protein"
"OID20980","Factor5",0.281305700540543,"Protein"
"OID20655","Factor5",-0.136550202965736,"Protein"
"OID20623","Factor5",-0.0377843491733074,"Protein"
"OID20572","Factor5",-0.123919047415257,"Protein"
"OID20413","Factor5",0.232914492487907,"Protein"
"OID20686","Factor5",-0.092255525290966,"Protein"
"OID21133","Factor5",0.0679266825318336,"Protein"
"OID20695","Factor5",-0.238265678286552,"Protein"
"OID21246","Factor5",0.210707202553749,"Protein"
"OID21215","Factor5",0.0721505358815193,"Protein"
"OID21129","Factor5",0.0270173903554678,"Protein"
"OID21324","Factor5",-0.167053923010826,"Protein"
"OID20234","Factor5",0.022507818415761,"Protein"
"OID20324","Factor5",0.162320986390114,"Protein"
"OID21086","Factor5",0.0806632414460182,"Protein"
"OID21015","Factor5",0.143536970019341,"Protein"
"OID20870","Factor5",0.0160891953855753,"Protein"
"OID20355","Factor5",-0.441445171833038,"Protein"
"OID21068","Factor5",0.0383882783353329,"Protein"
"OID20691","Factor5",0.12067735940218,"Protein"
"OID21050","Factor5",0.263900071382523,"Protein"
"OID20622","Factor5",-0.243033096194267,"Protein"
"OID20962","Factor5",0.0943662598729134,"Protein"
"OID20604","Factor5",-0.00985098164528608,"Protein"
"OID20404","Factor5",0.392506629228592,"Protein"
"OID20223","Factor5",-0.188422441482544,"Protein"
"OID20534","Factor5",-0.118127748370171,"Protein"
"OID20106","Factor5",-0.155990362167358,"Protein"
"OID20222","Factor5",-0.0174204465001822,"Protein"
"OID20259","Factor5",0.242221653461456,"Protein"
"OID20766","Factor5",0.0589458122849464,"Protein"
"OID20216","Factor5",-0.0538261346518993,"Protein"
"OID20339","Factor5",0.156553313136101,"Protein"
"OID20232","Factor5",0.181054323911667,"Protein"
"OID20739","Factor5",-0.0341426879167557,"Protein"
"OID20328","Factor5",0.0447284057736397,"Protein"
"OID20768","Factor5",-0.106742560863495,"Protein"
"OID20195","Factor5",0.109752170741558,"Protein"
"OID20445","Factor5",0.0412168689072132,"Protein"
"OID20108","Factor5",-0.105892829596996,"Protein"
"OID20500","Factor5",-0.01494225487113,"Protein"
"OID21145","Factor5",-0.121770575642586,"Protein"
"OID21216","Factor5",0.0140389781445265,"Protein"
"OID20731","Factor5",-0.00928131397813559,"Protein"
"OID20658","Factor5",-0.0949983447790146,"Protein"
"OID20967","Factor5",-0.168705523014069,"Protein"
"OID21235","Factor5",0.03189692273736,"Protein"
"OID21103","Factor5",-0.293914765119553,"Protein"
"OID21005","Factor5",-0.0458879694342613,"Protein"
"OID21397","Factor5",0.0455247648060322,"Protein"
"OID20151","Factor5",0.0509617179632187,"Protein"
"OID21490","Factor5",0.143651202321053,"Protein"
"OID20832","Factor5",-0.309643745422363,"Protein"
"OID21493","Factor5",0.145390436053276,"Protein"
"OID21037","Factor5",0.0377487801015377,"Protein"
"OID21229","Factor5",0.0971869677305222,"Protein"
"OID20926","Factor5",0.0442344509065151,"Protein"
"OID21247","Factor5",-0.0493787527084351,"Protein"
"OID21083","Factor5",0.0198342315852642,"Protein"
"OID20753","Factor5",0.1789790391922,"Protein"
"OID20338","Factor5",-0.116750903427601,"Protein"
"OID21192","Factor5",-0.222200512886047,"Protein"
"OID21160","Factor5",0.18756315112114,"Protein"
"OID21218","Factor5",-0.0898855552077293,"Protein"
"OID20375","Factor5",-0.111065402626991,"Protein"
"OID20079","Factor5",0.0218647085130215,"Protein"
"OID21053","Factor5",0.209852606058121,"Protein"
"OID20919","Factor5",-0.087224468588829,"Protein"
"OID20171","Factor5",-0.213229566812515,"Protein"
"OID20693","Factor5",-0.305472284555435,"Protein"
"OID20600","Factor5",-0.335060298442841,"Protein"
"OID20484","Factor5",0.00657017482444644,"Protein"
"OID21058","Factor5",0.142524242401123,"Protein"
"OID20638","Factor5",0.11665140837431,"Protein"
"OID21132","Factor5",-0.189968511462212,"Protein"
"OID20823","Factor5",-0.136306568980217,"Protein"
"OID20917","Factor5",-0.171083375811577,"Protein"
"OID20780","Factor5",-0.358637601137161,"Protein"
"OID21384","Factor5",0.217703878879547,"Protein"
"OID21441","Factor5",-0.3114273250103,"Protein"
"OID20751","Factor5",-0.0564459301531315,"Protein"
"OID21064","Factor5",0.194147378206253,"Protein"
"OID21110","Factor5",0.196739464998245,"Protein"
"OID20827","Factor5",0.0263690128922462,"Protein"
"OID21185","Factor5",0.00764230545610189,"Protein"
"OID20091","Factor5",0.0180865284055471,"Protein"
"OID20867","Factor5",0.0647807270288467,"Protein"
"OID20677","Factor5",0.208763912320137,"Protein"
"OID20934","Factor5",0.11797172576189,"Protein"
"OID21271","Factor5",0.0437755770981312,"Protein"
"OID20126","Factor5",-0.0594370625913143,"Protein"
"OID21414","Factor5",0.0663425549864769,"Protein"
"OID20333","Factor5",0.0963481888175011,"Protein"
"OID20386","Factor5",0.221294775605202,"Protein"
"OID20418","Factor5",-0.351927489042282,"Protein"
"OID20872","Factor5",0.209603071212769,"Protein"
"OID20261","Factor5",-0.0271498635411263,"Protein"
"OID21227","Factor5",-0.041395366191864,"Protein"
"OID21010","Factor5",-0.096548393368721,"Protein"
"OID20165","Factor5",-0.203098684549332,"Protein"
"OID20660","Factor5",-0.0374028086662292,"Protein"
"OID20512","Factor5",0.157062590122223,"Protein"
"OID20467","Factor5",-0.10162641108036,"Protein"
"OID20455","Factor5",-0.10066594928503,"Protein"
"OID20735","Factor5",-0.362951517105103,"Protein"
"OID21001","Factor5",0.187293469905853,"Protein"
"OID21137","Factor5",-0.125415623188019,"Protein"
"OID20727","Factor5",0.120554231107235,"Protein"
"OID21432","Factor5",0.0538675896823406,"Protein"
"OID20278","Factor5",0.126173317432404,"Protein"
"OID20167","Factor5",0.074505627155304,"Protein"
"OID20188","Factor5",0.127089336514473,"Protein"
"OID21480","Factor5",0.258466422557831,"Protein"
"OID20340","Factor5",0.10652144998312,"Protein"
"OID20922","Factor5",-0.00763058057054877,"Protein"
"OID21219","Factor5",0.00387106230482459,"Protein"
"OID20228","Factor5",-0.345932334661484,"Protein"
"OID20771","Factor5",0.0532559268176556,"Protein"
"OID20664","Factor5",-0.19743512570858,"Protein"
"OID20930","Factor5",0.0822770372033119,"Protein"
"OID20237","Factor5",-0.213523954153061,"Protein"
"OID20770","Factor5",-0.210265830159187,"Protein"
"OID21275","Factor5",-0.0433166325092316,"Protein"
"OID20240","Factor5",-0.236036702990532,"Protein"
"OID21317","Factor5",0.0125460159033537,"Protein"
"OID20721","Factor5",0.176052495837212,"Protein"
"OID21008","Factor5",0.0088679539039731,"Protein"
"OID21201","Factor5",0.0461745448410511,"Protein"
"OID21220","Factor5",-0.0336396582424641,"Protein"
"OID20730","Factor5",0.0165721066296101,"Protein"
"OID21114","Factor5",-0.0488628968596458,"Protein"
"OID20709","Factor5",0.123929254710674,"Protein"
"OID20272","Factor5",-0.150358036160469,"Protein"
"OID20429","Factor5",-0.0947927534580231,"Protein"
"OID21283","Factor5",-0.169219404459,"Protein"
"OID21355","Factor5",0.0979805290699005,"Protein"
"OID21519","Factor5",0.216151282191277,"Protein"
"OID20096","Factor5",-0.0631656050682068,"Protein"
"OID20940","Factor5",-0.296679049730301,"Protein"
"OID20764","Factor5",-0.219706863164902,"Protein"
"OID20812","Factor5",-0.0442416146397591,"Protein"
"OID20673","Factor5",0.00200273934751749,"Protein"
"OID21175","Factor5",0.182972699403763,"Protein"
"OID21291","Factor5",0.192018061876297,"Protein"
"OID20183","Factor5",-0.2822285592556,"Protein"
"OID20113","Factor5",1.03193196991924e-05,"Protein"
"OID21288","Factor5",0.0182198360562325,"Protein"
"OID21470","Factor5",0.057686448097229,"Protein"
"OID20893","Factor5",0.0180441867560148,"Protein"
"OID20191","Factor5",0.142168581485748,"Protein"
"OID20494","Factor5",-0.104155652225018,"Protein"
"OID20053","Factor5",-0.129547223448753,"Protein"
"OID21002","Factor5",0.0471892841160297,"Protein"
"OID20129","Factor5",0.172819688916206,"Protein"
"OID20087","Factor5",-0.107785448431969,"Protein"
"OID20953","Factor5",-0.359824001789093,"Protein"
"OID20667","Factor5",0.129142075777054,"Protein"
"OID20913","Factor5",-0.24805623292923,"Protein"
"OID21465","Factor5",-0.0710811913013458,"Protein"
"OID20605","Factor5",0.113095931708813,"Protein"
"OID20725","Factor5",-0.0393468253314495,"Protein"
"OID20405","Factor5",0.192500963807106,"Protein"
"OID20061","Factor5",-0.0515582002699375,"Protein"
"OID21018","Factor5",-0.0893236696720123,"Protein"
"OID20297","Factor5",-0.00742636946961284,"Protein"
"OID21206","Factor5",0.143970727920532,"Protein"
"OID20239","Factor5",0.194006994366646,"Protein"
"OID21398","Factor5",-0.0750931724905968,"Protein"
"OID21321","Factor5",0.274423658847809,"Protein"
"OID20456","Factor5",0.0173387266695499,"Protein"
"OID20976","Factor5",-0.0011892804177478,"Protein"
"OID21209","Factor5",-0.0540226213634014,"Protein"
"OID20824","Factor5",-0.421472907066345,"Protein"
"OID20275","Factor5",0.100646667182446,"Protein"
"OID21494","Factor5",-0.225058779120445,"Protein"
"OID21299","Factor5",0.0516991578042507,"Protein"
"OID20590","Factor5",-0.0444939509034157,"Protein"
"OID20384","Factor5",0.212514713406563,"Protein"
"OID21049","Factor5",-0.080083504319191,"Protein"
"OID20174","Factor5",0.247290745377541,"Protein"
"OID21067","Factor5",0.0504727326333523,"Protein"
"OID20489","Factor5",-0.160068556666374,"Protein"
"OID21243","Factor5",0.157671600580215,"Protein"
"OID21077","Factor5",0.215162724256516,"Protein"
"OID21270","Factor5",0.23304583132267,"Protein"
"OID21337","Factor5",-0.115577720105648,"Protein"
"OID20196","Factor5",0.367611318826675,"Protein"
"OID20121","Factor5",-0.0144436145201325,"Protein"
"OID21262","Factor5",0.186700895428658,"Protein"
"OID20537","Factor5",-0.303280979394913,"Protein"
"OID20296","Factor5",-0.136142432689667,"Protein"
"OID21509","Factor5",0.0761021226644516,"Protein"
"OID20921","Factor5",0.264599859714508,"Protein"
"OID21406","Factor5",0.142473801970482,"Protein"
"OID21084","Factor5",-0.137054651975632,"Protein"
"OID20951","Factor5",0.130361139774323,"Protein"
"OID20491","Factor5",-0.132740333676338,"Protein"
"OID20777","Factor5",0.341237962245941,"Protein"
"OID21472","Factor5",-0.0124687002971768,"Protein"
"OID20304","Factor5",-0.062617652118206,"Protein"
"OID21011","Factor5",-0.271424055099487,"Protein"
"OID20488","Factor5",-0.00288520031608641,"Protein"
"OID20155","Factor5",-0.118621125817299,"Protein"
"OID21171","Factor5",-0.200515747070312,"Protein"
"OID20176","Factor5",-0.0476930998265743,"Protein"
"OID20540","Factor5",-0.0719069242477417,"Protein"
"OID21059","Factor5",-0.197632789611816,"Protein"
"OID21401","Factor5",0.328669935464859,"Protein"
"OID20972","Factor5",-0.0538760870695114,"Protein"
"OID21162","Factor5",0.120514795184135,"Protein"
"OID21063","Factor5",-0.120658971369267,"Protein"
"OID21435","Factor5",-0.0874471738934517,"Protein"
"OID21316","Factor5",-0.0361956655979156,"Protein"
"OID21336","Factor5",0.223215669393539,"Protein"
"OID21471","Factor5",-0.0348664559423923,"Protein"
"OID20427","Factor5",-0.133391484618187,"Protein"
"OID20750","Factor5",-0.217874079942703,"Protein"
"OID20763","Factor5",0.00581328943371773,"Protein"
"OID21331","Factor5",-0.0330754667520523,"Protein"
"OID20424","Factor5",-0.136251404881477,"Protein"
"OID21046","Factor5",0.126851990818977,"Protein"
"OID21352","Factor5",0.123533517122269,"Protein"
"OID20792","Factor5",-0.176391705870628,"Protein"
"OID21027","Factor5",0.122530221939087,"Protein"
"OID20822","Factor5",-0.241047978401184,"Protein"
"OID20680","Factor5",-0.0204755701124668,"Protein"
"OID20329","Factor5",-0.40985631942749,"Protein"
"OID21170","Factor5",0.0990138500928879,"Protein"
"OID20585","Factor5",0.0569447465240955,"Protein"
"OID20114","Factor5",0.0872488617897034,"Protein"
"OID20557","Factor5",-0.118312396109104,"Protein"
"OID20864","Factor5",-0.0327860005199909,"Protein"
"OID20077","Factor5",0.111379690468311,"Protein"
"OID21315","Factor5",0.0256962291896343,"Protein"
"OID20382","Factor5",-0.0845696032047272,"Protein"
"OID20633","Factor5",-0.0583785325288773,"Protein"
"OID21238","Factor5",0.0297861453145742,"Protein"
"OID20932","Factor5",0.0160434525460005,"Protein"
"OID20694","Factor5",-0.173230811953545,"Protein"
"OID20264","Factor5",-0.0478534325957298,"Protein"
"OID21524","Factor5",-0.00269767176359892,"Protein"
"OID21447","Factor5",-0.209478601813316,"Protein"
"OID21138","Factor5",-0.0890420898795128,"Protein"
"OID21172","Factor5",-0.132893249392509,"Protein"
"OID21389","Factor5",-0.219985038042068,"Protein"
"OID21115","Factor5",0.104194559156895,"Protein"
"OID20211","Factor5",-0.0648068264126778,"Protein"
"OID20279","Factor5",0.332331568002701,"Protein"
"OID20569","Factor5",-0.112002037465572,"Protein"
"OID20142","Factor5",-0.0668515563011169,"Protein"
"OID20613","Factor5",0.0275283940136433,"Protein"
"OID20710","Factor5",0.219524964690208,"Protein"
"OID20807","Factor5",0.0912576019763947,"Protein"
"OID20713","Factor5",0.195592790842056,"Protein"
"OID20148","Factor5",-0.232133358716965,"Protein"
"OID20632","Factor5",-0.135930478572845,"Protein"
"OID21438","Factor5",-0.130094110965729,"Protein"
"OID21440","Factor5",-0.166798919439316,"Protein"
"OID20549","Factor5",0.277331948280334,"Protein"
"OID20115","Factor5",0.350589543581009,"Protein"
"OID21241","Factor5",-0.00443003652617335,"Protein"
"OID21529","Factor5",0.0551102682948112,"Protein"
"OID21374","Factor5",-0.445123851299286,"Protein"
"OID20154","Factor5",0.00683450186625123,"Protein"
"OID20480","Factor5",0.19566798210144,"Protein"
"OID20767","Factor5",-0.204129278659821,"Protein"
"OID21135","Factor5",0.0474595688283443,"Protein"
"OID20320","Factor5",-0.16636535525322,"Protein"
"OID20242","Factor5",-0.113313660025597,"Protein"
"OID20602","Factor5",-0.0830743759870529,"Protein"
"OID20282","Factor5",-0.202419832348824,"Protein"
"OID21189","Factor5",-0.0203754641115665,"Protein"
"OID20652","Factor5",-0.22525329887867,"Protein"
"OID20454","Factor5",-0.0104775736108422,"Protein"
"OID20302","Factor5",-0.343723893165588,"Protein"
"OID20676","Factor5",0.140090256929398,"Protein"
"OID21079","Factor5",-0.100537560880184,"Protein"
"OID20828","Factor5",-0.319014817476273,"Protein"
"OID21423","Factor5",-0.318635374307632,"Protein"
"OID20535","Factor5",-0.0324444323778152,"Protein"
"OID21344","Factor5",-0.024984534829855,"Protein"
"OID20451","Factor5",0.0602793879806995,"Protein"
"OID21278","Factor5",-0.02471405826509,"Protein"
"OID20070","Factor5",0.0343902371823788,"Protein"
"OID20529","Factor5",0.134529024362564,"Protein"
"OID20314","Factor5",-0.199214234948158,"Protein"
"OID21346","Factor5",0.035295769572258,"Protein"
"OID20476","Factor5",0.0213485956192017,"Protein"
"OID20765","Factor5",0.0787408426403999,"Protein"
"OID20915","Factor5",0.0264818910509348,"Protein"
"OID20538","Factor5",0.0451308637857437,"Protein"
"OID21360","Factor5",0.0332016944885254,"Protein"
"OID20562","Factor5",-0.296502381563187,"Protein"
"OID21405","Factor5",0.354839086532593,"Protein"
"OID20774","Factor5",-0.233438178896904,"Protein"
"OID20661","Factor5",0.01795126311481,"Protein"
"OID20639","Factor5",-0.0567374937236309,"Protein"
"OID20267","Factor5",-0.136027380824089,"Protein"
"OID20936","Factor5",0.269534975290298,"Protein"
"OID21433","Factor5",0.232198670506477,"Protein"
"OID20804","Factor5",0.0843552500009537,"Protein"
"OID21152","Factor5",-0.0207522287964821,"Protein"
"OID20084","Factor5",-0.0594933405518532,"Protein"
"OID20881","Factor5",0.246692061424255,"Protein"
"OID20612","Factor5",0.0550279803574085,"Protein"
"OID21460","Factor5",0.384757965803146,"Protein"
"OID20316","Factor5",-0.0501853078603745,"Protein"
"OID20373","Factor5",-0.0278189219534397,"Protein"
"OID21174","Factor5",0.00120968092232943,"Protein"
"OID20140","Factor5",-0.00660949852317572,"Protein"
"OID20781","Factor5",-0.0282828509807587,"Protein"
"OID20811","Factor5",0.0085657574236393,"Protein"
"OID20497","Factor5",-0.0614180602133274,"Protein"
"OID21407","Factor5",0.114107877016068,"Protein"
"OID20547","Factor5",0.383452326059341,"Protein"
"OID20857","Factor5",-0.160539567470551,"Protein"
"OID20401","Factor5",-0.0947524979710579,"Protein"
"OID21517","Factor5",0.466635495424271,"Protein"
"OID20530","Factor5",-0.234751164913177,"Protein"
"OID21236","Factor5",0.0255896132439375,"Protein"
"OID21412","Factor5",0.0991472452878952,"Protein"
"OID20391","Factor5",-0.0304220747202635,"Protein"
"OID20458","Factor5",0.0228735692799091,"Protein"
"OID21404","Factor5",0.183633223176003,"Protein"
"OID21394","Factor5",0.145369917154312,"Protein"
"OID21514","Factor5",-0.314209133386612,"Protein"
"OID20662","Factor5",0.268166869878769,"Protein"
"OID21286","Factor5",0.0580233410000801,"Protein"
"OID20884","Factor5",-0.217052176594734,"Protein"
"OID21456","Factor5",0.0495369918644428,"Protein"
"OID21196","Factor5",0.00691901333630085,"Protein"
"OID20599","Factor5",-0.0829153060913086,"Protein"
"OID21134","Factor5",-0.150347635149956,"Protein"
"OID20690","Factor5",0.0162502713501453,"Protein"
"OID20720","Factor5",0.0586093924939632,"Protein"
"OID20581","Factor5",0.271744549274445,"Protein"
"OID20848","Factor5",-0.11877628415823,"Protein"
"OID21339","Factor5",0.0147940963506699,"Protein"
"OID20394","Factor5",0.0112639786675572,"Protein"
"OID20888","Factor5",0.145907148718834,"Protein"
"OID20290","Factor5",-0.155690670013428,"Protein"
"OID20362","Factor5",-0.294690847396851,"Protein"
"OID21055","Factor5",0.135371923446655,"Protein"
"OID20071","Factor5",0.0110851405188441,"Protein"
"OID20941","Factor5",-0.143358752131462,"Protein"
"OID21468","Factor5",0.0428252182900906,"Protein"
"OID20878","Factor5",-0.056752122938633,"Protein"
"OID20834","Factor5",-0.225658118724823,"Protein"
"OID20414","Factor5",-0.0212074741721153,"Protein"
"OID21359","Factor5",-0.213482424616814,"Protein"
"OID20702","Factor5",0.0160532165318727,"Protein"
"OID21161","Factor5",0.0292819179594517,"Protein"
"OID20168","Factor5",0.0619894675910473,"Protein"
"OID21301","Factor5",-0.121485196053982,"Protein"
"OID20556","Factor5",0.100578851997852,"Protein"
"OID21231","Factor5",0.00625551166012883,"Protein"
"OID20525","Factor5",0.306216359138489,"Protein"
"OID20806","Factor5",-0.021747263148427,"Protein"
"OID20502","Factor5",-0.057220920920372,"Protein"
"OID20332","Factor5",0.0616659224033356,"Protein"
"OID20668","Factor5",0.069519504904747,"Protein"
"OID20208","Factor5",-0.237490326166153,"Protein"
"OID20265","Factor5",-0.213505029678345,"Protein"
"OID21400","Factor5",0.132166266441345,"Protein"
"OID21518","Factor5",0.214094161987305,"Protein"
"OID20348","Factor5",-0.19781357049942,"Protein"
"OID20447","Factor5",0.218015223741531,"Protein"
"OID20566","Factor5",0.182355031371117,"Protein"
"OID21318","Factor5",0.261198997497559,"Protein"
"OID20352","Factor5",-0.276459842920303,"Protein"
"OID20442","Factor5",-0.132145822048187,"Protein"
"OID21458","Factor5",0.19384728372097,"Protein"
"OID20473","Factor5",-0.120940387248993,"Protein"
"OID21147","Factor5",-0.0134023055434227,"Protein"
"OID20855","Factor5",-0.0129976719617844,"Protein"
"OID21122","Factor5",0.122613184154034,"Protein"
"OID21023","Factor5",0.0597448088228703,"Protein"
"OID20493","Factor5",-0.125366732478142,"Protein"
"OID20852","Factor5",-0.252415806055069,"Protein"
"OID21429","Factor5",-0.241642341017723,"Protein"
"OID21102","Factor5",-0.0194740649312735,"Protein"
"OID20629","Factor5",0.117531508207321,"Protein"
"OID21070","Factor5",-0.0379394479095936,"Protein"
"OID20281","Factor5",-0.0652507320046425,"Protein"
"OID20651","Factor5",0.152128905057907,"Protein"
"OID21228","Factor5",-0.0588236227631569,"Protein"
"OID20393","Factor5",0.310961276292801,"Protein"
"OID20624","Factor5",0.0233928263187408,"Protein"
"OID21090","Factor5",0.0623659119009972,"Protein"
"OID21096","Factor5",0.35271081328392,"Protein"
"OID21194","Factor5",-0.196567922830582,"Protein"
"OID20410","Factor5",0.0897628217935562,"Protein"
"OID21525","Factor5",-0.0512560158967972,"Protein"
"OID20229","Factor5",-0.0410341136157513,"Protein"
"OID20185","Factor5",0.0201369058340788,"Protein"
"OID20131","Factor5",-0.0180981624871492,"Protein"
"OID20719","Factor5",-0.252613335847855,"Protein"
"OID20974","Factor5",0.138762623071671,"Protein"
"OID20170","Factor5",-0.208611056208611,"Protein"
"OID20231","Factor5",-0.0637449696660042,"Protein"
"OID20897","Factor5",0.0995562672615051,"Protein"
"OID21526","Factor5",0.298053920269012,"Protein"
"OID20416","Factor5",0.0217294581234455,"Protein"
"OID20654","Factor5",-0.134296551346779,"Protein"
"OID20236","Factor5",0.00107724883127958,"Protein"
"OID21165","Factor5",-0.121490515768528,"Protein"
"OID21424","Factor5",0.0241666827350855,"Protein"
"OID21308","Factor5",0.223860949277878,"Protein"
"OID20388","Factor5",-0.165104493498802,"Protein"
"OID20994","Factor5",0.109206140041351,"Protein"
"OID20747","Factor5",-0.100195042788982,"Protein"
"OID20346","Factor5",0.233908995985985,"Protein"
"OID21362","Factor5",-0.0119834365323186,"Protein"
"OID21345","Factor5",-0.022546136751771,"Protein"
"OID20621","Factor5",-0.077434130012989,"Protein"
"OID20076","Factor5",0.152027025818825,"Protein"
"OID21303","Factor5",-0.142832845449448,"Protein"
"OID20835","Factor5",-0.0396565608680248,"Protein"
"OID20948","Factor5",-0.17987272143364,"Protein"
"OID20565","Factor5",0.233132749795914,"Protein"
"OID20397","Factor5",0.0182377584278584,"Protein"
"OID20235","Factor5",-0.308198302984238,"Protein"
"OID20255","Factor5",0.020097266882658,"Protein"
"OID20367","Factor5",-0.277641475200653,"Protein"
"OID20982","Factor5",0.19511915743351,"Protein"
"OID20611","Factor5",0.489913821220398,"Protein"
"OID20706","Factor5",-0.137486070394516,"Protein"
"OID20773","Factor5",-0.166517272591591,"Protein"
"OID20270","Factor5",0.10365155339241,"Protein"
"OID20199","Factor5",-0.00801464449614286,"Protein"
"OID20377","Factor5",0.075390987098217,"Protein"
"OID20555","Factor5",0.0310056656599045,"Protein"
"OID21240","Factor5",0.00471448665484786,"Protein"
"OID21130","Factor5",0.0969485193490982,"Protein"
"OID21028","Factor5",-0.0202226806432009,"Protein"
"OID20531","Factor5",0.0421453267335892,"Protein"
"OID20130","Factor5",-0.242662534117699,"Protein"
"OID20133","Factor5",-0.22304505109787,"Protein"
"OID20481","Factor5",0.0271627716720104,"Protein"
"OID20238","Factor5",0.222205132246017,"Protein"
"OID20358","Factor5",-0.257314771413803,"Protein"
"OID21322","Factor5",0.0173015389591455,"Protein"
"OID20194","Factor5",0.0833330973982811,"Protein"
"OID20353","Factor5",0.0566263534128666,"Protein"
"OID20145","Factor5",-0.185218557715416,"Protein"
"OID20132","Factor5",-0.253482669591904,"Protein"
"OID21353","Factor5",0.151653379201889,"Protein"
"OID21230","Factor5",0.200564950704575,"Protein"
"OID20513","Factor5",0.0599867813289165,"Protein"
"OID20082","Factor5",-0.0288489554077387,"Protein"
"OID21136","Factor5",0.169177249073982,"Protein"
"OID20380","Factor5",0.0647826567292213,"Protein"
"OID20914","Factor5",-0.0409468822181225,"Protein"
"OID20204","Factor5",-0.0430095419287682,"Protein"
"OID20637","Factor5",0.118611045181751,"Protein"
"OID20464","Factor5",-0.162794083356857,"Protein"
"OID20957","Factor5",0.0309382937848568,"Protein"
"OID21052","Factor5",0.139486774802208,"Protein"
"OID20213","Factor5",-0.182027727365494,"Protein"
"OID21366","Factor5",-0.00933519843965769,"Protein"
"OID20733","Factor5",-0.0742659047245979,"Protein"
"OID21252","Factor5",-0.0394004099071026,"Protein"
"OID20755","Factor5",0.0279204566031694,"Protein"
"OID20360","Factor5",-0.124385684728622,"Protein"
"OID20172","Factor5",0.103798814117908,"Protein"
"OID21474","Factor5",-0.0665705427527428,"Protein"
"OID20337","Factor5",-0.144201457500458,"Protein"
"OID20487","Factor5",-0.0457305982708931,"Protein"
"OID20374","Factor5",0.364926636219025,"Protein"
"OID20754","Factor5",0.3634934425354,"Protein"
"OID20575","Factor5",0.259221225976944,"Protein"
"OID20909","Factor5",0.104912087321281,"Protein"
"OID20626","Factor5",0.181973651051521,"Protein"
"OID20396","Factor5",-0.173621863126755,"Protein"
"OID20462","Factor5",0.111573301255703,"Protein"
"OID20775","Factor6",0.032280296087265,"Protein"
"OID20984","Factor6",-0.0178757477551699,"Protein"
"OID20083","Factor6",-0.0186797808855772,"Protein"
"OID21402","Factor6",-0.0211153291165829,"Protein"
"OID20911","Factor6",-0.00675122020766139,"Protein"
"OID20850","Factor6",-0.207836106419563,"Protein"
"OID20101","Factor6",-0.00297829345799983,"Protein"
"OID21140","Factor6",-0.286064118146896,"Protein"
"OID20563","Factor6",-0.006224166136235,"Protein"
"OID20125","Factor6",-0.136683240532875,"Protein"
"OID21485","Factor6",-0.000333802163368091,"Protein"
"OID21276","Factor6",-0.0053394865244627,"Protein"
"OID20594","Factor6",-0.298628240823746,"Protein"
"OID20779","Factor6",-0.300305426120758,"Protein"
"OID20983","Factor6",0.0377256609499454,"Protein"
"OID20643","Factor6",-0.298383235931396,"Protein"
"OID20049","Factor6",-0.124717749655247,"Protein"
"OID20312","Factor6",-0.0269630420953035,"Protein"
"OID20246","Factor6",-0.0363092720508575,"Protein"
"OID20495","Factor6",0.0361798405647278,"Protein"
"OID21031","Factor6",-0.19522999227047,"Protein"
"OID20778","Factor6",0.0793858096003532,"Protein"
"OID20127","Factor6",-0.310399621725082,"Protein"
"OID20274","Factor6",0.0299798455089331,"Protein"
"OID21373","Factor6",-0.047817550599575,"Protein"
"OID20559","Factor6",-0.273750841617584,"Protein"
"OID20218","Factor6",-0.280074775218964,"Protein"
"OID20263","Factor6",-0.00757608655840158,"Protein"
"OID21489","Factor6",-0.0309979673475027,"Protein"
"OID20219","Factor6",0.0516522787511349,"Protein"
"OID20192","Factor6",-0.261101514101028,"Protein"
"OID20896","Factor6",0.0440577641129494,"Protein"
"OID20399","Factor6",-0.0396137610077858,"Protein"
"OID21297","Factor6",-0.254852116107941,"Protein"
"OID21348","Factor6",-0.233992770314217,"Protein"
"OID20593","Factor6",-0.0202344432473183,"Protein"
"OID21395","Factor6",0.13003696501255,"Protein"
"OID21507","Factor6",-0.0404823310673237,"Protein"
"OID20729","Factor6",-0.268292784690857,"Protein"
"OID20220","Factor6",-0.085862509906292,"Protein"
"OID21411","Factor6",-0.0700900927186012,"Protein"
"OID21387","Factor6",-0.142010241746902,"Protein"
"OID20266","Factor6",-0.0254074968397617,"Protein"
"OID21461","Factor6",-0.0139210037887096,"Protein"
"OID21475","Factor6",-0.257714301347733,"Protein"
"OID20671","Factor6",0.0316195376217365,"Protein"
"OID20950","Factor6",-0.244678094983101,"Protein"
"OID20206","Factor6",-0.276378899812698,"Protein"
"OID21250","Factor6",0.0814400613307953,"Protein"
"OID20579","Factor6",-0.248481690883636,"Protein"
"OID20761","Factor6",-0.246488884091377,"Protein"
"OID20711","Factor6",-0.274849534034729,"Protein"
"OID20707","Factor6",-0.196720510721207,"Protein"
"OID20760","Factor6",-0.209082037210464,"Protein"
"OID20672","Factor6",0.018123721703887,"Protein"
"OID21277","Factor6",0.073761872947216,"Protein"
"OID20169","Factor6",0.0273655131459236,"Protein"
"OID20524","Factor6",-0.226384550333023,"Protein"
"OID20523","Factor6",0.0739150792360306,"Protein"
"OID20544","Factor6",-0.217068806290627,"Protein"
"OID21047","Factor6",0.0213470011949539,"Protein"
"OID20258","Factor6",-0.0602663531899452,"Protein"
"OID20112","Factor6",-0.25559401512146,"Protein"
"OID20993","Factor6",-0.0359152555465698,"Protein"
"OID20656","Factor6",0.0591860301792622,"Protein"
"OID20863","Factor6",-0.0268227346241474,"Protein"
"OID20640","Factor6",-0.196234628558159,"Protein"
"OID20596","Factor6",0.0628223642706871,"Protein"
"OID20625","Factor6",0.0301708467304707,"Protein"
"OID21097","Factor6",-0.0366112291812897,"Protein"
"OID20166","Factor6",0.190658524632454,"Protein"
"OID21306","Factor6",-0.0320864394307137,"Protein"
"OID21176","Factor6",-0.260218292474747,"Protein"
"OID21118","Factor6",-0.0504408329725266,"Protein"
"OID21332","Factor6",-0.169469267129898,"Protein"
"OID20551","Factor6",-0.237034752964973,"Protein"
"OID20856","Factor6",0.0141350599005818,"Protein"
"OID20918","Factor6",-0.148035079240799,"Protein"
"OID21420","Factor6",-0.150811463594437,"Protein"
"OID20875","Factor6",-0.237427204847336,"Protein"
"OID21378","Factor6",-0.00243400619365275,"Protein"
"OID21506","Factor6",-0.155455410480499,"Protein"
"OID21459","Factor6",0.667116701602936,"Protein"
"OID20075","Factor6",0.0912435501813889,"Protein"
"OID21505","Factor6",-0.0924600139260292,"Protein"
"OID20698","Factor6",-0.164613202214241,"Protein"
"OID20271","Factor6",0.319754183292389,"Protein"
"OID20717","Factor6",-0.188536643981934,"Protein"
"OID20050","Factor6",-0.0410254001617432,"Protein"
"OID20090","Factor6",-0.0462730973958969,"Protein"
"OID20627","Factor6",-0.0946322977542877,"Protein"
"OID20908","Factor6",-0.245299935340881,"Protein"
"OID20741","Factor6",0.0339303724467754,"Protein"
"OID20519","Factor6",-0.196791172027588,"Protein"
"OID20138","Factor6",-0.250500053167343,"Protein"
"OID20095","Factor6",-0.069081224501133,"Protein"
"OID20689","Factor6",0.0171854924410582,"Protein"
"OID20203","Factor6",0.157616972923279,"Protein"
"OID20541","Factor6",-0.0995507463812828,"Protein"
"OID20742","Factor6",-0.0111849633976817,"Protein"
"OID20554","Factor6",-0.202738538384438,"Protein"
"OID21319","Factor6",-0.258503705263138,"Protein"
"OID20415","Factor6",-0.0574069432914257,"Protein"
"OID21521","Factor6",-0.249640703201294,"Protein"
"OID20925","Factor6",-0.028785303235054,"Protein"
"OID21204","Factor6",-0.26394060254097,"Protein"
"OID20938","Factor6",-0.048998050391674,"Protein"
"OID20577","Factor6",-0.0322323963046074,"Protein"
"OID21029","Factor6",0.0880523324012756,"Protein"
"OID20364","Factor6",-0.0016841187607497,"Protein"
"OID21408","Factor6",-0.0424350388348103,"Protein"
"OID20788","Factor6",-0.214345470070839,"Protein"
"OID21469","Factor6",-0.100882492959499,"Protein"
"OID20899","Factor6",-0.13506592810154,"Protein"
"OID20952","Factor6",-0.16356360912323,"Protein"
"OID21078","Factor6",0.564681529998779,"Protein"
"OID20187","Factor6",0.0233625061810017,"Protein"
"OID20475","Factor6",-0.257308036088943,"Protein"
"OID20616","Factor6",-0.183246344327927,"Protein"
"OID21069","Factor6",-0.084729790687561,"Protein"
"OID20772","Factor6",-0.0107645513489842,"Protein"
"OID20684","Factor6",-0.01186129078269,"Protein"
"OID20230","Factor6",-0.0856164544820786,"Protein"
"OID21451","Factor6",-0.111843638122082,"Protein"
"OID20916","Factor6",-0.0683367773890495,"Protein"
"OID21158","Factor6",-0.100964106619358,"Protein"
"OID20182","Factor6",0.0197918359190226,"Protein"
"OID21307","Factor6",0.0855552926659584,"Protein"
"OID20412","Factor6",-0.0696096196770668,"Protein"
"OID21226","Factor6",0.0357471778988838,"Protein"
"OID21391","Factor6",-0.0828819796442986,"Protein"
"OID20615","Factor6",-0.112293608486652,"Protein"
"OID21224","Factor6",-0.158467561006546,"Protein"
"OID20158","Factor6",-0.0958515033125877,"Protein"
"OID20582","Factor6",-0.24375918507576,"Protein"
"OID20816","Factor6",-0.0311967190355062,"Protein"
"OID20937","Factor6",-0.0673694238066673,"Protein"
"OID21376","Factor6",0.00349510717205703,"Protein"
"OID20681","Factor6",-0.0745390132069588,"Protein"
"OID20251","Factor6",-0.0103647941723466,"Protein"
"OID21350","Factor6",-0.223384946584702,"Protein"
"OID21263","Factor6",-0.0419815219938755,"Protein"
"OID21149","Factor6",0.687000811100006,"Protein"
"OID20207","Factor6",-0.126217767596245,"Protein"
"OID21282","Factor6",0.0740123316645622,"Protein"
"OID21269","Factor6",0.0659510493278503,"Protein"
"OID21309","Factor6",-0.0324887074530125,"Protein"
"OID20959","Factor6",-0.197128847241402,"Protein"
"OID21508","Factor6",-0.0028125736862421,"Protein"
"OID21292","Factor6",-0.17432913184166,"Protein"
"OID20697","Factor6",0.0592912808060646,"Protein"
"OID20588","Factor6",-0.059269554913044,"Protein"
"OID21422","Factor6",-0.0237121284008026,"Protein"
"OID20910","Factor6",-0.2298713773489,"Protein"
"OID20175","Factor6",-0.140624105930328,"Protein"
"OID21383","Factor6",-0.00525099644437432,"Protein"
"OID21082","Factor6",-0.0615428313612938,"Protein"
"OID20965","Factor6",0.00285473396070302,"Protein"
"OID20225","Factor6",-0.265358984470367,"Protein"
"OID20245","Factor6",-0.0276871826499701,"Protein"
"OID21033","Factor6",-0.0437253229320049,"Protein"
"OID20558","Factor6",-0.249028876423836,"Protein"
"OID20871","Factor6",-0.10816864669323,"Protein"
"OID21144","Factor6",-0.0593236833810806,"Protein"
"OID20322","Factor6",-0.0463888309895992,"Protein"
"OID21347","Factor6",0.608787596225739,"Protein"
"OID21296","Factor6",0.115709640085697,"Protein"
"OID20971","Factor6",-0.0305576492100954,"Protein"
"OID21294","Factor6",-0.000752178428228945,"Protein"
"OID20737","Factor6",-0.0949519649147987,"Protein"
"OID20847","Factor6",0.304142117500305,"Protein"
"OID21003","Factor6",0.657356083393097,"Protein"
"OID20553","Factor6",0.0797837227582932,"Protein"
"OID20977","Factor6",-0.115145333111286,"Protein"
"OID21154","Factor6",-0.115643300116062,"Protein"
"OID21512","Factor6",-0.0130104757845402,"Protein"
"OID20704","Factor6",0.0440883859992027,"Protein"
"OID20644","Factor6",0.046444907784462,"Protein"
"OID20964","Factor6",-0.0259737242013216,"Protein"
"OID20117","Factor6",0.151619046926498,"Protein"
"OID21019","Factor6",0.250647366046906,"Protein"
"OID20688","Factor6",-0.0715638101100922,"Protein"
"OID20700","Factor6",0.0696723312139511,"Protein"
"OID21287","Factor6",-0.0787641480565071,"Protein"
"OID20548","Factor6",-0.0461950600147247,"Protein"
"OID21061","Factor6",-0.180097967386246,"Protein"
"OID20477","Factor6",-0.0816377326846123,"Protein"
"OID20787","Factor6",-0.129306569695473,"Protein"
"OID20292","Factor6",-0.104545705020428,"Protein"
"OID20431","Factor6",0.0105444146320224,"Protein"
"OID20714","Factor6",0.24540850520134,"Protein"
"OID20110","Factor6",-0.108144596219063,"Protein"
"OID20740","Factor6",0.019982248544693,"Protein"
"OID21123","Factor6",-0.131265997886658,"Protein"
"OID20105","Factor6",0.0515546947717667,"Protein"
"OID20326","Factor6",-0.069368027150631,"Protein"
"OID21314","Factor6",-0.204377815127373,"Protein"
"OID20795","Factor6",0.0216941256076097,"Protein"
"OID21320","Factor6",-0.203783646225929,"Protein"
"OID20325","Factor6",-0.048222478479147,"Protein"
"OID20511","Factor6",-0.0424081310629845,"Protein"
"OID20903","Factor6",0.165000393986702,"Protein"
"OID21511","Factor6",0.0379209034144878,"Protein"
"OID21222","Factor6",-0.23487614095211,"Protein"
"OID20086","Factor6",0.080687552690506,"Protein"
"OID20515","Factor6",-0.23221455514431,"Protein"
"OID20214","Factor6",-0.0474370755255222,"Protein"
"OID20305","Factor6",-0.0202906597405672,"Protein"
"OID21356","Factor6",0.0235204417258501,"Protein"
"OID20981","Factor6",-0.0245985332876444,"Protein"
"OID21363","Factor6",0.447850286960602,"Protein"
"OID21455","Factor6",0.376239359378815,"Protein"
"OID20334","Factor6",-0.0817977115511894,"Protein"
"OID20139","Factor6",0.152855604887009,"Protein"
"OID21156","Factor6",0.0173784922808409,"Protein"
"OID20227","Factor6",0.196642845869064,"Protein"
"OID20814","Factor6",-0.227591022849083,"Protein"
"OID20745","Factor6",-0.0141751077026129,"Protein"
"OID20683","Factor6",-0.247666090726852,"Protein"
"OID21211","Factor6",0.142609447240829,"Protein"
"OID20723","Factor6",-0.0742590948939323,"Protein"
"OID20900","Factor6",0.0315870195627213,"Protein"
"OID21453","Factor6",0.360307663679123,"Protein"
"OID20177","Factor6",0.127696067094803,"Protein"
"OID20526","Factor6",-0.226210206747055,"Protein"
"OID20146","Factor6",-0.175577834248543,"Protein"
"OID21357","Factor6",0.0219772290438414,"Protein"
"OID20545","Factor6",-0.252126544713974,"Protein"
"OID20685","Factor6",-0.147662088274956,"Protein"
"OID20200","Factor6",-0.0381815582513809,"Protein"
"OID21467","Factor6",-0.0699393674731255,"Protein"
"OID21000","Factor6",0.33869069814682,"Protein"
"OID20244","Factor6",0.126871362328529,"Protein"
"OID20250","Factor6",0.0785259306430817,"Protein"
"OID20280","Factor6",0.0556797087192535,"Protein"
"OID21450","Factor6",-0.0262914691120386,"Protein"
"OID20409","Factor6",0.66145259141922,"Protein"
"OID21417","Factor6",-0.0902317315340042,"Protein"
"OID20943","Factor6",-0.0863053128123283,"Protein"
"OID20724","Factor6",-0.221337035298347,"Protein"
"OID20201","Factor6",0.0261139515787363,"Protein"
"OID21205","Factor6",-0.1985754519701,"Protein"
"OID20987","Factor6",0.102008901536465,"Protein"
"OID20646","Factor6",-0.0762825459241867,"Protein"
"OID21323","Factor6",-0.205772683024406,"Protein"
"OID20997","Factor6",0.0937755480408669,"Protein"
"OID21030","Factor6",-0.0466837137937546,"Protein"
"OID21462","Factor6",-0.102019555866718,"Protein"
"OID20483","Factor6",-0.165818944573402,"Protein"
"OID20149","Factor6",2.69135452981573e-05,"Protein"
"OID21499","Factor6",-0.0541725307703018,"Protein"
"OID20682","Factor6",0.684618651866913,"Protein"
"OID20868","Factor6",-0.277265757322311,"Protein"
"OID20574","Factor6",0.238829508423805,"Protein"
"OID21151","Factor6",-0.199088305234909,"Protein"
"OID20472","Factor6",0.0182263292372227,"Protein"
"OID20675","Factor6",0.00777010153979063,"Protein"
"OID20436","Factor6",0.178950726985931,"Protein"
"OID20184","Factor6",-0.205065041780472,"Protein"
"OID21060","Factor6",0.057128794491291,"Protein"
"OID21367","Factor6",-0.0339612923562527,"Protein"
"OID20178","Factor6",0.147204726934433,"Protein"
"OID21375","Factor6",0.321970701217651,"Protein"
"OID21430","Factor6",0.0907757878303528,"Protein"
"OID21312","Factor6",0.039701733738184,"Protein"
"OID21380","Factor6",-0.0240209810435772,"Protein"
"OID20421","Factor6",-0.0159907601773739,"Protein"
"OID21326","Factor6",-0.128711953759193,"Protein"
"OID20631","Factor6",0.0911670625209808,"Protein"
"OID20097","Factor6",-0.0929404944181442,"Protein"
"OID20758","Factor6",-0.0440918505191803,"Protein"
"OID21482","Factor6",-0.0740794315934181,"Protein"
"OID20371","Factor6",-0.0975299701094627,"Protein"
"OID21415","Factor6",-0.0823808386921883,"Protein"
"OID21527","Factor6",-0.116179786622524,"Protein"
"OID20233","Factor6",-0.114353999495506,"Protein"
"OID21016","Factor6",0.238066822290421,"Protein"
"OID21284","Factor6",-0.0176900643855333,"Protein"
"OID21143","Factor6",0.0582248121500015,"Protein"
"OID21022","Factor6",0.581520974636078,"Protein"
"OID20865","Factor6",-0.173852637410164,"Protein"
"OID21311","Factor6",0.538691878318787,"Protein"
"OID20342","Factor6",0.0738251432776451,"Protein"
"OID20309","Factor6",0.230675846338272,"Protein"
"OID20546","Factor6",0.00361397000961006,"Protein"
"OID21099","Factor6",-0.203916475176811,"Protein"
"OID20135","Factor6",0.0378312803804874,"Protein"
"OID21476","Factor6",0.00419603707268834,"Protein"
"OID20359","Factor6",-0.0695153549313545,"Protein"
"OID20601","Factor6",-0.00950996670871973,"Protein"
"OID21104","Factor6",0.00767951831221581,"Protein"
"OID20756","Factor6",-0.00177780701778829,"Protein"
"OID21439","Factor6",-0.0639080032706261,"Protein"
"OID21399","Factor6",0.0973923653364182,"Protein"
"OID21043","Factor6",0.156692072749138,"Protein"
"OID20609","Factor6",0.0329929701983929,"Protein"
"OID20289","Factor6",0.0717531591653824,"Protein"
"OID21101","Factor6",-0.141070917248726,"Protein"
"OID21014","Factor6",0.0156726613640785,"Protein"
"OID21249","Factor6",-0.206946924328804,"Protein"
"OID21446","Factor6",-0.141178518533707,"Protein"
"OID20970","Factor6",-0.126767382025719,"Protein"
"OID20956","Factor6",-0.169241026043892,"Protein"
"OID20635","Factor6",-0.0805262997746468,"Protein"
"OID20648","Factor6",0.0470485202968121,"Protein"
"OID20331","Factor6",-0.136207818984985,"Protein"
"OID21437","Factor6",0.357097566127777,"Protein"
"OID21442","Factor6",-0.0576834306120872,"Protein"
"OID21369","Factor6",0.108778581023216,"Protein"
"OID20576","Factor6",-0.00344502273947001,"Protein"
"OID20636","Factor6",-0.103752426803112,"Protein"
"OID20162","Factor6",0.572984755039215,"Protein"
"OID21381","Factor6",-0.042118426412344,"Protein"
"OID20153","Factor6",0.0867778956890106,"Protein"
"OID20732","Factor6",-0.00843344256281853,"Protein"
"OID21024","Factor6",-0.040120217949152,"Protein"
"OID21434","Factor6",0.275627791881561,"Protein"
"OID20507","Factor6",0.0226581133902073,"Protein"
"OID20137","Factor6",0.209479153156281,"Protein"
"OID21042","Factor6",-0.00114106480032206,"Protein"
"OID21516","Factor6",-0.0513275563716888,"Protein"
"OID20299","Factor6",-0.125368177890778,"Protein"
"OID21257","Factor6",-0.0831924825906754,"Protein"
"OID21253","Factor6",-0.194438010454178,"Protein"
"OID20988","Factor6",-0.0129618411883712,"Protein"
"OID21119","Factor6",0.0206492692232132,"Protein"
"OID21038","Factor6",-0.0734817534685135,"Protein"
"OID21091","Factor6",-0.190060451626778,"Protein"
"OID20597","Factor6",-0.243177101016045,"Protein"
"OID20179","Factor6",-0.0510675385594368,"Protein"
"OID21168","Factor6",-0.0547777079045773,"Protein"
"OID21368","Factor6",-0.00779338786378503,"Protein"
"OID20738","Factor6",-0.120935127139091,"Protein"
"OID20122","Factor6",0.682938456535339,"Protein"
"OID20703","Factor6",-0.0162397902458906,"Protein"
"OID21436","Factor6",0.507134974002838,"Protein"
"OID21421","Factor6",0.0203519389033318,"Protein"
"OID20589","Factor6",0.0210768952965736,"Protein"
"OID20927","Factor6",0.332094430923462,"Protein"
"OID21418","Factor6",-0.0565226189792156,"Protein"
"OID21013","Factor6",-0.0149711230769753,"Protein"
"OID20904","Factor6",0.0425856076180935,"Protein"
"OID20568","Factor6",-0.102837041020393,"Protein"
"OID20533","Factor6",0.160872250795364,"Protein"
"OID20254","Factor6",-0.0397724099457264,"Protein"
"OID21403","Factor6",-0.0338395796716213,"Protein"
"OID21012","Factor6",-0.14772130548954,"Protein"
"OID21280","Factor6",-0.136409804224968,"Protein"
"OID21187","Factor6",0.0906479507684708,"Protein"
"OID21425","Factor6",0.184109091758728,"Protein"
"OID20078","Factor6",0.041761290282011,"Protein"
"OID20102","Factor6",0.0636245161294937,"Protein"
"OID21073","Factor6",0.482243984937668,"Protein"
"OID21428","Factor6",-0.220322400331497,"Protein"
"OID20687","Factor6",-0.0140247661620378,"Protein"
"OID20883","Factor6",0.0325786992907524,"Protein"
"OID21242","Factor6",0.191439464688301,"Protein"
"OID20583","Factor6",-0.0917306691408157,"Protein"
"OID21361","Factor6",-0.156045645475388,"Protein"
"OID21365","Factor6",-0.0243210904300213,"Protein"
"OID21419","Factor6",-0.120775200426579,"Protein"
"OID21498","Factor6",0.0835358500480652,"Protein"
"OID20995","Factor6",-0.0520051419734955,"Protein"
"OID21094","Factor6",-0.1271141320467,"Protein"
"OID20715","Factor6",0.00257694534957409,"Protein"
"OID20718","Factor6",0.234927535057068,"Protein"
"OID20960","Factor6",0.309128522872925,"Protein"
"OID20866","Factor6",0.0244892705231905,"Protein"
"OID20986","Factor6",0.529544711112976,"Protein"
"OID20152","Factor6",-0.0983212888240814,"Protein"
"OID20395","Factor6",-0.0546233281493187,"Protein"
"OID21285","Factor6",-0.20907698571682,"Protein"
"OID20313","Factor6",0.0354273431003094,"Protein"
"OID20509","Factor6",-0.0569220632314682,"Protein"
"OID21255","Factor6",-0.105161175131798,"Protein"
"OID20141","Factor6",0.659976363182068,"Protein"
"OID20942","Factor6",0.0451097376644611,"Protein"
"OID21466","Factor6",-0.0312865749001503,"Protein"
"OID20215","Factor6",0.122507371008396,"Protein"
"OID20923","Factor6",0.384167611598969,"Protein"
"OID20752","Factor6",0.0629848167300224,"Protein"
"OID20990","Factor6",-0.0239629838615656,"Protein"
"OID21004","Factor6",0.017393970862031,"Protein"
"OID20103","Factor6",0.128683269023895,"Protein"
"OID20784","Factor6",-0.0281060189008713,"Protein"
"OID20156","Factor6",0.227239772677422,"Protein"
"OID20221","Factor6",-0.0630152598023415,"Protein"
"OID21410","Factor6",0.0839198380708694,"Protein"
"OID21225","Factor6",-0.115163952112198,"Protein"
"OID21385","Factor6",0.659885704517365,"Protein"
"OID21155","Factor6",-0.0706939697265625,"Protein"
"OID20610","Factor6",-0.00956802908331156,"Protein"
"OID20935","Factor6",-0.087043397128582,"Protein"
"OID21327","Factor6",-0.0757696181535721,"Protein"
"OID20748","Factor6",0.0306733287870884,"Protein"
"OID20708","Factor6",-0.0927687212824821,"Protein"
"OID20567","Factor6",0.19529028236866,"Protein"
"OID20647","Factor6",-0.143255397677422,"Protein"
"OID20968","Factor6",-0.00460124481469393,"Protein"
"OID20383","Factor6",-0.105788238346577,"Protein"
"OID21036","Factor6",0.0832661539316177,"Protein"
"OID20978","Factor6",-0.00365073792636395,"Protein"
"OID20327","Factor6",0.00707762828096747,"Protein"
"OID20958","Factor6",0.195062607526779,"Protein"
"OID20252","Factor6",0.0305303689092398,"Protein"
"OID20642","Factor6",-0.0802662149071693,"Protein"
"OID20205","Factor6",-0.0940351411700249,"Protein"
"OID21248","Factor6",-0.0128725757822394,"Protein"
"OID21150","Factor6",0.0444992706179619,"Protein"
"OID21111","Factor6",-0.0368045121431351,"Protein"
"OID21121","Factor6",-0.0203671250492334,"Protein"
"OID20295","Factor6",-0.0997098460793495,"Protein"
"OID21281","Factor6",-0.22154413163662,"Protein"
"OID20650","Factor6",-0.011992571875453,"Protein"
"OID20895","Factor6",0.298162519931793,"Protein"
"OID20459","Factor6",0.0829421281814575,"Protein"
"OID21457","Factor6",-0.024591812863946,"Protein"
"OID20485","Factor6",-0.0359715670347214,"Protein"
"OID20786","Factor6",-0.0668362826108932,"Protein"
"OID20859","Factor6",0.642415821552277,"Protein"
"OID20298","Factor6",0.0750991776585579,"Protein"
"OID21142","Factor6",-0.0882964804768562,"Protein"
"OID20744","Factor6",0.686583518981934,"Protein"
"OID20400","Factor6",-0.105261333286762,"Protein"
"OID20344","Factor6",-0.0653267949819565,"Protein"
"OID20107","Factor6",0.489029794931412,"Protein"
"OID20762","Factor6",-0.0526038929820061,"Protein"
"OID21128","Factor6",0.573352694511414,"Protein"
"OID21313","Factor6",-0.000284197245491669,"Protein"
"OID20985","Factor6",-0.117459796369076,"Protein"
"OID21021","Factor6",0.476543247699738,"Protein"
"OID21513","Factor6",-0.00279579078778625,"Protein"
"OID21486","Factor6",-0.122713252902031,"Protein"
"OID20992","Factor6",0.00374438264407218,"Protein"
"OID20508","Factor6",0.159434229135513,"Protein"
"OID20276","Factor6",-0.0153283309191465,"Protein"
"OID20975","Factor6",0.134860768914223,"Protein"
"OID21125","Factor6",-0.0835229456424713,"Protein"
"OID21448","Factor6",-0.0595637857913971,"Protein"
"OID21477","Factor6",-0.156460762023926,"Protein"
"OID21372","Factor6",-0.088452622294426,"Protein"
"OID20759","Factor6",-0.0727989822626114,"Protein"
"OID21066","Factor6",-0.00335341924801469,"Protein"
"OID20536","Factor6",-0.0266989469528198,"Protein"
"OID21198","Factor6",-0.0644108131527901,"Protein"
"OID21427","Factor6",-0.0364710837602615,"Protein"
"OID21075","Factor6",0.094549223780632,"Protein"
"OID20886","Factor6",0.0284253060817719,"Protein"
"OID20674","Factor6",-0.0706813633441925,"Protein"
"OID21034","Factor6",-0.0358964875340462,"Protein"
"OID20749","Factor6",0.646584153175354,"Protein"
"OID21328","Factor6",-0.0776465535163879,"Protein"
"OID20722","Factor6",0.0388527400791645,"Protein"
"OID20617","Factor6",-0.0282581355422735,"Protein"
"OID21463","Factor6",-0.0210280176252127,"Protein"
"OID20226","Factor6",-0.0562793128192425,"Protein"
"OID20561","Factor6",-0.0288069024682045,"Protein"
"OID21141","Factor6",0.678993582725525,"Protein"
"OID20474","Factor6",-0.130362644791603,"Protein"
"OID20999","Factor6",-0.078028067946434,"Protein"
"OID21304","Factor6",0.627213716506958,"Protein"
"OID20552","Factor6",-0.0269629154354334,"Protein"
"OID20961","Factor6",0.226598113775253,"Protein"
"OID20197","Factor6",-0.0568409189581871,"Protein"
"OID21481","Factor6",0.0974041447043419,"Protein"
"OID21431","Factor6",0.0726330056786537,"Protein"
"OID20408","Factor6",-0.134163692593575,"Protein"
"OID20478","Factor6",-0.145241782069206,"Protein"
"OID20782","Factor6",-0.0742679387331009,"Protein"
"OID20392","Factor6",-0.0249569602310658,"Protein"
"OID20368","Factor6",-0.0468371249735355,"Protein"
"OID20425","Factor6",-0.236431181430817,"Protein"
"OID20522","Factor6",0.0346747227013111,"Protein"
"OID21112","Factor6",0.0371550619602203,"Protein"
"OID21522","Factor6",-0.252133339643478,"Protein"
"OID20286","Factor6",-0.14163626730442,"Protein"
"OID20293","Factor6",-0.0911068916320801,"Protein"
"OID20966","Factor6",-0.165429010987282,"Protein"
"OID20308","Factor6",-0.0593517273664474,"Protein"
"OID20743","Factor6",0.00160115933977067,"Protein"
"OID21259","Factor6",-0.0339116081595421,"Protein"
"OID20496","Factor6",-0.0161557160317898,"Protein"
"OID20839","Factor6",0.133393049240112,"Protein"
"OID21040","Factor6",-0.0590589009225368,"Protein"
"OID21244","Factor6",0.125007227063179,"Protein"
"OID20641","Factor6",0.468164801597595,"Protein"
"OID20783","Factor6",-0.116321228444576,"Protein"
"OID21445","Factor6",0.618727445602417,"Protein"
"OID20955","Factor6",0.38064044713974,"Protein"
"OID21310","Factor6",0.0839505195617676,"Protein"
"OID20996","Factor6",0.0665149167180061,"Protein"
"OID20543","Factor6",0.0560951009392738,"Protein"
"OID20669","Factor6",0.213355883955956,"Protein"
"OID20587","Factor6",0.492570251226425,"Protein"
"OID20379","Factor6",-0.10504861921072,"Protein"
"OID20217","Factor6",0.0388016626238823,"Protein"
"OID20505","Factor6",-0.129768252372742,"Protein"
"OID20085","Factor6",-0.194881588220596,"Protein"
"OID20973","Factor6",0.63787567615509,"Protein"
"OID20979","Factor6",0.047087874263525,"Protein"
"OID20666","Factor6",-0.0722033828496933,"Protein"
"OID20570","Factor6",0.118649683892727,"Protein"
"OID21041","Factor6",-0.0751846432685852,"Protein"
"OID21501","Factor6",0.299837529659271,"Protein"
"OID20963","Factor6",0.0312815830111504,"Protein"
"OID21342","Factor6",-0.0664987564086914,"Protein"
"OID20144","Factor6",0.41882449388504,"Protein"
"OID20887","Factor6",-0.0885605663061142,"Protein"
"OID21454","Factor6",-0.0469402372837067,"Protein"
"OID20854","Factor6",0.11126397550106,"Protein"
"OID21087","Factor6",0.558202683925629,"Protein"
"OID20294","Factor6",0.172262385487556,"Protein"
"OID20398","Factor6",-0.0350967384874821,"Protein"
"OID21444","Factor6",-0.0694702491164207,"Protein"
"OID20630","Factor6",0.102039813995361,"Protein"
"OID20247","Factor6",0.0472132414579391,"Protein"
"OID20378","Factor6",-0.0291648153215647,"Protein"
"OID21295","Factor6",-0.0513975210487843,"Protein"
"OID21193","Factor6",0.0394635051488876,"Protein"
"OID20912","Factor6",-0.129881083965302,"Protein"
"OID21026","Factor6",-0.0350910797715187,"Protein"
"OID20620","Factor6",0.257613867521286,"Protein"
"OID21179","Factor6",0.0743883401155472,"Protein"
"OID20510","Factor6",0.088051475584507,"Protein"
"OID20653","Factor6",-0.110738478600979,"Protein"
"OID20980","Factor6",-0.0175133030861616,"Protein"
"OID20655","Factor6",-0.0266810674220324,"Protein"
"OID20623","Factor6",-0.0242451298981905,"Protein"
"OID20572","Factor6",0.167623594403267,"Protein"
"OID20413","Factor6",-0.119166515767574,"Protein"
"OID20686","Factor6",-0.0818824842572212,"Protein"
"OID21133","Factor6",-0.10237779468298,"Protein"
"OID20695","Factor6",0.0135635118931532,"Protein"
"OID21246","Factor6",0.609642207622528,"Protein"
"OID21215","Factor6",-0.0312568545341492,"Protein"
"OID21129","Factor6",-0.0742894038558006,"Protein"
"OID21324","Factor6",0.165109410881996,"Protein"
"OID20234","Factor6",0.0620441436767578,"Protein"
"OID20324","Factor6",-0.00451722973957658,"Protein"
"OID21086","Factor6",0.0676812753081322,"Protein"
"OID21015","Factor6",0.326980024576187,"Protein"
"OID20870","Factor6",-0.0516643449664116,"Protein"
"OID20355","Factor6",0.0273469761013985,"Protein"
"OID21068","Factor6",-0.0861056298017502,"Protein"
"OID20691","Factor6",-0.175731480121613,"Protein"
"OID21050","Factor6",-0.106058962643147,"Protein"
"OID20622","Factor6",-0.134007409214973,"Protein"
"OID20962","Factor6",0.498272061347961,"Protein"
"OID20604","Factor6",0.119409739971161,"Protein"
"OID20404","Factor6",0.0395172424614429,"Protein"
"OID20223","Factor6",-0.0479487664997578,"Protein"
"OID20534","Factor6",0.0664363130927086,"Protein"
"OID20106","Factor6",-0.00509404484182596,"Protein"
"OID20222","Factor6",-0.128145277500153,"Protein"
"OID20259","Factor6",-0.0910910815000534,"Protein"
"OID20766","Factor6",-0.0778131559491158,"Protein"
"OID20216","Factor6",0.108676187694073,"Protein"
"OID20339","Factor6",-0.0644474178552628,"Protein"
"OID20232","Factor6",0.379868388175964,"Protein"
"OID20739","Factor6",-0.0738582387566566,"Protein"
"OID20328","Factor6",-0.0741979479789734,"Protein"
"OID20768","Factor6",-0.0880095064640045,"Protein"
"OID20195","Factor6",0.552802443504333,"Protein"
"OID20445","Factor6",-0.166591703891754,"Protein"
"OID20108","Factor6",-0.0645317733287811,"Protein"
"OID20500","Factor6",0.225215628743172,"Protein"
"OID21145","Factor6",-0.0741828829050064,"Protein"
"OID21216","Factor6",0.0160969961434603,"Protein"
"OID20731","Factor6",-0.00923598371446133,"Protein"
"OID20658","Factor6",-0.0919326841831207,"Protein"
"OID20967","Factor6",0.00169720395933837,"Protein"
"OID21235","Factor6",0.072712130844593,"Protein"
"OID21103","Factor6",0.233724147081375,"Protein"
"OID21005","Factor6",-0.0853802412748337,"Protein"
"OID21397","Factor6",0.0824034884572029,"Protein"
"OID20151","Factor6",0.125067085027695,"Protein"
"OID21490","Factor6",-0.12787301838398,"Protein"
"OID20832","Factor6",0.203362375497818,"Protein"
"OID21493","Factor6",-0.134077847003937,"Protein"
"OID21037","Factor6",0.219260737299919,"Protein"
"OID21229","Factor6",0.191562369465828,"Protein"
"OID20926","Factor6",0.031074982136488,"Protein"
"OID21247","Factor6",-0.0939527079463005,"Protein"
"OID21083","Factor6",-0.0177193637937307,"Protein"
"OID20753","Factor6",-0.101070322096348,"Protein"
"OID20338","Factor6",0.0160327851772308,"Protein"
"OID21192","Factor6",0.197387397289276,"Protein"
"OID21160","Factor6",0.549429714679718,"Protein"
"OID21218","Factor6",0.0249839890748262,"Protein"
"OID20375","Factor6",-0.0401071794331074,"Protein"
"OID20079","Factor6",-0.0130845988169312,"Protein"
"OID21053","Factor6",0.568357169628143,"Protein"
"OID20919","Factor6",-0.0764387398958206,"Protein"
"OID20171","Factor6",-0.0778810158371925,"Protein"
"OID20693","Factor6",-0.0130761275067925,"Protein"
"OID20600","Factor6",0.0197638310492039,"Protein"
"OID20484","Factor6",-0.0694903358817101,"Protein"
"OID21058","Factor6",-0.0969777777791023,"Protein"
"OID20638","Factor6",0.0112141463905573,"Protein"
"OID21132","Factor6",0.00760010257363319,"Protein"
"OID20823","Factor6",-0.00995072815567255,"Protein"
"OID20917","Factor6",-0.0711778849363327,"Protein"
"OID20780","Factor6",-0.0234510209411383,"Protein"
"OID21384","Factor6",-0.144317075610161,"Protein"
"OID21441","Factor6",0.0613503605127335,"Protein"
"OID20751","Factor6",-0.139609053730965,"Protein"
"OID21064","Factor6",-0.149367824196815,"Protein"
"OID21110","Factor6",-0.115171477198601,"Protein"
"OID20827","Factor6",-0.0229083802551031,"Protein"
"OID21185","Factor6",-0.0212635118514299,"Protein"
"OID20091","Factor6",-0.190608128905296,"Protein"
"OID20867","Factor6",-0.214861676096916,"Protein"
"OID20677","Factor6",-0.127383574843407,"Protein"
"OID20934","Factor6",-0.0689423829317093,"Protein"
"OID21271","Factor6",0.0613616518676281,"Protein"
"OID20126","Factor6",-0.039725236594677,"Protein"
"OID21414","Factor6",0.319708287715912,"Protein"
"OID20333","Factor6",0.034591306000948,"Protein"
"OID20386","Factor6",0.50104558467865,"Protein"
"OID20418","Factor6",-0.0164747927337885,"Protein"
"OID20872","Factor6",0.429221838712692,"Protein"
"OID20261","Factor6",0.0202570576220751,"Protein"
"OID21227","Factor6",0.401923686265945,"Protein"
"OID21010","Factor6",-0.0558000914752483,"Protein"
"OID20165","Factor6",-0.0113090872764587,"Protein"
"OID20660","Factor6",0.0369374826550484,"Protein"
"OID20512","Factor6",0.147394940257072,"Protein"
"OID20467","Factor6",-0.0492543950676918,"Protein"
"OID20455","Factor6",-0.0631370842456818,"Protein"
"OID20735","Factor6",0.0118188261985779,"Protein"
"OID21001","Factor6",-0.145828679203987,"Protein"
"OID21137","Factor6",-0.0582936890423298,"Protein"
"OID20727","Factor6",0.0157199371606112,"Protein"
"OID21432","Factor6",-0.00975639186799526,"Protein"
"OID20278","Factor6",-0.0531696937978268,"Protein"
"OID20167","Factor6",-0.118315927684307,"Protein"
"OID20188","Factor6",-0.117937684059143,"Protein"
"OID21480","Factor6",0.287031024694443,"Protein"
"OID20340","Factor6",0.0360832400619984,"Protein"
"OID20922","Factor6",-0.0474762283265591,"Protein"
"OID21219","Factor6",-0.0769080296158791,"Protein"
"OID20228","Factor6",0.0618887059390545,"Protein"
"OID20771","Factor6",-0.122606582939625,"Protein"
"OID20664","Factor6",-0.0868468210101128,"Protein"
"OID20930","Factor6",0.0046490766108036,"Protein"
"OID20237","Factor6",0.118777833878994,"Protein"
"OID20770","Factor6",-0.0101444702595472,"Protein"
"OID21275","Factor6",-0.0430963076651096,"Protein"
"OID20240","Factor6",0.0490998663008213,"Protein"
"OID21317","Factor6",-0.155069127678871,"Protein"
"OID20721","Factor6",0.0631422102451324,"Protein"
"OID21008","Factor6",-0.12657867372036,"Protein"
"OID21201","Factor6",-0.037835568189621,"Protein"
"OID21220","Factor6",-0.120572790503502,"Protein"
"OID20730","Factor6",-0.0657280758023262,"Protein"
"OID21114","Factor6",0.0327957980334759,"Protein"
"OID20709","Factor6",-0.0314754173159599,"Protein"
"OID20272","Factor6",0.0085447896271944,"Protein"
"OID20429","Factor6",-0.0420085042715073,"Protein"
"OID21283","Factor6",0.0576468780636787,"Protein"
"OID21355","Factor6",0.00632025254890323,"Protein"
"OID21519","Factor6",0.605488181114197,"Protein"
"OID20096","Factor6",0.0757099762558937,"Protein"
"OID20940","Factor6",0.0169683713465929,"Protein"
"OID20764","Factor6",-0.0152000430971384,"Protein"
"OID20812","Factor6",0.0232741758227348,"Protein"
"OID20673","Factor6",-0.101331457495689,"Protein"
"OID21175","Factor6",0.310115396976471,"Protein"
"OID21291","Factor6",-0.0275331567972898,"Protein"
"OID20183","Factor6",0.245560690760612,"Protein"
"OID20113","Factor6",0.0319690220057964,"Protein"
"OID21288","Factor6",-0.0416873395442963,"Protein"
"OID21470","Factor6",0.15371897816658,"Protein"
"OID20893","Factor6",0.056815080344677,"Protein"
"OID20191","Factor6",-0.0182680506259203,"Protein"
"OID20494","Factor6",-0.0720348060131073,"Protein"
"OID20053","Factor6",0.0643655136227608,"Protein"
"OID21002","Factor6",-0.03696134313941,"Protein"
"OID20129","Factor6",-0.0110708018764853,"Protein"
"OID20087","Factor6",-0.0382226333022118,"Protein"
"OID20953","Factor6",0.137767463922501,"Protein"
"OID20667","Factor6",-0.105849660933018,"Protein"
"OID20913","Factor6",0.200906753540039,"Protein"
"OID21465","Factor6",-0.0124047324061394,"Protein"
"OID20605","Factor6",0.0346293523907661,"Protein"
"OID20725","Factor6",-0.0231655370444059,"Protein"
"OID20405","Factor6",-0.0774011760950089,"Protein"
"OID20061","Factor6",-0.0728247314691544,"Protein"
"OID21018","Factor6",-0.100840359926224,"Protein"
"OID20297","Factor6",-0.134001106023788,"Protein"
"OID21206","Factor6",0.153094381093979,"Protein"
"OID20239","Factor6",-0.122795678675175,"Protein"
"OID21398","Factor6",-0.0382370762526989,"Protein"
"OID21321","Factor6",-0.120992556214333,"Protein"
"OID20456","Factor6",0.03430550172925,"Protein"
"OID20976","Factor6",-0.0344323180615902,"Protein"
"OID21209","Factor6",-0.0833838731050491,"Protein"
"OID20824","Factor6",0.0135298883542418,"Protein"
"OID20275","Factor6",-0.123872481286526,"Protein"
"OID21494","Factor6",0.132230222225189,"Protein"
"OID21299","Factor6",0.175806134939194,"Protein"
"OID20590","Factor6",0.0277129150927067,"Protein"
"OID20384","Factor6",-0.0672875121235847,"Protein"
"OID21049","Factor6",-0.0375725850462914,"Protein"
"OID20174","Factor6",0.496568202972412,"Protein"
"OID21067","Factor6",-0.201126575469971,"Protein"
"OID20489","Factor6",0.0677831470966339,"Protein"
"OID21243","Factor6",0.0168603882193565,"Protein"
"OID21077","Factor6",0.464727580547333,"Protein"
"OID21270","Factor6",0.423759937286377,"Protein"
"OID21337","Factor6",0.249112769961357,"Protein"
"OID20196","Factor6",-0.0925542488694191,"Protein"
"OID20121","Factor6",-0.0746709704399109,"Protein"
"OID21262","Factor6",-0.148599192500114,"Protein"
"OID20537","Factor6",2.21753416553838e-05,"Protein"
"OID20296","Factor6",0.0668269023299217,"Protein"
"OID21509","Factor6",-0.0634755641222,"Protein"
"OID20921","Factor6",0.446668744087219,"Protein"
"OID21406","Factor6",-0.0231727324426174,"Protein"
"OID21084","Factor6",0.190939083695412,"Protein"
"OID20951","Factor6",-0.0576090104877949,"Protein"
"OID20491","Factor6",0.0344087481498718,"Protein"
"OID20777","Factor6",-0.0249231271445751,"Protein"
"OID21472","Factor6",-0.00310730212368071,"Protein"
"OID20304","Factor6",0.0102189984172583,"Protein"
"OID21011","Factor6",0.076437383890152,"Protein"
"OID20488","Factor6",0.0244752746075392,"Protein"
"OID20155","Factor6",-0.086876817047596,"Protein"
"OID21171","Factor6",-0.019129179418087,"Protein"
"OID20176","Factor6",-0.0744941234588623,"Protein"
"OID20540","Factor6",-0.0643738061189651,"Protein"
"OID21059","Factor6",0.00191540911328048,"Protein"
"OID21401","Factor6",-0.0608090497553349,"Protein"
"OID20972","Factor6",0.0177898835390806,"Protein"
"OID21162","Factor6",0.459918111562729,"Protein"
"OID21063","Factor6",0.0254296958446503,"Protein"
"OID21435","Factor6",-0.00688108801841736,"Protein"
"OID21316","Factor6",-0.0851593539118767,"Protein"
"OID21336","Factor6",0.643796563148499,"Protein"
"OID21471","Factor6",-0.00170319154858589,"Protein"
"OID20427","Factor6",0.0500468239188194,"Protein"
"OID20750","Factor6",0.0787812545895576,"Protein"
"OID20763","Factor6",-0.0206419341266155,"Protein"
"OID21331","Factor6",-0.00572979683056474,"Protein"
"OID20424","Factor6",0.0361012481153011,"Protein"
"OID21046","Factor6",0.345734536647797,"Protein"
"OID21352","Factor6",-0.0138442609459162,"Protein"
"OID20792","Factor6",0.0592745281755924,"Protein"
"OID21027","Factor6",0.523134052753448,"Protein"
"OID20822","Factor6",0.117260463535786,"Protein"
"OID20680","Factor6",-0.0535831451416016,"Protein"
"OID20329","Factor6",0.110594555735588,"Protein"
"OID21170","Factor6",-0.0849468782544136,"Protein"
"OID20585","Factor6",0.00551147665828466,"Protein"
"OID20114","Factor6",0.162244692444801,"Protein"
"OID20557","Factor6",0.105189248919487,"Protein"
"OID20864","Factor6",-0.0332507006824017,"Protein"
"OID20077","Factor6",0.366300314664841,"Protein"
"OID21315","Factor6",-0.0656149759888649,"Protein"
"OID20382","Factor6",0.0726582854986191,"Protein"
"OID20633","Factor6",0.0200538411736488,"Protein"
"OID21238","Factor6",-0.0552635975182056,"Protein"
"OID20932","Factor6",-0.0412348918616772,"Protein"
"OID20694","Factor6",0.0936456248164177,"Protein"
"OID20264","Factor6",-0.0547666512429714,"Protein"
"OID21524","Factor6",0.0374597199261189,"Protein"
"OID21447","Factor6",-0.0108924433588982,"Protein"
"OID21138","Factor6",0.000151038781041279,"Protein"
"OID21172","Factor6",0.106302320957184,"Protein"
"OID21389","Factor6",-0.0487458929419518,"Protein"
"OID21115","Factor6",0.401706695556641,"Protein"
"OID20211","Factor6",0.0545291341841221,"Protein"
"OID20279","Factor6",-0.13386358320713,"Protein"
"OID20569","Factor6",-0.0398267321288586,"Protein"
"OID20142","Factor6",-0.0143507476896048,"Protein"
"OID20613","Factor6",-0.03201924264431,"Protein"
"OID20710","Factor6",0.550527155399323,"Protein"
"OID20807","Factor6",-0.0978616923093796,"Protein"
"OID20713","Factor6",-0.131326615810394,"Protein"
"OID20148","Factor6",0.0980906262993813,"Protein"
"OID20632","Factor6",-0.061042383313179,"Protein"
"OID21438","Factor6",-0.0403294712305069,"Protein"
"OID21440","Factor6",-0.0682423710823059,"Protein"
"OID20549","Factor6",0.571052193641663,"Protein"
"OID20115","Factor6",-0.0121502568945289,"Protein"
"OID21241","Factor6",-0.176297932863235,"Protein"
"OID21529","Factor6",-0.119944356381893,"Protein"
"OID21374","Factor6",0.15557935833931,"Protein"
"OID20154","Factor6",-0.0403896383941174,"Protein"
"OID20480","Factor6",-0.0892768353223801,"Protein"
"OID20767","Factor6",-0.0409569889307022,"Protein"
"OID21135","Factor6",0.299445152282715,"Protein"
"OID20320","Factor6",-0.0170621611177921,"Protein"
"OID20242","Factor6",-0.0859983041882515,"Protein"
"OID20602","Factor6",-0.00428894534707069,"Protein"
"OID20282","Factor6",-0.0442820936441422,"Protein"
"OID21189","Factor6",-0.0159490313380957,"Protein"
"OID20652","Factor6",0.085189089179039,"Protein"
"OID20454","Factor6",0.0352715738117695,"Protein"
"OID20302","Factor6",0.0347620695829391,"Protein"
"OID20676","Factor6",0.0895466431975365,"Protein"
"OID21079","Factor6",-0.106968849897385,"Protein"
"OID20828","Factor6",0.0293762031942606,"Protein"
"OID21423","Factor6",0.05213463306427,"Protein"
"OID20535","Factor6",-0.0281343571841717,"Protein"
"OID21344","Factor6",-0.0824256241321564,"Protein"
"OID20451","Factor6",-0.121039286255836,"Protein"
"OID21278","Factor6",0.387634128332138,"Protein"
"OID20070","Factor6",-0.00849604606628418,"Protein"
"OID20529","Factor6",-0.0158441253006458,"Protein"
"OID20314","Factor6",0.0499219559133053,"Protein"
"OID21346","Factor6",-0.0654096081852913,"Protein"
"OID20476","Factor6",-0.00843977089971304,"Protein"
"OID20765","Factor6",-0.059342298656702,"Protein"
"OID20915","Factor6",0.0100123705342412,"Protein"
"OID20538","Factor6",-0.0847135186195374,"Protein"
"OID21360","Factor6",0.122999422252178,"Protein"
"OID20562","Factor6",0.0422582738101482,"Protein"
"OID21405","Factor6",0.0574797280132771,"Protein"
"OID20774","Factor6",-0.0152736958116293,"Protein"
"OID20661","Factor6",-0.0655643716454506,"Protein"
"OID20639","Factor6",-0.0270589161664248,"Protein"
"OID20267","Factor6",-0.0432748943567276,"Protein"
"OID20936","Factor6",-0.087393619120121,"Protein"
"OID21433","Factor6",0.664221584796906,"Protein"
"OID20804","Factor6",0.111211054027081,"Protein"
"OID21152","Factor6",0.0606773607432842,"Protein"
"OID20084","Factor6",-0.0218413565307856,"Protein"
"OID20881","Factor6",0.538471579551697,"Protein"
"OID20612","Factor6",0.0334899388253689,"Protein"
"OID21460","Factor6",-0.11197093129158,"Protein"
"OID20316","Factor6",-0.0710468888282776,"Protein"
"OID20373","Factor6",-0.0556132383644581,"Protein"
"OID21174","Factor6",0.0859043821692467,"Protein"
"OID20140","Factor6",-0.181899592280388,"Protein"
"OID20781","Factor6",0.0314590856432915,"Protein"
"OID20811","Factor6",-0.189808130264282,"Protein"
"OID20497","Factor6",-0.0023648536298424,"Protein"
"OID21407","Factor6",-0.0339120104908943,"Protein"
"OID20547","Factor6",-0.00940306950360537,"Protein"
"OID20857","Factor6",0.0345887243747711,"Protein"
"OID20401","Factor6",-0.0483711659908295,"Protein"
"OID21517","Factor6",-0.0947922840714455,"Protein"
"OID20530","Factor6",0.136280432343483,"Protein"
"OID21236","Factor6",-0.13255800306797,"Protein"
"OID21412","Factor6",-0.0461764223873615,"Protein"
"OID20391","Factor6",-0.0302666556090117,"Protein"
"OID20458","Factor6",-0.0435074679553509,"Protein"
"OID21404","Factor6",0.542662084102631,"Protein"
"OID21394","Factor6",0.00149495550431311,"Protein"
"OID21514","Factor6",0.079525351524353,"Protein"
"OID20662","Factor6",-0.0656832456588745,"Protein"
"OID21286","Factor6",-0.165220633149147,"Protein"
"OID20884","Factor6",0.11579529941082,"Protein"
"OID21456","Factor6",0.0231028534471989,"Protein"
"OID21196","Factor6",-0.0244227051734924,"Protein"
"OID20599","Factor6",0.00466030836105347,"Protein"
"OID21134","Factor6",-0.00203098868951201,"Protein"
"OID20690","Factor6",-0.00978208426386118,"Protein"
"OID20720","Factor6",-0.107860088348389,"Protein"
"OID20581","Factor6",-0.0376741290092468,"Protein"
"OID20848","Factor6",-0.0168381314724684,"Protein"
"OID21339","Factor6",-0.0711662396788597,"Protein"
"OID20394","Factor6",-0.0173335280269384,"Protein"
"OID20888","Factor6",0.0212198402732611,"Protein"
"OID20290","Factor6",0.0882830917835236,"Protein"
"OID20362","Factor6",0.0438758209347725,"Protein"
"OID21055","Factor6",-0.0127836307510734,"Protein"
"OID20071","Factor6",-0.0306315012276173,"Protein"
"OID20941","Factor6",0.0292906928807497,"Protein"
"OID21468","Factor6",-0.0446206517517567,"Protein"
"OID20878","Factor6",-0.011619720607996,"Protein"
"OID20834","Factor6",0.0440821126103401,"Protein"
"OID20414","Factor6",-0.147904321551323,"Protein"
"OID21359","Factor6",0.167443975806236,"Protein"
"OID20702","Factor6",-0.0467877313494682,"Protein"
"OID21161","Factor6",0.115189589560032,"Protein"
"OID20168","Factor6",-0.0123057197779417,"Protein"
"OID21301","Factor6",0.0129171730950475,"Protein"
"OID20556","Factor6",-0.0268567893654108,"Protein"
"OID21231","Factor6",-0.0436096079647541,"Protein"
"OID20525","Factor6",-0.172708749771118,"Protein"
"OID20806","Factor6",-0.0756453573703766,"Protein"
"OID20502","Factor6",-0.10979101806879,"Protein"
"OID20332","Factor6",-0.0998931527137756,"Protein"
"OID20668","Factor6",-0.0236135292798281,"Protein"
"OID20208","Factor6",-0.0358016788959503,"Protein"
"OID20265","Factor6",-0.0471789427101612,"Protein"
"OID21400","Factor6",-0.08815648406744,"Protein"
"OID21518","Factor6",-0.0845858156681061,"Protein"
"OID20348","Factor6",-0.0717080757021904,"Protein"
"OID20447","Factor6",0.472681760787964,"Protein"
"OID20566","Factor6",-0.0985276326537132,"Protein"
"OID21318","Factor6",-0.0877032801508904,"Protein"
"OID20352","Factor6",-0.0100988810881972,"Protein"
"OID20442","Factor6",0.147689208388329,"Protein"
"OID21458","Factor6",0.142627447843552,"Protein"
"OID20473","Factor6",-0.0295694153755903,"Protein"
"OID21147","Factor6",-0.0225736815482378,"Protein"
"OID20855","Factor6",0.0891513675451279,"Protein"
"OID21122","Factor6",-0.101949788630009,"Protein"
"OID21023","Factor6",-0.0674296095967293,"Protein"
"OID20493","Factor6",-0.0381467640399933,"Protein"
"OID20852","Factor6",0.00612575747072697,"Protein"
"OID21429","Factor6",0.0453042164444923,"Protein"
"OID21102","Factor6",-0.0310905035585165,"Protein"
"OID20629","Factor6",-0.0876685380935669,"Protein"
"OID21070","Factor6",0.035571601241827,"Protein"
"OID20281","Factor6",0.0208681933581829,"Protein"
"OID20651","Factor6",-0.106748893857002,"Protein"
"OID21228","Factor6",-0.00500402320176363,"Protein"
"OID20393","Factor6",-0.00492790061980486,"Protein"
"OID20624","Factor6",-0.0133237279951572,"Protein"
"OID21090","Factor6",-0.109614178538322,"Protein"
"OID21096","Factor6",-0.0198851730674505,"Protein"
"OID21194","Factor6",0.0698664858937263,"Protein"
"OID20410","Factor6",-0.0204588156193495,"Protein"
"OID21525","Factor6",-0.0703857466578484,"Protein"
"OID20229","Factor6",-0.00201716972514987,"Protein"
"OID20185","Factor6",-0.100076124072075,"Protein"
"OID20131","Factor6",-0.178661808371544,"Protein"
"OID20719","Factor6",-0.000472117128083482,"Protein"
"OID20974","Factor6",-0.100376091897488,"Protein"
"OID20170","Factor6",0.0235938262194395,"Protein"
"OID20231","Factor6",-0.101431585848331,"Protein"
"OID20897","Factor6",-0.0136527754366398,"Protein"
"OID21526","Factor6",-0.0962619781494141,"Protein"
"OID20416","Factor6",0.0158281773328781,"Protein"
"OID20654","Factor6",0.0269326362758875,"Protein"
"OID20236","Factor6",-0.045355036854744,"Protein"
"OID21165","Factor6",0.0540855824947357,"Protein"
"OID21424","Factor6",-0.00980125088244677,"Protein"
"OID21308","Factor6",0.239639207720757,"Protein"
"OID20388","Factor6",-0.00481227412819862,"Protein"
"OID20994","Factor6",-0.0670466646552086,"Protein"
"OID20747","Factor6",-0.0330504514276981,"Protein"
"OID20346","Factor6",-0.092549741268158,"Protein"
"OID21362","Factor6",-0.0612739846110344,"Protein"
"OID21345","Factor6",0.0202500782907009,"Protein"
"OID20621","Factor6",-0.081773079931736,"Protein"
"OID20076","Factor6",-0.0620523951947689,"Protein"
"OID21303","Factor6",0.0184762850403786,"Protein"
"OID20835","Factor6",0.016602935269475,"Protein"
"OID20948","Factor6",0.20965501666069,"Protein"
"OID20565","Factor6",-0.0916472151875496,"Protein"
"OID20397","Factor6",-0.140280798077583,"Protein"
"OID20235","Factor6",0.0354313552379608,"Protein"
"OID20255","Factor6",-0.118256136775017,"Protein"
"OID20367","Factor6",0.0615756176412106,"Protein"
"OID20982","Factor6",-0.10256826877594,"Protein"
"OID20611","Factor6",-0.0128665799275041,"Protein"
"OID20706","Factor6",-0.0128006590530276,"Protein"
"OID20773","Factor6",0.00463667139410973,"Protein"
"OID20270","Factor6",-0.149299621582031,"Protein"
"OID20199","Factor6",0.289671629667282,"Protein"
"OID20377","Factor6",-0.0859862118959427,"Protein"
"OID20555","Factor6",-0.16687947511673,"Protein"
"OID21240","Factor6",-0.122408531606197,"Protein"
"OID21130","Factor6",-0.0957163721323013,"Protein"
"OID21028","Factor6",0.0960874557495117,"Protein"
"OID20531","Factor6",-0.170060053467751,"Protein"
"OID20130","Factor6",0.155311495065689,"Protein"
"OID20133","Factor6",-0.0455403625965118,"Protein"
"OID20481","Factor6",-0.0563034079968929,"Protein"
"OID20238","Factor6",-0.0593471527099609,"Protein"
"OID20358","Factor6",0.0071667293086648,"Protein"
"OID21322","Factor6",0.0865906700491905,"Protein"
"OID20194","Factor6",0.431586086750031,"Protein"
"OID20353","Factor6",-0.0894166976213455,"Protein"
"OID20145","Factor6",-0.092390276491642,"Protein"
"OID20132","Factor6",0.00262195826508105,"Protein"
"OID21353","Factor6",-0.0113012408837676,"Protein"
"OID21230","Factor6",0.383265972137451,"Protein"
"OID20513","Factor6",-0.10570015758276,"Protein"
"OID20082","Factor6",0.249632030725479,"Protein"
"OID21136","Factor6",-0.0731430798768997,"Protein"
"OID20380","Factor6",-0.175054505467415,"Protein"
"OID20914","Factor6",-0.0481957271695137,"Protein"
"OID20204","Factor6",0.0312165301293135,"Protein"
"OID20637","Factor6",0.0518604628741741,"Protein"
"OID20464","Factor6",-0.0449325107038021,"Protein"
"OID20957","Factor6",-0.029913168400526,"Protein"
"OID21052","Factor6",-0.134888544678688,"Protein"
"OID20213","Factor6",0.00926711410284042,"Protein"
"OID21366","Factor6",0.0162128359079361,"Protein"
"OID20733","Factor6",-0.0220646243542433,"Protein"
"OID21252","Factor6",-0.0886638388037682,"Protein"
"OID20755","Factor6",-0.000338463636580855,"Protein"
"OID20360","Factor6",0.0322715900838375,"Protein"
"OID20172","Factor6",0.00155868486035615,"Protein"
"OID21474","Factor6",-0.0307852420955896,"Protein"
"OID20337","Factor6",0.0207460485398769,"Protein"
"OID20487","Factor6",0.0803896933794022,"Protein"
"OID20374","Factor6",0.0229775924235582,"Protein"
"OID20754","Factor6",-0.0696023628115654,"Protein"
"OID20575","Factor6",0.0718860849738121,"Protein"
"OID20909","Factor6",-0.0573427155613899,"Protein"
"OID20626","Factor6",-0.0511377304792404,"Protein"
"OID20396","Factor6",-0.0290789622813463,"Protein"
"OID20462","Factor6",0.0754403546452522,"Protein"
"OID20775","Factor7",0.0313200652599335,"Protein"
"OID20984","Factor7",-0.0292796585708857,"Protein"
"OID20083","Factor7",-0.0419366136193275,"Protein"
"OID21402","Factor7",-0.042886883020401,"Protein"
"OID20911","Factor7",-0.328591048717499,"Protein"
"OID20850","Factor7",0.0778238996863365,"Protein"
"OID20101","Factor7",-0.325482547283173,"Protein"
"OID21140","Factor7",0.0466777049005032,"Protein"
"OID20563","Factor7",-0.324389487504959,"Protein"
"OID20125","Factor7",0.0791892185807228,"Protein"
"OID21485","Factor7",-0.0306813232600689,"Protein"
"OID21276","Factor7",-0.326385796070099,"Protein"
"OID20594","Factor7",0.027443440631032,"Protein"
"OID20779","Factor7",0.038967277854681,"Protein"
"OID20983","Factor7",-0.134967565536499,"Protein"
"OID20643","Factor7",0.0256921667605639,"Protein"
"OID20049","Factor7",0.0729896202683449,"Protein"
"OID20312","Factor7",0.0210534892976284,"Protein"
"OID20246","Factor7",-0.0881822034716606,"Protein"
"OID20495","Factor7",-0.128972679376602,"Protein"
"OID21031","Factor7",0.084564633667469,"Protein"
"OID20778","Factor7",0.142119094729424,"Protein"
"OID20127","Factor7",0.043850589543581,"Protein"
"OID20274","Factor7",-0.306731730699539,"Protein"
"OID21373","Factor7",0.0607802011072636,"Protein"
"OID20559","Factor7",0.0271499529480934,"Protein"
"OID20218","Factor7",0.0519302561879158,"Protein"
"OID20263","Factor7",-0.0861623957753181,"Protein"
"OID21489","Factor7",-0.0568884797394276,"Protein"
"OID20219","Factor7",0.000436872185673565,"Protein"
"OID20192","Factor7",0.0385532341897488,"Protein"
"OID20896","Factor7",-0.206694647669792,"Protein"
"OID20399","Factor7",-0.1463503241539,"Protein"
"OID21297","Factor7",0.0542253069579601,"Protein"
"OID21348","Factor7",0.0194663498550653,"Protein"
"OID20593","Factor7",0.0445693209767342,"Protein"
"OID21395","Factor7",0.0984678044915199,"Protein"
"OID21507","Factor7",-0.000458960828837007,"Protein"
"OID20729","Factor7",0.0543498881161213,"Protein"
"OID20220","Factor7",0.119218803942204,"Protein"
"OID21411","Factor7",0.122179090976715,"Protein"
"OID21387","Factor7",0.105313412845135,"Protein"
"OID20266","Factor7",-0.0307995714247227,"Protein"
"OID21461","Factor7",-0.131602898240089,"Protein"
"OID21475","Factor7",0.0276739187538624,"Protein"
"OID20671","Factor7",-0.192234039306641,"Protein"
"OID20950","Factor7",0.0238603185862303,"Protein"
"OID20206","Factor7",0.0143742524087429,"Protein"
"OID21250","Factor7",0.0736450180411339,"Protein"
"OID20579","Factor7",0.0503802895545959,"Protein"
"OID20761","Factor7",0.0424922369420528,"Protein"
"OID20711","Factor7",0.0406755730509758,"Protein"
"OID20707","Factor7",0.00631520291790366,"Protein"
"OID20760","Factor7",0.0200958475470543,"Protein"
"OID20672","Factor7",-0.0547660477459431,"Protein"
"OID21277","Factor7",0.0712461099028587,"Protein"
"OID20169","Factor7",-0.131286799907684,"Protein"
"OID20524","Factor7",0.0268053542822599,"Protein"
"OID20523","Factor7",-0.445068329572678,"Protein"
"OID20544","Factor7",0.0505940541625023,"Protein"
"OID21047","Factor7",0.010575532913208,"Protein"
"OID20258","Factor7",0.076344296336174,"Protein"
"OID20112","Factor7",0.0270519237965345,"Protein"
"OID20993","Factor7",0.0499661937355995,"Protein"
"OID20656","Factor7",-0.123092539608479,"Protein"
"OID20863","Factor7",-0.0713025480508804,"Protein"
"OID20640","Factor7",-0.021829592064023,"Protein"
"OID20596","Factor7",-0.357824832201004,"Protein"
"OID20625","Factor7",0.0133328149095178,"Protein"
"OID21097","Factor7",-0.0867387503385544,"Protein"
"OID20166","Factor7",0.0577998571097851,"Protein"
"OID21306","Factor7",-0.0116171333938837,"Protein"
"OID21176","Factor7",0.0337147004902363,"Protein"
"OID21118","Factor7",-0.0634023994207382,"Protein"
"OID21332","Factor7",0.0415611937642097,"Protein"
"OID20551","Factor7",0.0163595769554377,"Protein"
"OID20856","Factor7",-0.0238967034965754,"Protein"
"OID20918","Factor7",0.0152702098712325,"Protein"
"OID21420","Factor7",0.0599765852093697,"Protein"
"OID20875","Factor7",0.0338002853095531,"Protein"
"OID21378","Factor7",0.0859400555491447,"Protein"
"OID21506","Factor7",0.024031899869442,"Protein"
"OID21459","Factor7",0.0531057976186275,"Protein"
"OID20075","Factor7",0.151735335588455,"Protein"
"OID21505","Factor7",-0.0342678092420101,"Protein"
"OID20698","Factor7",-0.00906722992658615,"Protein"
"OID20271","Factor7",0.00754597317427397,"Protein"
"OID20717","Factor7",0.0347709022462368,"Protein"
"OID20050","Factor7",-0.0467930138111115,"Protein"
"OID20090","Factor7",-0.0591959953308105,"Protein"
"OID20627","Factor7",0.0608227886259556,"Protein"
"OID20908","Factor7",-0.0303994789719582,"Protein"
"OID20741","Factor7",-0.0832799524068832,"Protein"
"OID20519","Factor7",0.0592332668602467,"Protein"
"OID20138","Factor7",0.00947282928973436,"Protein"
"OID20095","Factor7",-0.0573199987411499,"Protein"
"OID20689","Factor7",0.0682807788252831,"Protein"
"OID20203","Factor7",-0.084179200232029,"Protein"
"OID20541","Factor7",-0.012954093515873,"Protein"
"OID20742","Factor7",0.044990886002779,"Protein"
"OID20554","Factor7",0.0779050588607788,"Protein"
"OID21319","Factor7",-0.0357808172702789,"Protein"
"OID20415","Factor7",-0.000120495373266749,"Protein"
"OID21521","Factor7",0.0243151392787695,"Protein"
"OID20925","Factor7",0.136112079024315,"Protein"
"OID21204","Factor7",0.0364353395998478,"Protein"
"OID20938","Factor7",-0.0113887023180723,"Protein"
"OID20577","Factor7",0.0536490194499493,"Protein"
"OID21029","Factor7",-0.179085001349449,"Protein"
"OID20364","Factor7",-0.0324178859591484,"Protein"
"OID21408","Factor7",0.0233227480202913,"Protein"
"OID20788","Factor7",-0.0134639572352171,"Protein"
"OID21469","Factor7",0.0626786947250366,"Protein"
"OID20899","Factor7",0.0323432572185993,"Protein"
"OID20952","Factor7",-0.0329738222062588,"Protein"
"OID21078","Factor7",0.156195297837257,"Protein"
"OID20187","Factor7",0.112303137779236,"Protein"
"OID20475","Factor7",0.00110250408761203,"Protein"
"OID20616","Factor7",0.00862969923764467,"Protein"
"OID21069","Factor7",0.141219481825829,"Protein"
"OID20772","Factor7",0.029004342854023,"Protein"
"OID20684","Factor7",-0.134677141904831,"Protein"
"OID20230","Factor7",-0.0106769567355514,"Protein"
"OID21451","Factor7",0.0700308755040169,"Protein"
"OID20916","Factor7",0.16268490254879,"Protein"
"OID21158","Factor7",0.0427019633352757,"Protein"
"OID20182","Factor7",0.115311674773693,"Protein"
"OID21307","Factor7",0.0907284766435623,"Protein"
"OID20412","Factor7",-0.0745254904031754,"Protein"
"OID21226","Factor7",-0.178752318024635,"Protein"
"OID21391","Factor7",0.134150043129921,"Protein"
"OID20615","Factor7",-0.0256753582507372,"Protein"
"OID21224","Factor7",-0.0281554590910673,"Protein"
"OID20158","Factor7",0.127926021814346,"Protein"
"OID20582","Factor7",0.0677198246121407,"Protein"
"OID20816","Factor7",0.0119139095768332,"Protein"
"OID20937","Factor7",-0.151589497923851,"Protein"
"OID21376","Factor7",0.0794385969638824,"Protein"
"OID20681","Factor7",0.0885905101895332,"Protein"
"OID20251","Factor7",-0.102135621011257,"Protein"
"OID21350","Factor7",-0.0335128381848335,"Protein"
"OID21263","Factor7",-0.0551812089979649,"Protein"
"OID21149","Factor7",0.0912919864058495,"Protein"
"OID20207","Factor7",0.0122566763311625,"Protein"
"OID21282","Factor7",-0.0986496284604073,"Protein"
"OID21269","Factor7",0.00667467294260859,"Protein"
"OID21309","Factor7",-0.144902542233467,"Protein"
"OID20959","Factor7",0.0117303337901831,"Protein"
"OID21508","Factor7",-0.0217674355953932,"Protein"
"OID21292","Factor7",-0.0447050891816616,"Protein"
"OID20697","Factor7",-0.293095320463181,"Protein"
"OID20588","Factor7",0.0396762117743492,"Protein"
"OID21422","Factor7",0.0352114737033844,"Protein"
"OID20910","Factor7",0.0465345904231071,"Protein"
"OID20175","Factor7",0.0734909847378731,"Protein"
"OID21383","Factor7",-0.0377738997340202,"Protein"
"OID21082","Factor7",-0.011146648786962,"Protein"
"OID20965","Factor7",0.0236598066985607,"Protein"
"OID20225","Factor7",0.0535376220941544,"Protein"
"OID20245","Factor7",0.0887370184063911,"Protein"
"OID21033","Factor7",0.0498532243072987,"Protein"
"OID20558","Factor7",0.0440436191856861,"Protein"
"OID20871","Factor7",0.0823519378900528,"Protein"
"OID21144","Factor7",-0.15418915450573,"Protein"
"OID20322","Factor7",-0.151869282126427,"Protein"
"OID21347","Factor7",0.123614057898521,"Protein"
"OID21296","Factor7",-0.147373035550117,"Protein"
"OID20971","Factor7",0.0446780622005463,"Protein"
"OID21294","Factor7",-0.091514877974987,"Protein"
"OID20737","Factor7",0.0101111028343439,"Protein"
"OID20847","Factor7",-0.102129980921745,"Protein"
"OID21003","Factor7",0.032170370221138,"Protein"
"OID20553","Factor7",0.142608642578125,"Protein"
"OID20977","Factor7",0.0598512887954712,"Protein"
"OID21154","Factor7",0.147122323513031,"Protein"
"OID21512","Factor7",-0.0262091048061848,"Protein"
"OID20704","Factor7",-0.167310893535614,"Protein"
"OID20644","Factor7",0.114309445023537,"Protein"
"OID20964","Factor7",-0.13346403837204,"Protein"
"OID20117","Factor7",0.0767089501023293,"Protein"
"OID21019","Factor7",-0.145384937524796,"Protein"
"OID20688","Factor7",0.109004393219948,"Protein"
"OID20700","Factor7",-0.10495250672102,"Protein"
"OID21287","Factor7",0.0679750964045525,"Protein"
"OID20548","Factor7",-0.0665242746472359,"Protein"
"OID21061","Factor7",-0.045133788138628,"Protein"
"OID20477","Factor7",-0.0041380263864994,"Protein"
"OID20787","Factor7",0.133487492799759,"Protein"
"OID20292","Factor7",0.0944494232535362,"Protein"
"OID20431","Factor7",-0.0211579222232103,"Protein"
"OID20714","Factor7",0.0106690339744091,"Protein"
"OID20110","Factor7",0.137997195124626,"Protein"
"OID20740","Factor7",-0.0580150596797466,"Protein"
"OID21123","Factor7",0.194563940167427,"Protein"
"OID20105","Factor7",-0.0299205742776394,"Protein"
"OID20326","Factor7",0.074065238237381,"Protein"
"OID21314","Factor7",0.011755270883441,"Protein"
"OID20795","Factor7",-0.156714349985123,"Protein"
"OID21320","Factor7",-0.00116917176637799,"Protein"
"OID20325","Factor7",-0.0414074063301086,"Protein"
"OID20511","Factor7",0.00126633595209569,"Protein"
"OID20903","Factor7",0.0827874019742012,"Protein"
"OID21511","Factor7",-0.0537667348980904,"Protein"
"OID21222","Factor7",0.00763481482863426,"Protein"
"OID20086","Factor7",0.0940378978848457,"Protein"
"OID20515","Factor7",0.00853327382355928,"Protein"
"OID20214","Factor7",-0.0874787569046021,"Protein"
"OID20305","Factor7",0.0359059870243073,"Protein"
"OID21356","Factor7",0.079801969230175,"Protein"
"OID20981","Factor7",-0.159537017345428,"Protein"
"OID21363","Factor7",0.0662050694227219,"Protein"
"OID21455","Factor7",0.0782295539975166,"Protein"
"OID20334","Factor7",0.149360820651054,"Protein"
"OID20139","Factor7",0.0250711757689714,"Protein"
"OID21156","Factor7",-0.119761250913143,"Protein"
"OID20227","Factor7",-0.171467557549477,"Protein"
"OID20814","Factor7",0.0173387750983238,"Protein"
"OID20745","Factor7",0.103731818497181,"Protein"
"OID20683","Factor7",0.0256422646343708,"Protein"
"OID21211","Factor7",-0.0291444193571806,"Protein"
"OID20723","Factor7",-0.101676739752293,"Protein"
"OID20900","Factor7",0.006814896594733,"Protein"
"OID21453","Factor7",-0.00486562494188547,"Protein"
"OID20177","Factor7",0.12331323325634,"Protein"
"OID20526","Factor7",0.00905328709632158,"Protein"
"OID20146","Factor7",0.0590936988592148,"Protein"
"OID21357","Factor7",-0.269564062356949,"Protein"
"OID20545","Factor7",0.0653146505355835,"Protein"
"OID20685","Factor7",0.0536599531769753,"Protein"
"OID20200","Factor7",0.189497336745262,"Protein"
"OID21467","Factor7",-0.0259315595030785,"Protein"
"OID21000","Factor7",0.104737654328346,"Protein"
"OID20244","Factor7",-0.0121343079954386,"Protein"
"OID20250","Factor7",-0.146564275026321,"Protein"
"OID20280","Factor7",-0.0217842925339937,"Protein"
"OID21450","Factor7",0.0668371021747589,"Protein"
"OID20409","Factor7",0.058662336319685,"Protein"
"OID21417","Factor7",-0.0180408470332623,"Protein"
"OID20943","Factor7",0.035796269774437,"Protein"
"OID20724","Factor7",0.0463479198515415,"Protein"
"OID20201","Factor7",-0.0904482379555702,"Protein"
"OID21205","Factor7",-0.0739636346697807,"Protein"
"OID20987","Factor7",-0.167641550302505,"Protein"
"OID20646","Factor7",0.0538668297231197,"Protein"
"OID21323","Factor7",0.0232727508991957,"Protein"
"OID20997","Factor7",-0.255814582109451,"Protein"
"OID21030","Factor7",-0.138128846883774,"Protein"
"OID21462","Factor7",0.132367864251137,"Protein"
"OID20483","Factor7",0.0103673180565238,"Protein"
"OID20149","Factor7",-0.0793743208050728,"Protein"
"OID21499","Factor7",0.171720072627068,"Protein"
"OID20682","Factor7",0.110836535692215,"Protein"
"OID20868","Factor7",0.142543867230415,"Protein"
"OID20574","Factor7",-0.06373031437397,"Protein"
"OID21151","Factor7",0.0638246536254883,"Protein"
"OID20472","Factor7",0.0126765482127666,"Protein"
"OID20675","Factor7",-0.133288398385048,"Protein"
"OID20436","Factor7",-0.270105451345444,"Protein"
"OID20184","Factor7",0.0247486103326082,"Protein"
"OID21060","Factor7",0.0703007355332375,"Protein"
"OID21367","Factor7",-0.01136364787817,"Protein"
"OID20178","Factor7",-0.441599726676941,"Protein"
"OID21375","Factor7",0.0636796057224274,"Protein"
"OID21430","Factor7",-0.264122575521469,"Protein"
"OID21312","Factor7",-0.182242035865784,"Protein"
"OID21380","Factor7",-0.0805187597870827,"Protein"
"OID20421","Factor7",0.0686773210763931,"Protein"
"OID21326","Factor7",0.0373361669480801,"Protein"
"OID20631","Factor7",-0.257182151079178,"Protein"
"OID20097","Factor7",0.039104551076889,"Protein"
"OID20758","Factor7",-0.132201090455055,"Protein"
"OID21482","Factor7",0.00813367590308189,"Protein"
"OID20371","Factor7",0.14314304292202,"Protein"
"OID21415","Factor7",-0.00706679653376341,"Protein"
"OID21527","Factor7",-0.0267861802130938,"Protein"
"OID20233","Factor7",0.112292163074017,"Protein"
"OID21016","Factor7",0.0905794277787209,"Protein"
"OID21284","Factor7",0.0459692068397999,"Protein"
"OID21143","Factor7",0.0640092417597771,"Protein"
"OID21022","Factor7",0.0784366503357887,"Protein"
"OID20865","Factor7",-0.0517207384109497,"Protein"
"OID21311","Factor7",0.218894198536873,"Protein"
"OID20342","Factor7",-0.141362562775612,"Protein"
"OID20309","Factor7",-0.0101355947554111,"Protein"
"OID20546","Factor7",-0.0364210791885853,"Protein"
"OID21099","Factor7",-0.00661228224635124,"Protein"
"OID20135","Factor7",0.0850817710161209,"Protein"
"OID21476","Factor7",0.0128904953598976,"Protein"
"OID20359","Factor7",-0.0617532469332218,"Protein"
"OID20601","Factor7",-0.212375476956367,"Protein"
"OID21104","Factor7",-0.0961204543709755,"Protein"
"OID20756","Factor7",-0.301030904054642,"Protein"
"OID21439","Factor7",0.0521788857877254,"Protein"
"OID21399","Factor7",0.129760697484016,"Protein"
"OID21043","Factor7",0.0306475572288036,"Protein"
"OID20609","Factor7",0.0840441361069679,"Protein"
"OID20289","Factor7",-0.0101241422817111,"Protein"
"OID21101","Factor7",0.157581999897957,"Protein"
"OID21014","Factor7",-0.236704900860786,"Protein"
"OID21249","Factor7",-0.0103558218106627,"Protein"
"OID21446","Factor7",0.131702125072479,"Protein"
"OID20970","Factor7",0.0710524246096611,"Protein"
"OID20956","Factor7",0.0189107563346624,"Protein"
"OID20635","Factor7",-0.0599588789045811,"Protein"
"OID20648","Factor7",0.0297654177993536,"Protein"
"OID20331","Factor7",-0.0521383099257946,"Protein"
"OID21437","Factor7",0.027189152315259,"Protein"
"OID21442","Factor7",0.0682442411780357,"Protein"
"OID21369","Factor7",0.226629391312599,"Protein"
"OID20576","Factor7",-0.0700163617730141,"Protein"
"OID20636","Factor7",0.10020238161087,"Protein"
"OID20162","Factor7",0.135512098670006,"Protein"
"OID21381","Factor7",-0.0764190033078194,"Protein"
"OID20153","Factor7",-0.258816599845886,"Protein"
"OID20732","Factor7",-0.185318559408188,"Protein"
"OID21024","Factor7",-0.141175717115402,"Protein"
"OID21434","Factor7",-0.0562248788774014,"Protein"
"OID20507","Factor7",0.148780629038811,"Protein"
"OID20137","Factor7",7.27894221199676e-05,"Protein"
"OID21042","Factor7",-0.101650156080723,"Protein"
"OID21516","Factor7",0.0395832881331444,"Protein"
"OID20299","Factor7",0.183889850974083,"Protein"
"OID21257","Factor7",0.0437548086047173,"Protein"
"OID21253","Factor7",0.0275111217051744,"Protein"
"OID20988","Factor7",-0.189367800951004,"Protein"
"OID21119","Factor7",-0.122357562184334,"Protein"
"OID21038","Factor7",0.0997310727834702,"Protein"
"OID21091","Factor7",0.104264624416828,"Protein"
"OID20597","Factor7",0.0782171413302422,"Protein"
"OID20179","Factor7",0.0758451372385025,"Protein"
"OID21168","Factor7",-0.00567030720412731,"Protein"
"OID21368","Factor7",-0.0319890975952148,"Protein"
"OID20738","Factor7",0.0715262144804001,"Protein"
"OID20122","Factor7",0.0785792022943497,"Protein"
"OID20703","Factor7",-0.0769635587930679,"Protein"
"OID21436","Factor7",0.0958351343870163,"Protein"
"OID21421","Factor7",-0.348925977945328,"Protein"
"OID20589","Factor7",-0.0670056790113449,"Protein"
"OID20927","Factor7",0.177152425050735,"Protein"
"OID21418","Factor7",-0.0703927576541901,"Protein"
"OID21013","Factor7",-0.185361266136169,"Protein"
"OID20904","Factor7",-0.351704329252243,"Protein"
"OID20568","Factor7",0.125642463564873,"Protein"
"OID20533","Factor7",-0.0999560207128525,"Protein"
"OID20254","Factor7",-0.231066778302193,"Protein"
"OID21403","Factor7",-0.103878848254681,"Protein"
"OID21012","Factor7",-0.0387605465948582,"Protein"
"OID21280","Factor7",0.00624523684382439,"Protein"
"OID21187","Factor7",-0.516317546367645,"Protein"
"OID21425","Factor7",-0.0139128342270851,"Protein"
"OID20078","Factor7",-0.0878548249602318,"Protein"
"OID20102","Factor7",0.0499531589448452,"Protein"
"OID21073","Factor7",0.0605649165809155,"Protein"
"OID21428","Factor7",-0.0271260663866997,"Protein"
"OID20687","Factor7",0.0133967306464911,"Protein"
"OID20883","Factor7",-0.414576560258865,"Protein"
"OID21242","Factor7",0.0494371801614761,"Protein"
"OID20583","Factor7",0.0721557512879372,"Protein"
"OID21361","Factor7",0.00817839615046978,"Protein"
"OID21365","Factor7",0.108369469642639,"Protein"
"OID21419","Factor7",0.196538865566254,"Protein"
"OID21498","Factor7",-0.0120832184329629,"Protein"
"OID20995","Factor7",0.105034157633781,"Protein"
"OID21094","Factor7",0.136405140161514,"Protein"
"OID20715","Factor7",0.086280845105648,"Protein"
"OID20718","Factor7",-0.112276911735535,"Protein"
"OID20960","Factor7",-0.122912645339966,"Protein"
"OID20866","Factor7",-0.0381831675767899,"Protein"
"OID20986","Factor7",0.0799854099750519,"Protein"
"OID20152","Factor7",0.00550023699179292,"Protein"
"OID20395","Factor7",-0.0537348911166191,"Protein"
"OID21285","Factor7",-0.00124206952750683,"Protein"
"OID20313","Factor7",-0.0727327615022659,"Protein"
"OID20509","Factor7",0.0676412135362625,"Protein"
"OID21255","Factor7",0.0166887883096933,"Protein"
"OID20141","Factor7",0.111588828265667,"Protein"
"OID20942","Factor7",0.0963639467954636,"Protein"
"OID21466","Factor7",-0.136315584182739,"Protein"
"OID20215","Factor7",0.148958221077919,"Protein"
"OID20923","Factor7",0.228039771318436,"Protein"
"OID20752","Factor7",0.0261371619999409,"Protein"
"OID20990","Factor7",-0.0914248004555702,"Protein"
"OID21004","Factor7",-0.231660649180412,"Protein"
"OID20103","Factor7",0.100891448557377,"Protein"
"OID20784","Factor7",0.100139163434505,"Protein"
"OID20156","Factor7",-0.0783479511737823,"Protein"
"OID20221","Factor7",-0.165747940540314,"Protein"
"OID21410","Factor7",-0.254566699266434,"Protein"
"OID21225","Factor7",0.0154570238664746,"Protein"
"OID21385","Factor7",0.0991196632385254,"Protein"
"OID21155","Factor7",-0.0179225988686085,"Protein"
"OID20610","Factor7",-0.139087289571762,"Protein"
"OID20935","Factor7",0.0276569612324238,"Protein"
"OID21327","Factor7",0.0915507078170776,"Protein"
"OID20748","Factor7",0.164111167192459,"Protein"
"OID20708","Factor7",0.108787588775158,"Protein"
"OID20567","Factor7",0.015246843919158,"Protein"
"OID20647","Factor7",0.224932819604874,"Protein"
"OID20968","Factor7",-0.0545257590711117,"Protein"
"OID20383","Factor7",0.138257384300232,"Protein"
"OID21036","Factor7",0.0450852625072002,"Protein"
"OID20978","Factor7",0.144220918416977,"Protein"
"OID20327","Factor7",-0.0238791648298502,"Protein"
"OID20958","Factor7",0.034359522163868,"Protein"
"OID20252","Factor7",-0.075461357831955,"Protein"
"OID20642","Factor7",0.0355741120874882,"Protein"
"OID20205","Factor7",0.0897844731807709,"Protein"
"OID21248","Factor7",-0.0266401674598455,"Protein"
"OID21150","Factor7",-0.0510222874581814,"Protein"
"OID21111","Factor7",-0.191686898469925,"Protein"
"OID21121","Factor7",-0.0565002337098122,"Protein"
"OID20295","Factor7",0.234608307480812,"Protein"
"OID21281","Factor7",0.0249139294028282,"Protein"
"OID20650","Factor7",-0.11482260376215,"Protein"
"OID20895","Factor7",0.151195153594017,"Protein"
"OID20459","Factor7",0.110493041574955,"Protein"
"OID21457","Factor7",-0.053160734474659,"Protein"
"OID20485","Factor7",0.0237093083560467,"Protein"
"OID20786","Factor7",-0.026324326172471,"Protein"
"OID20859","Factor7",0.0858649164438248,"Protein"
"OID20298","Factor7",-0.0931498184800148,"Protein"
"OID21142","Factor7",0.00444436771795154,"Protein"
"OID20744","Factor7",0.087914377450943,"Protein"
"OID20400","Factor7",0.101093448698521,"Protein"
"OID20344","Factor7",0.0347270742058754,"Protein"
"OID20107","Factor7",0.0450649634003639,"Protein"
"OID20762","Factor7",-0.0518277511000633,"Protein"
"OID21128","Factor7",0.0776443332433701,"Protein"
"OID21313","Factor7",-0.133653536438942,"Protein"
"OID20985","Factor7",0.125710368156433,"Protein"
"OID21021","Factor7",0.0478835850954056,"Protein"
"OID21513","Factor7",0.128526270389557,"Protein"
"OID21486","Factor7",0.108253665268421,"Protein"
"OID20992","Factor7",-0.0308127924799919,"Protein"
"OID20508","Factor7",0.0913973599672318,"Protein"
"OID20276","Factor7",-0.0424116663634777,"Protein"
"OID20975","Factor7",0.123329229652882,"Protein"
"OID21125","Factor7",-0.0129729332402349,"Protein"
"OID21448","Factor7",-0.0940644592046738,"Protein"
"OID21477","Factor7",0.0357113443315029,"Protein"
"OID21372","Factor7",0.132978439331055,"Protein"
"OID20759","Factor7",-0.00221187248826027,"Protein"
"OID21066","Factor7",-0.151643648743629,"Protein"
"OID20536","Factor7",-0.188393503427505,"Protein"
"OID21198","Factor7",-0.0866954773664474,"Protein"
"OID21427","Factor7",0.0713019222021103,"Protein"
"OID21075","Factor7",-0.0409348867833614,"Protein"
"OID20886","Factor7",0.0914939716458321,"Protein"
"OID20674","Factor7",0.0386693216860294,"Protein"
"OID21034","Factor7",-0.172717228531837,"Protein"
"OID20749","Factor7",0.0653835237026215,"Protein"
"OID21328","Factor7",0.0901408642530441,"Protein"
"OID20722","Factor7",0.113399796187878,"Protein"
"OID20617","Factor7",-0.208673417568207,"Protein"
"OID21463","Factor7",-0.0199453644454479,"Protein"
"OID20226","Factor7",-0.117020443081856,"Protein"
"OID20561","Factor7",0.0640994608402252,"Protein"
"OID21141","Factor7",0.0927620902657509,"Protein"
"OID20474","Factor7",0.0225013066083193,"Protein"
"OID20999","Factor7",0.0429783277213573,"Protein"
"OID21304","Factor7",0.0714598521590233,"Protein"
"OID20552","Factor7",0.0815285667777061,"Protein"
"OID20961","Factor7",-0.231884494423866,"Protein"
"OID20197","Factor7",0.0207702573388815,"Protein"
"OID21481","Factor7",-0.387107968330383,"Protein"
"OID21431","Factor7",-0.15276475250721,"Protein"
"OID20408","Factor7",0.196833044290543,"Protein"
"OID20478","Factor7",-0.0596459917724133,"Protein"
"OID20782","Factor7",-0.0218212995678186,"Protein"
"OID20392","Factor7",0.0947882756590843,"Protein"
"OID20368","Factor7",0.129903122782707,"Protein"
"OID20425","Factor7",0.0037025660276413,"Protein"
"OID20522","Factor7",-0.0155523223802447,"Protein"
"OID21112","Factor7",-0.272694528102875,"Protein"
"OID21522","Factor7",0.0573922097682953,"Protein"
"OID20286","Factor7",-0.0228414982557297,"Protein"
"OID20293","Factor7",0.0941938981413841,"Protein"
"OID20966","Factor7",-0.0896180123090744,"Protein"
"OID20308","Factor7",0.0628908723592758,"Protein"
"OID20743","Factor7",0.0462340004742146,"Protein"
"OID21259","Factor7",-0.0691970363259315,"Protein"
"OID20496","Factor7",-0.020462304353714,"Protein"
"OID20839","Factor7",0.157761439681053,"Protein"
"OID21040","Factor7",-0.0261039305478334,"Protein"
"OID21244","Factor7",0.0258950926363468,"Protein"
"OID20641","Factor7",0.0781512632966042,"Protein"
"OID20783","Factor7",0.0588291436433792,"Protein"
"OID21445","Factor7",0.108880199491978,"Protein"
"OID20955","Factor7",0.058199230581522,"Protein"
"OID21310","Factor7",-0.0625945255160332,"Protein"
"OID20996","Factor7",0.0727869644761086,"Protein"
"OID20543","Factor7",-0.18523758649826,"Protein"
"OID20669","Factor7",-0.0624837130308151,"Protein"
"OID20587","Factor7",0.145757451653481,"Protein"
"OID20379","Factor7",0.0214907564222813,"Protein"
"OID20217","Factor7",-0.199417412281036,"Protein"
"OID20505","Factor7",-0.0474076792597771,"Protein"
"OID20085","Factor7",-0.0615737549960613,"Protein"
"OID20973","Factor7",0.0878884792327881,"Protein"
"OID20979","Factor7",-0.249348744750023,"Protein"
"OID20666","Factor7",0.0774056613445282,"Protein"
"OID20570","Factor7",-0.293019831180573,"Protein"
"OID21041","Factor7",-0.0890365466475487,"Protein"
"OID21501","Factor7",0.101707600057125,"Protein"
"OID20963","Factor7",-0.103466369211674,"Protein"
"OID21342","Factor7",0.0305811669677496,"Protein"
"OID20144","Factor7",0.146287754178047,"Protein"
"OID20887","Factor7",-0.00539705995470285,"Protein"
"OID21454","Factor7",0.0895439088344574,"Protein"
"OID20854","Factor7",-0.0228166691958904,"Protein"
"OID21087","Factor7",0.131707936525345,"Protein"
"OID20294","Factor7",0.0450710728764534,"Protein"
"OID20398","Factor7",0.205968350172043,"Protein"
"OID21444","Factor7",-0.0879012569785118,"Protein"
"OID20630","Factor7",-0.175472885370255,"Protein"
"OID20247","Factor7",-0.196104362607002,"Protein"
"OID20378","Factor7",-0.222311362624168,"Protein"
"OID21295","Factor7",0.0518574863672256,"Protein"
"OID21193","Factor7",-0.177753150463104,"Protein"
"OID20912","Factor7",0.156420066952705,"Protein"
"OID21026","Factor7",-0.159141376614571,"Protein"
"OID20620","Factor7",-0.0513238124549389,"Protein"
"OID21179","Factor7",0.073089025914669,"Protein"
"OID20510","Factor7",0.0562984459102154,"Protein"
"OID20653","Factor7",0.0570634827017784,"Protein"
"OID20980","Factor7",0.0406254716217518,"Protein"
"OID20655","Factor7",-0.072510614991188,"Protein"
"OID20623","Factor7",-0.137371137738228,"Protein"
"OID20572","Factor7",0.00557792978361249,"Protein"
"OID20413","Factor7",0.167234197258949,"Protein"
"OID20686","Factor7",-0.0295699499547482,"Protein"
"OID21133","Factor7",-0.0652111694216728,"Protein"
"OID20695","Factor7",-0.0972079038619995,"Protein"
"OID21246","Factor7",0.169936835765839,"Protein"
"OID21215","Factor7",0.0562527626752853,"Protein"
"OID21129","Factor7",0.0404277294874191,"Protein"
"OID21324","Factor7",-0.120972909033298,"Protein"
"OID20234","Factor7",-0.2577223777771,"Protein"
"OID20324","Factor7",0.164796650409698,"Protein"
"OID21086","Factor7",0.0635979548096657,"Protein"
"OID21015","Factor7",0.0556992702186108,"Protein"
"OID20870","Factor7",0.00888185855001211,"Protein"
"OID20355","Factor7",-0.364398539066315,"Protein"
"OID21068","Factor7",0.0883949249982834,"Protein"
"OID20691","Factor7",0.0766600221395493,"Protein"
"OID21050","Factor7",0.12910184264183,"Protein"
"OID20622","Factor7",-0.173337623476982,"Protein"
"OID20962","Factor7",-0.0213483925908804,"Protein"
"OID20604","Factor7",-0.17500764131546,"Protein"
"OID20404","Factor7",0.157402083277702,"Protein"
"OID20223","Factor7",0.0361993834376335,"Protein"
"OID20534","Factor7",-0.162894427776337,"Protein"
"OID20106","Factor7",-0.0474426001310349,"Protein"
"OID20222","Factor7",0.0253823138773441,"Protein"
"OID20259","Factor7",0.163454338908195,"Protein"
"OID20766","Factor7",-0.0132985226809978,"Protein"
"OID20216","Factor7",-0.0583878196775913,"Protein"
"OID20339","Factor7",0.07233677059412,"Protein"
"OID20232","Factor7",0.091203510761261,"Protein"
"OID20739","Factor7",0.0303423348814249,"Protein"
"OID20328","Factor7",-0.00767350848764181,"Protein"
"OID20768","Factor7",-0.0236014593392611,"Protein"
"OID20195","Factor7",0.0526317320764065,"Protein"
"OID20445","Factor7",-0.0339943803846836,"Protein"
"OID20108","Factor7",-0.152851462364197,"Protein"
"OID20500","Factor7",-0.126364856958389,"Protein"
"OID21145","Factor7",-0.0409535020589828,"Protein"
"OID21216","Factor7",-0.0473832488059998,"Protein"
"OID20731","Factor7",0.0507013499736786,"Protein"
"OID20658","Factor7",-0.0631268694996834,"Protein"
"OID20967","Factor7",-0.178545773029327,"Protein"
"OID21235","Factor7",-0.0506798401474953,"Protein"
"OID21103","Factor7",-0.0548212639987469,"Protein"
"OID21005","Factor7",0.037916723638773,"Protein"
"OID21397","Factor7",-0.0488362684845924,"Protein"
"OID20151","Factor7",0.074342206120491,"Protein"
"OID21490","Factor7",0.10639701038599,"Protein"
"OID20832","Factor7",0.0306153185665607,"Protein"
"OID21493","Factor7",0.101098693907261,"Protein"
"OID21037","Factor7",-0.0187221355736256,"Protein"
"OID21229","Factor7",0.0543125346302986,"Protein"
"OID20926","Factor7",0.0827372372150421,"Protein"
"OID21247","Factor7",0.0230903960764408,"Protein"
"OID21083","Factor7",0.0609085522592068,"Protein"
"OID20753","Factor7",0.126118659973145,"Protein"
"OID20338","Factor7",0.0858217179775238,"Protein"
"OID21192","Factor7",0.00817008130252361,"Protein"
"OID21160","Factor7",0.076891727745533,"Protein"
"OID21218","Factor7",-0.214272692799568,"Protein"
"OID20375","Factor7",0.0433402769267559,"Protein"
"OID20079","Factor7",0.0382376909255981,"Protein"
"OID21053","Factor7",0.0729878321290016,"Protein"
"OID20919","Factor7",-0.00504522770643234,"Protein"
"OID20171","Factor7",-0.106137007474899,"Protein"
"OID20693","Factor7",-0.201187148690224,"Protein"
"OID20600","Factor7",-0.0248328167945147,"Protein"
"OID20484","Factor7",0.0223110932856798,"Protein"
"OID21058","Factor7",0.119472920894623,"Protein"
"OID20638","Factor7",-0.159133359789848,"Protein"
"OID21132","Factor7",-0.11118683218956,"Protein"
"OID20823","Factor7",-0.0605344101786613,"Protein"
"OID20917","Factor7",-0.033385306596756,"Protein"
"OID20780","Factor7",-0.25959238409996,"Protein"
"OID21384","Factor7",0.210117056965828,"Protein"
"OID21441","Factor7",-0.166428208351135,"Protein"
"OID20751","Factor7",-0.0417042225599289,"Protein"
"OID21064","Factor7",0.137879177927971,"Protein"
"OID21110","Factor7",0.125882521271706,"Protein"
"OID20827","Factor7",-0.036850068718195,"Protein"
"OID21185","Factor7",-0.0489839687943459,"Protein"
"OID20091","Factor7",0.0128360828384757,"Protein"
"OID20867","Factor7",0.0680640786886215,"Protein"
"OID20677","Factor7",0.172146543860435,"Protein"
"OID20934","Factor7",0.0421786084771156,"Protein"
"OID21271","Factor7",0.0380345620214939,"Protein"
"OID20126","Factor7",0.101469859480858,"Protein"
"OID21414","Factor7",0.044405110180378,"Protein"
"OID20333","Factor7",-0.0461177565157413,"Protein"
"OID20386","Factor7",0.0605826154351234,"Protein"
"OID20418","Factor7",-0.179479047656059,"Protein"
"OID20872","Factor7",0.0775210186839104,"Protein"
"OID20261","Factor7",-0.0649648606777191,"Protein"
"OID21227","Factor7",-0.0695061162114143,"Protein"
"OID21010","Factor7",-0.051134567707777,"Protein"
"OID20165","Factor7",-0.0648862719535828,"Protein"
"OID20660","Factor7",-0.029654772952199,"Protein"
"OID20512","Factor7",0.0730558857321739,"Protein"
"OID20467","Factor7",-0.0699588805437088,"Protein"
"OID20455","Factor7",-0.0335686095058918,"Protein"
"OID20735","Factor7",-0.147068172693253,"Protein"
"OID21001","Factor7",0.19064798951149,"Protein"
"OID21137","Factor7",-0.0826272070407867,"Protein"
"OID20727","Factor7",-0.0535453446209431,"Protein"
"OID21432","Factor7",-0.0146640622988343,"Protein"
"OID20278","Factor7",0.134229198098183,"Protein"
"OID20167","Factor7",0.0770910307765007,"Protein"
"OID20188","Factor7",0.186167314648628,"Protein"
"OID21480","Factor7",0.0527761653065681,"Protein"
"OID20340","Factor7",-0.057700052857399,"Protein"
"OID20922","Factor7",0.0485855415463448,"Protein"
"OID21219","Factor7",0.0313060693442822,"Protein"
"OID20228","Factor7",-0.263062804937363,"Protein"
"OID20771","Factor7",-0.0053256400860846,"Protein"
"OID20664","Factor7",-0.0091024674475193,"Protein"
"OID20930","Factor7",0.0760499089956284,"Protein"
"OID20237","Factor7",-0.109699197113514,"Protein"
"OID20770","Factor7",-0.064629890024662,"Protein"
"OID21275","Factor7",0.0913579910993576,"Protein"
"OID20240","Factor7",-0.153921827673912,"Protein"
"OID21317","Factor7",0.0233058892190456,"Protein"
"OID20721","Factor7",0.0325113497674465,"Protein"
"OID21008","Factor7",0.0917538926005363,"Protein"
"OID21201","Factor7",0.0691525489091873,"Protein"
"OID21220","Factor7",-0.0403095930814743,"Protein"
"OID20730","Factor7",0.078518345952034,"Protein"
"OID21114","Factor7",-0.117374412715435,"Protein"
"OID20709","Factor7",0.0359383560717106,"Protein"
"OID20272","Factor7",-0.041778776794672,"Protein"
"OID20429","Factor7",-0.154190897941589,"Protein"
"OID21283","Factor7",-0.200019657611847,"Protein"
"OID21355","Factor7",0.0275522451847792,"Protein"
"OID21519","Factor7",0.0266424026340246,"Protein"
"OID20096","Factor7",-0.08930554240942,"Protein"
"OID20940","Factor7",-0.112167969346046,"Protein"
"OID20764","Factor7",-0.0654609501361847,"Protein"
"OID20812","Factor7",-0.0421714335680008,"Protein"
"OID20673","Factor7",0.101627506315708,"Protein"
"OID21175","Factor7",0.0757515653967857,"Protein"
"OID21291","Factor7",0.205279171466827,"Protein"
"OID20183","Factor7",0.071849063038826,"Protein"
"OID20113","Factor7",-0.174996271729469,"Protein"
"OID21288","Factor7",0.0544936917722225,"Protein"
"OID21470","Factor7",0.0135619780048728,"Protein"
"OID20893","Factor7",-0.029868558049202,"Protein"
"OID20191","Factor7",0.0998666733503342,"Protein"
"OID20494","Factor7",-0.0667964220046997,"Protein"
"OID20053","Factor7",-0.0461442023515701,"Protein"
"OID21002","Factor7",0.0569606944918633,"Protein"
"OID20129","Factor7",0.0503808706998825,"Protein"
"OID20087","Factor7",0.0212037116289139,"Protein"
"OID20953","Factor7",-0.203342080116272,"Protein"
"OID20667","Factor7",0.099804662168026,"Protein"
"OID20913","Factor7",0.0048532229848206,"Protein"
"OID21465","Factor7",-0.0875724405050278,"Protein"
"OID20605","Factor7",-0.0223698019981384,"Protein"
"OID20725","Factor7",-0.072571687400341,"Protein"
"OID20405","Factor7",0.175567090511322,"Protein"
"OID20061","Factor7",0.000836588267702609,"Protein"
"OID21018","Factor7",-0.0160993486642838,"Protein"
"OID20297","Factor7",0.0277550425380468,"Protein"
"OID21206","Factor7",0.0278780050575733,"Protein"
"OID20239","Factor7",0.316049486398697,"Protein"
"OID21398","Factor7",-0.0196384210139513,"Protein"
"OID21321","Factor7",0.174874201416969,"Protein"
"OID20456","Factor7",-0.0323696658015251,"Protein"
"OID20976","Factor7",-0.0183627996593714,"Protein"
"OID21209","Factor7",0.00181773910298944,"Protein"
"OID20824","Factor7",-0.132231146097183,"Protein"
"OID20275","Factor7",0.112458914518356,"Protein"
"OID21494","Factor7",-0.251773029565811,"Protein"
"OID21299","Factor7",-0.0640037283301353,"Protein"
"OID20590","Factor7",-0.0865780562162399,"Protein"
"OID20384","Factor7",0.148798376321793,"Protein"
"OID21049","Factor7",-0.388309836387634,"Protein"
"OID20174","Factor7",0.0932933017611504,"Protein"
"OID21067","Factor7",0.0221803933382034,"Protein"
"OID20489","Factor7",-0.295379281044006,"Protein"
"OID21243","Factor7",-0.052934005856514,"Protein"
"OID21077","Factor7",0.0699763149023056,"Protein"
"OID21270","Factor7",0.0838173553347588,"Protein"
"OID21337","Factor7",-0.168565109372139,"Protein"
"OID20196","Factor7",0.181353762745857,"Protein"
"OID20121","Factor7",-0.0645948797464371,"Protein"
"OID21262","Factor7",0.127072840929031,"Protein"
"OID20537","Factor7",-0.146227434277534,"Protein"
"OID20296","Factor7",-0.0255873184651136,"Protein"
"OID21509","Factor7",-0.0233842339366674,"Protein"
"OID20921","Factor7",0.119241632521152,"Protein"
"OID21406","Factor7",0.128435641527176,"Protein"
"OID21084","Factor7",-0.433979272842407,"Protein"
"OID20951","Factor7",0.123582661151886,"Protein"
"OID20491","Factor7",-0.120871640741825,"Protein"
"OID20777","Factor7",0.0849968269467354,"Protein"
"OID21472","Factor7",0.0850086212158203,"Protein"
"OID20304","Factor7",0.0715653523802757,"Protein"
"OID21011","Factor7",-0.278950959444046,"Protein"
"OID20488","Factor7",0.0130015881732106,"Protein"
"OID20155","Factor7",-0.0188576132059097,"Protein"
"OID21171","Factor7",-0.147193133831024,"Protein"
"OID20176","Factor7",-0.0709152221679688,"Protein"
"OID20540","Factor7",-0.0637569427490234,"Protein"
"OID21059","Factor7",-0.0946397036314011,"Protein"
"OID21401","Factor7",0.178398296236992,"Protein"
"OID20972","Factor7",-0.128903403878212,"Protein"
"OID21162","Factor7",0.0547977946698666,"Protein"
"OID21063","Factor7",-0.0075733968988061,"Protein"
"OID21435","Factor7",-0.0533582419157028,"Protein"
"OID21316","Factor7",-0.078265093266964,"Protein"
"OID21336","Factor7",0.0942974239587784,"Protein"
"OID21471","Factor7",-0.0863383412361145,"Protein"
"OID20427","Factor7",0.0429083220660686,"Protein"
"OID20750","Factor7",-0.289907723665237,"Protein"
"OID20763","Factor7",0.040386613458395,"Protein"
"OID21331","Factor7",-0.077953040599823,"Protein"
"OID20424","Factor7",-0.288457304239273,"Protein"
"OID21046","Factor7",-0.0268667172640562,"Protein"
"OID21352","Factor7",0.148267477750778,"Protein"
"OID20792","Factor7",-0.0315310880541801,"Protein"
"OID21027","Factor7",-0.051372867077589,"Protein"
"OID20822","Factor7",-0.129153177142143,"Protein"
"OID20680","Factor7",0.0651400238275528,"Protein"
"OID20329","Factor7",-0.189703375101089,"Protein"
"OID21170","Factor7",0.0351920202374458,"Protein"
"OID20585","Factor7",-0.0917819812893867,"Protein"
"OID20114","Factor7",0.0516602732241154,"Protein"
"OID20557","Factor7",-0.223465293645859,"Protein"
"OID20864","Factor7",-0.0518560670316219,"Protein"
"OID20077","Factor7",0.070995531976223,"Protein"
"OID21315","Factor7",-0.114903666079044,"Protein"
"OID20382","Factor7",-0.0330322161316872,"Protein"
"OID20633","Factor7",-0.059601616114378,"Protein"
"OID21238","Factor7",0.0310105532407761,"Protein"
"OID20932","Factor7",-0.103767648339272,"Protein"
"OID20694","Factor7",-0.079660452902317,"Protein"
"OID20264","Factor7",-0.0200144685804844,"Protein"
"OID21524","Factor7",-0.08024612814188,"Protein"
"OID21447","Factor7",-0.196199312806129,"Protein"
"OID21138","Factor7",-0.158414363861084,"Protein"
"OID21172","Factor7",-0.121197998523712,"Protein"
"OID21389","Factor7",-0.00428340118378401,"Protein"
"OID21115","Factor7",-0.0186666212975979,"Protein"
"OID20211","Factor7",-0.135890498757362,"Protein"
"OID20279","Factor7",0.281956195831299,"Protein"
"OID20569","Factor7",0.10697939991951,"Protein"
"OID20142","Factor7",-0.0627870261669159,"Protein"
"OID20613","Factor7",-0.00548691675066948,"Protein"
"OID20710","Factor7",0.0820240005850792,"Protein"
"OID20807","Factor7",0.0651935338973999,"Protein"
"OID20713","Factor7",0.117217399179935,"Protein"
"OID20148","Factor7",-0.447083085775375,"Protein"
"OID20632","Factor7",0.00916131585836411,"Protein"
"OID21438","Factor7",0.0212146956473589,"Protein"
"OID21440","Factor7",-0.203159242868423,"Protein"
"OID20549","Factor7",0.1164520829916,"Protein"
"OID20115","Factor7",0.0457527041435242,"Protein"
"OID21241","Factor7",-0.00284362980164587,"Protein"
"OID21529","Factor7",0.00143813772592694,"Protein"
"OID21374","Factor7",-0.126947373151779,"Protein"
"OID20154","Factor7",-0.0328887291252613,"Protein"
"OID20480","Factor7",0.0590200684964657,"Protein"
"OID20767","Factor7",-0.0802207738161087,"Protein"
"OID21135","Factor7",-0.196869969367981,"Protein"
"OID20320","Factor7",0.0560109168291092,"Protein"
"OID20242","Factor7",-0.0465851910412312,"Protein"
"OID20602","Factor7",-0.240330740809441,"Protein"
"OID20282","Factor7",-0.0163984317332506,"Protein"
"OID21189","Factor7",-0.0410564355552197,"Protein"
"OID20652","Factor7",-0.175309434533119,"Protein"
"OID20454","Factor7",-0.00440782401710749,"Protein"
"OID20302","Factor7",-0.319888681173325,"Protein"
"OID20676","Factor7",-0.0848452672362328,"Protein"
"OID21079","Factor7",0.152173236012459,"Protein"
"OID20828","Factor7",-0.0827478393912315,"Protein"
"OID21423","Factor7",-0.30327245593071,"Protein"
"OID20535","Factor7",-0.103326261043549,"Protein"
"OID21344","Factor7",0.0899821892380714,"Protein"
"OID20451","Factor7",0.043785210698843,"Protein"
"OID21278","Factor7",-0.0786076933145523,"Protein"
"OID20070","Factor7",-0.0799258798360825,"Protein"
"OID20529","Factor7",0.0523365214467049,"Protein"
"OID20314","Factor7",-0.242907002568245,"Protein"
"OID21346","Factor7",-0.0230493675917387,"Protein"
"OID20476","Factor7",-0.0167770255357027,"Protein"
"OID20765","Factor7",0.042988121509552,"Protein"
"OID20915","Factor7",0.0390821918845177,"Protein"
"OID20538","Factor7",0.033503782004118,"Protein"
"OID21360","Factor7",-0.132538333535194,"Protein"
"OID20562","Factor7",-0.172266721725464,"Protein"
"OID21405","Factor7",0.08417809009552,"Protein"
"OID20774","Factor7",-0.0707947164773941,"Protein"
"OID20661","Factor7",0.00297082308679819,"Protein"
"OID20639","Factor7",-0.122320987284184,"Protein"
"OID20267","Factor7",-0.0882318913936615,"Protein"
"OID20936","Factor7",0.0821413844823837,"Protein"
"OID21433","Factor7",0.0714628174901009,"Protein"
"OID20804","Factor7",0.0284807868301868,"Protein"
"OID21152","Factor7",-0.0566836073994637,"Protein"
"OID20084","Factor7",-0.0296477414667606,"Protein"
"OID20881","Factor7",0.10653530806303,"Protein"
"OID20612","Factor7",-0.000442625663708895,"Protein"
"OID21460","Factor7",0.270781755447388,"Protein"
"OID20316","Factor7",0.0637565106153488,"Protein"
"OID20373","Factor7",0.00102542107924819,"Protein"
"OID21174","Factor7",-0.177958369255066,"Protein"
"OID20140","Factor7",0.0144804967567325,"Protein"
"OID20781","Factor7",-0.209033519029617,"Protein"
"OID20811","Factor7",0.00780870299786329,"Protein"
"OID20497","Factor7",-0.0680136829614639,"Protein"
"OID21407","Factor7",-0.0602182224392891,"Protein"
"OID20547","Factor7",0.2652627825737,"Protein"
"OID20857","Factor7",-0.0501253306865692,"Protein"
"OID20401","Factor7",0.0451341196894646,"Protein"
"OID21517","Factor7",0.288931339979172,"Protein"
"OID20530","Factor7",-0.0522560141980648,"Protein"
"OID21236","Factor7",0.0140683548524976,"Protein"
"OID21412","Factor7",0.131128013134003,"Protein"
"OID20391","Factor7",0.0490419156849384,"Protein"
"OID20458","Factor7",-0.00131761736702174,"Protein"
"OID21404","Factor7",0.0539663098752499,"Protein"
"OID21394","Factor7",0.015494336374104,"Protein"
"OID21514","Factor7",-0.355380564928055,"Protein"
"OID20662","Factor7",0.0256479419767857,"Protein"
"OID21286","Factor7",0.0217582080513239,"Protein"
"OID20884","Factor7",-0.129324376583099,"Protein"
"OID21456","Factor7",-0.0407397486269474,"Protein"
"OID21196","Factor7",0.0414768941700459,"Protein"
"OID20599","Factor7",-0.465022295713425,"Protein"
"OID21134","Factor7",-0.0687599033117294,"Protein"
"OID20690","Factor7",-0.0600735545158386,"Protein"
"OID20720","Factor7",0.0376619771122932,"Protein"
"OID20581","Factor7",0.0771710798144341,"Protein"
"OID20848","Factor7",-0.0788538828492165,"Protein"
"OID21339","Factor7",0.0672606825828552,"Protein"
"OID20394","Factor7",0.0574899278581142,"Protein"
"OID20888","Factor7",0.0242511481046677,"Protein"
"OID20290","Factor7",-0.0767836198210716,"Protein"
"OID20362","Factor7",-0.248696058988571,"Protein"
"OID21055","Factor7",-0.0702978074550629,"Protein"
"OID20071","Factor7",-0.00412873877212405,"Protein"
"OID20941","Factor7",-0.109499976038933,"Protein"
"OID21468","Factor7",-0.06426752358675,"Protein"
"OID20878","Factor7",-0.00454716989770532,"Protein"
"OID20834","Factor7",-0.14207860827446,"Protein"
"OID20414","Factor7",0.015833580866456,"Protein"
"OID21359","Factor7",-0.109916284680367,"Protein"
"OID20702","Factor7",-0.326687842607498,"Protein"
"OID21161","Factor7",0.088777631521225,"Protein"
"OID20168","Factor7",0.117182910442352,"Protein"
"OID21301","Factor7",-0.0378237403929234,"Protein"
"OID20556","Factor7",0.131313905119896,"Protein"
"OID21231","Factor7",-0.0236891377717257,"Protein"
"OID20525","Factor7",0.199744358658791,"Protein"
"OID20806","Factor7",-0.0684405267238617,"Protein"
"OID20502","Factor7",-0.0570060797035694,"Protein"
"OID20332","Factor7",0.0659942254424095,"Protein"
"OID20668","Factor7",0.0230658464133739,"Protein"
"OID20208","Factor7",-0.0324905328452587,"Protein"
"OID20265","Factor7",0.070610910654068,"Protein"
"OID21400","Factor7",0.089218482375145,"Protein"
"OID21518","Factor7",0.0626050382852554,"Protein"
"OID20348","Factor7",-0.0627352520823479,"Protein"
"OID20447","Factor7",0.168384730815887,"Protein"
"OID20566","Factor7",0.0870841816067696,"Protein"
"OID21318","Factor7",0.143498077988625,"Protein"
"OID20352","Factor7",-0.249581307172775,"Protein"
"OID20442","Factor7",-0.0834731459617615,"Protein"
"OID21458","Factor7",0.235504612326622,"Protein"
"OID20473","Factor7",-0.072618693113327,"Protein"
"OID21147","Factor7",0.0173313524574041,"Protein"
"OID20855","Factor7",-0.062607616186142,"Protein"
"OID21122","Factor7",0.0988029465079308,"Protein"
"OID21023","Factor7",-0.00843243300914764,"Protein"
"OID20493","Factor7",-0.0666350945830345,"Protein"
"OID20852","Factor7",-0.208557322621346,"Protein"
"OID21429","Factor7",-0.35492417216301,"Protein"
"OID21102","Factor7",0.0516604520380497,"Protein"
"OID20629","Factor7",0.141000375151634,"Protein"
"OID21070","Factor7",-0.0771704316139221,"Protein"
"OID20281","Factor7",-0.0832802802324295,"Protein"
"OID20651","Factor7",0.130696922540665,"Protein"
"OID21228","Factor7",0.0438414625823498,"Protein"
"OID20393","Factor7",0.154065534472466,"Protein"
"OID20624","Factor7",0.0665835663676262,"Protein"
"OID21090","Factor7",0.0266914572566748,"Protein"
"OID21096","Factor7",0.221838027238846,"Protein"
"OID21194","Factor7",0.0280680637806654,"Protein"
"OID20410","Factor7",-0.0555321425199509,"Protein"
"OID21525","Factor7",0.0435686074197292,"Protein"
"OID20229","Factor7",-0.016950337216258,"Protein"
"OID20185","Factor7",0.0548799820244312,"Protein"
"OID20131","Factor7",-0.00454664183780551,"Protein"
"OID20719","Factor7",-0.206239476799965,"Protein"
"OID20974","Factor7",0.105227254331112,"Protein"
"OID20170","Factor7",-0.284453004598618,"Protein"
"OID20231","Factor7",0.0172970183193684,"Protein"
"OID20897","Factor7",-0.00132931629195809,"Protein"
"OID21526","Factor7",0.203925773501396,"Protein"
"OID20416","Factor7",-0.18629102408886,"Protein"
"OID20654","Factor7",-0.189690694212914,"Protein"
"OID20236","Factor7",0.0680104494094849,"Protein"
"OID21165","Factor7",-0.281518548727036,"Protein"
"OID21424","Factor7",0.0719109103083611,"Protein"
"OID21308","Factor7",0.142081871628761,"Protein"
"OID20388","Factor7",-0.0540670342743397,"Protein"
"OID20994","Factor7",0.185954973101616,"Protein"
"OID20747","Factor7",-0.186168625950813,"Protein"
"OID20346","Factor7",0.127538204193115,"Protein"
"OID21362","Factor7",0.0452979691326618,"Protein"
"OID21345","Factor7",0.00520136579871178,"Protein"
"OID20621","Factor7",-0.0480243414640427,"Protein"
"OID20076","Factor7",0.104258343577385,"Protein"
"OID21303","Factor7",-0.131325781345367,"Protein"
"OID20835","Factor7",0.0282012093812227,"Protein"
"OID20948","Factor7",-0.297827512025833,"Protein"
"OID20565","Factor7",0.152785286307335,"Protein"
"OID20397","Factor7",0.0941658839583397,"Protein"
"OID20235","Factor7",-0.260986417531967,"Protein"
"OID20255","Factor7",0.13213038444519,"Protein"
"OID20367","Factor7",-0.152307271957397,"Protein"
"OID20982","Factor7",0.144396528601646,"Protein"
"OID20611","Factor7",0.290083825588226,"Protein"
"OID20706","Factor7",-0.0618402063846588,"Protein"
"OID20773","Factor7",-0.23040659725666,"Protein"
"OID20270","Factor7",0.0774017795920372,"Protein"
"OID20199","Factor7",-0.028830835595727,"Protein"
"OID20377","Factor7",0.063614547252655,"Protein"
"OID20555","Factor7",0.00721732014790177,"Protein"
"OID21240","Factor7",0.0471178367733955,"Protein"
"OID21130","Factor7",0.135289072990417,"Protein"
"OID21028","Factor7",-0.218365803360939,"Protein"
"OID20531","Factor7",0.0406191237270832,"Protein"
"OID20130","Factor7",-0.170199990272522,"Protein"
"OID20133","Factor7",-0.0924254953861237,"Protein"
"OID20481","Factor7",0.0360173173248768,"Protein"
"OID20238","Factor7",0.168651923537254,"Protein"
"OID20358","Factor7",-0.133758187294006,"Protein"
"OID21322","Factor7",-0.166396498680115,"Protein"
"OID20194","Factor7",-0.153454944491386,"Protein"
"OID20353","Factor7",0.0560345053672791,"Protein"
"OID20145","Factor7",0.0323877222836018,"Protein"
"OID20132","Factor7",-0.100675649940968,"Protein"
"OID21353","Factor7",0.0790809616446495,"Protein"
"OID21230","Factor7",0.0816481411457062,"Protein"
"OID20513","Factor7",0.0403897911310196,"Protein"
"OID20082","Factor7",-0.162042826414108,"Protein"
"OID21136","Factor7",0.22885400056839,"Protein"
"OID20380","Factor7",0.1231579631567,"Protein"
"OID20914","Factor7",0.0654909387230873,"Protein"
"OID20204","Factor7",-0.152063518762589,"Protein"
"OID20637","Factor7",-0.0540488064289093,"Protein"
"OID20464","Factor7",-0.15372821688652,"Protein"
"OID20957","Factor7",0.00518355751410127,"Protein"
"OID21052","Factor7",0.150813594460487,"Protein"
"OID20213","Factor7",-0.0895325317978859,"Protein"
"OID21366","Factor7",0.072378009557724,"Protein"
"OID20733","Factor7",0.037765096873045,"Protein"
"OID21252","Factor7",-0.0205910336226225,"Protein"
"OID20755","Factor7",-0.0576545111835003,"Protein"
"OID20360","Factor7",0.0662976950407028,"Protein"
"OID20172","Factor7",-0.158996447920799,"Protein"
"OID21474","Factor7",-0.0623706504702568,"Protein"
"OID20337","Factor7",-0.123575024306774,"Protein"
"OID20487","Factor7",0.0188763048499823,"Protein"
"OID20374","Factor7",0.166179060935974,"Protein"
"OID20754","Factor7",0.390877068042755,"Protein"
"OID20575","Factor7",0.0975473299622536,"Protein"
"OID20909","Factor7",0.100832380354404,"Protein"
"OID20626","Factor7",0.101721055805683,"Protein"
"OID20396","Factor7",-0.160214692354202,"Protein"
"OID20462","Factor7",0.0839128047227859,"Protein"
"OID20775","Factor8",-0.0413481816649437,"Protein"
"OID20984","Factor8",-0.0450887642800808,"Protein"
"OID20083","Factor8",-0.0490629300475121,"Protein"
"OID21402","Factor8",0.0501644350588322,"Protein"
"OID20911","Factor8",-0.0466183386743069,"Protein"
"OID20850","Factor8",0.0335763171315193,"Protein"
"OID20101","Factor8",-0.0422916300594807,"Protein"
"OID21140","Factor8",0.0282913632690907,"Protein"
"OID20563","Factor8",-0.0468042567372322,"Protein"
"OID20125","Factor8",0.116960473358631,"Protein"
"OID21485","Factor8",-0.0866799131035805,"Protein"
"OID21276","Factor8",-0.0519520118832588,"Protein"
"OID20594","Factor8",0.0456378683447838,"Protein"
"OID20779","Factor8",0.0164191816002131,"Protein"
"OID20983","Factor8",-0.130811750888824,"Protein"
"OID20643","Factor8",0.0113244587555528,"Protein"
"OID20049","Factor8",0.109448537230492,"Protein"
"OID20312","Factor8",0.106561131775379,"Protein"
"OID20246","Factor8",0.0964194238185883,"Protein"
"OID20495","Factor8",-0.0086851641535759,"Protein"
"OID21031","Factor8",-0.0436101369559765,"Protein"
"OID20778","Factor8",-0.496631383895874,"Protein"
"OID20127","Factor8",0.0337581411004066,"Protein"
"OID20274","Factor8",-0.00284972321242094,"Protein"
"OID21373","Factor8",0.125009313225746,"Protein"
"OID20559","Factor8",0.0434501729905605,"Protein"
"OID20218","Factor8",0.0213834811002016,"Protein"
"OID20263","Factor8",0.0199645962566137,"Protein"
"OID21489","Factor8",-0.0315248481929302,"Protein"
"OID20219","Factor8",-0.0592607073485851,"Protein"
"OID20192","Factor8",0.0452972501516342,"Protein"
"OID20896","Factor8",-0.0880610048770905,"Protein"
"OID20399","Factor8",0.0625291392207146,"Protein"
"OID21297","Factor8",-0.0132862813770771,"Protein"
"OID21348","Factor8",-0.0233449153602123,"Protein"
"OID20593","Factor8",-0.0243361052125692,"Protein"
"OID21395","Factor8",-0.697726726531982,"Protein"
"OID21507","Factor8",-0.0130895366892219,"Protein"
"OID20729","Factor8",0.0589206963777542,"Protein"
"OID20220","Factor8",-0.0564066730439663,"Protein"
"OID21411","Factor8",0.0212162230163813,"Protein"
"OID21387","Factor8",0.0912952274084091,"Protein"
"OID20266","Factor8",0.0744296908378601,"Protein"
"OID21461","Factor8",-0.088680274784565,"Protein"
"OID21475","Factor8",0.0316366218030453,"Protein"
"OID20671","Factor8",-0.0630201324820518,"Protein"
"OID20950","Factor8",-0.0117044914513826,"Protein"
"OID20206","Factor8",0.0286972392350435,"Protein"
"OID21250","Factor8",-0.447691679000854,"Protein"
"OID20579","Factor8",-0.0841646194458008,"Protein"
"OID20761","Factor8",0.0361958853900433,"Protein"
"OID20711","Factor8",-0.0152583494782448,"Protein"
"OID20707","Factor8",0.00963333249092102,"Protein"
"OID20760","Factor8",-0.0255939569324255,"Protein"
"OID20672","Factor8",-0.0207250732928514,"Protein"
"OID21277","Factor8",0.101321637630463,"Protein"
"OID20169","Factor8",-0.154075279831886,"Protein"
"OID20524","Factor8",0.0519049912691116,"Protein"
"OID20523","Factor8",-0.00943098310381174,"Protein"
"OID20544","Factor8",0.0334037467837334,"Protein"
"OID21047","Factor8",-0.105584174394608,"Protein"
"OID20258","Factor8",0.0549770444631577,"Protein"
"OID20112","Factor8",0.047861959785223,"Protein"
"OID20993","Factor8",0.0764923691749573,"Protein"
"OID20656","Factor8",-0.0682917311787605,"Protein"
"OID20863","Factor8",0.0635251179337502,"Protein"
"OID20640","Factor8",0.0128234811127186,"Protein"
"OID20596","Factor8",-0.0632905960083008,"Protein"
"OID20625","Factor8",-0.024720661342144,"Protein"
"OID21097","Factor8",6.44152441964252e-06,"Protein"
"OID20166","Factor8",-0.762143492698669,"Protein"
"OID21306","Factor8",0.0282061342149973,"Protein"
"OID21176","Factor8",0.0533992610871792,"Protein"
"OID21118","Factor8",0.0429494976997375,"Protein"
"OID21332","Factor8",0.0298445094376802,"Protein"
"OID20551","Factor8",0.00714039290323853,"Protein"
"OID20856","Factor8",0.00860742200165987,"Protein"
"OID20918","Factor8",0.0403997749090195,"Protein"
"OID21420","Factor8",0.0331319011747837,"Protein"
"OID20875","Factor8",-0.0200279001146555,"Protein"
"OID21378","Factor8",-0.105367667973042,"Protein"
"OID21506","Factor8",0.0643376484513283,"Protein"
"OID21459","Factor8",0.21232345700264,"Protein"
"OID20075","Factor8",-0.612079620361328,"Protein"
"OID21505","Factor8",0.073501855134964,"Protein"
"OID20698","Factor8",0.0122178215533495,"Protein"
"OID20271","Factor8",0.158008500933647,"Protein"
"OID20717","Factor8",0.0204910282045603,"Protein"
"OID20050","Factor8",0.0100469710305333,"Protein"
"OID20090","Factor8",0.0328599885106087,"Protein"
"OID20627","Factor8",0.0612502917647362,"Protein"
"OID20908","Factor8",0.00198158714920282,"Protein"
"OID20741","Factor8",-0.0136352786794305,"Protein"
"OID20519","Factor8",-0.158649057149887,"Protein"
"OID20138","Factor8",0.0604137666523457,"Protein"
"OID20095","Factor8",0.0703315883874893,"Protein"
"OID20689","Factor8",-0.365116804838181,"Protein"
"OID20203","Factor8",0.0324798040091991,"Protein"
"OID20541","Factor8",0.127840593457222,"Protein"
"OID20742","Factor8",0.105251468718052,"Protein"
"OID20554","Factor8",0.0680850595235825,"Protein"
"OID21319","Factor8",0.0488632246851921,"Protein"
"OID20415","Factor8",0.100417070090771,"Protein"
"OID21521","Factor8",0.0351356565952301,"Protein"
"OID20925","Factor8",-0.0301269982010126,"Protein"
"OID21204","Factor8",0.00853468384593725,"Protein"
"OID20938","Factor8",0.0684806406497955,"Protein"
"OID20577","Factor8",0.0866259336471558,"Protein"
"OID21029","Factor8",-0.452066868543625,"Protein"
"OID20364","Factor8",-0.0505486615002155,"Protein"
"OID21408","Factor8",0.0911442264914513,"Protein"
"OID20788","Factor8",0.00838368944823742,"Protein"
"OID21469","Factor8",0.0957589820027351,"Protein"
"OID20899","Factor8",0.097969152033329,"Protein"
"OID20952","Factor8",-0.0343232713639736,"Protein"
"OID21078","Factor8",0.191703155636787,"Protein"
"OID20187","Factor8",-0.0121425734832883,"Protein"
"OID20475","Factor8",0.0154135674238205,"Protein"
"OID20616","Factor8",0.00720826396718621,"Protein"
"OID21069","Factor8",-0.0101404106244445,"Protein"
"OID20772","Factor8",0.134164705872536,"Protein"
"OID20684","Factor8",-0.00293922098353505,"Protein"
"OID20230","Factor8",0.0467022620141506,"Protein"
"OID21451","Factor8",0.164456382393837,"Protein"
"OID20916","Factor8",0.0716012045741081,"Protein"
"OID21158","Factor8",0.111890882253647,"Protein"
"OID20182","Factor8",-0.0732538253068924,"Protein"
"OID21307","Factor8",-0.479958146810532,"Protein"
"OID20412","Factor8",-0.0291781406849623,"Protein"
"OID21226","Factor8",0.0559618771076202,"Protein"
"OID21391","Factor8",0.226038351655006,"Protein"
"OID20615","Factor8",-0.030481293797493,"Protein"
"OID21224","Factor8",0.0106594795361161,"Protein"
"OID20158","Factor8",0.158306404948235,"Protein"
"OID20582","Factor8",0.0331709496676922,"Protein"
"OID20816","Factor8",0.0823775380849838,"Protein"
"OID20937","Factor8",-0.0416576974093914,"Protein"
"OID21376","Factor8",-0.0172435734421015,"Protein"
"OID20681","Factor8",0.108042851090431,"Protein"
"OID20251","Factor8",-0.050728227943182,"Protein"
"OID21350","Factor8",-0.0201429724693298,"Protein"
"OID21263","Factor8",0.0315363705158234,"Protein"
"OID21149","Factor8",0.227173089981079,"Protein"
"OID20207","Factor8",0.0299687944352627,"Protein"
"OID21282","Factor8",-0.332306355237961,"Protein"
"OID21269","Factor8",-0.627494871616364,"Protein"
"OID21309","Factor8",-0.433625251054764,"Protein"
"OID20959","Factor8",-0.0337671153247356,"Protein"
"OID21508","Factor8",-0.174601018428802,"Protein"
"OID21292","Factor8",0.00168587733060122,"Protein"
"OID20697","Factor8",-0.0604197308421135,"Protein"
"OID20588","Factor8",-0.152010291814804,"Protein"
"OID21422","Factor8",-0.0742154642939568,"Protein"
"OID20910","Factor8",-0.0798777192831039,"Protein"
"OID20175","Factor8",0.152921617031097,"Protein"
"OID21383","Factor8",-0.0889349430799484,"Protein"
"OID21082","Factor8",-0.0531143434345722,"Protein"
"OID20965","Factor8",-0.113460667431355,"Protein"
"OID20225","Factor8",0.028617862612009,"Protein"
"OID20245","Factor8",0.0363348163664341,"Protein"
"OID21033","Factor8",-0.103901758790016,"Protein"
"OID20558","Factor8",0.0308540444821119,"Protein"
"OID20871","Factor8",0.12981778383255,"Protein"
"OID21144","Factor8",0.0107812508940697,"Protein"
"OID20322","Factor8",-0.0170729588717222,"Protein"
"OID21347","Factor8",0.26157009601593,"Protein"
"OID21296","Factor8",-0.487270265817642,"Protein"
"OID20971","Factor8",0.0480036772787571,"Protein"
"OID21294","Factor8",0.08699981123209,"Protein"
"OID20737","Factor8",0.0385032035410404,"Protein"
"OID20847","Factor8",-0.584361970424652,"Protein"
"OID21003","Factor8",0.233444422483444,"Protein"
"OID20553","Factor8",0.175756588578224,"Protein"
"OID20977","Factor8",0.0123598510399461,"Protein"
"OID21154","Factor8",0.0820146724581718,"Protein"
"OID21512","Factor8",-0.123038090765476,"Protein"
"OID20704","Factor8",-0.0226381961256266,"Protein"
"OID20644","Factor8",0.0168622992932796,"Protein"
"OID20964","Factor8",-0.0486341379582882,"Protein"
"OID20117","Factor8",-0.776646852493286,"Protein"
"OID21019","Factor8",0.0357995815575123,"Protein"
"OID20688","Factor8",0.0992270261049271,"Protein"
"OID20700","Factor8",-0.0514342673122883,"Protein"
"OID21287","Factor8",-0.35537451505661,"Protein"
"OID20548","Factor8",0.0119762951508164,"Protein"
"OID21061","Factor8",0.0342885702848434,"Protein"
"OID20477","Factor8",0.163701176643372,"Protein"
"OID20787","Factor8",0.052386537194252,"Protein"
"OID20292","Factor8",0.0924231857061386,"Protein"
"OID20431","Factor8",-0.0207008793950081,"Protein"
"OID20714","Factor8",-0.602633893489838,"Protein"
"OID20110","Factor8",0.0967258214950562,"Protein"
"OID20740","Factor8",0.00955498404800892,"Protein"
"OID21123","Factor8",0.152093082666397,"Protein"
"OID20105","Factor8",-0.393579840660095,"Protein"
"OID20326","Factor8",0.190559402108192,"Protein"
"OID21314","Factor8",0.0476562604308128,"Protein"
"OID20795","Factor8",-0.0466761514544487,"Protein"
"OID21320","Factor8",-0.0163392499089241,"Protein"
"OID20325","Factor8",0.076748251914978,"Protein"
"OID20511","Factor8",0.062377005815506,"Protein"
"OID20903","Factor8",0.125934153795242,"Protein"
"OID21511","Factor8",-0.0512988269329071,"Protein"
"OID21222","Factor8",0.0768389627337456,"Protein"
"OID20086","Factor8",-0.086467906832695,"Protein"
"OID20515","Factor8",0.0632306784391403,"Protein"
"OID20214","Factor8",0.0265662539750338,"Protein"
"OID20305","Factor8",0.079695887863636,"Protein"
"OID21356","Factor8",0.102348744869232,"Protein"
"OID20981","Factor8",-0.0317424088716507,"Protein"
"OID21363","Factor8",0.187649860978127,"Protein"
"OID21455","Factor8",0.0424238629639149,"Protein"
"OID20334","Factor8",0.0402712896466255,"Protein"
"OID20139","Factor8",-0.764868974685669,"Protein"
"OID21156","Factor8",-0.110253408551216,"Protein"
"OID20227","Factor8",-0.648357272148132,"Protein"
"OID20814","Factor8",0.0211407598108053,"Protein"
"OID20745","Factor8",0.0245658792555332,"Protein"
"OID20683","Factor8",0.0481465607881546,"Protein"
"OID21211","Factor8",0.0759040266275406,"Protein"
"OID20723","Factor8",0.102600209414959,"Protein"
"OID20900","Factor8",-0.0599764585494995,"Protein"
"OID21453","Factor8",-0.639619052410126,"Protein"
"OID20177","Factor8",0.165707319974899,"Protein"
"OID20526","Factor8",0.00301563343964517,"Protein"
"OID20146","Factor8",0.0719733014702797,"Protein"
"OID21357","Factor8",-0.0696163401007652,"Protein"
"OID20545","Factor8",0.054788202047348,"Protein"
"OID20685","Factor8",0.0595066994428635,"Protein"
"OID20200","Factor8",-0.0672130137681961,"Protein"
"OID21467","Factor8",0.102895550429821,"Protein"
"OID21000","Factor8",0.176660105586052,"Protein"
"OID20244","Factor8",-0.564993679523468,"Protein"
"OID20250","Factor8",-0.0923017486929893,"Protein"
"OID20280","Factor8",-0.0853127688169479,"Protein"
"OID21450","Factor8",0.071012407541275,"Protein"
"OID20409","Factor8",0.186936378479004,"Protein"
"OID21417","Factor8",-0.035821694880724,"Protein"
"OID20943","Factor8",0.0384843610227108,"Protein"
"OID20724","Factor8",-1.98392735910602e-05,"Protein"
"OID20201","Factor8",-0.015798119828105,"Protein"
"OID21205","Factor8",0.0247033406049013,"Protein"
"OID20987","Factor8",-0.112964510917664,"Protein"
"OID20646","Factor8",0.0127169312909245,"Protein"
"OID21323","Factor8",0.0359348803758621,"Protein"
"OID20997","Factor8",-0.0743241757154465,"Protein"
"OID21030","Factor8",-0.036845937371254,"Protein"
"OID21462","Factor8",0.123690165579319,"Protein"
"OID20483","Factor8",-0.195327281951904,"Protein"
"OID20149","Factor8",-0.0509289540350437,"Protein"
"OID21499","Factor8",0.112495362758636,"Protein"
"OID20682","Factor8",0.125911310315132,"Protein"
"OID20868","Factor8",-0.17835108935833,"Protein"
"OID20574","Factor8",0.060321532189846,"Protein"
"OID21151","Factor8",-0.0375179499387741,"Protein"
"OID20472","Factor8",-0.00177955511026084,"Protein"
"OID20675","Factor8",-0.0120891341939569,"Protein"
"OID20436","Factor8",-0.295276135206223,"Protein"
"OID20184","Factor8",-0.025868883356452,"Protein"
"OID21060","Factor8",-0.127081796526909,"Protein"
"OID21367","Factor8",-0.0670562088489532,"Protein"
"OID20178","Factor8",-0.20315383374691,"Protein"
"OID21375","Factor8",0.0679675340652466,"Protein"
"OID21430","Factor8",-0.0604843497276306,"Protein"
"OID21312","Factor8",-0.232858791947365,"Protein"
"OID21380","Factor8",-0.0870410427451134,"Protein"
"OID20421","Factor8",-0.0115186041221023,"Protein"
"OID21326","Factor8",0.0348354317247868,"Protein"
"OID20631","Factor8",-0.0773316770792007,"Protein"
"OID20097","Factor8",0.0321397595107555,"Protein"
"OID20758","Factor8",0.0351240783929825,"Protein"
"OID21482","Factor8",0.015398264862597,"Protein"
"OID20371","Factor8",0.0968601927161217,"Protein"
"OID21415","Factor8",0.125011041760445,"Protein"
"OID21527","Factor8",0.107997126877308,"Protein"
"OID20233","Factor8",0.0864191502332687,"Protein"
"OID21016","Factor8",0.181350842118263,"Protein"
"OID21284","Factor8",-0.136578038334846,"Protein"
"OID21143","Factor8",-0.0406430996954441,"Protein"
"OID21022","Factor8",0.218310937285423,"Protein"
"OID20865","Factor8",-0.062404178082943,"Protein"
"OID21311","Factor8",0.310055404901505,"Protein"
"OID20342","Factor8",-0.127726837992668,"Protein"
"OID20309","Factor8",-0.00402475520968437,"Protein"
"OID20546","Factor8",-0.00404317723587155,"Protein"
"OID21099","Factor8",0.0402606576681137,"Protein"
"OID20135","Factor8",0.13792060315609,"Protein"
"OID21476","Factor8",0.0788058191537857,"Protein"
"OID20359","Factor8",0.148081287741661,"Protein"
"OID20601","Factor8",0.00127614836674184,"Protein"
"OID21104","Factor8",-0.100375615060329,"Protein"
"OID20756","Factor8",-0.0640236362814903,"Protein"
"OID21439","Factor8",0.0884556397795677,"Protein"
"OID21399","Factor8",0.176031187176704,"Protein"
"OID21043","Factor8",0.0589881241321564,"Protein"
"OID20609","Factor8",0.12242516875267,"Protein"
"OID20289","Factor8",-0.0678078830242157,"Protein"
"OID21101","Factor8",0.112458132207394,"Protein"
"OID21014","Factor8",-0.0143570154905319,"Protein"
"OID21249","Factor8",0.0549146384000778,"Protein"
"OID21446","Factor8",0.145451962947845,"Protein"
"OID20970","Factor8",0.0699067413806915,"Protein"
"OID20956","Factor8",0.0294187944382429,"Protein"
"OID20635","Factor8",0.0930366218090057,"Protein"
"OID20648","Factor8",0.0808582827448845,"Protein"
"OID20331","Factor8",-0.0122974207624793,"Protein"
"OID21437","Factor8",-0.00368410209193826,"Protein"
"OID21442","Factor8",0.0506312102079391,"Protein"
"OID21369","Factor8",-0.525703012943268,"Protein"
"OID20576","Factor8",-0.241546481847763,"Protein"
"OID20636","Factor8",0.060052178800106,"Protein"
"OID20162","Factor8",0.228777796030045,"Protein"
"OID21381","Factor8",-0.0143453329801559,"Protein"
"OID20153","Factor8",-0.0771077200770378,"Protein"
"OID20732","Factor8",-0.0234100893139839,"Protein"
"OID21024","Factor8",0.0141368648037314,"Protein"
"OID21434","Factor8",-0.158380270004272,"Protein"
"OID20507","Factor8",0.109102830290794,"Protein"
"OID20137","Factor8",-0.729636311531067,"Protein"
"OID21042","Factor8",-0.0393543355166912,"Protein"
"OID21516","Factor8",0.0302829965949059,"Protein"
"OID20299","Factor8",0.141019269824028,"Protein"
"OID21257","Factor8",0.00509169464930892,"Protein"
"OID21253","Factor8",0.0740400031208992,"Protein"
"OID20988","Factor8",-0.130764245986938,"Protein"
"OID21119","Factor8",-0.0324129350483418,"Protein"
"OID21038","Factor8",0.0648392736911774,"Protein"
"OID21091","Factor8",0.0530356280505657,"Protein"
"OID20597","Factor8",0.0307519678026438,"Protein"
"OID20179","Factor8",0.0214389115571976,"Protein"
"OID21168","Factor8",-0.0571533441543579,"Protein"
"OID21368","Factor8",-0.109885342419147,"Protein"
"OID20738","Factor8",0.109196618199348,"Protein"
"OID20122","Factor8",0.204132974147797,"Protein"
"OID20703","Factor8",0.000588165828958154,"Protein"
"OID21436","Factor8",0.240240663290024,"Protein"
"OID21421","Factor8",-0.145787209272385,"Protein"
"OID20589","Factor8",-0.00822057109326124,"Protein"
"OID20927","Factor8",0.188887849450111,"Protein"
"OID21418","Factor8",0.0188678372651339,"Protein"
"OID21013","Factor8",-0.00542792491614819,"Protein"
"OID20904","Factor8",-0.208345636725426,"Protein"
"OID20568","Factor8",0.0410734750330448,"Protein"
"OID20533","Factor8",-0.0449623428285122,"Protein"
"OID20254","Factor8",-0.00596058182418346,"Protein"
"OID21403","Factor8",-0.11296072602272,"Protein"
"OID21012","Factor8",0.0550652742385864,"Protein"
"OID21280","Factor8",0.0477574542164803,"Protein"
"OID21187","Factor8",-0.255316585302353,"Protein"
"OID21425","Factor8",-0.760218441486359,"Protein"
"OID20078","Factor8",0.0729832053184509,"Protein"
"OID20102","Factor8",0.0917933434247971,"Protein"
"OID21073","Factor8",0.104623734951019,"Protein"
"OID21428","Factor8",0.0626527741551399,"Protein"
"OID20687","Factor8",-0.0404938608407974,"Protein"
"OID20883","Factor8",-0.0609574913978577,"Protein"
"OID21242","Factor8",-0.695866703987122,"Protein"
"OID20583","Factor8",0.0984007343649864,"Protein"
"OID21361","Factor8",-0.165892571210861,"Protein"
"OID21365","Factor8",-0.0399350114166737,"Protein"
"OID21419","Factor8",0.110718369483948,"Protein"
"OID21498","Factor8",-0.500857889652252,"Protein"
"OID20995","Factor8",0.0109854144975543,"Protein"
"OID21094","Factor8",0.10263305157423,"Protein"
"OID20715","Factor8",0.0554231032729149,"Protein"
"OID20718","Factor8",-0.101030811667442,"Protein"
"OID20960","Factor8",-0.11280869692564,"Protein"
"OID20866","Factor8",-0.040110319852829,"Protein"
"OID20986","Factor8",-0.398510187864304,"Protein"
"OID20152","Factor8",0.0568201988935471,"Protein"
"OID20395","Factor8",-0.0734160020947456,"Protein"
"OID21285","Factor8",0.0280076302587986,"Protein"
"OID20313","Factor8",-0.00630665151402354,"Protein"
"OID20509","Factor8",0.108326382935047,"Protein"
"OID21255","Factor8",0.0302161052823067,"Protein"
"OID20141","Factor8",0.180354937911034,"Protein"
"OID20942","Factor8",0.110526487231255,"Protein"
"OID21466","Factor8",0.0478945039212704,"Protein"
"OID20215","Factor8",-0.583387553691864,"Protein"
"OID20923","Factor8",0.214761763811111,"Protein"
"OID20752","Factor8",-0.161404252052307,"Protein"
"OID20990","Factor8",-0.113703668117523,"Protein"
"OID21004","Factor8",-0.0126980366185308,"Protein"
"OID20103","Factor8",0.0266855917870998,"Protein"
"OID20784","Factor8",0.0652412548661232,"Protein"
"OID20156","Factor8",0.0442329868674278,"Protein"
"OID20221","Factor8",-0.0461376272141933,"Protein"
"OID21410","Factor8",-0.249975457787514,"Protein"
"OID21225","Factor8",0.0760284066200256,"Protein"
"OID21385","Factor8",0.178681164979935,"Protein"
"OID21155","Factor8",0.0182660948485136,"Protein"
"OID20610","Factor8",-0.118352852761745,"Protein"
"OID20935","Factor8",0.0238074045628309,"Protein"
"OID21327","Factor8",-0.0859228894114494,"Protein"
"OID20748","Factor8",-0.219749167561531,"Protein"
"OID20708","Factor8",0.147662669420242,"Protein"
"OID20567","Factor8",0.0307200122624636,"Protein"
"OID20647","Factor8",0.0596612468361855,"Protein"
"OID20968","Factor8",-0.0195544194430113,"Protein"
"OID20383","Factor8",0.0764907747507095,"Protein"
"OID21036","Factor8",0.0850571542978287,"Protein"
"OID20978","Factor8",-0.177066549658775,"Protein"
"OID20327","Factor8",0.0561442077159882,"Protein"
"OID20958","Factor8",0.131294444203377,"Protein"
"OID20252","Factor8",-0.067959725856781,"Protein"
"OID20642","Factor8",0.0953892767429352,"Protein"
"OID20205","Factor8",0.103273749351501,"Protein"
"OID21248","Factor8",0.145323097705841,"Protein"
"OID21150","Factor8",-0.0979993268847466,"Protein"
"OID21111","Factor8",-0.0139648215845227,"Protein"
"OID21121","Factor8",-0.0963500961661339,"Protein"
"OID20295","Factor8",0.0488129146397114,"Protein"
"OID21281","Factor8",0.0489910542964935,"Protein"
"OID20650","Factor8",0.0163224451243877,"Protein"
"OID20895","Factor8",0.211161926388741,"Protein"
"OID20459","Factor8",-0.57740592956543,"Protein"
"OID21457","Factor8",-0.131177917122841,"Protein"
"OID20485","Factor8",0.108231082558632,"Protein"
"OID20786","Factor8",-0.00538414623588324,"Protein"
"OID20859","Factor8",0.20390684902668,"Protein"
"OID20298","Factor8",-0.150039240717888,"Protein"
"OID21142","Factor8",0.0727204903960228,"Protein"
"OID20744","Factor8",0.153496757149696,"Protein"
"OID20400","Factor8",0.0949859544634819,"Protein"
"OID20344","Factor8",0.0592683143913746,"Protein"
"OID20107","Factor8",0.160696029663086,"Protein"
"OID20762","Factor8",0.0155492927879095,"Protein"
"OID21128","Factor8",-0.494548916816711,"Protein"
"OID21313","Factor8",0.036219161003828,"Protein"
"OID20985","Factor8",0.0915304645895958,"Protein"
"OID21021","Factor8",0.140712723135948,"Protein"
"OID21513","Factor8",-0.0782525837421417,"Protein"
"OID21486","Factor8",0.0995134711265564,"Protein"
"OID20992","Factor8",-0.0270862430334091,"Protein"
"OID20508","Factor8",-0.702633082866669,"Protein"
"OID20276","Factor8",-0.0869510471820831,"Protein"
"OID20975","Factor8",-0.478388458490372,"Protein"
"OID21125","Factor8",0.0432617254555225,"Protein"
"OID21448","Factor8",0.055219292640686,"Protein"
"OID21477","Factor8",0.0435952879488468,"Protein"
"OID21372","Factor8",-0.00491832802072167,"Protein"
"OID20759","Factor8",0.080857016146183,"Protein"
"OID21066","Factor8",0.0185789279639721,"Protein"
"OID20536","Factor8",0.0460364632308483,"Protein"
"OID21198","Factor8",-0.121762782335281,"Protein"
"OID21427","Factor8",0.0682477653026581,"Protein"
"OID21075","Factor8",-0.467081069946289,"Protein"
"OID20886","Factor8",-0.0157643221318722,"Protein"
"OID20674","Factor8",-0.0314030237495899,"Protein"
"OID21034","Factor8",-0.0596869252622128,"Protein"
"OID20749","Factor8",-0.0706842020153999,"Protein"
"OID21328","Factor8",0.0780569016933441,"Protein"
"OID20722","Factor8",-0.201063111424446,"Protein"
"OID20617","Factor8",-0.0674684643745422,"Protein"
"OID21463","Factor8",-0.0277524366974831,"Protein"
"OID20226","Factor8",-0.017095061019063,"Protein"
"OID20561","Factor8",-0.179978922009468,"Protein"
"OID21141","Factor8",0.21144600212574,"Protein"
"OID20474","Factor8",0.0916472375392914,"Protein"
"OID20999","Factor8",0.0452738031744957,"Protein"
"OID21304","Factor8",0.185951620340347,"Protein"
"OID20552","Factor8",0.0746230706572533,"Protein"
"OID20961","Factor8",-0.161290794610977,"Protein"
"OID20197","Factor8",0.10446098446846,"Protein"
"OID21481","Factor8",-0.156399875879288,"Protein"
"OID21431","Factor8",0.00840965937823057,"Protein"
"OID20408","Factor8",0.0996714383363724,"Protein"
"OID20478","Factor8",0.0464636497199535,"Protein"
"OID20782","Factor8",-0.00331551372073591,"Protein"
"OID20392","Factor8",0.116989448666573,"Protein"
"OID20368","Factor8",-0.0409837141633034,"Protein"
"OID20425","Factor8",0.0489067323505878,"Protein"
"OID20522","Factor8",-0.0967962592840195,"Protein"
"OID21112","Factor8",-0.15958859026432,"Protein"
"OID21522","Factor8",0.0149588501080871,"Protein"
"OID20286","Factor8",0.0370200723409653,"Protein"
"OID20293","Factor8",0.0510489419102669,"Protein"
"OID20966","Factor8",-0.0302500799298286,"Protein"
"OID20308","Factor8",0.0450853928923607,"Protein"
"OID20743","Factor8",-0.0361013822257519,"Protein"
"OID21259","Factor8",-0.319589763879776,"Protein"
"OID20496","Factor8",0.0607336685061455,"Protein"
"OID20839","Factor8",-0.686514794826508,"Protein"
"OID21040","Factor8",-0.0572619885206223,"Protein"
"OID21244","Factor8",0.0410843454301357,"Protein"
"OID20641","Factor8",0.223296821117401,"Protein"
"OID20783","Factor8",0.0208868645131588,"Protein"
"OID21445","Factor8",0.0632819309830666,"Protein"
"OID20955","Factor8",0.120358392596245,"Protein"
"OID21310","Factor8",-0.0194909814745188,"Protein"
"OID20996","Factor8",-0.214926168322563,"Protein"
"OID20543","Factor8",-0.069487988948822,"Protein"
"OID20669","Factor8",-0.753438472747803,"Protein"
"OID20587","Factor8",0.211133018136024,"Protein"
"OID20379","Factor8",-0.00971051864326,"Protein"
"OID20217","Factor8",-0.175080731511116,"Protein"
"OID20505","Factor8",-0.000415287417126819,"Protein"
"OID20085","Factor8",0.0222999136894941,"Protein"
"OID20973","Factor8",0.198601245880127,"Protein"
"OID20979","Factor8",0.0286897197365761,"Protein"
"OID20666","Factor8",-0.0864358469843864,"Protein"
"OID20570","Factor8",-0.0317403711378574,"Protein"
"OID21041","Factor8",-0.115455895662308,"Protein"
"OID21501","Factor8",0.163055151700974,"Protein"
"OID20963","Factor8",-0.0325591750442982,"Protein"
"OID21342","Factor8",0.0127256810665131,"Protein"
"OID20144","Factor8",0.136439830064774,"Protein"
"OID20887","Factor8",-0.230298325419426,"Protein"
"OID21454","Factor8",0.0867136269807816,"Protein"
"OID20854","Factor8",-0.0239535216242075,"Protein"
"OID21087","Factor8",0.000673631147947162,"Protein"
"OID20294","Factor8",0.114075176417828,"Protein"
"OID20398","Factor8",-0.103722833096981,"Protein"
"OID21444","Factor8",-0.0678663775324821,"Protein"
"OID20630","Factor8",-0.151518225669861,"Protein"
"OID20247","Factor8",-0.149730950593948,"Protein"
"OID20378","Factor8",-0.0542610958218575,"Protein"
"OID21295","Factor8",0.0534069463610649,"Protein"
"OID21193","Factor8",-0.0732496827840805,"Protein"
"OID20912","Factor8",0.0549981370568275,"Protein"
"OID21026","Factor8",-0.00993741303682327,"Protein"
"OID20620","Factor8",-0.0211049616336823,"Protein"
"OID21179","Factor8",0.0197537019848824,"Protein"
"OID20510","Factor8",0.11020240187645,"Protein"
"OID20653","Factor8",0.0322854109108448,"Protein"
"OID20980","Factor8",-0.0512896589934826,"Protein"
"OID20655","Factor8",0.0683942809700966,"Protein"
"OID20623","Factor8",-0.187191739678383,"Protein"
"OID20572","Factor8",-0.15837562084198,"Protein"
"OID20413","Factor8",0.132932439446449,"Protein"
"OID20686","Factor8",0.0671021565794945,"Protein"
"OID21133","Factor8",0.0703449249267578,"Protein"
"OID20695","Factor8",-0.0965201109647751,"Protein"
"OID21246","Factor8",0.269775062799454,"Protein"
"OID21215","Factor8",0.0447554104030132,"Protein"
"OID21129","Factor8",0.0946446731686592,"Protein"
"OID21324","Factor8",-0.0225350800901651,"Protein"
"OID20234","Factor8",-0.36456623673439,"Protein"
"OID20324","Factor8",-0.138102501630783,"Protein"
"OID21086","Factor8",0.039850153028965,"Protein"
"OID21015","Factor8",0.150118634104729,"Protein"
"OID20870","Factor8",0.0229182746261358,"Protein"
"OID20355","Factor8",-0.0908985584974289,"Protein"
"OID21068","Factor8",0.181129977107048,"Protein"
"OID20691","Factor8",0.0977070555090904,"Protein"
"OID21050","Factor8",0.0708219707012177,"Protein"
"OID20622","Factor8",0.0559223704040051,"Protein"
"OID20962","Factor8",-0.00677618244662881,"Protein"
"OID20604","Factor8",-0.11434880644083,"Protein"
"OID20404","Factor8",-0.2662313580513,"Protein"
"OID20223","Factor8",-0.0691038742661476,"Protein"
"OID20534","Factor8",-0.17610202729702,"Protein"
"OID20106","Factor8",0.0180498380213976,"Protein"
"OID20222","Factor8",-0.0290087983012199,"Protein"
"OID20259","Factor8",0.150764003396034,"Protein"
"OID20766","Factor8",0.133599177002907,"Protein"
"OID20216","Factor8",-0.078993946313858,"Protein"
"OID20339","Factor8",0.0584004446864128,"Protein"
"OID20232","Factor8",-0.320720046758652,"Protein"
"OID20739","Factor8",-0.00459554744884372,"Protein"
"OID20328","Factor8",-0.0932529047131538,"Protein"
"OID20768","Factor8",-0.00337004382163286,"Protein"
"OID20195","Factor8",0.194527372717857,"Protein"
"OID20445","Factor8",-0.0280162580311298,"Protein"
"OID20108","Factor8",-0.0525405779480934,"Protein"
"OID20500","Factor8",-0.320063084363937,"Protein"
"OID21145","Factor8",-0.0293860659003258,"Protein"
"OID21216","Factor8",-0.0883797332644463,"Protein"
"OID20731","Factor8",-0.114020995795727,"Protein"
"OID20658","Factor8",-0.0302850231528282,"Protein"
"OID20967","Factor8",-0.101880088448524,"Protein"
"OID21235","Factor8",0.0193716883659363,"Protein"
"OID21103","Factor8",0.0799342468380928,"Protein"
"OID21005","Factor8",0.126210287213326,"Protein"
"OID21397","Factor8",-0.463393807411194,"Protein"
"OID20151","Factor8",0.133570805191994,"Protein"
"OID21490","Factor8",0.0753356292843819,"Protein"
"OID20832","Factor8",0.0881393328309059,"Protein"
"OID21493","Factor8",0.103668957948685,"Protein"
"OID21037","Factor8",-0.148861452937126,"Protein"
"OID21229","Factor8",0.141315281391144,"Protein"
"OID20926","Factor8",-0.0448457971215248,"Protein"
"OID21247","Factor8",0.185702696442604,"Protein"
"OID21083","Factor8",-0.0231073927134275,"Protein"
"OID20753","Factor8",-0.0185344740748405,"Protein"
"OID20338","Factor8",0.119155317544937,"Protein"
"OID21192","Factor8",0.0785965770483017,"Protein"
"OID21160","Factor8",0.141986206173897,"Protein"
"OID21218","Factor8",-0.0729019939899445,"Protein"
"OID20375","Factor8",-0.0404371321201324,"Protein"
"OID20079","Factor8",0.0946930125355721,"Protein"
"OID21053","Factor8",0.0675044059753418,"Protein"
"OID20919","Factor8",-0.0156976860016584,"Protein"
"OID20171","Factor8",0.0580249913036823,"Protein"
"OID20693","Factor8",-0.0295627415180206,"Protein"
"OID20600","Factor8",0.0715268105268478,"Protein"
"OID20484","Factor8",0.0918865725398064,"Protein"
"OID21058","Factor8",0.0444216914474964,"Protein"
"OID20638","Factor8",-0.104195341467857,"Protein"
"OID21132","Factor8",-0.0760912001132965,"Protein"
"OID20823","Factor8",0.00492880819365382,"Protein"
"OID20917","Factor8",0.0405502542853355,"Protein"
"OID20780","Factor8",-0.0504747293889523,"Protein"
"OID21384","Factor8",0.107024781405926,"Protein"
"OID21441","Factor8",-0.17023092508316,"Protein"
"OID20751","Factor8",-0.0172173120081425,"Protein"
"OID21064","Factor8",0.0851842984557152,"Protein"
"OID21110","Factor8",0.0519082136452198,"Protein"
"OID20827","Factor8",0.0386990197002888,"Protein"
"OID21185","Factor8",0.0148591818287969,"Protein"
"OID20091","Factor8",0.0844174101948738,"Protein"
"OID20867","Factor8",0.0853616446256638,"Protein"
"OID20677","Factor8",-0.0255426820367575,"Protein"
"OID20934","Factor8",0.0490438044071198,"Protein"
"OID21271","Factor8",0.12016848474741,"Protein"
"OID20126","Factor8",0.0730798840522766,"Protein"
"OID21414","Factor8",0.0752498358488083,"Protein"
"OID20333","Factor8",-0.105118542909622,"Protein"
"OID20386","Factor8",0.120437383651733,"Protein"
"OID20418","Factor8",-0.0644327253103256,"Protein"
"OID20872","Factor8",0.126123175024986,"Protein"
"OID20261","Factor8",-0.166535332798958,"Protein"
"OID21227","Factor8",-0.412149250507355,"Protein"
"OID21010","Factor8",-0.0165845099836588,"Protein"
"OID20165","Factor8",0.00728565687313676,"Protein"
"OID20660","Factor8",-0.13833299279213,"Protein"
"OID20512","Factor8",-0.174857616424561,"Protein"
"OID20467","Factor8",0.0761048644781113,"Protein"
"OID20455","Factor8",-0.0523668974637985,"Protein"
"OID20735","Factor8",-0.0482341200113297,"Protein"
"OID21001","Factor8",0.0713058710098267,"Protein"
"OID21137","Factor8",-0.0505134388804436,"Protein"
"OID20727","Factor8",-0.0808577388525009,"Protein"
"OID21432","Factor8",-0.156108424067497,"Protein"
"OID20278","Factor8",0.135639861226082,"Protein"
"OID20167","Factor8",-0.0801198109984398,"Protein"
"OID20188","Factor8",0.0640388876199722,"Protein"
"OID21480","Factor8",-0.621188640594482,"Protein"
"OID20340","Factor8",-0.10813819617033,"Protein"
"OID20922","Factor8",-0.047966443002224,"Protein"
"OID21219","Factor8",0.0946068838238716,"Protein"
"OID20228","Factor8",-0.216434940695763,"Protein"
"OID20771","Factor8",0.138234615325928,"Protein"
"OID20664","Factor8",0.0114486245438457,"Protein"
"OID20930","Factor8",0.0818981379270554,"Protein"
"OID20237","Factor8",-0.153234392404556,"Protein"
"OID20770","Factor8",0.0300789177417755,"Protein"
"OID21275","Factor8",-0.0480956770479679,"Protein"
"OID20240","Factor8",-0.226996526122093,"Protein"
"OID21317","Factor8",0.031502939760685,"Protein"
"OID20721","Factor8",-0.0907228887081146,"Protein"
"OID21008","Factor8",0.0686158090829849,"Protein"
"OID21201","Factor8",-0.034851036965847,"Protein"
"OID21220","Factor8",-0.0876178443431854,"Protein"
"OID20730","Factor8",0.0780480578541756,"Protein"
"OID21114","Factor8",-0.492253541946411,"Protein"
"OID20709","Factor8",0.109874568879604,"Protein"
"OID20272","Factor8",-0.209591343998909,"Protein"
"OID20429","Factor8",-0.0324448756873608,"Protein"
"OID21283","Factor8",-0.122943297028542,"Protein"
"OID21355","Factor8",0.114680789411068,"Protein"
"OID21519","Factor8",0.219395905733109,"Protein"
"OID20096","Factor8",-0.120714530348778,"Protein"
"OID20940","Factor8",-0.238047629594803,"Protein"
"OID20764","Factor8",-0.0222669988870621,"Protein"
"OID20812","Factor8",0.046021468937397,"Protein"
"OID20673","Factor8",0.0391830690205097,"Protein"
"OID21175","Factor8",0.158702343702316,"Protein"
"OID21291","Factor8",0.0125976447016001,"Protein"
"OID20183","Factor8",0.00945833139121532,"Protein"
"OID20113","Factor8",-0.18278805911541,"Protein"
"OID21288","Factor8",-0.137541890144348,"Protein"
"OID21470","Factor8",0.0980469509959221,"Protein"
"OID20893","Factor8",0.0909931659698486,"Protein"
"OID20191","Factor8",-0.045586109161377,"Protein"
"OID20494","Factor8",0.0412422865629196,"Protein"
"OID20053","Factor8",0.0432401262223721,"Protein"
"OID21002","Factor8",0.000514615385327488,"Protein"
"OID20129","Factor8",-0.0626283660531044,"Protein"
"OID20087","Factor8",-0.051641121506691,"Protein"
"OID20953","Factor8",-0.0960240066051483,"Protein"
"OID20667","Factor8",0.143197998404503,"Protein"
"OID20913","Factor8",-0.279466301202774,"Protein"
"OID21465","Factor8",0.0587941110134125,"Protein"
"OID20605","Factor8",-0.339373379945755,"Protein"
"OID20725","Factor8",-0.0409977994859219,"Protein"
"OID20405","Factor8",0.00295768468640745,"Protein"
"OID20061","Factor8",0.019201023504138,"Protein"
"OID21018","Factor8",0.0395651273429394,"Protein"
"OID20297","Factor8",0.0622462816536427,"Protein"
"OID21206","Factor8",0.182134568691254,"Protein"
"OID20239","Factor8",0.0940718948841095,"Protein"
"OID21398","Factor8",-0.0202441867440939,"Protein"
"OID21321","Factor8",0.0610166005790234,"Protein"
"OID20456","Factor8",0.107794173061848,"Protein"
"OID20976","Factor8",-0.0195887926965952,"Protein"
"OID21209","Factor8",-0.0848246663808823,"Protein"
"OID20824","Factor8",-0.0477173924446106,"Protein"
"OID20275","Factor8",0.0873357430100441,"Protein"
"OID21494","Factor8",-0.215192034840584,"Protein"
"OID21299","Factor8",-0.441229999065399,"Protein"
"OID20590","Factor8",-0.129483804106712,"Protein"
"OID20384","Factor8",-0.0106378570199013,"Protein"
"OID21049","Factor8",-0.0271410625427961,"Protein"
"OID20174","Factor8",-0.329028278589249,"Protein"
"OID21067","Factor8",0.0485400594770908,"Protein"
"OID20489","Factor8",-0.197561800479889,"Protein"
"OID21243","Factor8",-0.137116670608521,"Protein"
"OID21077","Factor8",0.198380142450333,"Protein"
"OID21270","Factor8",0.0124323293566704,"Protein"
"OID21337","Factor8",-0.316863119602203,"Protein"
"OID20196","Factor8",0.102077633142471,"Protein"
"OID20121","Factor8",0.0553691573441029,"Protein"
"OID21262","Factor8",0.130483642220497,"Protein"
"OID20537","Factor8",-0.0862581878900528,"Protein"
"OID20296","Factor8",-0.192364454269409,"Protein"
"OID21509","Factor8",-0.138962507247925,"Protein"
"OID20921","Factor8",0.0765982270240784,"Protein"
"OID21406","Factor8",0.0924501121044159,"Protein"
"OID21084","Factor8",-0.271911442279816,"Protein"
"OID20951","Factor8",-0.0294255502521992,"Protein"
"OID20491","Factor8",0.00211364799179137,"Protein"
"OID20777","Factor8",0.0061238706111908,"Protein"
"OID21472","Factor8",-0.0205308552831411,"Protein"
"OID20304","Factor8",-0.104318112134933,"Protein"
"OID21011","Factor8",-0.284931153059006,"Protein"
"OID20488","Factor8",0.0148590793833137,"Protein"
"OID20155","Factor8",0.0406360849738121,"Protein"
"OID21171","Factor8",0.0148103889077902,"Protein"
"OID20176","Factor8",0.00670447153970599,"Protein"
"OID20540","Factor8",-0.0905554741621017,"Protein"
"OID21059","Factor8",-0.121930629014969,"Protein"
"OID21401","Factor8",-0.215027943253517,"Protein"
"OID20972","Factor8",-0.167884737253189,"Protein"
"OID21162","Factor8",0.251037538051605,"Protein"
"OID21063","Factor8",-0.119415663182735,"Protein"
"OID21435","Factor8",-0.207940846681595,"Protein"
"OID21316","Factor8",-0.00496103428304195,"Protein"
"OID21336","Factor8",0.225427463650703,"Protein"
"OID21471","Factor8",-0.38119649887085,"Protein"
"OID20427","Factor8",0.0981482863426208,"Protein"
"OID20750","Factor8",-0.184068098664284,"Protein"
"OID20763","Factor8",-0.138641610741615,"Protein"
"OID21331","Factor8",-0.107771590352058,"Protein"
"OID20424","Factor8",-0.0556973665952682,"Protein"
"OID21046","Factor8",0.16246585547924,"Protein"
"OID21352","Factor8",-0.1552514731884,"Protein"
"OID20792","Factor8",-0.0989026501774788,"Protein"
"OID21027","Factor8",0.0200932957231998,"Protein"
"OID20822","Factor8",-0.0589493066072464,"Protein"
"OID20680","Factor8",0.0379943028092384,"Protein"
"OID20329","Factor8",-0.0703634843230247,"Protein"
"OID21170","Factor8",0.0639456436038017,"Protein"
"OID20585","Factor8",-0.0595368593931198,"Protein"
"OID20114","Factor8",0.048595204949379,"Protein"
"OID20557","Factor8",-0.0662091672420502,"Protein"
"OID20864","Factor8",0.0901786386966705,"Protein"
"OID20077","Factor8",0.182495072484016,"Protein"
"OID21315","Factor8",-0.0872188210487366,"Protein"
"OID20382","Factor8",-0.150398448109627,"Protein"
"OID20633","Factor8",-0.0484011247754097,"Protein"
"OID21238","Factor8",0.107844278216362,"Protein"
"OID20932","Factor8",-0.0502787120640278,"Protein"
"OID20694","Factor8",0.0221147630363703,"Protein"
"OID20264","Factor8",0.0521563030779362,"Protein"
"OID21524","Factor8",-0.00308934063650668,"Protein"
"OID21447","Factor8",-0.0630396902561188,"Protein"
"OID21138","Factor8",-0.222106739878654,"Protein"
"OID21172","Factor8",-0.153114140033722,"Protein"
"OID21389","Factor8",-0.0446158796548843,"Protein"
"OID21115","Factor8",-0.110347934067249,"Protein"
"OID20211","Factor8",-0.148975104093552,"Protein"
"OID20279","Factor8",0.0162373315542936,"Protein"
"OID20569","Factor8",0.0498665049672127,"Protein"
"OID20142","Factor8",-0.118874177336693,"Protein"
"OID20613","Factor8",0.0806119590997696,"Protein"
"OID20710","Factor8",0.113249681890011,"Protein"
"OID20807","Factor8",0.0704151466488838,"Protein"
"OID20713","Factor8",0.063923142850399,"Protein"
"OID20148","Factor8",-0.230806022882462,"Protein"
"OID20632","Factor8",-0.0408672466874123,"Protein"
"OID21438","Factor8",-0.190886482596397,"Protein"
"OID21440","Factor8",-0.00532860914245248,"Protein"
"OID20549","Factor8",0.149062067270279,"Protein"
"OID20115","Factor8",-0.0983928292989731,"Protein"
"OID21241","Factor8",0.0762173905968666,"Protein"
"OID21529","Factor8",0.0168756134808064,"Protein"
"OID21374","Factor8",-0.0542204417288303,"Protein"
"OID20154","Factor8",-0.044058233499527,"Protein"
"OID20480","Factor8",0.0357626006007195,"Protein"
"OID20767","Factor8",0.0170776471495628,"Protein"
"OID21135","Factor8",-0.319082260131836,"Protein"
"OID20320","Factor8",0.149653896689415,"Protein"
"OID20242","Factor8",0.0395430773496628,"Protein"
"OID20602","Factor8",-0.0421555675566196,"Protein"
"OID20282","Factor8",-0.0336965844035149,"Protein"
"OID21189","Factor8",-0.0773013979196548,"Protein"
"OID20652","Factor8",-0.390222996473312,"Protein"
"OID20454","Factor8",0.00221896776929498,"Protein"
"OID20302","Factor8",-0.0446031652390957,"Protein"
"OID20676","Factor8",-0.230281487107277,"Protein"
"OID21079","Factor8",0.044205367565155,"Protein"
"OID20828","Factor8",-0.0301313605159521,"Protein"
"OID21423","Factor8",-0.0373357906937599,"Protein"
"OID20535","Factor8",0.0109319407492876,"Protein"
"OID21344","Factor8",0.0299536604434252,"Protein"
"OID20451","Factor8",0.0227030869573355,"Protein"
"OID21278","Factor8",0.0992738530039787,"Protein"
"OID20070","Factor8",-0.038539532572031,"Protein"
"OID20529","Factor8",-0.110688343644142,"Protein"
"OID20314","Factor8",-0.276428610086441,"Protein"
"OID21346","Factor8",-0.247568696737289,"Protein"
"OID20476","Factor8",-0.00633415998890996,"Protein"
"OID20765","Factor8",-0.0375146232545376,"Protein"
"OID20915","Factor8",0.0109529392793775,"Protein"
"OID20538","Factor8",-0.0771023333072662,"Protein"
"OID21360","Factor8",-0.0404272116720676,"Protein"
"OID20562","Factor8",-0.0309855099767447,"Protein"
"OID21405","Factor8",-0.183156669139862,"Protein"
"OID20774","Factor8",-0.225817233324051,"Protein"
"OID20661","Factor8",-0.209143117070198,"Protein"
"OID20639","Factor8",0.0658838748931885,"Protein"
"OID20267","Factor8",0.00932156480848789,"Protein"
"OID20936","Factor8",0.0243438314646482,"Protein"
"OID21433","Factor8",0.208549872040749,"Protein"
"OID20804","Factor8",-0.575694739818573,"Protein"
"OID21152","Factor8",-0.0822363495826721,"Protein"
"OID20084","Factor8",-0.0171792786568403,"Protein"
"OID20881","Factor8",0.215688541531563,"Protein"
"OID20612","Factor8",-0.162018224596977,"Protein"
"OID21460","Factor8",-0.00133056018967181,"Protein"
"OID20316","Factor8",-0.0580467619001865,"Protein"
"OID20373","Factor8",-0.0239934604614973,"Protein"
"OID21174","Factor8",-0.312599658966064,"Protein"
"OID20140","Factor8",0.0692786276340485,"Protein"
"OID20781","Factor8",-0.0257462318986654,"Protein"
"OID20811","Factor8",0.0448267012834549,"Protein"
"OID20497","Factor8",-0.121515981853008,"Protein"
"OID21407","Factor8",-0.0424117892980576,"Protein"
"OID20547","Factor8",0.0143086509779096,"Protein"
"OID20857","Factor8",-0.086805522441864,"Protein"
"OID20401","Factor8",0.0784593671560287,"Protein"
"OID21517","Factor8",0.00871913228183985,"Protein"
"OID20530","Factor8",-0.0800091475248337,"Protein"
"OID21236","Factor8",-0.0331660881638527,"Protein"
"OID21412","Factor8",-0.0349526330828667,"Protein"
"OID20391","Factor8",-0.0707874894142151,"Protein"
"OID20458","Factor8",-0.00585169577971101,"Protein"
"OID21404","Factor8",0.061768539249897,"Protein"
"OID21394","Factor8",-0.107854448258877,"Protein"
"OID21514","Factor8",-0.0812747552990913,"Protein"
"OID20662","Factor8",-0.0432606786489487,"Protein"
"OID21286","Factor8",0.0500802733004093,"Protein"
"OID20884","Factor8",-0.0809781774878502,"Protein"
"OID21456","Factor8",-0.0460691042244434,"Protein"
"OID21196","Factor8",-0.0184213127940893,"Protein"
"OID20599","Factor8",-0.0160507243126631,"Protein"
"OID21134","Factor8",-0.168265730142593,"Protein"
"OID20690","Factor8",-0.129224240779877,"Protein"
"OID20720","Factor8",0.0924174562096596,"Protein"
"OID20581","Factor8",-0.0786996260285378,"Protein"
"OID20848","Factor8",-0.120474979281425,"Protein"
"OID21339","Factor8",0.0530035234987736,"Protein"
"OID20394","Factor8",-0.0449875518679619,"Protein"
"OID20888","Factor8",-0.202513337135315,"Protein"
"OID20290","Factor8",-0.218473255634308,"Protein"
"OID20362","Factor8",-0.144950434565544,"Protein"
"OID21055","Factor8",-0.130558609962463,"Protein"
"OID20071","Factor8",-0.194574818015099,"Protein"
"OID20941","Factor8",-0.190163686871529,"Protein"
"OID21468","Factor8",-0.0635739341378212,"Protein"
"OID20878","Factor8",-0.0303496941924095,"Protein"
"OID20834","Factor8",-0.137193098664284,"Protein"
"OID20414","Factor8",0.0182674825191498,"Protein"
"OID21359","Factor8",-0.121910072863102,"Protein"
"OID20702","Factor8",0.0546004809439182,"Protein"
"OID21161","Factor8",-0.584976613521576,"Protein"
"OID20168","Factor8",-0.202848494052887,"Protein"
"OID21301","Factor8",-0.116883359849453,"Protein"
"OID20556","Factor8",-0.0146625470370054,"Protein"
"OID21231","Factor8",-0.280942142009735,"Protein"
"OID20525","Factor8",0.0927676856517792,"Protein"
"OID20806","Factor8",-0.113774508237839,"Protein"
"OID20502","Factor8",-0.0160640981048346,"Protein"
"OID20332","Factor8",0.0264590941369534,"Protein"
"OID20668","Factor8",0.0868980437517166,"Protein"
"OID20208","Factor8",-0.164133995771408,"Protein"
"OID20265","Factor8",0.0175396837294102,"Protein"
"OID21400","Factor8",0.0186374112963676,"Protein"
"OID21518","Factor8",0.0161086320877075,"Protein"
"OID20348","Factor8",-0.045328501611948,"Protein"
"OID20447","Factor8",0.194546476006508,"Protein"
"OID20566","Factor8",0.0570553317666054,"Protein"
"OID21318","Factor8",0.0134569918736815,"Protein"
"OID20352","Factor8",-0.0107812834903598,"Protein"
"OID20442","Factor8",-0.0592376664280891,"Protein"
"OID21458","Factor8",0.0757264643907547,"Protein"
"OID20473","Factor8",-0.135497093200684,"Protein"
"OID21147","Factor8",0.0448975749313831,"Protein"
"OID20855","Factor8",-0.0649844482541084,"Protein"
"OID21122","Factor8",0.0193114690482616,"Protein"
"OID21023","Factor8",-0.0179867893457413,"Protein"
"OID20493","Factor8",-0.0817600265145302,"Protein"
"OID20852","Factor8",-0.1817417293787,"Protein"
"OID21429","Factor8",-0.0739216282963753,"Protein"
"OID21102","Factor8",-0.257818549871445,"Protein"
"OID20629","Factor8",-0.010349303483963,"Protein"
"OID21070","Factor8",-0.0286742597818375,"Protein"
"OID20281","Factor8",-0.222955912351608,"Protein"
"OID20651","Factor8",-0.0117769679054618,"Protein"
"OID21228","Factor8",-0.01975410990417,"Protein"
"OID20393","Factor8",-0.0321604125201702,"Protein"
"OID20624","Factor8",0.0798028558492661,"Protein"
"OID21090","Factor8",0.0252235122025013,"Protein"
"OID21096","Factor8",-0.071571983397007,"Protein"
"OID21194","Factor8",0.0434816889464855,"Protein"
"OID20410","Factor8",-0.117933176457882,"Protein"
"OID21525","Factor8",0.0197068713605404,"Protein"
"OID20229","Factor8",-0.0586566962301731,"Protein"
"OID20185","Factor8",-0.0822478085756302,"Protein"
"OID20131","Factor8",0.0519221723079681,"Protein"
"OID20719","Factor8",-0.118510060012341,"Protein"
"OID20974","Factor8",0.0628676861524582,"Protein"
"OID20170","Factor8",-0.192908853292465,"Protein"
"OID20231","Factor8",-0.0221459493041039,"Protein"
"OID20897","Factor8",-0.0324455574154854,"Protein"
"OID21526","Factor8",0.0267061293125153,"Protein"
"OID20416","Factor8",-0.238964214920998,"Protein"
"OID20654","Factor8",-0.0426866039633751,"Protein"
"OID20236","Factor8",-0.00903936009854078,"Protein"
"OID21165","Factor8",-0.0239355303347111,"Protein"
"OID21424","Factor8",-0.162193447351456,"Protein"
"OID21308","Factor8",0.155492156744003,"Protein"
"OID20388","Factor8",-0.101999454200268,"Protein"
"OID20994","Factor8",-0.0350135676562786,"Protein"
"OID20747","Factor8",-0.0768096148967743,"Protein"
"OID20346","Factor8",-0.00902735721319914,"Protein"
"OID21362","Factor8",0.0438440218567848,"Protein"
"OID21345","Factor8",-0.30660218000412,"Protein"
"OID20621","Factor8",-0.064234659075737,"Protein"
"OID20076","Factor8",-0.00797413568943739,"Protein"
"OID21303","Factor8",-0.107613638043404,"Protein"
"OID20835","Factor8",-0.0393895246088505,"Protein"
"OID20948","Factor8",-0.334782809019089,"Protein"
"OID20565","Factor8",-0.0122066708281636,"Protein"
"OID20397","Factor8",0.0263576507568359,"Protein"
"OID20235","Factor8",-0.124443419277668,"Protein"
"OID20255","Factor8",0.0691779255867004,"Protein"
"OID20367","Factor8",-0.17642343044281,"Protein"
"OID20982","Factor8",0.00854273792356253,"Protein"
"OID20611","Factor8",-0.144708335399628,"Protein"
"OID20706","Factor8",-0.117572084069252,"Protein"
"OID20773","Factor8",-0.148686662316322,"Protein"
"OID20270","Factor8",0.0809274390339851,"Protein"
"OID20199","Factor8",-0.344287693500519,"Protein"
"OID20377","Factor8",-0.0026728012599051,"Protein"
"OID20555","Factor8",0.0806880593299866,"Protein"
"OID21240","Factor8",0.090846374630928,"Protein"
"OID21130","Factor8",0.0813879072666168,"Protein"
"OID21028","Factor8",-0.220320224761963,"Protein"
"OID20531","Factor8",0.0516239404678345,"Protein"
"OID20130","Factor8",-0.0837437212467194,"Protein"
"OID20133","Factor8",-0.0128336772322655,"Protein"
"OID20481","Factor8",0.113685265183449,"Protein"
"OID20238","Factor8",-0.0209515541791916,"Protein"
"OID20358","Factor8",-0.100718520581722,"Protein"
"OID21322","Factor8",-0.146731868386269,"Protein"
"OID20194","Factor8",-0.339783430099487,"Protein"
"OID20353","Factor8",-0.0633503943681717,"Protein"
"OID20145","Factor8",0.00278954510577023,"Protein"
"OID20132","Factor8",-0.129782453179359,"Protein"
"OID21353","Factor8",-0.007500184699893,"Protein"
"OID21230","Factor8",0.186746999621391,"Protein"
"OID20513","Factor8",0.0837990716099739,"Protein"
"OID20082","Factor8",-0.187590688467026,"Protein"
"OID21136","Factor8",-0.00897180568426847,"Protein"
"OID20380","Factor8",0.00383293582126498,"Protein"
"OID20914","Factor8",-0.0922971218824387,"Protein"
"OID20204","Factor8",-0.0794946923851967,"Protein"
"OID20637","Factor8",-0.0680409520864487,"Protein"
"OID20464","Factor8",0.0954734981060028,"Protein"
"OID20957","Factor8",-0.191946402192116,"Protein"
"OID21052","Factor8",0.0335679538547993,"Protein"
"OID20213","Factor8",-0.117507591843605,"Protein"
"OID21366","Factor8",-0.147810965776443,"Protein"
"OID20733","Factor8",-0.0141375344246626,"Protein"
"OID21252","Factor8",0.0338550545275211,"Protein"
"OID20755","Factor8",-0.119292862713337,"Protein"
"OID20360","Factor8",-0.218142434954643,"Protein"
"OID20172","Factor8",0.00391608476638794,"Protein"
"OID21474","Factor8",-0.0879750773310661,"Protein"
"OID20337","Factor8",-0.187307476997375,"Protein"
"OID20487","Factor8",-0.181938648223877,"Protein"
"OID20374","Factor8",-0.0106598902493715,"Protein"
"OID20754","Factor8",-0.136185601353645,"Protein"
"OID20575","Factor8",-0.16521592438221,"Protein"
"OID20909","Factor8",-0.0191303510218859,"Protein"
"OID20626","Factor8",-0.0532502606511116,"Protein"
"OID20396","Factor8",-0.0284348540008068,"Protein"
"OID20462","Factor8",-0.152495011687279,"Protein"
"OID20775","Factor9",-0.0442022942006588,"Protein"
"OID20984","Factor9",-0.0673081874847412,"Protein"
"OID20083","Factor9",-0.0710689350962639,"Protein"
"OID21402","Factor9",-0.0990431159734726,"Protein"
"OID20911","Factor9",-0.143292844295502,"Protein"
"OID20850","Factor9",0.0197086445987225,"Protein"
"OID20101","Factor9",-0.144607320427895,"Protein"
"OID21140","Factor9",0.0420548059046268,"Protein"
"OID20563","Factor9",-0.147269025444984,"Protein"
"OID20125","Factor9",0.0545490756630898,"Protein"
"OID21485","Factor9",-0.0831220969557762,"Protein"
"OID21276","Factor9",-0.150420621037483,"Protein"
"OID20594","Factor9",0.0250810496509075,"Protein"
"OID20779","Factor9",0.0657776743173599,"Protein"
"OID20983","Factor9",-0.0129995485767722,"Protein"
"OID20643","Factor9",0.0197182390838861,"Protein"
"OID20049","Factor9",0.056689940392971,"Protein"
"OID20312","Factor9",0.013916477560997,"Protein"
"OID20246","Factor9",-0.113285847008228,"Protein"
"OID20495","Factor9",-0.380515545606613,"Protein"
"OID21031","Factor9",0.0403741262853146,"Protein"
"OID20778","Factor9",0.160535678267479,"Protein"
"OID20127","Factor9",0.0170750394463539,"Protein"
"OID20274","Factor9",-0.0355788022279739,"Protein"
"OID21373","Factor9",0.0500038079917431,"Protein"
"OID20559","Factor9",0.00799374748021364,"Protein"
"OID20218","Factor9",0.0349095910787582,"Protein"
"OID20263","Factor9",-0.0140877086669207,"Protein"
"OID21489","Factor9",-0.0873541682958603,"Protein"
"OID20219","Factor9",0.0117509048432112,"Protein"
"OID20192","Factor9",-0.00793030392378569,"Protein"
"OID20896","Factor9",-0.112765915691853,"Protein"
"OID20399","Factor9",0.0099559361115098,"Protein"
"OID21297","Factor9",0.0183950830250978,"Protein"
"OID21348","Factor9",0.0305019076913595,"Protein"
"OID20593","Factor9",0.0242317989468575,"Protein"
"OID21395","Factor9",0.198522791266441,"Protein"
"OID21507","Factor9",-0.0582970529794693,"Protein"
"OID20729","Factor9",0.0245335698127747,"Protein"
"OID20220","Factor9",-0.129906550049782,"Protein"
"OID21411","Factor9",0.0129002509638667,"Protein"
"OID21387","Factor9",0.0362781919538975,"Protein"
"OID20266","Factor9",0.0866557955741882,"Protein"
"OID21461","Factor9",-0.0397336706519127,"Protein"
"OID21475","Factor9",0.0157598964869976,"Protein"
"OID20671","Factor9",-0.0332255810499191,"Protein"
"OID20950","Factor9",0.0328962579369545,"Protein"
"OID20206","Factor9",0.0221820846199989,"Protein"
"OID21250","Factor9",0.241935253143311,"Protein"
"OID20579","Factor9",0.018798453733325,"Protein"
"OID20761","Factor9",0.033999465405941,"Protein"
"OID20711","Factor9",0.0168913584202528,"Protein"
"OID20707","Factor9",0.0380862280726433,"Protein"
"OID20760","Factor9",0.0347069799900055,"Protein"
"OID20672","Factor9",0.151250287890434,"Protein"
"OID21277","Factor9",0.00720762740820646,"Protein"
"OID20169","Factor9",0.0430175997316837,"Protein"
"OID20524","Factor9",-0.0218427684158087,"Protein"
"OID20523","Factor9",-0.207151651382446,"Protein"
"OID20544","Factor9",0.0213452875614166,"Protein"
"OID21047","Factor9",-0.00201273639686406,"Protein"
"OID20258","Factor9",0.10520688444376,"Protein"
"OID20112","Factor9",0.0270152762532234,"Protein"
"OID20993","Factor9",0.0333505608141422,"Protein"
"OID20656","Factor9",0.0229328107088804,"Protein"
"OID20863","Factor9",-0.00648801913484931,"Protein"
"OID20640","Factor9",0.0732792541384697,"Protein"
"OID20596","Factor9",-0.13286080956459,"Protein"
"OID20625","Factor9",0.0057637463323772,"Protein"
"OID21097","Factor9",0.0463897287845612,"Protein"
"OID20166","Factor9",0.0995820909738541,"Protein"
"OID21306","Factor9",-0.0159469936043024,"Protein"
"OID21176","Factor9",-0.0180782247334719,"Protein"
"OID21118","Factor9",0.0245019905269146,"Protein"
"OID21332","Factor9",0.0355311334133148,"Protein"
"OID20551","Factor9",0.0089566595852375,"Protein"
"OID20856","Factor9",0.00127975689247251,"Protein"
"OID20918","Factor9",-0.00228364416398108,"Protein"
"OID21420","Factor9",0.0210001114755869,"Protein"
"OID20875","Factor9",0.00750621221959591,"Protein"
"OID21378","Factor9",0.0382943339645863,"Protein"
"OID21506","Factor9",0.0345516912639141,"Protein"
"OID21459","Factor9",0.0400998666882515,"Protein"
"OID20075","Factor9",0.201912134885788,"Protein"
"OID21505","Factor9",0.115610502660275,"Protein"
"OID20698","Factor9",0.107345588505268,"Protein"
"OID20271","Factor9",0.00810858234763145,"Protein"
"OID20717","Factor9",-0.00924413558095694,"Protein"
"OID20050","Factor9",0.0188415572047234,"Protein"
"OID20090","Factor9",0.0178424492478371,"Protein"
"OID20627","Factor9",0.0462755151093006,"Protein"
"OID20908","Factor9",0.00218608137220144,"Protein"
"OID20741","Factor9",0.203933909535408,"Protein"
"OID20519","Factor9",0.0424717776477337,"Protein"
"OID20138","Factor9",-0.000157817848958075,"Protein"
"OID20095","Factor9",0.0338075309991837,"Protein"
"OID20689","Factor9",-0.0612913593649864,"Protein"
"OID20203","Factor9",-0.0150354318320751,"Protein"
"OID20541","Factor9",-0.0271451659500599,"Protein"
"OID20742","Factor9",0.0234775748103857,"Protein"
"OID20554","Factor9",0.023603891953826,"Protein"
"OID21319","Factor9",-0.012257993221283,"Protein"
"OID20415","Factor9",0.0792795643210411,"Protein"
"OID21521","Factor9",-0.0284903254359961,"Protein"
"OID20925","Factor9",-0.0208466369658709,"Protein"
"OID21204","Factor9",0.0193176958709955,"Protein"
"OID20938","Factor9",-0.00424362951889634,"Protein"
"OID20577","Factor9",0.0087735503911972,"Protein"
"OID21029","Factor9",-0.121558457612991,"Protein"
"OID20364","Factor9",0.0540650933980942,"Protein"
"OID21408","Factor9",-0.00111169647425413,"Protein"
"OID20788","Factor9",0.0289194975048304,"Protein"
"OID21469","Factor9",0.0210837759077549,"Protein"
"OID20899","Factor9",0.0260658264160156,"Protein"
"OID20952","Factor9",0.0126514863222837,"Protein"
"OID21078","Factor9",0.0578053370118141,"Protein"
"OID20187","Factor9",-0.053930290043354,"Protein"
"OID20475","Factor9",0.0116859963163733,"Protein"
"OID20616","Factor9",0.0749691352248192,"Protein"
"OID21069","Factor9",-0.0477848164737225,"Protein"
"OID20772","Factor9",0.285043984651566,"Protein"
"OID20684","Factor9",0.16540452837944,"Protein"
"OID20230","Factor9",0.0567724741995335,"Protein"
"OID21451","Factor9",0.0533519685268402,"Protein"
"OID20916","Factor9",-0.0271197017282248,"Protein"
"OID21158","Factor9",0.0629724338650703,"Protein"
"OID20182","Factor9",0.0270570442080498,"Protein"
"OID21307","Factor9",0.184124603867531,"Protein"
"OID20412","Factor9",0.144517928361893,"Protein"
"OID21226","Factor9",-0.157402530312538,"Protein"
"OID21391","Factor9",0.0594635494053364,"Protein"
"OID20615","Factor9",-0.0300440192222595,"Protein"
"OID21224","Factor9",0.0334331579506397,"Protein"
"OID20158","Factor9",0.00147331017069519,"Protein"
"OID20582","Factor9",0.0250583160668612,"Protein"
"OID20816","Factor9",0.0465316064655781,"Protein"
"OID20937","Factor9",0.0212578866630793,"Protein"
"OID21376","Factor9",-0.0551120713353157,"Protein"
"OID20681","Factor9",0.0299918465316296,"Protein"
"OID20251","Factor9",-0.0561798773705959,"Protein"
"OID21350","Factor9",-0.00329379294998944,"Protein"
"OID21263","Factor9",0.0198877174407244,"Protein"
"OID21149","Factor9",0.0651745721697807,"Protein"
"OID20207","Factor9",0.0285688880831003,"Protein"
"OID21282","Factor9",0.0715517029166222,"Protein"
"OID21269","Factor9",0.162644222378731,"Protein"
"OID21309","Factor9",0.0163667947053909,"Protein"
"OID20959","Factor9",0.0413059219717979,"Protein"
"OID21508","Factor9",-0.0143625885248184,"Protein"
"OID21292","Factor9",0.00329417665489018,"Protein"
"OID20697","Factor9",-0.381867378950119,"Protein"
"OID20588","Factor9",0.0719081684947014,"Protein"
"OID21422","Factor9",0.0409076623618603,"Protein"
"OID20910","Factor9",0.0214850027114153,"Protein"
"OID20175","Factor9",0.0636373832821846,"Protein"
"OID21383","Factor9",-0.105143755674362,"Protein"
"OID21082","Factor9",-0.0948688685894012,"Protein"
"OID20965","Factor9",0.0312588028609753,"Protein"
"OID20225","Factor9",0.0201971009373665,"Protein"
"OID20245","Factor9",0.11236047744751,"Protein"
"OID21033","Factor9",0.0667868331074715,"Protein"
"OID20558","Factor9",0.0171807706356049,"Protein"
"OID20871","Factor9",0.101393446326256,"Protein"
"OID21144","Factor9",0.0193326584994793,"Protein"
"OID20322","Factor9",-0.0460259579122066,"Protein"
"OID21347","Factor9",0.0219947658479214,"Protein"
"OID21296","Factor9",-0.0903349071741104,"Protein"
"OID20971","Factor9",0.0880450233817101,"Protein"
"OID21294","Factor9",-0.0979716330766678,"Protein"
"OID20737","Factor9",-0.0348953008651733,"Protein"
"OID20847","Factor9",0.141977161169052,"Protein"
"OID21003","Factor9",0.027278957888484,"Protein"
"OID20553","Factor9",-0.0429601967334747,"Protein"
"OID20977","Factor9",0.0218314435333014,"Protein"
"OID21154","Factor9",0.0519257895648479,"Protein"
"OID21512","Factor9",-0.145557522773743,"Protein"
"OID20704","Factor9",0.0612117648124695,"Protein"
"OID20644","Factor9",0.00458580954000354,"Protein"
"OID20964","Factor9",-0.0445260740816593,"Protein"
"OID20117","Factor9",0.117826595902443,"Protein"
"OID21019","Factor9",0.0605167746543884,"Protein"
"OID20688","Factor9",0.045045617967844,"Protein"
"OID20700","Factor9",-0.126639321446419,"Protein"
"OID21287","Factor9",0.0495336502790451,"Protein"
"OID20548","Factor9",-0.020347036421299,"Protein"
"OID21061","Factor9",0.0916626900434494,"Protein"
"OID20477","Factor9",-0.0226936340332031,"Protein"
"OID20787","Factor9",0.0525330938398838,"Protein"
"OID20292","Factor9",0.0790210217237473,"Protein"
"OID20431","Factor9",-0.0233003348112106,"Protein"
"OID20714","Factor9",0.123293526470661,"Protein"
"OID20110","Factor9",0.001875298214145,"Protein"
"OID20740","Factor9",0.170016646385193,"Protein"
"OID21123","Factor9",0.0719868168234825,"Protein"
"OID20105","Factor9",0.127503946423531,"Protein"
"OID20326","Factor9",0.0904373303055763,"Protein"
"OID21314","Factor9",-0.0276556983590126,"Protein"
"OID20795","Factor9",-0.39365616440773,"Protein"
"OID21320","Factor9",-0.0205122400075197,"Protein"
"OID20325","Factor9",0.0477352030575275,"Protein"
"OID20511","Factor9",0.0124208806082606,"Protein"
"OID20903","Factor9",0.0105604846030474,"Protein"
"OID21511","Factor9",0.189803346991539,"Protein"
"OID21222","Factor9",0.00367086054757237,"Protein"
"OID20086","Factor9",0.0639330595731735,"Protein"
"OID20515","Factor9",0.0035729119554162,"Protein"
"OID20214","Factor9",-0.00404812581837177,"Protein"
"OID20305","Factor9",-0.00246306788176298,"Protein"
"OID21356","Factor9",0.058108314871788,"Protein"
"OID20981","Factor9",0.0968791320919991,"Protein"
"OID21363","Factor9",0.0365413092076778,"Protein"
"OID21455","Factor9",-0.0266114287078381,"Protein"
"OID20334","Factor9",0.140611842274666,"Protein"
"OID20139","Factor9",0.183346375823021,"Protein"
"OID21156","Factor9",0.0182943679392338,"Protein"
"OID20227","Factor9",0.0423057191073895,"Protein"
"OID20814","Factor9",0.000947555876336992,"Protein"
"OID20745","Factor9",0.217916384339333,"Protein"
"OID20683","Factor9",0.016405863687396,"Protein"
"OID21211","Factor9",0.0496255606412888,"Protein"
"OID20723","Factor9",-0.0445839092135429,"Protein"
"OID20900","Factor9",0.00734430318698287,"Protein"
"OID21453","Factor9",0.0977448299527168,"Protein"
"OID20177","Factor9",0.0400279723107815,"Protein"
"OID20526","Factor9",-0.0288819074630737,"Protein"
"OID20146","Factor9",0.019443379715085,"Protein"
"OID21357","Factor9",-0.0108977444469929,"Protein"
"OID20545","Factor9",-0.00892067234963179,"Protein"
"OID20685","Factor9",0.000854621233884245,"Protein"
"OID20200","Factor9",0.0199358481913805,"Protein"
"OID21467","Factor9",-0.0738379210233688,"Protein"
"OID21000","Factor9",0.0548492670059204,"Protein"
"OID20244","Factor9",0.0162869933992624,"Protein"
"OID20250","Factor9",-0.0543527156114578,"Protein"
"OID20280","Factor9",-0.0267964191734791,"Protein"
"OID21450","Factor9",0.0676341131329536,"Protein"
"OID20409","Factor9",0.0720843896269798,"Protein"
"OID21417","Factor9",-0.116173148155212,"Protein"
"OID20943","Factor9",-0.0643299669027328,"Protein"
"OID20724","Factor9",0.0747606530785561,"Protein"
"OID20201","Factor9",-0.0535504333674908,"Protein"
"OID21205","Factor9",-0.0283882580697536,"Protein"
"OID20987","Factor9",-0.173112630844116,"Protein"
"OID20646","Factor9",0.0852897465229034,"Protein"
"OID21323","Factor9",0.0139274168759584,"Protein"
"OID20997","Factor9",-0.233215913176537,"Protein"
"OID21030","Factor9",-0.14777646958828,"Protein"
"OID21462","Factor9",0.046837080270052,"Protein"
"OID20483","Factor9",0.00651885150000453,"Protein"
"OID20149","Factor9",-0.0360258780419827,"Protein"
"OID21499","Factor9",-0.0420337915420532,"Protein"
"OID20682","Factor9",0.0307501498609781,"Protein"
"OID20868","Factor9",0.06852837651968,"Protein"
"OID20574","Factor9",0.107208736240864,"Protein"
"OID21151","Factor9",0.0823049247264862,"Protein"
"OID20472","Factor9",0.0531104803085327,"Protein"
"OID20675","Factor9",-0.0115250172093511,"Protein"
"OID20436","Factor9",-0.19325090944767,"Protein"
"OID20184","Factor9",-0.0181698594242334,"Protein"
"OID21060","Factor9",-0.014463858678937,"Protein"
"OID21367","Factor9",-0.00316322641447186,"Protein"
"OID20178","Factor9",-0.250665187835693,"Protein"
"OID21375","Factor9",0.0185031779110432,"Protein"
"OID21430","Factor9",-0.242815896868706,"Protein"
"OID21312","Factor9",-0.192284569144249,"Protein"
"OID21380","Factor9",0.0535377934575081,"Protein"
"OID20421","Factor9",-0.109773047268391,"Protein"
"OID21326","Factor9",0.022126967087388,"Protein"
"OID20631","Factor9",-0.231753915548325,"Protein"
"OID20097","Factor9",0.0112173371016979,"Protein"
"OID20758","Factor9",-0.196241199970245,"Protein"
"OID21482","Factor9",0.0443680062890053,"Protein"
"OID20371","Factor9",0.0515899658203125,"Protein"
"OID21415","Factor9",-0.00307366857305169,"Protein"
"OID21527","Factor9",0.126372814178467,"Protein"
"OID20233","Factor9",0.0532334856688976,"Protein"
"OID21016","Factor9",0.0370506979525089,"Protein"
"OID21284","Factor9",-0.0827213451266289,"Protein"
"OID21143","Factor9",0.112527966499329,"Protein"
"OID21022","Factor9",0.0637279599905014,"Protein"
"OID20865","Factor9",-0.0583419613540173,"Protein"
"OID21311","Factor9",0.019141498953104,"Protein"
"OID20342","Factor9",0.0294050127267838,"Protein"
"OID20309","Factor9",0.0215653758496046,"Protein"
"OID20546","Factor9",0.112443074584007,"Protein"
"OID21099","Factor9",0.00261539383791387,"Protein"
"OID20135","Factor9",0.0802895873785019,"Protein"
"OID21476","Factor9",0.0291248578578234,"Protein"
"OID20359","Factor9",0.128105565905571,"Protein"
"OID20601","Factor9",0.0563638508319855,"Protein"
"OID21104","Factor9",-0.13691309094429,"Protein"
"OID20756","Factor9",-0.242076814174652,"Protein"
"OID21439","Factor9",-0.0853181779384613,"Protein"
"OID21399","Factor9",0.0369111411273479,"Protein"
"OID21043","Factor9",0.00760810822248459,"Protein"
"OID20609","Factor9",0.0822074934840202,"Protein"
"OID20289","Factor9",-0.0390547513961792,"Protein"
"OID21101","Factor9",0.0908728092908859,"Protein"
"OID21014","Factor9",-0.144888415932655,"Protein"
"OID21249","Factor9",-0.000679177872370929,"Protein"
"OID21446","Factor9",0.0530901625752449,"Protein"
"OID20970","Factor9",0.0280928686261177,"Protein"
"OID20956","Factor9",0.0441409014165401,"Protein"
"OID20635","Factor9",0.112737998366356,"Protein"
"OID20648","Factor9",-0.0372588746249676,"Protein"
"OID20331","Factor9",0.00682442216202617,"Protein"
"OID21437","Factor9",0.0613350495696068,"Protein"
"OID21442","Factor9",0.0328598991036415,"Protein"
"OID21369","Factor9",0.143022954463959,"Protein"
"OID20576","Factor9",-0.0398387461900711,"Protein"
"OID20636","Factor9",-0.025571646168828,"Protein"
"OID20162","Factor9",0.0786176919937134,"Protein"
"OID21381","Factor9",-0.0988620296120644,"Protein"
"OID20153","Factor9",-0.22297465801239,"Protein"
"OID20732","Factor9",0.24308043718338,"Protein"
"OID21024","Factor9",0.0354604981839657,"Protein"
"OID21434","Factor9",-0.132117182016373,"Protein"
"OID20507","Factor9",-0.00114089495036751,"Protein"
"OID20137","Factor9",0.127532184123993,"Protein"
"OID21042","Factor9",-0.329821676015854,"Protein"
"OID21516","Factor9",0.0557772666215897,"Protein"
"OID20299","Factor9",0.0881276801228523,"Protein"
"OID21257","Factor9",-0.102232791483402,"Protein"
"OID21253","Factor9",-0.0145784607157111,"Protein"
"OID20988","Factor9",0.0376459658145905,"Protein"
"OID21119","Factor9",-0.00518764555454254,"Protein"
"OID21038","Factor9",0.137543737888336,"Protein"
"OID21091","Factor9",0.0942287594079971,"Protein"
"OID20597","Factor9",0.0176737848669291,"Protein"
"OID20179","Factor9",-0.15681779384613,"Protein"
"OID21168","Factor9",0.0414288677275181,"Protein"
"OID21368","Factor9",-0.100836142897606,"Protein"
"OID20738","Factor9",0.0874698609113693,"Protein"
"OID20122","Factor9",0.0695269703865051,"Protein"
"OID20703","Factor9",0.0139288520440459,"Protein"
"OID21436","Factor9",-0.0251902863383293,"Protein"
"OID21421","Factor9",-0.111267134547234,"Protein"
"OID20589","Factor9",-0.0827276557683945,"Protein"
"OID20927","Factor9",0.0742873400449753,"Protein"
"OID21418","Factor9",-0.124146044254303,"Protein"
"OID21013","Factor9",-0.0174077153205872,"Protein"
"OID20904","Factor9",-0.0887165889143944,"Protein"
"OID20568","Factor9",0.114271685481071,"Protein"
"OID20533","Factor9",-0.198021128773689,"Protein"
"OID20254","Factor9",-0.133501708507538,"Protein"
"OID21403","Factor9",0.00200253794901073,"Protein"
"OID21012","Factor9",0.101607769727707,"Protein"
"OID21280","Factor9",0.000560594256967306,"Protein"
"OID21187","Factor9",-0.163990378379822,"Protein"
"OID21425","Factor9",0.167131334543228,"Protein"
"OID20078","Factor9",-0.0273448154330254,"Protein"
"OID20102","Factor9",0.142225757241249,"Protein"
"OID21073","Factor9",0.0365490429103374,"Protein"
"OID21428","Factor9",-0.00300230458378792,"Protein"
"OID20687","Factor9",0.0202252585440874,"Protein"
"OID20883","Factor9",-0.0349084474146366,"Protein"
"OID21242","Factor9",0.103646472096443,"Protein"
"OID20583","Factor9",0.0292867310345173,"Protein"
"OID21361","Factor9",0.0628753900527954,"Protein"
"OID21365","Factor9",0.0242244452238083,"Protein"
"OID21419","Factor9",0.0351109653711319,"Protein"
"OID21498","Factor9",0.063570536673069,"Protein"
"OID20995","Factor9",0.0702929645776749,"Protein"
"OID21094","Factor9",0.113621070981026,"Protein"
"OID20715","Factor9",0.0129273468628526,"Protein"
"OID20718","Factor9",-0.00619912054389715,"Protein"
"OID20960","Factor9",0.0534640774130821,"Protein"
"OID20866","Factor9",-0.0486515685915947,"Protein"
"OID20986","Factor9",0.0527985282242298,"Protein"
"OID20152","Factor9",0.0277407076209784,"Protein"
"OID20395","Factor9",0.1712806224823,"Protein"
"OID21285","Factor9",-0.0615156292915344,"Protein"
"OID20313","Factor9",0.198763191699982,"Protein"
"OID20509","Factor9",0.114121198654175,"Protein"
"OID21255","Factor9",0.00309916189871728,"Protein"
"OID20141","Factor9",0.0521234758198261,"Protein"
"OID20942","Factor9",0.0450691059231758,"Protein"
"OID21466","Factor9",-0.372849583625793,"Protein"
"OID20215","Factor9",0.0434993207454681,"Protein"
"OID20923","Factor9",0.0358295328915119,"Protein"
"OID20752","Factor9",0.0228765998035669,"Protein"
"OID20990","Factor9",-0.010682393796742,"Protein"
"OID21004","Factor9",-0.212090671062469,"Protein"
"OID20103","Factor9",-0.011099168099463,"Protein"
"OID20784","Factor9",0.0835914835333824,"Protein"
"OID20156","Factor9",-0.0468438416719437,"Protein"
"OID20221","Factor9",-0.037057988345623,"Protein"
"OID21410","Factor9",-0.118520714342594,"Protein"
"OID21225","Factor9",0.0261728409677744,"Protein"
"OID21385","Factor9",0.0302587784826756,"Protein"
"OID21155","Factor9",0.0520394220948219,"Protein"
"OID20610","Factor9",-0.0794269219040871,"Protein"
"OID20935","Factor9",0.0617652721703053,"Protein"
"OID21327","Factor9",-0.0907881781458855,"Protein"
"OID20748","Factor9",0.0911306366324425,"Protein"
"OID20708","Factor9",0.0797517895698547,"Protein"
"OID20567","Factor9",0.01685462705791,"Protein"
"OID20647","Factor9",-0.00127172295469791,"Protein"
"OID20968","Factor9",-0.0207827184349298,"Protein"
"OID20383","Factor9",0.109839573502541,"Protein"
"OID21036","Factor9",0.0465911813080311,"Protein"
"OID20978","Factor9",-0.12170922011137,"Protein"
"OID20327","Factor9",-0.0187814496457577,"Protein"
"OID20958","Factor9",0.0267147198319435,"Protein"
"OID20252","Factor9",0.0193838346749544,"Protein"
"OID20642","Factor9",-0.073572002351284,"Protein"
"OID20205","Factor9",0.0935409739613533,"Protein"
"OID21248","Factor9",-0.0445097833871841,"Protein"
"OID21150","Factor9",-0.00951244961470366,"Protein"
"OID21111","Factor9",0.14775387942791,"Protein"
"OID21121","Factor9",-0.133623659610748,"Protein"
"OID20295","Factor9",-0.0266661681234837,"Protein"
"OID21281","Factor9",0.00249515729956329,"Protein"
"OID20650","Factor9",0.104555666446686,"Protein"
"OID20895","Factor9",0.0156449712812901,"Protein"
"OID20459","Factor9",0.181579485535622,"Protein"
"OID21457","Factor9",0.023571876809001,"Protein"
"OID20485","Factor9",0.0151190897449851,"Protein"
"OID20786","Factor9",-0.0878329500555992,"Protein"
"OID20859","Factor9",0.0533023625612259,"Protein"
"OID20298","Factor9",0.058642815798521,"Protein"
"OID21142","Factor9",0.0901804938912392,"Protein"
"OID20744","Factor9",0.0703679695725441,"Protein"
"OID20400","Factor9",0.0474015511572361,"Protein"
"OID20344","Factor9",0.094549372792244,"Protein"
"OID20107","Factor9",0.0505753755569458,"Protein"
"OID20762","Factor9",-0.224602580070496,"Protein"
"OID21128","Factor9",0.0893484801054001,"Protein"
"OID21313","Factor9",-0.112705759704113,"Protein"
"OID20985","Factor9",0.034092091023922,"Protein"
"OID21021","Factor9",0.0649369731545448,"Protein"
"OID21513","Factor9",0.0184678956866264,"Protein"
"OID21486","Factor9",0.0680978372693062,"Protein"
"OID20992","Factor9",0.140865862369537,"Protein"
"OID20508","Factor9",0.14802373945713,"Protein"
"OID20276","Factor9",-0.0629094019532204,"Protein"
"OID20975","Factor9",0.0861520320177078,"Protein"
"OID21125","Factor9",0.0357184186577797,"Protein"
"OID21448","Factor9",-0.056436762213707,"Protein"
"OID21477","Factor9",-0.0283017382025719,"Protein"
"OID21372","Factor9",0.0452688373625278,"Protein"
"OID20759","Factor9",0.0125913796946406,"Protein"
"OID21066","Factor9",0.179689586162567,"Protein"
"OID20536","Factor9",-0.209546014666557,"Protein"
"OID21198","Factor9",-0.146466299891472,"Protein"
"OID21427","Factor9",-0.0317694954574108,"Protein"
"OID21075","Factor9",0.0794777721166611,"Protein"
"OID20886","Factor9",-0.0663677453994751,"Protein"
"OID20674","Factor9",-0.0696616023778915,"Protein"
"OID21034","Factor9",-0.0399336852133274,"Protein"
"OID20749","Factor9",0.0496616512537003,"Protein"
"OID21328","Factor9",0.126003339886665,"Protein"
"OID20722","Factor9",-0.0112227192148566,"Protein"
"OID20617","Factor9",-0.0488567762076855,"Protein"
"OID21463","Factor9",-0.0158455185592175,"Protein"
"OID20226","Factor9",-0.0550378859043121,"Protein"
"OID20561","Factor9",0.0357136130332947,"Protein"
"OID21141","Factor9",0.0563442744314671,"Protein"
"OID20474","Factor9",-0.00107929832302034,"Protein"
"OID20999","Factor9",0.0614070892333984,"Protein"
"OID21304","Factor9",0.0627641379833221,"Protein"
"OID20552","Factor9",0.00502206990495324,"Protein"
"OID20961","Factor9",-0.210418477654457,"Protein"
"OID20197","Factor9",-0.111563749611378,"Protein"
"OID21481","Factor9",-0.0085726585239172,"Protein"
"OID21431","Factor9",-0.111339211463928,"Protein"
"OID20408","Factor9",0.0359324440360069,"Protein"
"OID20478","Factor9",-0.0547095723450184,"Protein"
"OID20782","Factor9",0.016857298091054,"Protein"
"OID20392","Factor9",0.0947490334510803,"Protein"
"OID20368","Factor9",-0.107882715761662,"Protein"
"OID20425","Factor9",-0.0499918051064014,"Protein"
"OID20522","Factor9",-0.136554479598999,"Protein"
"OID21112","Factor9",-0.203901499509811,"Protein"
"OID21522","Factor9",-0.0559764206409454,"Protein"
"OID20286","Factor9",0.00754583906382322,"Protein"
"OID20293","Factor9",0.115317970514297,"Protein"
"OID20966","Factor9",-0.100755885243416,"Protein"
"OID20308","Factor9",-0.0600727833807468,"Protein"
"OID20743","Factor9",-0.094384454190731,"Protein"
"OID21259","Factor9",-0.0838033109903336,"Protein"
"OID20496","Factor9",0.0246322005987167,"Protein"
"OID20839","Factor9",0.151636704802513,"Protein"
"OID21040","Factor9",-0.167431548237801,"Protein"
"OID21244","Factor9",-0.0267261359840631,"Protein"
"OID20641","Factor9",0.0398950688540936,"Protein"
"OID20783","Factor9",0.0451945140957832,"Protein"
"OID21445","Factor9",0.106371007859707,"Protein"
"OID20955","Factor9",-0.00240325857885182,"Protein"
"OID21310","Factor9",0.0693396627902985,"Protein"
"OID20996","Factor9",0.0121756894513965,"Protein"
"OID20543","Factor9",0.0781785771250725,"Protein"
"OID20669","Factor9",0.0113045172765851,"Protein"
"OID20587","Factor9",0.0128396544605494,"Protein"
"OID20379","Factor9",0.131189152598381,"Protein"
"OID20217","Factor9",-0.110539525747299,"Protein"
"OID20505","Factor9",-0.0910811573266983,"Protein"
"OID20085","Factor9",-0.0559724308550358,"Protein"
"OID20973","Factor9",0.0679438561201096,"Protein"
"OID20979","Factor9",-0.0330185145139694,"Protein"
"OID20666","Factor9",-0.0971864014863968,"Protein"
"OID20570","Factor9",-0.0890783667564392,"Protein"
"OID21041","Factor9",-0.0255804788321257,"Protein"
"OID21501","Factor9",0.0475284680724144,"Protein"
"OID20963","Factor9",-0.114951312541962,"Protein"
"OID21342","Factor9",-0.0503232777118683,"Protein"
"OID20144","Factor9",0.0468000136315823,"Protein"
"OID20887","Factor9",0.00455977255478501,"Protein"
"OID21454","Factor9",-0.0349644646048546,"Protein"
"OID20854","Factor9",-0.0856072381138802,"Protein"
"OID21087","Factor9",0.109779849648476,"Protein"
"OID20294","Factor9",0.0509166456758976,"Protein"
"OID20398","Factor9",-0.0835331082344055,"Protein"
"OID21444","Factor9",0.0238443706184626,"Protein"
"OID20630","Factor9",-0.149829179048538,"Protein"
"OID20247","Factor9",-0.148020789027214,"Protein"
"OID20378","Factor9",-0.169943869113922,"Protein"
"OID21295","Factor9",-0.039897695183754,"Protein"
"OID21193","Factor9",-0.0569953098893166,"Protein"
"OID20912","Factor9",0.0797077193856239,"Protein"
"OID21026","Factor9",-0.126816168427467,"Protein"
"OID20620","Factor9",-0.00804126355797052,"Protein"
"OID21179","Factor9",-0.0113645261153579,"Protein"
"OID20510","Factor9",-0.0759318545460701,"Protein"
"OID20653","Factor9",0.0880682095885277,"Protein"
"OID20980","Factor9",0.0162225216627121,"Protein"
"OID20655","Factor9",0.0360725335776806,"Protein"
"OID20623","Factor9",-0.0549987591803074,"Protein"
"OID20572","Factor9",0.0427002049982548,"Protein"
"OID20413","Factor9",0.0672177597880363,"Protein"
"OID20686","Factor9",-0.0226287934929132,"Protein"
"OID21133","Factor9",0.00199170783162117,"Protein"
"OID20695","Factor9",0.00311395805329084,"Protein"
"OID21246","Factor9",0.0273310896009207,"Protein"
"OID21215","Factor9",0.00396841904148459,"Protein"
"OID21129","Factor9",-0.154925599694252,"Protein"
"OID21324","Factor9",-0.0566289573907852,"Protein"
"OID20234","Factor9",-0.235544636845589,"Protein"
"OID20324","Factor9",0.000627692381385714,"Protein"
"OID21086","Factor9",0.0215935725718737,"Protein"
"OID21015","Factor9",0.0271381847560406,"Protein"
"OID20870","Factor9",-0.021379953250289,"Protein"
"OID20355","Factor9",-0.0647639185190201,"Protein"
"OID21068","Factor9",0.043971948325634,"Protein"
"OID20691","Factor9",0.0140589857473969,"Protein"
"OID21050","Factor9",-0.00299110193736851,"Protein"
"OID20622","Factor9",0.0397187918424606,"Protein"
"OID20962","Factor9",-0.100126661360264,"Protein"
"OID20604","Factor9",-0.350646436214447,"Protein"
"OID20404","Factor9",0.0187744051218033,"Protein"
"OID20223","Factor9",-0.107906624674797,"Protein"
"OID20534","Factor9",-0.107461132109165,"Protein"
"OID20106","Factor9",-0.0905444175004959,"Protein"
"OID20222","Factor9",0.0199056956917048,"Protein"
"OID20259","Factor9",0.07986731082201,"Protein"
"OID20766","Factor9",0.0422649532556534,"Protein"
"OID20216","Factor9",0.131356462836266,"Protein"
"OID20339","Factor9",0.123091608285904,"Protein"
"OID20232","Factor9",-0.0156999211758375,"Protein"
"OID20739","Factor9",-0.115571081638336,"Protein"
"OID20328","Factor9",-0.0402236878871918,"Protein"
"OID20768","Factor9",0.014749807305634,"Protein"
"OID20195","Factor9",0.130470916628838,"Protein"
"OID20445","Factor9",-0.0456129014492035,"Protein"
"OID20108","Factor9",-0.0400159955024719,"Protein"
"OID20500","Factor9",-0.121413804590702,"Protein"
"OID21145","Factor9",-0.103878132998943,"Protein"
"OID21216","Factor9",0.0024862103164196,"Protein"
"OID20731","Factor9",-0.0130427703261375,"Protein"
"OID20658","Factor9",0.0388246886432171,"Protein"
"OID20967","Factor9",0.023488549515605,"Protein"
"OID21235","Factor9",-0.0192996393889189,"Protein"
"OID21103","Factor9",0.189044803380966,"Protein"
"OID21005","Factor9",-0.0296644326299429,"Protein"
"OID21397","Factor9",0.106442615389824,"Protein"
"OID20151","Factor9",0.0345005169510841,"Protein"
"OID21490","Factor9",0.0345900245010853,"Protein"
"OID20832","Factor9",0.0713839679956436,"Protein"
"OID21493","Factor9",0.012095008045435,"Protein"
"OID21037","Factor9",-0.0703904181718826,"Protein"
"OID21229","Factor9",-0.00588545203208923,"Protein"
"OID20926","Factor9",0.0311881527304649,"Protein"
"OID21247","Factor9",-0.0105087077245116,"Protein"
"OID21083","Factor9",0.128884822130203,"Protein"
"OID20753","Factor9",0.0822983235120773,"Protein"
"OID20338","Factor9",0.146051540970802,"Protein"
"OID21192","Factor9",-0.0517797619104385,"Protein"
"OID21160","Factor9",0.0472085401415825,"Protein"
"OID21218","Factor9",-0.191151857376099,"Protein"
"OID20375","Factor9",0.0981522053480148,"Protein"
"OID20079","Factor9",0.0471256896853447,"Protein"
"OID21053","Factor9",0.0193420853465796,"Protein"
"OID20919","Factor9",0.0169372204691172,"Protein"
"OID20171","Factor9",-0.0210934486240149,"Protein"
"OID20693","Factor9",0.168579459190369,"Protein"
"OID20600","Factor9",0.0634124800562859,"Protein"
"OID20484","Factor9",-0.00453988136723638,"Protein"
"OID21058","Factor9",0.122451968491077,"Protein"
"OID20638","Factor9",-0.24176624417305,"Protein"
"OID21132","Factor9",0.0131638264283538,"Protein"
"OID20823","Factor9",-0.000718045572284609,"Protein"
"OID20917","Factor9",-0.0990778803825378,"Protein"
"OID20780","Factor9",-0.0796619802713394,"Protein"
"OID21384","Factor9",0.0598420314490795,"Protein"
"OID21441","Factor9",-0.121604599058628,"Protein"
"OID20751","Factor9",-0.00954084191471338,"Protein"
"OID21064","Factor9",0.0463625714182854,"Protein"
"OID21110","Factor9",0.0769293308258057,"Protein"
"OID20827","Factor9",0.0162200704216957,"Protein"
"OID21185","Factor9",-0.0209320839494467,"Protein"
"OID20091","Factor9",-0.0250814147293568,"Protein"
"OID20867","Factor9",-0.0513848774135113,"Protein"
"OID20677","Factor9",-0.0264441221952438,"Protein"
"OID20934","Factor9",0.116568140685558,"Protein"
"OID21271","Factor9",-0.000738295784685761,"Protein"
"OID20126","Factor9",0.0370184145867825,"Protein"
"OID21414","Factor9",-0.0821785852313042,"Protein"
"OID20333","Factor9",0.024802902713418,"Protein"
"OID20386","Factor9",0.13122795522213,"Protein"
"OID20418","Factor9",0.000907130830455571,"Protein"
"OID20872","Factor9",0.0398993194103241,"Protein"
"OID20261","Factor9",-0.218448773026466,"Protein"
"OID21227","Factor9",0.0261225327849388,"Protein"
"OID21010","Factor9",-0.0606084130704403,"Protein"
"OID20165","Factor9",0.0312141142785549,"Protein"
"OID20660","Factor9",-0.288298040628433,"Protein"
"OID20512","Factor9",0.0335562229156494,"Protein"
"OID20467","Factor9",0.0767508149147034,"Protein"
"OID20455","Factor9",0.00828371103852987,"Protein"
"OID20735","Factor9",-0.0925971791148186,"Protein"
"OID21001","Factor9",0.0362744741141796,"Protein"
"OID21137","Factor9",-0.00345127587206662,"Protein"
"OID20727","Factor9",-0.112998865544796,"Protein"
"OID21432","Factor9",0.0644312128424644,"Protein"
"OID20278","Factor9",-0.00574302766472101,"Protein"
"OID20167","Factor9",0.0585232377052307,"Protein"
"OID20188","Factor9",0.0219866465777159,"Protein"
"OID21480","Factor9",0.101186014711857,"Protein"
"OID20340","Factor9",0.0289136506617069,"Protein"
"OID20922","Factor9",0.0215789563953876,"Protein"
"OID21219","Factor9",-0.0113782668486238,"Protein"
"OID20228","Factor9",-0.102313719689846,"Protein"
"OID20771","Factor9",-0.0254783034324646,"Protein"
"OID20664","Factor9",0.144346252083778,"Protein"
"OID20930","Factor9",0.00678874645382166,"Protein"
"OID20237","Factor9",0.0347525402903557,"Protein"
"OID20770","Factor9",-0.125704020261765,"Protein"
"OID21275","Factor9",0.0647733211517334,"Protein"
"OID20240","Factor9",-0.0585527718067169,"Protein"
"OID21317","Factor9",-0.041205421090126,"Protein"
"OID20721","Factor9",-0.0556513778865337,"Protein"
"OID21008","Factor9",0.0136171029880643,"Protein"
"OID21201","Factor9",0.0165430977940559,"Protein"
"OID21220","Factor9",-0.0649716556072235,"Protein"
"OID20730","Factor9",-0.0198915973305702,"Protein"
"OID21114","Factor9",0.0314852073788643,"Protein"
"OID20709","Factor9",0.155176818370819,"Protein"
"OID20272","Factor9",-0.326364696025848,"Protein"
"OID20429","Factor9",-0.0643126964569092,"Protein"
"OID21283","Factor9",-0.053495142608881,"Protein"
"OID21355","Factor9",0.01399892475456,"Protein"
"OID21519","Factor9",-0.00755533203482628,"Protein"
"OID20096","Factor9",-0.239017739892006,"Protein"
"OID20940","Factor9",-0.0846339166164398,"Protein"
"OID20764","Factor9",0.0579687021672726,"Protein"
"OID20812","Factor9",-0.0432617999613285,"Protein"
"OID20673","Factor9",-0.0254685617983341,"Protein"
"OID21175","Factor9",0.0181486532092094,"Protein"
"OID21291","Factor9",0.0441776290535927,"Protein"
"OID20183","Factor9",-0.0525240376591682,"Protein"
"OID20113","Factor9",-0.0694027468562126,"Protein"
"OID21288","Factor9",0.031675111502409,"Protein"
"OID21470","Factor9",-0.00906610023230314,"Protein"
"OID20893","Factor9",-0.0887987241148949,"Protein"
"OID20191","Factor9",-0.00764369824901223,"Protein"
"OID20494","Factor9",0.0876002684235573,"Protein"
"OID20053","Factor9",-0.105987869203091,"Protein"
"OID21002","Factor9",-0.136194586753845,"Protein"
"OID20129","Factor9",0.00539344409480691,"Protein"
"OID20087","Factor9",0.0964493155479431,"Protein"
"OID20953","Factor9",0.0136884674429893,"Protein"
"OID20667","Factor9",0.0609676167368889,"Protein"
"OID20913","Factor9",-0.0113168600946665,"Protein"
"OID21465","Factor9",0.155611708760262,"Protein"
"OID20605","Factor9",0.0745744854211807,"Protein"
"OID20725","Factor9",-0.200342863798141,"Protein"
"OID20405","Factor9",-0.060184221714735,"Protein"
"OID20061","Factor9",-0.0243853237479925,"Protein"
"OID21018","Factor9",-0.0187443140894175,"Protein"
"OID20297","Factor9",0.0868421494960785,"Protein"
"OID21206","Factor9",-0.0138599695637822,"Protein"
"OID20239","Factor9",0.0644744485616684,"Protein"
"OID21398","Factor9",-0.0634093210101128,"Protein"
"OID21321","Factor9",0.126179024577141,"Protein"
"OID20456","Factor9",0.0769850015640259,"Protein"
"OID20976","Factor9",-0.17355552315712,"Protein"
"OID21209","Factor9",-0.0738895013928413,"Protein"
"OID20824","Factor9",0.0208759680390358,"Protein"
"OID20275","Factor9",0.0130812609568238,"Protein"
"OID21494","Factor9",-0.0349041298031807,"Protein"
"OID21299","Factor9",-0.0248000230640173,"Protein"
"OID20590","Factor9",0.101942531764507,"Protein"
"OID20384","Factor9",0.133572652935982,"Protein"
"OID21049","Factor9",0.0374162793159485,"Protein"
"OID20174","Factor9",0.105372071266174,"Protein"
"OID21067","Factor9",-0.0158412493765354,"Protein"
"OID20489","Factor9",-0.193068131804466,"Protein"
"OID21243","Factor9",-0.162707209587097,"Protein"
"OID21077","Factor9",0.0603062212467194,"Protein"
"OID21270","Factor9",0.0373224355280399,"Protein"
"OID21337","Factor9",-0.176125273108482,"Protein"
"OID20196","Factor9",-0.163573518395424,"Protein"
"OID20121","Factor9",0.00736581953242421,"Protein"
"OID21262","Factor9",0.0626284331083298,"Protein"
"OID20537","Factor9",0.0675287172198296,"Protein"
"OID20296","Factor9",-0.153322711586952,"Protein"
"OID21509","Factor9",-0.0600377917289734,"Protein"
"OID20921","Factor9",0.117491818964481,"Protein"
"OID21406","Factor9",-0.00200949516147375,"Protein"
"OID21084","Factor9",-0.189845353364944,"Protein"
"OID20951","Factor9",0.0260963588953018,"Protein"
"OID20491","Factor9",-0.124501146376133,"Protein"
"OID20777","Factor9",-0.050617728382349,"Protein"
"OID21472","Factor9",-0.0463828817009926,"Protein"
"OID20304","Factor9",-0.121629998087883,"Protein"
"OID21011","Factor9",-0.0424550920724869,"Protein"
"OID20488","Factor9",0.0141117554157972,"Protein"
"OID20155","Factor9",0.0617192685604095,"Protein"
"OID21171","Factor9",-0.0301818680018187,"Protein"
"OID20176","Factor9",-0.0477208234369755,"Protein"
"OID20540","Factor9",-0.0447493009269238,"Protein"
"OID21059","Factor9",-0.0457668378949165,"Protein"
"OID21401","Factor9",0.124326981604099,"Protein"
"OID20972","Factor9",-0.0832130536437035,"Protein"
"OID21162","Factor9",0.0335590839385986,"Protein"
"OID21063","Factor9",-0.150403693318367,"Protein"
"OID21435","Factor9",-0.200482964515686,"Protein"
"OID21316","Factor9",-0.0224735494703054,"Protein"
"OID21336","Factor9",0.00556740164756775,"Protein"
"OID21471","Factor9",-0.073801077902317,"Protein"
"OID20427","Factor9",-0.00924117956310511,"Protein"
"OID20750","Factor9",-0.24100686609745,"Protein"
"OID20763","Factor9",0.0501125790178776,"Protein"
"OID21331","Factor9",-0.0758322030305862,"Protein"
"OID20424","Factor9",-0.0948230624198914,"Protein"
"OID21046","Factor9",-0.0576218739151955,"Protein"
"OID21352","Factor9",-0.0402824059128761,"Protein"
"OID20792","Factor9",0.0293950587511063,"Protein"
"OID21027","Factor9",-0.0979652404785156,"Protein"
"OID20822","Factor9",-0.0734201297163963,"Protein"
"OID20680","Factor9",-0.050159003585577,"Protein"
"OID20329","Factor9",-0.124557852745056,"Protein"
"OID21170","Factor9",-0.0204538721591234,"Protein"
"OID20585","Factor9",0.0180962514132261,"Protein"
"OID20114","Factor9",-0.0484448075294495,"Protein"
"OID20557","Factor9",-0.0720319822430611,"Protein"
"OID20864","Factor9",-0.0393314845860004,"Protein"
"OID20077","Factor9",0.0464004576206207,"Protein"
"OID21315","Factor9",-0.289824098348618,"Protein"
"OID20382","Factor9",0.153443887829781,"Protein"
"OID20633","Factor9",-0.0502953417599201,"Protein"
"OID21238","Factor9",-0.0222697407007217,"Protein"
"OID20932","Factor9",-0.0762246623635292,"Protein"
"OID20694","Factor9",-0.119622111320496,"Protein"
"OID20264","Factor9",-0.250911593437195,"Protein"
"OID21524","Factor9",0.182948395609856,"Protein"
"OID21447","Factor9",-0.115514561533928,"Protein"
"OID21138","Factor9",-0.177051872014999,"Protein"
"OID21172","Factor9",-0.0563304238021374,"Protein"
"OID21389","Factor9",-0.0623253844678402,"Protein"
"OID21115","Factor9",0.0251836180686951,"Protein"
"OID20211","Factor9",-0.193258613348007,"Protein"
"OID20279","Factor9",-0.0725701376795769,"Protein"
"OID20569","Factor9",-0.115030653774738,"Protein"
"OID20142","Factor9",-0.11660660803318,"Protein"
"OID20613","Factor9",-0.105519443750381,"Protein"
"OID20710","Factor9",0.0293558724224567,"Protein"
"OID20807","Factor9",-0.0506985634565353,"Protein"
"OID20713","Factor9",-0.0378423556685448,"Protein"
"OID20148","Factor9",-0.20397187769413,"Protein"
"OID20632","Factor9",0.0144148152321577,"Protein"
"OID21438","Factor9",-0.0440266355872154,"Protein"
"OID21440","Factor9",-0.111996293067932,"Protein"
"OID20549","Factor9",0.0793832466006279,"Protein"
"OID20115","Factor9",-0.0196458604186773,"Protein"
"OID21241","Factor9",-0.0436874590814114,"Protein"
"OID21529","Factor9",-0.0495457239449024,"Protein"
"OID21374","Factor9",0.11611071228981,"Protein"
"OID20154","Factor9",0.0321949571371078,"Protein"
"OID20480","Factor9",0.0492517948150635,"Protein"
"OID20767","Factor9",0.0318733789026737,"Protein"
"OID21135","Factor9",-0.150478214025497,"Protein"
"OID20320","Factor9",0.0275652818381786,"Protein"
"OID20242","Factor9",-0.0461495332419872,"Protein"
"OID20602","Factor9",0.0267893597483635,"Protein"
"OID20282","Factor9",-0.055272214114666,"Protein"
"OID21189","Factor9",-0.0334191396832466,"Protein"
"OID20652","Factor9",-0.105345733463764,"Protein"
"OID20454","Factor9",0.0121488943696022,"Protein"
"OID20302","Factor9",-0.0491453073918819,"Protein"
"OID20676","Factor9",-0.185699686408043,"Protein"
"OID21079","Factor9",0.136650562286377,"Protein"
"OID20828","Factor9",0.00367416348308325,"Protein"
"OID21423","Factor9",-0.185573920607567,"Protein"
"OID20535","Factor9",0.103655107319355,"Protein"
"OID21344","Factor9",0.013328280299902,"Protein"
"OID20451","Factor9",-0.0657569542527199,"Protein"
"OID21278","Factor9",-0.0835466086864471,"Protein"
"OID20070","Factor9",0.0218306500464678,"Protein"
"OID20529","Factor9",-0.133583456277847,"Protein"
"OID20314","Factor9",-0.0393744185566902,"Protein"
"OID21346","Factor9",-0.113111466169357,"Protein"
"OID20476","Factor9",-0.00122643692884594,"Protein"
"OID20765","Factor9",0.0994880720973015,"Protein"
"OID20915","Factor9",-0.0843474343419075,"Protein"
"OID20538","Factor9",-0.213560581207275,"Protein"
"OID21360","Factor9",-0.12812303006649,"Protein"
"OID20562","Factor9",-0.102058723568916,"Protein"
"OID21405","Factor9",-0.0276014152914286,"Protein"
"OID20774","Factor9",-0.0590677671134472,"Protein"
"OID20661","Factor9",-0.124303266406059,"Protein"
"OID20639","Factor9",-0.106668882071972,"Protein"
"OID20267","Factor9",0.0574002303183079,"Protein"
"OID20936","Factor9",0.0980713814496994,"Protein"
"OID21433","Factor9",0.0114999338984489,"Protein"
"OID20804","Factor9",0.0052791079506278,"Protein"
"OID21152","Factor9",-0.0358438491821289,"Protein"
"OID20084","Factor9",-0.0578348152339458,"Protein"
"OID20881","Factor9",-0.00531790684908628,"Protein"
"OID20612","Factor9",-0.241193816065788,"Protein"
"OID21460","Factor9",-0.0701685771346092,"Protein"
"OID20316","Factor9",-0.0388251282274723,"Protein"
"OID20373","Factor9",0.0279916003346443,"Protein"
"OID21174","Factor9",-0.121950730681419,"Protein"
"OID20140","Factor9",-0.0401895977556705,"Protein"
"OID20781","Factor9",-0.26236629486084,"Protein"
"OID20811","Factor9",0.00386389554478228,"Protein"
"OID20497","Factor9",0.00142830482218415,"Protein"
"OID21407","Factor9",0.0344460122287273,"Protein"
"OID20547","Factor9",-0.195045590400696,"Protein"
"OID20857","Factor9",-0.00742362579330802,"Protein"
"OID20401","Factor9",0.229941084980965,"Protein"
"OID21517","Factor9",-0.00323788519017398,"Protein"
"OID20530","Factor9",-0.0569734387099743,"Protein"
"OID21236","Factor9",-0.0171171855181456,"Protein"
"OID21412","Factor9",0.010435352101922,"Protein"
"OID20391","Factor9",-0.0102523881942034,"Protein"
"OID20458","Factor9",0.0162202753126621,"Protein"
"OID21404","Factor9",-0.0515885427594185,"Protein"
"OID21394","Factor9",-0.162038296461105,"Protein"
"OID21514","Factor9",-0.200440794229507,"Protein"
"OID20662","Factor9",-0.00753178587183356,"Protein"
"OID21286","Factor9",-0.021761205047369,"Protein"
"OID20884","Factor9",-0.0479643158614635,"Protein"
"OID21456","Factor9",-0.0667784065008163,"Protein"
"OID21196","Factor9",0.00813421234488487,"Protein"
"OID20599","Factor9",-0.100399486720562,"Protein"
"OID21134","Factor9",-0.00927796773612499,"Protein"
"OID20690","Factor9",-0.383077055215836,"Protein"
"OID20720","Factor9",0.0888654664158821,"Protein"
"OID20581","Factor9",-0.171499639749527,"Protein"
"OID20848","Factor9",-0.15149974822998,"Protein"
"OID21339","Factor9",-0.112597309052944,"Protein"
"OID20394","Factor9",0.00873309466987848,"Protein"
"OID20888","Factor9",-0.0500284023582935,"Protein"
"OID20290","Factor9",-0.0290082562714815,"Protein"
"OID20362","Factor9",-0.187575444579124,"Protein"
"OID21055","Factor9",-0.187529951334,"Protein"
"OID20071","Factor9",-0.0230797156691551,"Protein"
"OID20941","Factor9",-0.233275920152664,"Protein"
"OID21468","Factor9",-0.206606045365334,"Protein"
"OID20878","Factor9",-0.0187240689992905,"Protein"
"OID20834","Factor9",0.033287413418293,"Protein"
"OID20414","Factor9",-0.00472733099013567,"Protein"
"OID21359","Factor9",-0.0677207931876183,"Protein"
"OID20702","Factor9",0.0539621114730835,"Protein"
"OID21161","Factor9",0.151175260543823,"Protein"
"OID20168","Factor9",-0.0389069579541683,"Protein"
"OID21301","Factor9",-0.0809056833386421,"Protein"
"OID20556","Factor9",0.00593979330733418,"Protein"
"OID21231","Factor9",0.0126984380185604,"Protein"
"OID20525","Factor9",0.03103700093925,"Protein"
"OID20806","Factor9",0.0490409210324287,"Protein"
"OID20502","Factor9",-0.0807385295629501,"Protein"
"OID20332","Factor9",0.0943731069564819,"Protein"
"OID20668","Factor9",-0.0474519096314907,"Protein"
"OID20208","Factor9",-0.174240827560425,"Protein"
"OID20265","Factor9",0.127211034297943,"Protein"
"OID21400","Factor9",0.0724150165915489,"Protein"
"OID21518","Factor9",-0.00214285007677972,"Protein"
"OID20348","Factor9",-0.220673710107803,"Protein"
"OID20447","Factor9",0.00799684226512909,"Protein"
"OID20566","Factor9",-0.0146197788417339,"Protein"
"OID21318","Factor9",0.0865828469395638,"Protein"
"OID20352","Factor9",0.0573777481913567,"Protein"
"OID20442","Factor9",-0.143411755561829,"Protein"
"OID21458","Factor9",0.0439341217279434,"Protein"
"OID20473","Factor9",-0.138863667845726,"Protein"
"OID21147","Factor9",0.165453493595123,"Protein"
"OID20855","Factor9",0.0146448351442814,"Protein"
"OID21122","Factor9",0.0610285587608814,"Protein"
"OID21023","Factor9",-0.0639790073037148,"Protein"
"OID20493","Factor9",0.00913373567163944,"Protein"
"OID20852","Factor9",0.0396857187151909,"Protein"
"OID21429","Factor9",-0.144092157483101,"Protein"
"OID21102","Factor9",0.0318461433053017,"Protein"
"OID20629","Factor9",-0.0600963532924652,"Protein"
"OID21070","Factor9",0.178825035691261,"Protein"
"OID20281","Factor9",-0.123391143977642,"Protein"
"OID20651","Factor9",-0.0538787133991718,"Protein"
"OID21228","Factor9",-0.108188599348068,"Protein"
"OID20393","Factor9",0.0495637319982052,"Protein"
"OID20624","Factor9",0.0195737183094025,"Protein"
"OID21090","Factor9",-0.0285351369529963,"Protein"
"OID21096","Factor9",-0.139175325632095,"Protein"
"OID21194","Factor9",0.0483603775501251,"Protein"
"OID20410","Factor9",-0.0320479422807693,"Protein"
"OID21525","Factor9",-0.0992958322167397,"Protein"
"OID20229","Factor9",-0.162634819746017,"Protein"
"OID20185","Factor9",-0.0225687474012375,"Protein"
"OID20131","Factor9",0.00108337693382055,"Protein"
"OID20719","Factor9",-0.249099507927895,"Protein"
"OID20974","Factor9",0.026612788438797,"Protein"
"OID20170","Factor9",-0.192218646407127,"Protein"
"OID20231","Factor9",-0.00350163993425667,"Protein"
"OID20897","Factor9",-0.03941635414958,"Protein"
"OID21526","Factor9",0.0115608628839254,"Protein"
"OID20416","Factor9",-0.090292364358902,"Protein"
"OID20654","Factor9",-0.281731009483337,"Protein"
"OID20236","Factor9",-0.0637664347887039,"Protein"
"OID21165","Factor9",-0.158082291483879,"Protein"
"OID21424","Factor9",-0.0565268062055111,"Protein"
"OID21308","Factor9",0.0321769006550312,"Protein"
"OID20388","Factor9",0.083224706351757,"Protein"
"OID20994","Factor9",-0.115600362420082,"Protein"
"OID20747","Factor9",0.0903923436999321,"Protein"
"OID20346","Factor9",0.0956389904022217,"Protein"
"OID21362","Factor9",0.0380538776516914,"Protein"
"OID21345","Factor9",-0.0255549419671297,"Protein"
"OID20621","Factor9",0.0737952962517738,"Protein"
"OID20076","Factor9",0.0115629229694605,"Protein"
"OID21303","Factor9",-0.0818154141306877,"Protein"
"OID20835","Factor9",0.0721768513321877,"Protein"
"OID20948","Factor9",-0.115298680961132,"Protein"
"OID20565","Factor9",-0.0356186702847481,"Protein"
"OID20397","Factor9",-0.0217064339667559,"Protein"
"OID20235","Factor9",0.00261027133092284,"Protein"
"OID20255","Factor9",-0.0264574978500605,"Protein"
"OID20367","Factor9",-0.0501824095845222,"Protein"
"OID20982","Factor9",0.021898927167058,"Protein"
"OID20611","Factor9",-0.275734305381775,"Protein"
"OID20706","Factor9",-0.0682195723056793,"Protein"
"OID20773","Factor9",-0.133448332548141,"Protein"
"OID20270","Factor9",0.0642926096916199,"Protein"
"OID20199","Factor9",-0.0426627136766911,"Protein"
"OID20377","Factor9",0.0435779914259911,"Protein"
"OID20555","Factor9",-0.0341066271066666,"Protein"
"OID21240","Factor9",-0.0417618006467819,"Protein"
"OID21130","Factor9",0.077711395919323,"Protein"
"OID21028","Factor9",-0.158639132976532,"Protein"
"OID20531","Factor9",0.00778935709968209,"Protein"
"OID20130","Factor9",-0.0859541520476341,"Protein"
"OID20133","Factor9",-0.120389267802238,"Protein"
"OID20481","Factor9",0.0688306614756584,"Protein"
"OID20238","Factor9",-0.0131581919267774,"Protein"
"OID20358","Factor9",-0.0987768694758415,"Protein"
"OID21322","Factor9",-0.102331854403019,"Protein"
"OID20194","Factor9",-0.00352650205604732,"Protein"
"OID20353","Factor9",-0.0138856517150998,"Protein"
"OID20145","Factor9",0.0708207488059998,"Protein"
"OID20132","Factor9",-0.173993334174156,"Protein"
"OID21353","Factor9",-0.0213280115276575,"Protein"
"OID21230","Factor9",0.00721924193203449,"Protein"
"OID20513","Factor9",0.0701284557580948,"Protein"
"OID20082","Factor9",-0.090445801615715,"Protein"
"OID21136","Factor9",0.00992090255022049,"Protein"
"OID20380","Factor9",0.00784000661224127,"Protein"
"OID20914","Factor9",-0.0911348387598991,"Protein"
"OID20204","Factor9",0.0683582350611687,"Protein"
"OID20637","Factor9",-0.0226222351193428,"Protein"
"OID20464","Factor9",0.0960951000452042,"Protein"
"OID20957","Factor9",-0.131885081529617,"Protein"
"OID21052","Factor9",-0.0692794322967529,"Protein"
"OID20213","Factor9",0.0386499091982841,"Protein"
"OID21366","Factor9",-0.154765844345093,"Protein"
"OID20733","Factor9",-0.117445640265942,"Protein"
"OID21252","Factor9",0.0278851520270109,"Protein"
"OID20755","Factor9",-0.263750553131104,"Protein"
"OID20360","Factor9",0.000248498108703643,"Protein"
"OID20172","Factor9",-0.06590486317873,"Protein"
"OID21474","Factor9",-0.149270579218864,"Protein"
"OID20337","Factor9",-0.0848958045244217,"Protein"
"OID20487","Factor9",-0.0414652414619923,"Protein"
"OID20374","Factor9",0.060638640075922,"Protein"
"OID20754","Factor9",-0.00118643091991544,"Protein"
"OID20575","Factor9",-0.25303253531456,"Protein"
"OID20909","Factor9",0.0821688324213028,"Protein"
"OID20626","Factor9",0.0274240262806416,"Protein"
"OID20396","Factor9",-0.220276907086372,"Protein"
"OID20462","Factor9",-0.0812610313296318,"Protein"
"OID20775","Factor10",-0.00209794146940112,"Protein"
"OID20984","Factor10",0.00686187297105789,"Protein"
"OID20083","Factor10",0.00762140890583396,"Protein"
"OID21402","Factor10",0.00328010157682002,"Protein"
"OID20911","Factor10",0.00744943413883448,"Protein"
"OID20850","Factor10",0.00956858415156603,"Protein"
"OID20101","Factor10",0.00856061745434999,"Protein"
"OID21140","Factor10",0.0118765849620104,"Protein"
"OID20563","Factor10",0.00667881453409791,"Protein"
"OID20125","Factor10",-0.000949316716287285,"Protein"
"OID21485","Factor10",-0.00761669361963868,"Protein"
"OID21276","Factor10",0.00720932334661484,"Protein"
"OID20594","Factor10",0.005553990136832,"Protein"
"OID20779","Factor10",0.0183731559664011,"Protein"
"OID20983","Factor10",-0.00308601930737495,"Protein"
"OID20643","Factor10",0.00617208983749151,"Protein"
"OID20049","Factor10",-0.00568291498348117,"Protein"
"OID20312","Factor10",-0.00200333259999752,"Protein"
"OID20246","Factor10",0.00557505013421178,"Protein"
"OID20495","Factor10",0.0054972511716187,"Protein"
"OID21031","Factor10",-0.000542535213753581,"Protein"
"OID20778","Factor10",-0.000290921627311036,"Protein"
"OID20127","Factor10",0.00497228279709816,"Protein"
"OID20274","Factor10",0.00849989149719477,"Protein"
"OID21373","Factor10",-0.00356067111715674,"Protein"
"OID20559","Factor10",0.00369275663979352,"Protein"
"OID20218","Factor10",-0.00575195951387286,"Protein"
"OID20263","Factor10",-0.0169590692967176,"Protein"
"OID21489","Factor10",0.0084864292293787,"Protein"
"OID20219","Factor10",0.00531127257272601,"Protein"
"OID20192","Factor10",-0.00428487686440349,"Protein"
"OID20896","Factor10",-0.012340503744781,"Protein"
"OID20399","Factor10",-0.00379838957451284,"Protein"
"OID21297","Factor10",-0.00674493052065372,"Protein"
"OID21348","Factor10",0.00283843232318759,"Protein"
"OID20593","Factor10",-0.00337359984405339,"Protein"
"OID21395","Factor10",0.00143517460674047,"Protein"
"OID21507","Factor10",0.00778825487941504,"Protein"
"OID20729","Factor10",-0.000655459705740213,"Protein"
"OID20220","Factor10",-0.004888073541224,"Protein"
"OID21411","Factor10",-0.000206745680770837,"Protein"
"OID21387","Factor10",0.00084449932910502,"Protein"
"OID20266","Factor10",0.00496700638905168,"Protein"
"OID21461","Factor10",0.0138912051916122,"Protein"
"OID21475","Factor10",-0.00162197044119239,"Protein"
"OID20671","Factor10",0.00560638448223472,"Protein"
"OID20950","Factor10",0.00943505764007568,"Protein"
"OID20206","Factor10",0.0100773852318525,"Protein"
"OID21250","Factor10",-0.0151295708492398,"Protein"
"OID20579","Factor10",-0.00347646535374224,"Protein"
"OID20761","Factor10",0.00890569109469652,"Protein"
"OID20711","Factor10",0.0125607689842582,"Protein"
"OID20707","Factor10",0.00664562731981277,"Protein"
"OID20760","Factor10",0.00462041795253754,"Protein"
"OID20672","Factor10",0.00647495407611132,"Protein"
"OID21277","Factor10",-0.00806870590895414,"Protein"
"OID20169","Factor10",-0.00707279425114393,"Protein"
"OID20524","Factor10",-0.00757808052003384,"Protein"
"OID20523","Factor10",0.00696790404617786,"Protein"
"OID20544","Factor10",0.00328966183587909,"Protein"
"OID21047","Factor10",-0.00110049953218549,"Protein"
"OID20258","Factor10",-0.0023757154121995,"Protein"
"OID20112","Factor10",-0.0164520982652903,"Protein"
"OID20993","Factor10",0.00617849035188556,"Protein"
"OID20656","Factor10",0.0123119978234172,"Protein"
"OID20863","Factor10",-0.00794182438403368,"Protein"
"OID20640","Factor10",0.0168975405395031,"Protein"
"OID20596","Factor10",-0.00310903391800821,"Protein"
"OID20625","Factor10",0.000462976866401732,"Protein"
"OID21097","Factor10",-0.00450472673401237,"Protein"
"OID20166","Factor10",0.00670542055740952,"Protein"
"OID21306","Factor10",-0.00100458122324198,"Protein"
"OID21176","Factor10",0.00701092137023807,"Protein"
"OID21118","Factor10",0.0133364098146558,"Protein"
"OID21332","Factor10",0.0063069611787796,"Protein"
"OID20551","Factor10",-0.0040694079361856,"Protein"
"OID20856","Factor10",0.0130893616005778,"Protein"
"OID20918","Factor10",-0.00820911023765802,"Protein"
"OID21420","Factor10",0.0097257113084197,"Protein"
"OID20875","Factor10",-0.00589354196563363,"Protein"
"OID21378","Factor10",-0.00671286741271615,"Protein"
"OID21506","Factor10",-0.00375872757285833,"Protein"
"OID21459","Factor10",0.00151449756231159,"Protein"
"OID20075","Factor10",-0.00115748657844961,"Protein"
"OID21505","Factor10",-0.00591334514319897,"Protein"
"OID20698","Factor10",0.0245715864002705,"Protein"
"OID20271","Factor10",-0.00929895415902138,"Protein"
"OID20717","Factor10",0.0103361755609512,"Protein"
"OID20050","Factor10",-0.00434602098539472,"Protein"
"OID20090","Factor10",0.000332169758621603,"Protein"
"OID20627","Factor10",0.0151177924126387,"Protein"
"OID20908","Factor10",-0.0102878324687481,"Protein"
"OID20741","Factor10",0.0127957668155432,"Protein"
"OID20519","Factor10",0.00416978634893894,"Protein"
"OID20138","Factor10",-0.0100036924704909,"Protein"
"OID20095","Factor10",-0.011451686732471,"Protein"
"OID20689","Factor10",-0.0100974999368191,"Protein"
"OID20203","Factor10",0.0029859091155231,"Protein"
"OID20541","Factor10",0.000978858442977071,"Protein"
"OID20742","Factor10",0.00286521972157061,"Protein"
"OID20554","Factor10",0.00394235923886299,"Protein"
"OID21319","Factor10",-0.00833635311573744,"Protein"
"OID20415","Factor10",0.00656756153330207,"Protein"
"OID21521","Factor10",0.00569172529503703,"Protein"
"OID20925","Factor10",-0.0119489319622517,"Protein"
"OID21204","Factor10",9.66524821706116e-05,"Protein"
"OID20938","Factor10",0.0134427864104509,"Protein"
"OID20577","Factor10",-0.00393151119351387,"Protein"
"OID21029","Factor10",-0.00301858363673091,"Protein"
"OID20364","Factor10",-0.00286019663326442,"Protein"
"OID21408","Factor10",-0.0111128520220518,"Protein"
"OID20788","Factor10",0.0129062049090862,"Protein"
"OID21469","Factor10",0.00500174425542355,"Protein"
"OID20899","Factor10",-0.0100650945678353,"Protein"
"OID20952","Factor10",-0.0106038860976696,"Protein"
"OID21078","Factor10",-0.00517160212621093,"Protein"
"OID20187","Factor10",-0.0132744200527668,"Protein"
"OID20475","Factor10",0.00646173115819693,"Protein"
"OID20616","Factor10",0.0290967114269733,"Protein"
"OID21069","Factor10",-0.00914863124489784,"Protein"
"OID20772","Factor10",0.0045584817416966,"Protein"
"OID20684","Factor10",0.00119865592569113,"Protein"
"OID20230","Factor10",-0.00366376712918282,"Protein"
"OID21451","Factor10",-0.00721141416579485,"Protein"
"OID20916","Factor10",-0.00203331070952117,"Protein"
"OID21158","Factor10",-0.00144010793883353,"Protein"
"OID20182","Factor10",0.00377548229880631,"Protein"
"OID21307","Factor10",-0.0114805502817035,"Protein"
"OID20412","Factor10",0.0106460424140096,"Protein"
"OID21226","Factor10",0.000241109475609846,"Protein"
"OID21391","Factor10",0.00113367103040218,"Protein"
"OID20615","Factor10",-0.00540764350444078,"Protein"
"OID21224","Factor10",-0.0106192482635379,"Protein"
"OID20158","Factor10",-0.00473609287291765,"Protein"
"OID20582","Factor10",-0.00176953547634184,"Protein"
"OID20816","Factor10",-0.00690890057012439,"Protein"
"OID20937","Factor10",-0.00863319076597691,"Protein"
"OID21376","Factor10",-0.00128505879547447,"Protein"
"OID20681","Factor10",0.00577545864507556,"Protein"
"OID20251","Factor10",-0.014210756868124,"Protein"
"OID21350","Factor10",-0.00691829575225711,"Protein"
"OID21263","Factor10",-0.00472030276432633,"Protein"
"OID21149","Factor10",-0.0018469657516107,"Protein"
"OID20207","Factor10",0.0153195429593325,"Protein"
"OID21282","Factor10",-0.00597043009474874,"Protein"
"OID21269","Factor10",0.00141761766280979,"Protein"
"OID21309","Factor10",-0.0135075831785798,"Protein"
"OID20959","Factor10",0.00296223303303123,"Protein"
"OID21508","Factor10",0.00865330547094345,"Protein"
"OID21292","Factor10",-0.000631191243883222,"Protein"
"OID20697","Factor10",0.011022275313735,"Protein"
"OID20588","Factor10",-0.000667155429255217,"Protein"
"OID21422","Factor10",-0.00991856772452593,"Protein"
"OID20910","Factor10",0.000705892744008452,"Protein"
"OID20175","Factor10",0.00175566610414535,"Protein"
"OID21383","Factor10",-0.00482840044423938,"Protein"
"OID21082","Factor10",-0.0104978205636144,"Protein"
"OID20965","Factor10",-5.6829256209312e-05,"Protein"
"OID20225","Factor10",-0.0035642518196255,"Protein"
"OID20245","Factor10",-0.00196112412959337,"Protein"
"OID21033","Factor10",-0.00797703396528959,"Protein"
"OID20558","Factor10",0.00699799647554755,"Protein"
"OID20871","Factor10",-0.0126552619040012,"Protein"
"OID21144","Factor10",-0.0127554377540946,"Protein"
"OID20322","Factor10",0.0188416764140129,"Protein"
"OID21347","Factor10",-0.0171180758625269,"Protein"
"OID21296","Factor10",0.00134285911917686,"Protein"
"OID20971","Factor10",-0.000900097016710788,"Protein"
"OID21294","Factor10",-0.011213967576623,"Protein"
"OID20737","Factor10",0.0131561225280166,"Protein"
"OID20847","Factor10",-0.00934852939099073,"Protein"
"OID21003","Factor10",-0.00470149563625455,"Protein"
"OID20553","Factor10",-0.00776068679988384,"Protein"
"OID20977","Factor10",0.00896627642214298,"Protein"
"OID21154","Factor10",-0.00893596187233925,"Protein"
"OID21512","Factor10",0.000322304986184463,"Protein"
"OID20704","Factor10",0.00393051514402032,"Protein"
"OID20644","Factor10",0.00386050995439291,"Protein"
"OID20964","Factor10",0.0116752292960882,"Protein"
"OID20117","Factor10",0.00880228076130152,"Protein"
"OID21019","Factor10",0.0131846154108644,"Protein"
"OID20688","Factor10",-0.0137593494728208,"Protein"
"OID20700","Factor10",0.00643971981480718,"Protein"
"OID21287","Factor10",0.00594596518203616,"Protein"
"OID20548","Factor10",-0.00612827809527516,"Protein"
"OID21061","Factor10",0.00865605473518372,"Protein"
"OID20477","Factor10",0.0151153868064284,"Protein"
"OID20787","Factor10",-0.0189705193042755,"Protein"
"OID20292","Factor10",-0.0016161969397217,"Protein"
"OID20431","Factor10",-0.000731433392502367,"Protein"
"OID20714","Factor10",-0.00195538299158216,"Protein"
"OID20110","Factor10",0.00083000079030171,"Protein"
"OID20740","Factor10",0.0133972689509392,"Protein"
"OID21123","Factor10",-0.00175572384614497,"Protein"
"OID20105","Factor10",-0.0151865277439356,"Protein"
"OID20326","Factor10",0.00634045153856277,"Protein"
"OID21314","Factor10",-0.0073543032631278,"Protein"
"OID20795","Factor10",0.00371373863890767,"Protein"
"OID21320","Factor10",-0.00350296893157065,"Protein"
"OID20325","Factor10",0.00836091488599777,"Protein"
"OID20511","Factor10",0.00294663570821285,"Protein"
"OID20903","Factor10",0.00417261710390449,"Protein"
"OID21511","Factor10",0.0134210614487529,"Protein"
"OID21222","Factor10",-0.00142394320573658,"Protein"
"OID20086","Factor10",-0.00109701615292579,"Protein"
"OID20515","Factor10",-0.00953113753348589,"Protein"
"OID20214","Factor10",-0.00342197879217565,"Protein"
"OID20305","Factor10",0.00280610541813076,"Protein"
"OID21356","Factor10",0.00477585010230541,"Protein"
"OID20981","Factor10",-0.00312237092293799,"Protein"
"OID21363","Factor10",-0.0130061414092779,"Protein"
"OID21455","Factor10",0.00091456068912521,"Protein"
"OID20334","Factor10",0.000607736816164106,"Protein"
"OID20139","Factor10",0.00193426804617047,"Protein"
"OID21156","Factor10",-0.000494807667564601,"Protein"
"OID20227","Factor10",0.00745389377698302,"Protein"
"OID20814","Factor10",0.00433013681322336,"Protein"
"OID20745","Factor10",0.00547969387844205,"Protein"
"OID20683","Factor10",-0.0111153777688742,"Protein"
"OID21211","Factor10",-0.00387083040550351,"Protein"
"OID20723","Factor10",0.00673967320472002,"Protein"
"OID20900","Factor10",-0.00831687543541193,"Protein"
"OID21453","Factor10",0.0143392505124211,"Protein"
"OID20177","Factor10",-0.00256853108294308,"Protein"
"OID20526","Factor10",-0.015852015465498,"Protein"
"OID20146","Factor10",-0.00103398971259594,"Protein"
"OID21357","Factor10",-0.000719977484550327,"Protein"
"OID20545","Factor10",0.0112177208065987,"Protein"
"OID20685","Factor10",-0.0148938447237015,"Protein"
"OID20200","Factor10",-0.00222628540359437,"Protein"
"OID21467","Factor10",-0.0155444070696831,"Protein"
"OID21000","Factor10",0.00101197371259332,"Protein"
"OID20244","Factor10",-0.0100573776289821,"Protein"
"OID20250","Factor10",-0.00202136998996139,"Protein"
"OID20280","Factor10",-0.00399406021460891,"Protein"
"OID21450","Factor10",0.00217740028165281,"Protein"
"OID20409","Factor10",-0.00866756495088339,"Protein"
"OID21417","Factor10",0.0134559189900756,"Protein"
"OID20943","Factor10",0.00492952112108469,"Protein"
"OID20724","Factor10",0.013772520236671,"Protein"
"OID20201","Factor10",-0.0110679883509874,"Protein"
"OID21205","Factor10",-0.00490813422948122,"Protein"
"OID20987","Factor10",-0.00890061445534229,"Protein"
"OID20646","Factor10",0.0110312644392252,"Protein"
"OID21323","Factor10",-0.0037060366012156,"Protein"
"OID20997","Factor10",0.00274943979457021,"Protein"
"OID21030","Factor10",-0.00549150863662362,"Protein"
"OID21462","Factor10",-0.006250343285501,"Protein"
"OID20483","Factor10",-0.00126081670168787,"Protein"
"OID20149","Factor10",0.00284831505268812,"Protein"
"OID21499","Factor10",0.00340376887470484,"Protein"
"OID20682","Factor10",-0.0112672541290522,"Protein"
"OID20868","Factor10",-0.00334652699530125,"Protein"
"OID20574","Factor10",0.0074275815859437,"Protein"
"OID21151","Factor10",0.011411726474762,"Protein"
"OID20472","Factor10",-0.00948585942387581,"Protein"
"OID20675","Factor10",0.0085266437381506,"Protein"
"OID20436","Factor10",0.00819263141602278,"Protein"
"OID20184","Factor10",0.00665504299104214,"Protein"
"OID21060","Factor10",0.00206371978856623,"Protein"
"OID21367","Factor10",-0.00645257020369172,"Protein"
"OID20178","Factor10",-0.003917729947716,"Protein"
"OID21375","Factor10",-0.00501287262886763,"Protein"
"OID21430","Factor10",0.00352274323813617,"Protein"
"OID21312","Factor10",-0.0156950205564499,"Protein"
"OID21380","Factor10",-0.00428855372592807,"Protein"
"OID20421","Factor10",-0.00154289102647454,"Protein"
"OID21326","Factor10",0.00442302506417036,"Protein"
"OID20631","Factor10",0.00379143911413848,"Protein"
"OID20097","Factor10",0.00219465349800885,"Protein"
"OID20758","Factor10",0.0202677175402641,"Protein"
"OID21482","Factor10",-0.00798195879906416,"Protein"
"OID20371","Factor10",-0.0120558142662048,"Protein"
"OID21415","Factor10",0.00769477523863316,"Protein"
"OID21527","Factor10",-0.0118196038529277,"Protein"
"OID20233","Factor10",-0.00365419196896255,"Protein"
"OID21016","Factor10",0.00122571131214499,"Protein"
"OID21284","Factor10",-0.000120829419756774,"Protein"
"OID21143","Factor10",0.00175024103373289,"Protein"
"OID21022","Factor10",0.00816969014704227,"Protein"
"OID20865","Factor10",-0.00161833502352238,"Protein"
"OID21311","Factor10",-0.00573491817340255,"Protein"
"OID20342","Factor10",0.0132777690887451,"Protein"
"OID20309","Factor10",-0.00321564450860023,"Protein"
"OID20546","Factor10",0.0108584677800536,"Protein"
"OID21099","Factor10",-0.00411222642287612,"Protein"
"OID20135","Factor10",-0.00395702058449388,"Protein"
"OID21476","Factor10",0.00962653569877148,"Protein"
"OID20359","Factor10",-0.00408862857148051,"Protein"
"OID20601","Factor10",-0.0100908800959587,"Protein"
"OID21104","Factor10",-0.000321332860039547,"Protein"
"OID20756","Factor10",0.0197583492845297,"Protein"
"OID21439","Factor10",0.00376232876442373,"Protein"
"OID21399","Factor10",-0.00582675635814667,"Protein"
"OID21043","Factor10",0.00302580278366804,"Protein"
"OID20609","Factor10",-0.00273025711067021,"Protein"
"OID20289","Factor10",-0.00336787290871143,"Protein"
"OID21101","Factor10",0.0052515072748065,"Protein"
"OID21014","Factor10",-0.00254177744500339,"Protein"
"OID21249","Factor10",-0.0027275497559458,"Protein"
"OID21446","Factor10",0.0167983565479517,"Protein"
"OID20970","Factor10",0.00858339387923479,"Protein"
"OID20956","Factor10",0.00224308576434851,"Protein"
"OID20635","Factor10",-0.0101315351203084,"Protein"
"OID20648","Factor10",0.00833408068865538,"Protein"
"OID20331","Factor10",-0.00693707214668393,"Protein"
"OID21437","Factor10",0.00486033828929067,"Protein"
"OID21442","Factor10",0.00467260787263513,"Protein"
"OID21369","Factor10",-0.01149239577353,"Protein"
"OID20576","Factor10",0.000886070367414504,"Protein"
"OID20636","Factor10",0.00378267583437264,"Protein"
"OID20162","Factor10",0.000727617647498846,"Protein"
"OID21381","Factor10",-0.0236726626753807,"Protein"
"OID20153","Factor10",0.00200413260608912,"Protein"
"OID20732","Factor10",0.000955193478148431,"Protein"
"OID21024","Factor10",0.00069613620871678,"Protein"
"OID21434","Factor10",-0.00213355664163828,"Protein"
"OID20507","Factor10",-0.00175607530400157,"Protein"
"OID20137","Factor10",-0.0110441325232387,"Protein"
"OID21042","Factor10",-0.00111945229582489,"Protein"
"OID21516","Factor10",0.00207551149651408,"Protein"
"OID20299","Factor10",0.0179614964872599,"Protein"
"OID21257","Factor10",-0.00187349808402359,"Protein"
"OID21253","Factor10",0.0134780891239643,"Protein"
"OID20988","Factor10",0.00245568947866559,"Protein"
"OID21119","Factor10",0.0105607165023685,"Protein"
"OID21038","Factor10",-0.00381296477280557,"Protein"
"OID21091","Factor10",-0.00468633789569139,"Protein"
"OID20597","Factor10",0.00720180990174413,"Protein"
"OID20179","Factor10",0.00877059902995825,"Protein"
"OID21168","Factor10",-0.00603126594796777,"Protein"
"OID21368","Factor10",0.0075877639465034,"Protein"
"OID20738","Factor10",0.00373861729167402,"Protein"
"OID20122","Factor10",-0.00473236013203859,"Protein"
"OID20703","Factor10",0.00273850141093135,"Protein"
"OID21436","Factor10",0.000303111621178687,"Protein"
"OID21421","Factor10",-0.00375768356025219,"Protein"
"OID20589","Factor10",-0.0297324974089861,"Protein"
"OID20927","Factor10",-0.00263927457854152,"Protein"
"OID21418","Factor10",0.0046047237701714,"Protein"
"OID21013","Factor10",0.00571327842772007,"Protein"
"OID20904","Factor10",-0.0040406621992588,"Protein"
"OID20568","Factor10",-0.00515366997569799,"Protein"
"OID20533","Factor10",-0.006605114787817,"Protein"
"OID20254","Factor10",0.00339883496053517,"Protein"
"OID21403","Factor10",-0.00401990069076419,"Protein"
"OID21012","Factor10",-0.0020196137484163,"Protein"
"OID21280","Factor10",0.00122389977332205,"Protein"
"OID21187","Factor10",-0.00252517638728023,"Protein"
"OID21425","Factor10",-0.0096021480858326,"Protein"
"OID20078","Factor10",0.00231226952746511,"Protein"
"OID20102","Factor10",-0.0025311540812254,"Protein"
"OID21073","Factor10",-0.00120299670379609,"Protein"
"OID21428","Factor10",-0.00486110942438245,"Protein"
"OID20687","Factor10",-0.0130975432693958,"Protein"
"OID20883","Factor10",0.00129697972442955,"Protein"
"OID21242","Factor10",0.00857771839946508,"Protein"
"OID20583","Factor10",0.00467886589467525,"Protein"
"OID21361","Factor10",0.00513263000175357,"Protein"
"OID21365","Factor10",-0.00217531621456146,"Protein"
"OID21419","Factor10",-0.000433811568655074,"Protein"
"OID21498","Factor10",-0.00456270202994347,"Protein"
"OID20995","Factor10",0.00803045183420181,"Protein"
"OID21094","Factor10",0.0104098869487643,"Protein"
"OID20715","Factor10",-0.00491447933018208,"Protein"
"OID20718","Factor10",-0.00530113279819489,"Protein"
"OID20960","Factor10",0.00452216062694788,"Protein"
"OID20866","Factor10",-0.00277236965484917,"Protein"
"OID20986","Factor10",-0.0024252429138869,"Protein"
"OID20152","Factor10",-0.000738900736905634,"Protein"
"OID20395","Factor10",8.04195515229367e-05,"Protein"
"OID21285","Factor10",0.000520886154845357,"Protein"
"OID20313","Factor10",0.010635201819241,"Protein"
"OID20509","Factor10",0.00121051538735628,"Protein"
"OID21255","Factor10",-0.00248917145654559,"Protein"
"OID20141","Factor10",-0.00332868448458612,"Protein"
"OID20942","Factor10",-0.00147015531547368,"Protein"
"OID21466","Factor10",0.0125028286129236,"Protein"
"OID20215","Factor10",0.00392546225339174,"Protein"
"OID20923","Factor10",0.00471951719373465,"Protein"
"OID20752","Factor10",-0.00307094166055322,"Protein"
"OID20990","Factor10",-0.00247555109672248,"Protein"
"OID21004","Factor10",0.0132036842405796,"Protein"
"OID20103","Factor10",-0.00823962222784758,"Protein"
"OID20784","Factor10",0.00327121000736952,"Protein"
"OID20156","Factor10",-0.00409207493066788,"Protein"
"OID20221","Factor10",-0.0121224960312247,"Protein"
"OID21410","Factor10",-0.011596467345953,"Protein"
"OID21225","Factor10",-0.00755912996828556,"Protein"
"OID21385","Factor10",0.00180721981450915,"Protein"
"OID21155","Factor10",0.00349899986758828,"Protein"
"OID20610","Factor10",0.00227128900587559,"Protein"
"OID20935","Factor10",0.000785817275755107,"Protein"
"OID21327","Factor10",-0.00438323663547635,"Protein"
"OID20748","Factor10",-0.00269031594507396,"Protein"
"OID20708","Factor10",-0.00316823087632656,"Protein"
"OID20567","Factor10",0.00402495777234435,"Protein"
"OID20647","Factor10",0.0133474487811327,"Protein"
"OID20968","Factor10",0.0075956117361784,"Protein"
"OID20383","Factor10",0.0116453748196363,"Protein"
"OID21036","Factor10",0.00305748102255166,"Protein"
"OID20978","Factor10",-0.008489147759974,"Protein"
"OID20327","Factor10",0.00090928265126422,"Protein"
"OID20958","Factor10",0.00973412580788136,"Protein"
"OID20252","Factor10",0.00631207460537553,"Protein"
"OID20642","Factor10",0.00221244292333722,"Protein"
"OID20205","Factor10",-0.00245006754994392,"Protein"
"OID21248","Factor10",-0.00286960485391319,"Protein"
"OID21150","Factor10",-0.00117403117474169,"Protein"
"OID21111","Factor10",0.000784169475082308,"Protein"
"OID21121","Factor10",0.00481020240113139,"Protein"
"OID20295","Factor10",-0.0150626059621572,"Protein"
"OID21281","Factor10",-0.00997231621295214,"Protein"
"OID20650","Factor10",0.00902055762708187,"Protein"
"OID20895","Factor10",-0.00400937488302588,"Protein"
"OID20459","Factor10",-0.00548994541168213,"Protein"
"OID21457","Factor10",0.00727925589308143,"Protein"
"OID20485","Factor10",-0.00194675184320658,"Protein"
"OID20786","Factor10",0.0144264567643404,"Protein"
"OID20859","Factor10",0.00469655031338334,"Protein"
"OID20298","Factor10",-0.00210187071934342,"Protein"
"OID21142","Factor10",-0.00750553607940674,"Protein"
"OID20744","Factor10",-0.000361611164407805,"Protein"
"OID20400","Factor10",-0.0170664582401514,"Protein"
"OID20344","Factor10",-0.00442114332690835,"Protein"
"OID20107","Factor10",-0.000477587804198265,"Protein"
"OID20762","Factor10",-0.00512191234156489,"Protein"
"OID21128","Factor10",0.00982358306646347,"Protein"
"OID21313","Factor10",0.00735209882259369,"Protein"
"OID20985","Factor10",0.00458113290369511,"Protein"
"OID21021","Factor10",0.00683411257341504,"Protein"
"OID21513","Factor10",0.00097704422660172,"Protein"
"OID21486","Factor10",0.00466645741835237,"Protein"
"OID20992","Factor10",0.00296018039807677,"Protein"
"OID20508","Factor10",0.00731494091451168,"Protein"
"OID20276","Factor10",0.000316141842631623,"Protein"
"OID20975","Factor10",0.0007645069854334,"Protein"
"OID21125","Factor10",0.00366758601740003,"Protein"
"OID21448","Factor10",0.00509921927005053,"Protein"
"OID21477","Factor10",-0.0115383956581354,"Protein"
"OID21372","Factor10",-0.00770638510584831,"Protein"
"OID20759","Factor10",0.0103245126083493,"Protein"
"OID21066","Factor10",0.00451553426682949,"Protein"
"OID20536","Factor10",-0.00744117703288794,"Protein"
"OID21198","Factor10",0.00496537564322352,"Protein"
"OID21427","Factor10",-0.00299014942720532,"Protein"
"OID21075","Factor10",-0.00897802971303463,"Protein"
"OID20886","Factor10",-0.00727973971515894,"Protein"
"OID20674","Factor10",0.000961942481808364,"Protein"
"OID21034","Factor10",-0.0148441568017006,"Protein"
"OID20749","Factor10",-0.00349480821751058,"Protein"
"OID21328","Factor10",0.00164919986855239,"Protein"
"OID20722","Factor10",0.00534788519144058,"Protein"
"OID20617","Factor10",-0.0143732633441687,"Protein"
"OID21463","Factor10",0.00136272539384663,"Protein"
"OID20226","Factor10",-0.00726551096886396,"Protein"
"OID20561","Factor10",0.0116748940199614,"Protein"
"OID21141","Factor10",-0.0118831610307097,"Protein"
"OID20474","Factor10",-0.0147911254316568,"Protein"
"OID20999","Factor10",0.00515550840646029,"Protein"
"OID21304","Factor10",0.0151047734543681,"Protein"
"OID20552","Factor10",0.00154000998008996,"Protein"
"OID20961","Factor10",-0.00133356871083379,"Protein"
"OID20197","Factor10",-0.00327252806164324,"Protein"
"OID21481","Factor10",0.00751443859189749,"Protein"
"OID21431","Factor10",0.0109738456085324,"Protein"
"OID20408","Factor10",0.00956303719431162,"Protein"
"OID20478","Factor10",-0.00723714474588633,"Protein"
"OID20782","Factor10",-0.00602300278842449,"Protein"
"OID20392","Factor10",0.00148778804577887,"Protein"
"OID20368","Factor10",0.00281759235076606,"Protein"
"OID20425","Factor10",0.00275874719955027,"Protein"
"OID20522","Factor10",0.0092046158388257,"Protein"
"OID21112","Factor10",0.00777367176488042,"Protein"
"OID21522","Factor10",-0.00817547179758549,"Protein"
"OID20286","Factor10",0.000901370251085609,"Protein"
"OID20293","Factor10",0.000697917072102427,"Protein"
"OID20966","Factor10",-0.0106037119403481,"Protein"
"OID20308","Factor10",0.00854368880391121,"Protein"
"OID20743","Factor10",0.00139885791577399,"Protein"
"OID21259","Factor10",-0.00964657496660948,"Protein"
"OID20496","Factor10",-0.00389968510717154,"Protein"
"OID20839","Factor10",0.0060980161651969,"Protein"
"OID21040","Factor10",1.78584286913974e-05,"Protein"
"OID21244","Factor10",-0.000622720224782825,"Protein"
"OID20641","Factor10",-0.002149275271222,"Protein"
"OID20783","Factor10",0.0159421097487211,"Protein"
"OID21445","Factor10",0.00168862286955118,"Protein"
"OID20955","Factor10",0.00152871897444129,"Protein"
"OID21310","Factor10",-0.00281590432859957,"Protein"
"OID20996","Factor10",-0.0073407799936831,"Protein"
"OID20543","Factor10",-0.00206322968006134,"Protein"
"OID20669","Factor10",0.00633697118610144,"Protein"
"OID20587","Factor10",0.0014260943280533,"Protein"
"OID20379","Factor10",-0.00222813803702593,"Protein"
"OID20217","Factor10",-0.000554187572561204,"Protein"
"OID20505","Factor10",0.010684167034924,"Protein"
"OID20085","Factor10",-0.00852295756340027,"Protein"
"OID20973","Factor10",0.0123726073652506,"Protein"
"OID20979","Factor10",0.00362388882786036,"Protein"
"OID20666","Factor10",-0.00133274879772216,"Protein"
"OID20570","Factor10",0.0104298135265708,"Protein"
"OID21041","Factor10",-0.0189360734075308,"Protein"
"OID21501","Factor10",0.0142794698476791,"Protein"
"OID20963","Factor10",0.00406116805970669,"Protein"
"OID21342","Factor10",-0.00945072807371616,"Protein"
"OID20144","Factor10",0.00106229912489653,"Protein"
"OID20887","Factor10",-0.00604347139596939,"Protein"
"OID21454","Factor10",-0.00465556373819709,"Protein"
"OID20854","Factor10",0.00907030608505011,"Protein"
"OID21087","Factor10",0.0119561236351728,"Protein"
"OID20294","Factor10",0.00428046798333526,"Protein"
"OID20398","Factor10",0.00465571414679289,"Protein"
"OID21444","Factor10",0.00249708397313952,"Protein"
"OID20630","Factor10",0.0138557609170675,"Protein"
"OID20247","Factor10",0.000313151133013889,"Protein"
"OID20378","Factor10",0.000866353162564337,"Protein"
"OID21295","Factor10",-0.0132109615951777,"Protein"
"OID21193","Factor10",-0.0023096848744899,"Protein"
"OID20912","Factor10",0.0105543928220868,"Protein"
"OID21026","Factor10",0.016908310353756,"Protein"
"OID20620","Factor10",-0.00885761622339487,"Protein"
"OID21179","Factor10",-0.00529841519892216,"Protein"
"OID20510","Factor10",0.000175246095750481,"Protein"
"OID20653","Factor10",0.00887823477387428,"Protein"
"OID20980","Factor10",0.00839604344218969,"Protein"
"OID20655","Factor10",0.00975862052291632,"Protein"
"OID20623","Factor10",-0.00991595722734928,"Protein"
"OID20572","Factor10",-0.00732443109154701,"Protein"
"OID20413","Factor10",-0.0120289986953139,"Protein"
"OID20686","Factor10",-0.00133234064560384,"Protein"
"OID21133","Factor10",-0.00472508184611797,"Protein"
"OID20695","Factor10",0.0121367340907454,"Protein"
"OID21246","Factor10",-0.009055788628757,"Protein"
"OID21215","Factor10",0.00691113481298089,"Protein"
"OID21129","Factor10",-0.00321961846202612,"Protein"
"OID21324","Factor10",-0.00750630581751466,"Protein"
"OID20234","Factor10",0.000584884779527783,"Protein"
"OID20324","Factor10",-0.00732082780450583,"Protein"
"OID21086","Factor10",0.0122460825368762,"Protein"
"OID21015","Factor10",0.00858593359589577,"Protein"
"OID20870","Factor10",0.0071145985275507,"Protein"
"OID20355","Factor10",-0.00153847364708781,"Protein"
"OID21068","Factor10",0.00154659885447472,"Protein"
"OID20691","Factor10",0.0219233520328999,"Protein"
"OID21050","Factor10",0.00731796119362116,"Protein"
"OID20622","Factor10",-0.00529614696279168,"Protein"
"OID20962","Factor10",-0.00741133326664567,"Protein"
"OID20604","Factor10",0.0145033374428749,"Protein"
"OID20404","Factor10",-0.00264605483971536,"Protein"
"OID20223","Factor10",-0.00415097549557686,"Protein"
"OID20534","Factor10",0.00592727167531848,"Protein"
"OID20106","Factor10",0.00956099387258291,"Protein"
"OID20222","Factor10",-0.0098422160372138,"Protein"
"OID20259","Factor10",0.0100656533613801,"Protein"
"OID20766","Factor10",0.000761824194341898,"Protein"
"OID20216","Factor10",0.0115636708214879,"Protein"
"OID20339","Factor10",0.00793181080371141,"Protein"
"OID20232","Factor10",-0.0071978154592216,"Protein"
"OID20739","Factor10",1.93487103388179e-05,"Protein"
"OID20328","Factor10",-0.016735453158617,"Protein"
"OID20768","Factor10",0.00527643598616123,"Protein"
"OID20195","Factor10",-0.00614685472100973,"Protein"
"OID20445","Factor10",-0.00515178591012955,"Protein"
"OID20108","Factor10",0.0193372592329979,"Protein"
"OID20500","Factor10",0.0161111373454332,"Protein"
"OID21145","Factor10",-0.00402909377589822,"Protein"
"OID21216","Factor10",-0.00526191107928753,"Protein"
"OID20731","Factor10",-0.00154685124289244,"Protein"
"OID20658","Factor10",-0.000183781652594917,"Protein"
"OID20967","Factor10",0.00637898687273264,"Protein"
"OID21235","Factor10",-0.00348528847098351,"Protein"
"OID21103","Factor10",0.00278102234005928,"Protein"
"OID21005","Factor10",-0.00403324980288744,"Protein"
"OID21397","Factor10",-0.000904802116565406,"Protein"
"OID20151","Factor10",0.00300244521349669,"Protein"
"OID21490","Factor10",-0.00702790124341846,"Protein"
"OID20832","Factor10",-0.00295602786354721,"Protein"
"OID21493","Factor10",0.00477691134437919,"Protein"
"OID21037","Factor10",-0.00665985653176904,"Protein"
"OID21229","Factor10",-0.00778610724955797,"Protein"
"OID20926","Factor10",-0.0024011735804379,"Protein"
"OID21247","Factor10",-0.00508166570216417,"Protein"
"OID21083","Factor10",-0.0038593381177634,"Protein"
"OID20753","Factor10",0.012104763649404,"Protein"
"OID20338","Factor10",0.00299074267968535,"Protein"
"OID21192","Factor10",0.0090448372066021,"Protein"
"OID21160","Factor10",0.0161699391901493,"Protein"
"OID21218","Factor10",4.3930922402069e-05,"Protein"
"OID20375","Factor10",-0.0217677485197783,"Protein"
"OID20079","Factor10",0.00307818944565952,"Protein"
"OID21053","Factor10",0.017024589702487,"Protein"
"OID20919","Factor10",0.0113014709204435,"Protein"
"OID20171","Factor10",0.0073865968734026,"Protein"
"OID20693","Factor10",0.012515326961875,"Protein"
"OID20600","Factor10",0.00180324562825263,"Protein"
"OID20484","Factor10",0.00396650098264217,"Protein"
"OID21058","Factor10",0.00859277229756117,"Protein"
"OID20638","Factor10",-0.00996726006269455,"Protein"
"OID21132","Factor10",0.00122475367970765,"Protein"
"OID20823","Factor10",-0.00838973931968212,"Protein"
"OID20917","Factor10",0.0113054411485791,"Protein"
"OID20780","Factor10",-0.0132701694965363,"Protein"
"OID21384","Factor10",0.00804629363119602,"Protein"
"OID21441","Factor10",0.00846266373991966,"Protein"
"OID20751","Factor10",0.0129490587860346,"Protein"
"OID21064","Factor10",0.0126996263861656,"Protein"
"OID21110","Factor10",0.00770414341241121,"Protein"
"OID20827","Factor10",-0.00257324683479965,"Protein"
"OID21185","Factor10",0.00443994114175439,"Protein"
"OID20091","Factor10",-0.00617130566388369,"Protein"
"OID20867","Factor10",0.00183042150456458,"Protein"
"OID20677","Factor10",-0.00261720037087798,"Protein"
"OID20934","Factor10",0.00282187224365771,"Protein"
"OID21271","Factor10",0.000945946725551039,"Protein"
"OID20126","Factor10",0.0158131513744593,"Protein"
"OID21414","Factor10",0.0121605060994625,"Protein"
"OID20333","Factor10",0.00630125729367137,"Protein"
"OID20386","Factor10",0.00351491966284811,"Protein"
"OID20418","Factor10",0.000633225659839809,"Protein"
"OID20872","Factor10",-0.0125002441927791,"Protein"
"OID20261","Factor10",-0.00283931684680283,"Protein"
"OID21227","Factor10",0.00760095333680511,"Protein"
"OID21010","Factor10",-0.0150436125695705,"Protein"
"OID20165","Factor10",-0.00847173761576414,"Protein"
"OID20660","Factor10",8.0661029642215e-06,"Protein"
"OID20512","Factor10",0.00269486173056066,"Protein"
"OID20467","Factor10",-0.000988060841336846,"Protein"
"OID20455","Factor10",-0.000940584752243012,"Protein"
"OID20735","Factor10",0.0110803321003914,"Protein"
"OID21001","Factor10",-0.00219973805360496,"Protein"
"OID21137","Factor10",-0.00810782238841057,"Protein"
"OID20727","Factor10",-0.00288949720561504,"Protein"
"OID21432","Factor10",-0.00273375143297017,"Protein"
"OID20278","Factor10",0.0117841521278024,"Protein"
"OID20167","Factor10",-0.00376658979803324,"Protein"
"OID20188","Factor10",-0.00329506071284413,"Protein"
"OID21480","Factor10",0.00265329284593463,"Protein"
"OID20340","Factor10",0.00646502152085304,"Protein"
"OID20922","Factor10",-0.0142834829166532,"Protein"
"OID21219","Factor10",-0.00752543099224567,"Protein"
"OID20228","Factor10",-0.00674032093957067,"Protein"
"OID20771","Factor10",0.0165498368442059,"Protein"
"OID20664","Factor10",0.00352166104130447,"Protein"
"OID20930","Factor10",0.00438793003559113,"Protein"
"OID20237","Factor10",0.011580241844058,"Protein"
"OID20770","Factor10",-0.000674525857903063,"Protein"
"OID21275","Factor10",-0.0050856196321547,"Protein"
"OID20240","Factor10",-0.00670731486752629,"Protein"
"OID21317","Factor10",-0.00697247963398695,"Protein"
"OID20721","Factor10",0.00319392932578921,"Protein"
"OID21008","Factor10",-0.0187047850340605,"Protein"
"OID21201","Factor10",0.00110187369864434,"Protein"
"OID21220","Factor10",0.00128366018179804,"Protein"
"OID20730","Factor10",0.000782448798418045,"Protein"
"OID21114","Factor10",-0.000439967057900503,"Protein"
"OID20709","Factor10",0.0154145210981369,"Protein"
"OID20272","Factor10",0.0119559224694967,"Protein"
"OID20429","Factor10",0.00456613302230835,"Protein"
"OID21283","Factor10",0.00136523030232638,"Protein"
"OID21355","Factor10",-0.00136902916710824,"Protein"
"OID21519","Factor10",-0.00781389325857162,"Protein"
"OID20096","Factor10",0.0180289428681135,"Protein"
"OID20940","Factor10",-0.00248677213676274,"Protein"
"OID20764","Factor10",0.00151383387856185,"Protein"
"OID20812","Factor10",0.00345777184702456,"Protein"
"OID20673","Factor10",0.0103611191734672,"Protein"
"OID21175","Factor10",0.00233149784617126,"Protein"
"OID21291","Factor10",-0.00379133992828429,"Protein"
"OID20183","Factor10",-0.00260395649820566,"Protein"
"OID20113","Factor10",-0.000458998052636161,"Protein"
"OID21288","Factor10",-0.0138442935422063,"Protein"
"OID21470","Factor10",-0.011558897793293,"Protein"
"OID20893","Factor10",0.00412457715719938,"Protein"
"OID20191","Factor10",-0.00269620981998742,"Protein"
"OID20494","Factor10",0.000647019187454134,"Protein"
"OID20053","Factor10",-0.00465044006705284,"Protein"
"OID21002","Factor10",-0.00227021030150354,"Protein"
"OID20129","Factor10",0.00509317824617028,"Protein"
"OID20087","Factor10",-0.00202671298757195,"Protein"
"OID20953","Factor10",0.00580986822023988,"Protein"
"OID20667","Factor10",-0.00843753572553396,"Protein"
"OID20913","Factor10",-0.00799652747809887,"Protein"
"OID21465","Factor10",0.0052519254386425,"Protein"
"OID20605","Factor10",0.00566422939300537,"Protein"
"OID20725","Factor10",0.0163008570671082,"Protein"
"OID20405","Factor10",0.00267533422447741,"Protein"
"OID20061","Factor10",-0.0169462952762842,"Protein"
"OID21018","Factor10",0.000764607510063797,"Protein"
"OID20297","Factor10",0.00330322072841227,"Protein"
"OID21206","Factor10",0.0120146684348583,"Protein"
"OID20239","Factor10",-0.013034101575613,"Protein"
"OID21398","Factor10",-7.00358214089647e-05,"Protein"
"OID21321","Factor10",0.00100461323745549,"Protein"
"OID20456","Factor10",-0.00107446312904358,"Protein"
"OID20976","Factor10",0.00389711745083332,"Protein"
"OID21209","Factor10",0.00132327282335609,"Protein"
"OID20824","Factor10",0.00349589996039867,"Protein"
"OID20275","Factor10",0.00822276063263416,"Protein"
"OID21494","Factor10",0.00327076646499336,"Protein"
"OID21299","Factor10",3.46080778399482e-05,"Protein"
"OID20590","Factor10",-7.74216186982812e-06,"Protein"
"OID20384","Factor10",0.00743809668347239,"Protein"
"OID21049","Factor10",0.0102105112746358,"Protein"
"OID20174","Factor10",-0.00198064441792667,"Protein"
"OID21067","Factor10",-0.0122483717277646,"Protein"
"OID20489","Factor10",0.00703062629327178,"Protein"
"OID21243","Factor10",0.00535491434857249,"Protein"
"OID21077","Factor10",0.000657429976854473,"Protein"
"OID21270","Factor10",0.00778449140489101,"Protein"
"OID21337","Factor10",0.0133076943457127,"Protein"
"OID20196","Factor10",0.00965299550443888,"Protein"
"OID20121","Factor10",0.00632480019703507,"Protein"
"OID21262","Factor10",-0.0095470305532217,"Protein"
"OID20537","Factor10",-0.0120762027800083,"Protein"
"OID20296","Factor10",-0.0078581590205431,"Protein"
"OID21509","Factor10",0.000144011049997061,"Protein"
"OID20921","Factor10",0.0138903008773923,"Protein"
"OID21406","Factor10",-0.00364934839308262,"Protein"
"OID21084","Factor10",0.0132944090291858,"Protein"
"OID20951","Factor10",0.00450736191123724,"Protein"
"OID20491","Factor10",0.0157675947993994,"Protein"
"OID20777","Factor10",0.0114500569179654,"Protein"
"OID21472","Factor10",0.00109527993481606,"Protein"
"OID20304","Factor10",-0.00811378099024296,"Protein"
"OID21011","Factor10",-0.00868509989231825,"Protein"
"OID20488","Factor10",0.00415690150111914,"Protein"
"OID20155","Factor10",-0.0261516496539116,"Protein"
"OID21171","Factor10",-0.00741299334913492,"Protein"
"OID20176","Factor10",-0.0118353357538581,"Protein"
"OID20540","Factor10",-0.00833966489881277,"Protein"
"OID21059","Factor10",0.0128568913787603,"Protein"
"OID21401","Factor10",0.0193159710615873,"Protein"
"OID20972","Factor10",-0.00796197168529034,"Protein"
"OID21162","Factor10",0.0151417134329677,"Protein"
"OID21063","Factor10",-0.0181368291378021,"Protein"
"OID21435","Factor10",-0.00290150009095669,"Protein"
"OID21316","Factor10",-0.00621087569743395,"Protein"
"OID21336","Factor10",-0.00395679054781795,"Protein"
"OID21471","Factor10",0.00709543004631996,"Protein"
"OID20427","Factor10",0.0131735960021615,"Protein"
"OID20750","Factor10",-0.00129460729658604,"Protein"
"OID20763","Factor10",-0.00719068013131618,"Protein"
"OID21331","Factor10",0.00265101250261068,"Protein"
"OID20424","Factor10",-0.00278940889984369,"Protein"
"OID21046","Factor10",0.000513132312335074,"Protein"
"OID21352","Factor10",0.00478847324848175,"Protein"
"OID20792","Factor10",-0.00986744090914726,"Protein"
"OID21027","Factor10",0.00243837549351156,"Protein"
"OID20822","Factor10",0.00713283242657781,"Protein"
"OID20680","Factor10",-0.00158099178224802,"Protein"
"OID20329","Factor10",-0.000573458499275148,"Protein"
"OID21170","Factor10",-0.00615041982382536,"Protein"
"OID20585","Factor10",0.00486223120242357,"Protein"
"OID20114","Factor10",-0.0229837819933891,"Protein"
"OID20557","Factor10",-0.0189354103058577,"Protein"
"OID20864","Factor10",-0.0142635004594922,"Protein"
"OID20077","Factor10",-0.00180657475721091,"Protein"
"OID21315","Factor10",-0.00170728762168437,"Protein"
"OID20382","Factor10",0.00309732649475336,"Protein"
"OID20633","Factor10",0.00553560256958008,"Protein"
"OID21238","Factor10",-0.0104815773665905,"Protein"
"OID20932","Factor10",-0.000163632357725874,"Protein"
"OID20694","Factor10",-0.00410625478252769,"Protein"
"OID20264","Factor10",0.00774830998852849,"Protein"
"OID21524","Factor10",0.0139821283519268,"Protein"
"OID21447","Factor10",0.0045448481105268,"Protein"
"OID21138","Factor10",0.000689781387336552,"Protein"
"OID21172","Factor10",-0.00110667780973017,"Protein"
"OID21389","Factor10",-0.0124292923137546,"Protein"
"OID21115","Factor10",0.00842631328850985,"Protein"
"OID20211","Factor10",-0.00480613857507706,"Protein"
"OID20279","Factor10",0.00434020441025496,"Protein"
"OID20569","Factor10",0.0010936469770968,"Protein"
"OID20142","Factor10",0.00067904795287177,"Protein"
"OID20613","Factor10",0.000183569092769176,"Protein"
"OID20710","Factor10",0.0143294846639037,"Protein"
"OID20807","Factor10",0.00988173391669989,"Protein"
"OID20713","Factor10",-0.000555359409190714,"Protein"
"OID20148","Factor10",-0.00224263523705304,"Protein"
"OID20632","Factor10",0.00397780863568187,"Protein"
"OID21438","Factor10",0.00368117983452976,"Protein"
"OID21440","Factor10",-0.00417002895846963,"Protein"
"OID20549","Factor10",-0.0169282220304012,"Protein"
"OID20115","Factor10",0.000632028910331428,"Protein"
"OID21241","Factor10",-0.00505534000694752,"Protein"
"OID21529","Factor10",-0.00141853385139257,"Protein"
"OID21374","Factor10",-0.00320172030478716,"Protein"
"OID20154","Factor10",-0.0127503322437406,"Protein"
"OID20480","Factor10",-0.00274188141338527,"Protein"
"OID20767","Factor10",-0.00587154785171151,"Protein"
"OID21135","Factor10",0.00225923303514719,"Protein"
"OID20320","Factor10",0.00133810529951006,"Protein"
"OID20242","Factor10",0.0002587647177279,"Protein"
"OID20602","Factor10",-0.000115067901788279,"Protein"
"OID20282","Factor10",-0.0041097947396338,"Protein"
"OID21189","Factor10",0.000305112887872383,"Protein"
"OID20652","Factor10",-0.00213696993887424,"Protein"
"OID20454","Factor10",-0.00580776995047927,"Protein"
"OID20302","Factor10",0.0144736086949706,"Protein"
"OID20676","Factor10",0.00160184851847589,"Protein"
"OID21079","Factor10",-0.00655480846762657,"Protein"
"OID20828","Factor10",-0.000404546619392931,"Protein"
"OID21423","Factor10",0.00353130954317749,"Protein"
"OID20535","Factor10",-0.00258479174226522,"Protein"
"OID21344","Factor10",0.00103539298288524,"Protein"
"OID20451","Factor10",0.00226342072710395,"Protein"
"OID21278","Factor10",0.000207103963475674,"Protein"
"OID20070","Factor10",0.00279925670474768,"Protein"
"OID20529","Factor10",0.000490624806843698,"Protein"
"OID20314","Factor10",0.00558585440739989,"Protein"
"OID21346","Factor10",-0.0091067748144269,"Protein"
"OID20476","Factor10",-0.00982584059238434,"Protein"
"OID20765","Factor10",0.00700182747095823,"Protein"
"OID20915","Factor10",-0.00217655673623085,"Protein"
"OID20538","Factor10",0.000501178030390292,"Protein"
"OID21360","Factor10",-0.00785669591277838,"Protein"
"OID20562","Factor10",0.00594706041738391,"Protein"
"OID21405","Factor10",0.00183789827860892,"Protein"
"OID20774","Factor10",-0.0122702959924936,"Protein"
"OID20661","Factor10",0.0101805320009589,"Protein"
"OID20639","Factor10",-0.0132480813190341,"Protein"
"OID20267","Factor10",-0.0134677523747087,"Protein"
"OID20936","Factor10",-0.00140031147748232,"Protein"
"OID21433","Factor10",4.44696815975476e-05,"Protein"
"OID20804","Factor10",0.00543139409273863,"Protein"
"OID21152","Factor10",0.00876396987587214,"Protein"
"OID20084","Factor10",0.00702285347506404,"Protein"
"OID20881","Factor10",-0.00405244994908571,"Protein"
"OID20612","Factor10",4.31180269515608e-05,"Protein"
"OID21460","Factor10",-0.00254794373176992,"Protein"
"OID20316","Factor10",-0.00226055877283216,"Protein"
"OID20373","Factor10",-0.00842215493321419,"Protein"
"OID21174","Factor10",-0.000316188728902489,"Protein"
"OID20140","Factor10",-0.0139977587386966,"Protein"
"OID20781","Factor10",-0.0162840895354748,"Protein"
"OID20811","Factor10",-0.00313610513694584,"Protein"
"OID20497","Factor10",-0.0104887178167701,"Protein"
"OID21407","Factor10",0.00252844789065421,"Protein"
"OID20547","Factor10",0.00830623973160982,"Protein"
"OID20857","Factor10",-0.00233505223877728,"Protein"
"OID20401","Factor10",-0.0108513021841645,"Protein"
"OID21517","Factor10",0.00955029670149088,"Protein"
"OID20530","Factor10",0.00148800271563232,"Protein"
"OID21236","Factor10",-0.00405445834621787,"Protein"
"OID21412","Factor10",0.00359060661867261,"Protein"
"OID20391","Factor10",-0.00221040635369718,"Protein"
"OID20458","Factor10",0.000709361222106963,"Protein"
"OID21404","Factor10",-0.00854975357651711,"Protein"
"OID21394","Factor10",-0.011711597442627,"Protein"
"OID21514","Factor10",-0.00107316579669714,"Protein"
"OID20662","Factor10",0.00654858723282814,"Protein"
"OID21286","Factor10",-0.00518466345965862,"Protein"
"OID20884","Factor10",-0.00121793081052601,"Protein"
"OID21456","Factor10",0.00209115725010633,"Protein"
"OID21196","Factor10",-0.00710513303056359,"Protein"
"OID20599","Factor10",-0.00024919054703787,"Protein"
"OID21134","Factor10",-0.00415123393759131,"Protein"
"OID20690","Factor10",-0.0149520980194211,"Protein"
"OID20720","Factor10",0.0166276004165411,"Protein"
"OID20581","Factor10",0.00661072600632906,"Protein"
"OID20848","Factor10",-0.000768365396652371,"Protein"
"OID21339","Factor10",0.000742246920708567,"Protein"
"OID20394","Factor10",-0.00850084237754345,"Protein"
"OID20888","Factor10",0.00046076369471848,"Protein"
"OID20290","Factor10",0.00395300937816501,"Protein"
"OID20362","Factor10",0.0115767549723387,"Protein"
"OID21055","Factor10",0.00788921769708395,"Protein"
"OID20071","Factor10",-0.00303020537830889,"Protein"
"OID20941","Factor10",-0.00074514769949019,"Protein"
"OID21468","Factor10",-0.00890148710459471,"Protein"
"OID20878","Factor10",-0.00719993375241756,"Protein"
"OID20834","Factor10",-0.00219290680252016,"Protein"
"OID20414","Factor10",-0.0128500098362565,"Protein"
"OID21359","Factor10",0.00358489667996764,"Protein"
"OID20702","Factor10",-0.00260880938731134,"Protein"
"OID21161","Factor10",-0.00162316544447094,"Protein"
"OID20168","Factor10",-0.00642218627035618,"Protein"
"OID21301","Factor10",-0.000245527451625094,"Protein"
"OID20556","Factor10",0.000533037469722331,"Protein"
"OID21231","Factor10",0.00916622765362263,"Protein"
"OID20525","Factor10",0.0180567242205143,"Protein"
"OID20806","Factor10",0.00317297899164259,"Protein"
"OID20502","Factor10",-0.000546855560969561,"Protein"
"OID20332","Factor10",-0.00197737291455269,"Protein"
"OID20668","Factor10",0.00783429574221373,"Protein"
"OID20208","Factor10",0.000942217302508652,"Protein"
"OID20265","Factor10",-0.00133705150801688,"Protein"
"OID21400","Factor10",-0.00269582029432058,"Protein"
"OID21518","Factor10",-0.00201470497995615,"Protein"
"OID20348","Factor10",0.0019326088950038,"Protein"
"OID20447","Factor10",-0.00693712942302227,"Protein"
"OID20566","Factor10",-0.000151884669321589,"Protein"
"OID21318","Factor10",-0.0101074203848839,"Protein"
"OID20352","Factor10",0.0029463991522789,"Protein"
"OID20442","Factor10",-0.0163869298994541,"Protein"
"OID21458","Factor10",-0.00384496874175966,"Protein"
"OID20473","Factor10",-0.000827339885290712,"Protein"
"OID21147","Factor10",-0.00395368132740259,"Protein"
"OID20855","Factor10",0.0032805223017931,"Protein"
"OID21122","Factor10",0.000740183633752167,"Protein"
"OID21023","Factor10",-0.00601218454539776,"Protein"
"OID20493","Factor10",0.00905618909746408,"Protein"
"OID20852","Factor10",0.00754265720024705,"Protein"
"OID21429","Factor10",0.00936475209891796,"Protein"
"OID21102","Factor10",-0.00562939001247287,"Protein"
"OID20629","Factor10",0.00767869222909212,"Protein"
"OID21070","Factor10",0.0112847788259387,"Protein"
"OID20281","Factor10",0.000154463617946021,"Protein"
"OID20651","Factor10",0.00282887485809624,"Protein"
"OID21228","Factor10",0.00150178314652294,"Protein"
"OID20393","Factor10",0.000876219535712153,"Protein"
"OID20624","Factor10",0.0168466418981552,"Protein"
"OID21090","Factor10",0.00901102740317583,"Protein"
"OID21096","Factor10",0.00765213649719954,"Protein"
"OID21194","Factor10",0.00491699436679482,"Protein"
"OID20410","Factor10",0.00157729547936469,"Protein"
"OID21525","Factor10",-0.00716858729720116,"Protein"
"OID20229","Factor10",0.00184493942651898,"Protein"
"OID20185","Factor10",-0.0119592379778624,"Protein"
"OID20131","Factor10",-0.00326400878839195,"Protein"
"OID20719","Factor10",0.00288708205334842,"Protein"
"OID20974","Factor10",-0.00212834146805108,"Protein"
"OID20170","Factor10",-0.013321440666914,"Protein"
"OID20231","Factor10",-0.0141611248254776,"Protein"
"OID20897","Factor10",0.00824431795626879,"Protein"
"OID21526","Factor10",0.00454454822465777,"Protein"
"OID20416","Factor10",0.0062651764601469,"Protein"
"OID20654","Factor10",-0.00983105599880219,"Protein"
"OID20236","Factor10",0.00457746721804142,"Protein"
"OID21165","Factor10",0.00110433564987034,"Protein"
"OID21424","Factor10",-0.0108987577259541,"Protein"
"OID21308","Factor10",-0.00230492069385946,"Protein"
"OID20388","Factor10",0.00604975316673517,"Protein"
"OID20994","Factor10",-0.00566389597952366,"Protein"
"OID20747","Factor10",0.00210865447297692,"Protein"
"OID20346","Factor10",0.00885135028511286,"Protein"
"OID21362","Factor10",-0.00141588423866779,"Protein"
"OID21345","Factor10",-0.00888283550739288,"Protein"
"OID20621","Factor10",0.00939751137048006,"Protein"
"OID20076","Factor10",0.00518001616001129,"Protein"
"OID21303","Factor10",0.0147893130779266,"Protein"
"OID20835","Factor10",-0.00655049690976739,"Protein"
"OID20948","Factor10",-0.00249763438478112,"Protein"
"OID20565","Factor10",0.00592374755069613,"Protein"
"OID20397","Factor10",-0.0073449295014143,"Protein"
"OID20235","Factor10",-0.00271467538550496,"Protein"
"OID20255","Factor10",-0.00124918890651315,"Protein"
"OID20367","Factor10",0.00749558536335826,"Protein"
"OID20982","Factor10",-0.0101069454103708,"Protein"
"OID20611","Factor10",0.00451340153813362,"Protein"
"OID20706","Factor10",0.000927320506889373,"Protein"
"OID20773","Factor10",-0.00329119921661913,"Protein"
"OID20270","Factor10",0.00519294384866953,"Protein"
"OID20199","Factor10",0.00258829537779093,"Protein"
"OID20377","Factor10",-0.00718988198786974,"Protein"
"OID20555","Factor10",-0.00230830698274076,"Protein"
"OID21240","Factor10",0.00481756264343858,"Protein"
"OID21130","Factor10",0.000981164048425853,"Protein"
"OID21028","Factor10",-0.00178219913505018,"Protein"
"OID20531","Factor10",0.00124179350677878,"Protein"
"OID20130","Factor10",0.00431348895654082,"Protein"
"OID20133","Factor10",0.00566810462623835,"Protein"
"OID20481","Factor10",0.00384111329913139,"Protein"
"OID20238","Factor10",0.000347336725099012,"Protein"
"OID20358","Factor10",0.00394557788968086,"Protein"
"OID21322","Factor10",0.00262986891902983,"Protein"
"OID20194","Factor10",-0.00676606269553304,"Protein"
"OID20353","Factor10",-0.0161799658089876,"Protein"
"OID20145","Factor10",0.00089228234719485,"Protein"
"OID20132","Factor10",-0.00769139733165503,"Protein"
"OID21353","Factor10",0.00756393373012543,"Protein"
"OID21230","Factor10",-0.000273621932137758,"Protein"
"OID20513","Factor10",0.0121653731912374,"Protein"
"OID20082","Factor10",0.00192162196617573,"Protein"
"OID21136","Factor10",0.00306511763483286,"Protein"
"OID20380","Factor10",-0.0108072087168694,"Protein"
"OID20914","Factor10",-0.00520359817892313,"Protein"
"OID20204","Factor10",0.00400264747440815,"Protein"
"OID20637","Factor10",-0.00937441177666187,"Protein"
"OID20464","Factor10",0.0130619173869491,"Protein"
"OID20957","Factor10",0.0102076856419444,"Protein"
"OID21052","Factor10",-0.0238894391804934,"Protein"
"OID20213","Factor10",-0.0011642687022686,"Protein"
"OID21366","Factor10",-0.00874373968690634,"Protein"
"OID20733","Factor10",0.0226914416998625,"Protein"
"OID21252","Factor10",-0.00452944496646523,"Protein"
"OID20755","Factor10",-0.00271790008991957,"Protein"
"OID20360","Factor10",-0.0177784711122513,"Protein"
"OID20172","Factor10",-0.0215556286275387,"Protein"
"OID21474","Factor10",-0.00302574620582163,"Protein"
"OID20337","Factor10",0.0020242678001523,"Protein"
"OID20487","Factor10",0.00432535773143172,"Protein"
"OID20374","Factor10",0.00653986120596528,"Protein"
"OID20754","Factor10",0.00457466579973698,"Protein"
"OID20575","Factor10",0.000988719169981778,"Protein"
"OID20909","Factor10",0.00674307160079479,"Protein"
"OID20626","Factor10",0.000111497458419763,"Protein"
"OID20396","Factor10",0.00355729390867054,"Protein"
"OID20462","Factor10",0.0157858487218618,"Protein"
"OID20775","Factor11",0.0164502020925283,"Protein"
"OID20984","Factor11",-0.00467243371531367,"Protein"
"OID20083","Factor11",-0.00019590777810663,"Protein"
"OID21402","Factor11",-0.00493043474853039,"Protein"
"OID20911","Factor11",0.00467810686677694,"Protein"
"OID20850","Factor11",-0.033899862319231,"Protein"
"OID20101","Factor11",0.00649778638035059,"Protein"
"OID21140","Factor11",-0.0150763653218746,"Protein"
"OID20563","Factor11",0.0091532664373517,"Protein"
"OID20125","Factor11",0.0516995042562485,"Protein"
"OID21485","Factor11",0.00745129166170955,"Protein"
"OID21276","Factor11",0.00803393870592117,"Protein"
"OID20594","Factor11",-0.0208840388804674,"Protein"
"OID20779","Factor11",-0.0371983870863914,"Protein"
"OID20983","Factor11",-0.0240695923566818,"Protein"
"OID20643","Factor11",-0.0131000652909279,"Protein"
"OID20049","Factor11",0.0558037981390953,"Protein"
"OID20312","Factor11",-0.015199308283627,"Protein"
"OID20246","Factor11",0.0102541288360953,"Protein"
"OID20495","Factor11",-0.0577608793973923,"Protein"
"OID21031","Factor11",-0.0137254633009434,"Protein"
"OID20778","Factor11",-0.0515073537826538,"Protein"
"OID20127","Factor11",-0.0196999460458755,"Protein"
"OID20274","Factor11",0.00919550005346537,"Protein"
"OID21373","Factor11",-0.0134042613208294,"Protein"
"OID20559","Factor11",0.00103302916977555,"Protein"
"OID20218","Factor11",-0.0264836009591818,"Protein"
"OID20263","Factor11",-0.0537578351795673,"Protein"
"OID21489","Factor11",-0.00712642027065158,"Protein"
"OID20219","Factor11",0.066820040345192,"Protein"
"OID20192","Factor11",-0.00243285438045859,"Protein"
"OID20896","Factor11",-0.0249866265803576,"Protein"
"OID20399","Factor11",0.00686810305342078,"Protein"
"OID21297","Factor11",-0.00364273251034319,"Protein"
"OID21348","Factor11",-0.0192463211715221,"Protein"
"OID20593","Factor11",-0.0492389164865017,"Protein"
"OID21395","Factor11",-0.0376515313982964,"Protein"
"OID21507","Factor11",0.0851525515317917,"Protein"
"OID20729","Factor11",-0.00707924598827958,"Protein"
"OID20220","Factor11",-0.00285434536635876,"Protein"
"OID21411","Factor11",0.0252352617681026,"Protein"
"OID21387","Factor11",-0.00336671667173505,"Protein"
"OID20266","Factor11",-0.0376480743288994,"Protein"
"OID21461","Factor11",-0.00601055659353733,"Protein"
"OID21475","Factor11",-0.00306535605341196,"Protein"
"OID20671","Factor11",0.0188900735229254,"Protein"
"OID20950","Factor11",0.00114519137423486,"Protein"
"OID20206","Factor11",-0.0438506938517094,"Protein"
"OID21250","Factor11",-0.0450715608894825,"Protein"
"OID20579","Factor11",0.00654142396524549,"Protein"
"OID20761","Factor11",-0.0120034720748663,"Protein"
"OID20711","Factor11",-0.0225277133285999,"Protein"
"OID20707","Factor11",0.00798081513494253,"Protein"
"OID20760","Factor11",-0.000113245718239341,"Protein"
"OID20672","Factor11",-0.0417891778051853,"Protein"
"OID21277","Factor11",0.021624181419611,"Protein"
"OID20169","Factor11",0.0102883344516158,"Protein"
"OID20524","Factor11",0.0094966571778059,"Protein"
"OID20523","Factor11",-0.0901934579014778,"Protein"
"OID20544","Factor11",-0.00318103423342109,"Protein"
"OID21047","Factor11",-0.0378657728433609,"Protein"
"OID20258","Factor11",-0.0135482987388968,"Protein"
"OID20112","Factor11",-0.0254839118570089,"Protein"
"OID20993","Factor11",-0.00779057061299682,"Protein"
"OID20656","Factor11",0.0319793857634068,"Protein"
"OID20863","Factor11",-0.0398047342896461,"Protein"
"OID20640","Factor11",-0.0560351647436619,"Protein"
"OID20596","Factor11",-0.0422811359167099,"Protein"
"OID20625","Factor11",-0.00485368398949504,"Protein"
"OID21097","Factor11",-0.0238771364092827,"Protein"
"OID20166","Factor11",-0.0235196463763714,"Protein"
"OID21306","Factor11",-0.000731928623281419,"Protein"
"OID21176","Factor11",0.0141443964093924,"Protein"
"OID21118","Factor11",-0.00379279628396034,"Protein"
"OID21332","Factor11",-0.0102304285392165,"Protein"
"OID20551","Factor11",-0.00303238374181092,"Protein"
"OID20856","Factor11",0.00733332615345716,"Protein"
"OID20918","Factor11",0.0110077317804098,"Protein"
"OID21420","Factor11",-0.0594769604504108,"Protein"
"OID20875","Factor11",-0.0154842175543308,"Protein"
"OID21378","Factor11",0.0179566945880651,"Protein"
"OID21506","Factor11",-0.0123487859964371,"Protein"
"OID21459","Factor11",-0.0580477751791477,"Protein"
"OID20075","Factor11",-0.0493779480457306,"Protein"
"OID21505","Factor11",-0.0246862582862377,"Protein"
"OID20698","Factor11",-0.0235815960913897,"Protein"
"OID20271","Factor11",-0.0251945704221725,"Protein"
"OID20717","Factor11",-0.00386992865242064,"Protein"
"OID20050","Factor11",0.0244512092322111,"Protein"
"OID20090","Factor11",-0.0221860744059086,"Protein"
"OID20627","Factor11",-0.00160271814092994,"Protein"
"OID20908","Factor11",-0.0220318268984556,"Protein"
"OID20741","Factor11",-0.0401426963508129,"Protein"
"OID20519","Factor11",0.00559980003163218,"Protein"
"OID20138","Factor11",0.000393085851101205,"Protein"
"OID20095","Factor11",-0.0668815448880196,"Protein"
"OID20689","Factor11",0.00639428896829486,"Protein"
"OID20203","Factor11",-0.0136424144729972,"Protein"
"OID20541","Factor11",-0.0189879853278399,"Protein"
"OID20742","Factor11",-0.0063728061504662,"Protein"
"OID20554","Factor11",-0.0073145842179656,"Protein"
"OID21319","Factor11",-0.0102320956066251,"Protein"
"OID20415","Factor11",-0.0359667912125587,"Protein"
"OID21521","Factor11",-0.00270227994769812,"Protein"
"OID20925","Factor11",0.0182488597929478,"Protein"
"OID21204","Factor11",-0.00431545078754425,"Protein"
"OID20938","Factor11",0.0263727512210608,"Protein"
"OID20577","Factor11",0.00941326003521681,"Protein"
"OID21029","Factor11",-0.0451043657958508,"Protein"
"OID20364","Factor11",-0.0382103100419044,"Protein"
"OID21408","Factor11",-0.0416289530694485,"Protein"
"OID20788","Factor11",-0.00995070394128561,"Protein"
"OID21469","Factor11",-0.0906336754560471,"Protein"
"OID20899","Factor11",0.00827228091657162,"Protein"
"OID20952","Factor11",-0.0096835121512413,"Protein"
"OID21078","Factor11",-0.0130908777937293,"Protein"
"OID20187","Factor11",0.0365459583699703,"Protein"
"OID20475","Factor11",-0.0342348888516426,"Protein"
"OID20616","Factor11",-0.0270322076976299,"Protein"
"OID21069","Factor11",0.0100982217118144,"Protein"
"OID20772","Factor11",0.0446490757167339,"Protein"
"OID20684","Factor11",-0.00237502786330879,"Protein"
"OID20230","Factor11",0.00216026743873954,"Protein"
"OID21451","Factor11",0.0363212004303932,"Protein"
"OID20916","Factor11",0.0396812632679939,"Protein"
"OID21158","Factor11",-0.00382823566906154,"Protein"
"OID20182","Factor11",-0.0871833711862564,"Protein"
"OID21307","Factor11",-0.0154731413349509,"Protein"
"OID20412","Factor11",0.00440295040607452,"Protein"
"OID21226","Factor11",-0.0325632840394974,"Protein"
"OID21391","Factor11",0.0540264509618282,"Protein"
"OID20615","Factor11",-0.00593533413484693,"Protein"
"OID21224","Factor11",-0.00424649892374873,"Protein"
"OID20158","Factor11",-0.0169557053595781,"Protein"
"OID20582","Factor11",-0.0148115558549762,"Protein"
"OID20816","Factor11",-0.050519984215498,"Protein"
"OID20937","Factor11",-0.0126569392159581,"Protein"
"OID21376","Factor11",0.0538330599665642,"Protein"
"OID20681","Factor11",-0.0013839288149029,"Protein"
"OID20251","Factor11",-0.00648943521082401,"Protein"
"OID21350","Factor11",-0.00499019026756287,"Protein"
"OID21263","Factor11",0.0197617392987013,"Protein"
"OID21149","Factor11",-0.038349587470293,"Protein"
"OID20207","Factor11",0.0028335815295577,"Protein"
"OID21282","Factor11",-0.0462571009993553,"Protein"
"OID21269","Factor11",-0.000573034165427089,"Protein"
"OID21309","Factor11",0.0162386484444141,"Protein"
"OID20959","Factor11",-0.0064521855674684,"Protein"
"OID21508","Factor11",0.0504390597343445,"Protein"
"OID21292","Factor11",-0.0131027484312654,"Protein"
"OID20697","Factor11",-0.102164439857006,"Protein"
"OID20588","Factor11",-0.00205684313550591,"Protein"
"OID21422","Factor11",0.00817860756069422,"Protein"
"OID20910","Factor11",0.0162188950926065,"Protein"
"OID20175","Factor11",0.0373739935457706,"Protein"
"OID21383","Factor11",0.0255356803536415,"Protein"
"OID21082","Factor11",-0.00916670169681311,"Protein"
"OID20965","Factor11",-0.0190051700919867,"Protein"
"OID20225","Factor11",-0.0266015641391277,"Protein"
"OID20245","Factor11",0.0102740246802568,"Protein"
"OID21033","Factor11",-0.000202867318876088,"Protein"
"OID20558","Factor11",0.00122048344928771,"Protein"
"OID20871","Factor11",0.0293627679347992,"Protein"
"OID21144","Factor11",-0.0380633696913719,"Protein"
"OID20322","Factor11",0.0255704335868359,"Protein"
"OID21347","Factor11",-0.00978856906294823,"Protein"
"OID21296","Factor11",-0.0765129774808884,"Protein"
"OID20971","Factor11",0.0370576977729797,"Protein"
"OID21294","Factor11",0.0175559315830469,"Protein"
"OID20737","Factor11",-0.0348358191549778,"Protein"
"OID20847","Factor11",-0.00509059987962246,"Protein"
"OID21003","Factor11",-0.0079380152747035,"Protein"
"OID20553","Factor11",0.00278531410731375,"Protein"
"OID20977","Factor11",-0.0107656372711062,"Protein"
"OID21154","Factor11",-0.022035788744688,"Protein"
"OID21512","Factor11",-0.013726013712585,"Protein"
"OID20704","Factor11",0.0072551597841084,"Protein"
"OID20644","Factor11",-0.0252464283257723,"Protein"
"OID20964","Factor11",-0.0366887003183365,"Protein"
"OID20117","Factor11",-0.00389908929355443,"Protein"
"OID21019","Factor11",-0.0104246577247977,"Protein"
"OID20688","Factor11",0.00312609295360744,"Protein"
"OID20700","Factor11",-0.0614800192415714,"Protein"
"OID21287","Factor11",0.0105874221771955,"Protein"
"OID20548","Factor11",0.0379112511873245,"Protein"
"OID21061","Factor11",-0.0583196617662907,"Protein"
"OID20477","Factor11",0.00441771699115634,"Protein"
"OID20787","Factor11",-0.0123229799792171,"Protein"
"OID20292","Factor11",0.00374057586304843,"Protein"
"OID20431","Factor11",-0.0229724980890751,"Protein"
"OID20714","Factor11",-0.017814178019762,"Protein"
"OID20110","Factor11",0.0130962785333395,"Protein"
"OID20740","Factor11",-0.0475040040910244,"Protein"
"OID21123","Factor11",0.0292685907334089,"Protein"
"OID20105","Factor11",-0.0136347450315952,"Protein"
"OID20326","Factor11",-0.00213717180304229,"Protein"
"OID21314","Factor11",-0.00408135075122118,"Protein"
"OID20795","Factor11",-0.0765615478157997,"Protein"
"OID21320","Factor11",0.00837313570082188,"Protein"
"OID20325","Factor11",0.0122166043147445,"Protein"
"OID20511","Factor11",-0.112704031169415,"Protein"
"OID20903","Factor11",0.0140877747908235,"Protein"
"OID21511","Factor11",-0.0353888049721718,"Protein"
"OID21222","Factor11",-0.0308388844132423,"Protein"
"OID20086","Factor11",-0.0117054749280214,"Protein"
"OID20515","Factor11",0.0172590855509043,"Protein"
"OID20214","Factor11",-0.0568495094776154,"Protein"
"OID20305","Factor11",0.0166585613042116,"Protein"
"OID21356","Factor11",-0.00807260256260633,"Protein"
"OID20981","Factor11",-0.00628399010747671,"Protein"
"OID21363","Factor11",0.0418582111597061,"Protein"
"OID21455","Factor11",-0.027736971154809,"Protein"
"OID20334","Factor11",-0.026219617575407,"Protein"
"OID20139","Factor11",0.00897874776273966,"Protein"
"OID21156","Factor11",-0.0175440032035112,"Protein"
"OID20227","Factor11",0.0229187849909067,"Protein"
"OID20814","Factor11",-0.0118863182142377,"Protein"
"OID20745","Factor11",-0.0200763288885355,"Protein"
"OID20683","Factor11",0.0013643647544086,"Protein"
"OID21211","Factor11",0.0179361701011658,"Protein"
"OID20723","Factor11",0.039342425763607,"Protein"
"OID20900","Factor11",-0.00370952812954783,"Protein"
"OID21453","Factor11",-0.033646035939455,"Protein"
"OID20177","Factor11",-0.00573823181912303,"Protein"
"OID20526","Factor11",0.00591503223404288,"Protein"
"OID20146","Factor11",-0.00175429484806955,"Protein"
"OID21357","Factor11",0.000871655938681215,"Protein"
"OID20545","Factor11",-0.0138423470780253,"Protein"
"OID20685","Factor11",0.0094758290797472,"Protein"
"OID20200","Factor11",-0.00606750696897507,"Protein"
"OID21467","Factor11",-0.0315658524632454,"Protein"
"OID21000","Factor11",-0.00609170086681843,"Protein"
"OID20244","Factor11",-0.0409718528389931,"Protein"
"OID20250","Factor11",0.000215053092688322,"Protein"
"OID20280","Factor11",-0.024510033428669,"Protein"
"OID21450","Factor11",0.0261605009436607,"Protein"
"OID20409","Factor11",-0.0561013966798782,"Protein"
"OID21417","Factor11",0.0620061196386814,"Protein"
"OID20943","Factor11",-0.00844410993158817,"Protein"
"OID20724","Factor11",-0.0151323992758989,"Protein"
"OID20201","Factor11",-0.0107154436409473,"Protein"
"OID21205","Factor11",-0.0036600586026907,"Protein"
"OID20987","Factor11",0.070823535323143,"Protein"
"OID20646","Factor11",-0.00887564942240715,"Protein"
"OID21323","Factor11",-0.0172361470758915,"Protein"
"OID20997","Factor11",0.0274051558226347,"Protein"
"OID21030","Factor11",0.0062741064466536,"Protein"
"OID21462","Factor11",-0.0447134599089622,"Protein"
"OID20483","Factor11",0.00875880941748619,"Protein"
"OID20149","Factor11",0.0117100309580564,"Protein"
"OID21499","Factor11",-1.63468048413051e-05,"Protein"
"OID20682","Factor11",0.00647637248039246,"Protein"
"OID20868","Factor11",-0.00832495000213385,"Protein"
"OID20574","Factor11",-0.0325644090771675,"Protein"
"OID21151","Factor11",-0.0242975056171417,"Protein"
"OID20472","Factor11",0.0578108765184879,"Protein"
"OID20675","Factor11",-0.0279644448310137,"Protein"
"OID20436","Factor11",-0.00486868759617209,"Protein"
"OID20184","Factor11",-0.00597505364567041,"Protein"
"OID21060","Factor11",-0.000939164427109063,"Protein"
"OID21367","Factor11",-0.0145896812900901,"Protein"
"OID20178","Factor11",0.0189763437956572,"Protein"
"OID21375","Factor11",0.0138867050409317,"Protein"
"OID21430","Factor11",0.0302534941583872,"Protein"
"OID21312","Factor11",0.00441600428894162,"Protein"
"OID21380","Factor11",-0.0382207073271275,"Protein"
"OID20421","Factor11",0.00596195086836815,"Protein"
"OID21326","Factor11",-0.00569034088402987,"Protein"
"OID20631","Factor11",0.0235989391803741,"Protein"
"OID20097","Factor11",-0.00899907201528549,"Protein"
"OID20758","Factor11",0.0633245408535004,"Protein"
"OID21482","Factor11",-0.0139750316739082,"Protein"
"OID20371","Factor11",-0.0224616099148989,"Protein"
"OID21415","Factor11",0.0381866209208965,"Protein"
"OID21527","Factor11",-0.0206699203699827,"Protein"
"OID20233","Factor11",-0.0195795185863972,"Protein"
"OID21016","Factor11",0.0148620763793588,"Protein"
"OID21284","Factor11",0.0737657696008682,"Protein"
"OID21143","Factor11",-0.0235088430345058,"Protein"
"OID21022","Factor11",-0.0129206636920571,"Protein"
"OID20865","Factor11",0.0172220878303051,"Protein"
"OID21311","Factor11",0.0108544705435634,"Protein"
"OID20342","Factor11",-0.0266252383589745,"Protein"
"OID20309","Factor11",0.00258264108560979,"Protein"
"OID20546","Factor11",-0.00225758971646428,"Protein"
"OID21099","Factor11",0.00556572945788503,"Protein"
"OID20135","Factor11",0.00484061846509576,"Protein"
"OID21476","Factor11",-0.0168181415647268,"Protein"
"OID20359","Factor11",0.00726501224562526,"Protein"
"OID20601","Factor11",0.0206066593527794,"Protein"
"OID21104","Factor11",0.052968006581068,"Protein"
"OID20756","Factor11",0.0259371809661388,"Protein"
"OID21439","Factor11",0.0617592446506023,"Protein"
"OID21399","Factor11",0.00466000195592642,"Protein"
"OID21043","Factor11",0.0116763105615973,"Protein"
"OID20609","Factor11",-0.0752430632710457,"Protein"
"OID20289","Factor11",-0.0335127376019955,"Protein"
"OID21101","Factor11",-0.0172068029642105,"Protein"
"OID21014","Factor11",0.0450621694326401,"Protein"
"OID21249","Factor11",-0.00205498072318733,"Protein"
"OID21446","Factor11",-0.00795232132077217,"Protein"
"OID20970","Factor11",-0.00951165053993464,"Protein"
"OID20956","Factor11",-0.0129624996334314,"Protein"
"OID20635","Factor11",-0.015647990629077,"Protein"
"OID20648","Factor11",0.0164457280188799,"Protein"
"OID20331","Factor11",0.0118103884160519,"Protein"
"OID21437","Factor11",0.0154416998848319,"Protein"
"OID21442","Factor11",0.00687705539166927,"Protein"
"OID21369","Factor11",-0.0410698689520359,"Protein"
"OID20576","Factor11",-0.019345311447978,"Protein"
"OID20636","Factor11",-0.0531398057937622,"Protein"
"OID20162","Factor11",-0.0173800457268953,"Protein"
"OID21381","Factor11",-0.0547469221055508,"Protein"
"OID20153","Factor11",0.0269437339156866,"Protein"
"OID20732","Factor11",-0.0129514085128903,"Protein"
"OID21024","Factor11",-0.00337635679170489,"Protein"
"OID21434","Factor11",0.0181126780807972,"Protein"
"OID20507","Factor11",0.00118153297808021,"Protein"
"OID20137","Factor11",-0.0442203097045422,"Protein"
"OID21042","Factor11",-0.0785164386034012,"Protein"
"OID21516","Factor11",-0.0291878245770931,"Protein"
"OID20299","Factor11",-0.00559895485639572,"Protein"
"OID21257","Factor11",0.00100477749947459,"Protein"
"OID21253","Factor11",-0.00731031550094485,"Protein"
"OID20988","Factor11",-0.0001677635445958,"Protein"
"OID21119","Factor11",-0.000589161238167435,"Protein"
"OID21038","Factor11",0.0142764076590538,"Protein"
"OID21091","Factor11",-0.0479568839073181,"Protein"
"OID20597","Factor11",0.00996472500264645,"Protein"
"OID20179","Factor11",0.0448034889996052,"Protein"
"OID21168","Factor11",-0.00528400344774127,"Protein"
"OID21368","Factor11",0.0390913374722004,"Protein"
"OID20738","Factor11",-0.00207987823523581,"Protein"
"OID20122","Factor11",-0.00865006167441607,"Protein"
"OID20703","Factor11",0.0145687963813543,"Protein"
"OID21436","Factor11",0.0320784822106361,"Protein"
"OID21421","Factor11",0.0147596411406994,"Protein"
"OID20589","Factor11",0.00438229087740183,"Protein"
"OID20927","Factor11",-0.0107315583154559,"Protein"
"OID21418","Factor11",-0.0617900304496288,"Protein"
"OID21013","Factor11",-0.0262999646365643,"Protein"
"OID20904","Factor11",-0.0137057723477483,"Protein"
"OID20568","Factor11",-0.000343276013154536,"Protein"
"OID20533","Factor11",-0.0134920990094543,"Protein"
"OID20254","Factor11",0.0871637985110283,"Protein"
"OID21403","Factor11",-0.0153273176401854,"Protein"
"OID21012","Factor11",-0.0276769753545523,"Protein"
"OID21280","Factor11",0.0143860895186663,"Protein"
"OID21187","Factor11",-0.00449911970645189,"Protein"
"OID21425","Factor11",-0.0238474551588297,"Protein"
"OID20078","Factor11",-0.0482438988983631,"Protein"
"OID20102","Factor11",-0.0738207474350929,"Protein"
"OID21073","Factor11",0.0104617271572351,"Protein"
"OID21428","Factor11",0.00868458673357964,"Protein"
"OID20687","Factor11",0.0284397602081299,"Protein"
"OID20883","Factor11",-0.0103956134989858,"Protein"
"OID21242","Factor11",-0.0288727302104235,"Protein"
"OID20583","Factor11",0.0157060083001852,"Protein"
"OID21361","Factor11",-0.00212818151339889,"Protein"
"OID21365","Factor11",-0.00103907415177673,"Protein"
"OID21419","Factor11",0.00790819898247719,"Protein"
"OID21498","Factor11",-0.00624755723401904,"Protein"
"OID20995","Factor11",-0.00130318000447005,"Protein"
"OID21094","Factor11",-0.0285571403801441,"Protein"
"OID20715","Factor11",0.0195471122860909,"Protein"
"OID20718","Factor11",-0.00116446590982378,"Protein"
"OID20960","Factor11",-0.00169270124752074,"Protein"
"OID20866","Factor11",0.0291625838726759,"Protein"
"OID20986","Factor11",0.0124061489477754,"Protein"
"OID20152","Factor11",-0.0251452010124922,"Protein"
"OID20395","Factor11",-0.00954838935285807,"Protein"
"OID21285","Factor11",0.0157017670571804,"Protein"
"OID20313","Factor11",-0.0335699766874313,"Protein"
"OID20509","Factor11",0.0342204906046391,"Protein"
"OID21255","Factor11",0.0112494649365544,"Protein"
"OID20141","Factor11",-0.0334342978894711,"Protein"
"OID20942","Factor11",0.0167488660663366,"Protein"
"OID21466","Factor11",-0.0856035649776459,"Protein"
"OID20215","Factor11",0.00548989791423082,"Protein"
"OID20923","Factor11",-0.000508058117702603,"Protein"
"OID20752","Factor11",0.00466838944703341,"Protein"
"OID20990","Factor11",-0.0269099995493889,"Protein"
"OID21004","Factor11",-0.0605638884007931,"Protein"
"OID20103","Factor11",0.000366180902346969,"Protein"
"OID20784","Factor11",0.024520818144083,"Protein"
"OID20156","Factor11",0.029937507584691,"Protein"
"OID20221","Factor11",0.00480101443827152,"Protein"
"OID21410","Factor11",0.00499485991895199,"Protein"
"OID21225","Factor11",-0.00581747712567449,"Protein"
"OID21385","Factor11",-0.0060595627874136,"Protein"
"OID21155","Factor11",-0.0542955882847309,"Protein"
"OID20610","Factor11",-0.0405732914805412,"Protein"
"OID20935","Factor11",-0.0298510435968637,"Protein"
"OID21327","Factor11",-0.0304960682988167,"Protein"
"OID20748","Factor11",0.00117700058035553,"Protein"
"OID20708","Factor11",0.00658441288396716,"Protein"
"OID20567","Factor11",0.031356617808342,"Protein"
"OID20647","Factor11",-0.0518398061394691,"Protein"
"OID20968","Factor11",0.0145882675424218,"Protein"
"OID20383","Factor11",0.00547697953879833,"Protein"
"OID21036","Factor11",-0.0194370727986097,"Protein"
"OID20978","Factor11",-0.016828678548336,"Protein"
"OID20327","Factor11",-0.015086879953742,"Protein"
"OID20958","Factor11",0.0099067809060216,"Protein"
"OID20252","Factor11",-0.0249503739178181,"Protein"
"OID20642","Factor11",-0.0126204965636134,"Protein"
"OID20205","Factor11",-0.00723448395729065,"Protein"
"OID21248","Factor11",-0.0099360104650259,"Protein"
"OID21150","Factor11",-0.0126792471855879,"Protein"
"OID21111","Factor11",-0.00320064136758447,"Protein"
"OID21121","Factor11",0.14557196199894,"Protein"
"OID20295","Factor11",-0.0828821435570717,"Protein"
"OID21281","Factor11",0.0108613520860672,"Protein"
"OID20650","Factor11",-0.0405752509832382,"Protein"
"OID20895","Factor11",0.0313104242086411,"Protein"
"OID20459","Factor11",-0.0281326193362474,"Protein"
"OID21457","Factor11",0.0298020336776972,"Protein"
"OID20485","Factor11",0.000502262148074806,"Protein"
"OID20786","Factor11",-0.0124946972355247,"Protein"
"OID20859","Factor11",-0.0447556376457214,"Protein"
"OID20298","Factor11",0.00155368668492883,"Protein"
"OID21142","Factor11",-0.0331040360033512,"Protein"
"OID20744","Factor11",-0.0158540569245815,"Protein"
"OID20400","Factor11",-0.0213734861463308,"Protein"
"OID20344","Factor11",-0.0205369032919407,"Protein"
"OID20107","Factor11",0.0078326016664505,"Protein"
"OID20762","Factor11",0.000547550502233207,"Protein"
"OID21128","Factor11",-0.0257359873503447,"Protein"
"OID21313","Factor11",-0.000125128717627376,"Protein"
"OID20985","Factor11",-0.0489468574523926,"Protein"
"OID21021","Factor11",-0.0010933883022517,"Protein"
"OID21513","Factor11",-0.0216462407261133,"Protein"
"OID21486","Factor11",-0.00174587033689022,"Protein"
"OID20992","Factor11",-0.00164774397853762,"Protein"
"OID20508","Factor11",-0.0186488144099712,"Protein"
"OID20276","Factor11",0.00868695508688688,"Protein"
"OID20975","Factor11",-0.0365145988762379,"Protein"
"OID21125","Factor11",-0.0271916259080172,"Protein"
"OID21448","Factor11",-0.0338220968842506,"Protein"
"OID21477","Factor11",0.0108092706650496,"Protein"
"OID21372","Factor11",-0.0214241798967123,"Protein"
"OID20759","Factor11",0.102406919002533,"Protein"
"OID21066","Factor11",-0.0178660787642002,"Protein"
"OID20536","Factor11",-0.0253806822001934,"Protein"
"OID21198","Factor11",0.0227164793759584,"Protein"
"OID21427","Factor11",0.0810894817113876,"Protein"
"OID21075","Factor11",-0.0109455697238445,"Protein"
"OID20886","Factor11",-0.0137030510231853,"Protein"
"OID20674","Factor11",0.0350013412535191,"Protein"
"OID21034","Factor11",0.00651654321700335,"Protein"
"OID20749","Factor11",0.00491855526342988,"Protein"
"OID21328","Factor11",-0.00500762835144997,"Protein"
"OID20722","Factor11",-0.00231189164333045,"Protein"
"OID20617","Factor11",-0.025077698752284,"Protein"
"OID21463","Factor11",-0.0102671971544623,"Protein"
"OID20226","Factor11",0.0424955189228058,"Protein"
"OID20561","Factor11",-0.00181804178282619,"Protein"
"OID21141","Factor11",-0.00899014715105295,"Protein"
"OID20474","Factor11",0.0226205233484507,"Protein"
"OID20999","Factor11",-0.0234583374112844,"Protein"
"OID21304","Factor11",-0.00321389851160347,"Protein"
"OID20552","Factor11",-0.00212402199395001,"Protein"
"OID20961","Factor11",0.0793782696127892,"Protein"
"OID20197","Factor11",-0.042008463293314,"Protein"
"OID21481","Factor11",0.0189097933471203,"Protein"
"OID21431","Factor11",-0.00112897017970681,"Protein"
"OID20408","Factor11",-0.0472961254417896,"Protein"
"OID20478","Factor11",0.0128180980682373,"Protein"
"OID20782","Factor11",0.00482004508376122,"Protein"
"OID20392","Factor11",-0.0605744905769825,"Protein"
"OID20368","Factor11",0.049924261868,"Protein"
"OID20425","Factor11",-0.000854311976581812,"Protein"
"OID20522","Factor11",0.0887040495872498,"Protein"
"OID21112","Factor11",0.0461723245680332,"Protein"
"OID21522","Factor11",0.0282705221325159,"Protein"
"OID20286","Factor11",0.00432411767542362,"Protein"
"OID20293","Factor11",-0.0280287340283394,"Protein"
"OID20966","Factor11",-0.07738196849823,"Protein"
"OID20308","Factor11",0.0649889186024666,"Protein"
"OID20743","Factor11",0.0760027393698692,"Protein"
"OID21259","Factor11",0.0130793219432235,"Protein"
"OID20496","Factor11",-0.0212879981845617,"Protein"
"OID20839","Factor11",-0.0635939911007881,"Protein"
"OID21040","Factor11",-0.0752286538481712,"Protein"
"OID21244","Factor11",0.0183702241629362,"Protein"
"OID20641","Factor11",-0.0243239291012287,"Protein"
"OID20783","Factor11",-0.0511811636388302,"Protein"
"OID21445","Factor11",4.46198610006832e-05,"Protein"
"OID20955","Factor11",0.011260393075645,"Protein"
"OID21310","Factor11",-0.0203141774982214,"Protein"
"OID20996","Factor11",-0.0451995767652988,"Protein"
"OID20543","Factor11",0.0167727116495371,"Protein"
"OID20669","Factor11",-0.0435083694756031,"Protein"
"OID20587","Factor11",0.0355355106294155,"Protein"
"OID20379","Factor11",-0.0269434507936239,"Protein"
"OID20217","Factor11",-0.000641551392618567,"Protein"
"OID20505","Factor11",-0.00623924471437931,"Protein"
"OID20085","Factor11",0.0109190987423062,"Protein"
"OID20973","Factor11",-0.0367061384022236,"Protein"
"OID20979","Factor11",0.0459308102726936,"Protein"
"OID20666","Factor11",-0.0275073479861021,"Protein"
"OID20570","Factor11",0.0115184737369418,"Protein"
"OID21041","Factor11",0.00757339829578996,"Protein"
"OID21501","Factor11",0.00262847845442593,"Protein"
"OID20963","Factor11",0.0782271474599838,"Protein"
"OID21342","Factor11",0.00858350750058889,"Protein"
"OID20144","Factor11",-0.00617513107135892,"Protein"
"OID20887","Factor11",-0.00203294213861227,"Protein"
"OID21454","Factor11",0.0642547160387039,"Protein"
"OID20854","Factor11",-0.00222014496102929,"Protein"
"OID21087","Factor11",-0.0167629458010197,"Protein"
"OID20294","Factor11",0.0206615161150694,"Protein"
"OID20398","Factor11",-0.013305670581758,"Protein"
"OID21444","Factor11",-0.024811988696456,"Protein"
"OID20630","Factor11",-0.00137059076223522,"Protein"
"OID20247","Factor11",0.0496466979384422,"Protein"
"OID20378","Factor11",-0.00641768099740148,"Protein"
"OID21295","Factor11",-0.00026132314815186,"Protein"
"OID21193","Factor11",-0.0338546186685562,"Protein"
"OID20912","Factor11",0.0175020527094603,"Protein"
"OID21026","Factor11",0.0538824908435345,"Protein"
"OID20620","Factor11",0.0300678089261055,"Protein"
"OID21179","Factor11",0.0253022443503141,"Protein"
"OID20510","Factor11",0.00233700126409531,"Protein"
"OID20653","Factor11",-0.0152498185634613,"Protein"
"OID20980","Factor11",-0.0104351444169879,"Protein"
"OID20655","Factor11",0.0132036339491606,"Protein"
"OID20623","Factor11",0.00875410437583923,"Protein"
"OID20572","Factor11",0.05532356351614,"Protein"
"OID20413","Factor11",-0.00119830924086273,"Protein"
"OID20686","Factor11",0.0372049733996391,"Protein"
"OID21133","Factor11",-0.000177031615749002,"Protein"
"OID20695","Factor11",-0.00706001650542021,"Protein"
"OID21246","Factor11",-0.00155453535262495,"Protein"
"OID21215","Factor11",0.0278225112706423,"Protein"
"OID21129","Factor11",-0.0560973398387432,"Protein"
"OID21324","Factor11",0.0724581480026245,"Protein"
"OID20234","Factor11",-0.0196202024817467,"Protein"
"OID20324","Factor11",-0.0249748378992081,"Protein"
"OID21086","Factor11",0.006796611007303,"Protein"
"OID21015","Factor11",0.00541133480146527,"Protein"
"OID20870","Factor11",0.00256777298636734,"Protein"
"OID20355","Factor11",-0.0212208013981581,"Protein"
"OID21068","Factor11",0.0366229079663754,"Protein"
"OID20691","Factor11",-0.0359268002212048,"Protein"
"OID21050","Factor11",0.0426173768937588,"Protein"
"OID20622","Factor11",0.0103389676660299,"Protein"
"OID20962","Factor11",0.0226291846483946,"Protein"
"OID20604","Factor11",0.0206439662724733,"Protein"
"OID20404","Factor11",0.00689528230577707,"Protein"
"OID20223","Factor11",0.0537647306919098,"Protein"
"OID20534","Factor11",0.0672413408756256,"Protein"
"OID20106","Factor11",0.0760720148682594,"Protein"
"OID20222","Factor11",-0.0467136353254318,"Protein"
"OID20259","Factor11",0.0488620735704899,"Protein"
"OID20766","Factor11",0.0792074277997017,"Protein"
"OID20216","Factor11",0.0172185357660055,"Protein"
"OID20339","Factor11",-0.0109203569591045,"Protein"
"OID20232","Factor11",0.00788671337068081,"Protein"
"OID20739","Factor11",-0.0746577009558678,"Protein"
"OID20328","Factor11",0.0212487354874611,"Protein"
"OID20768","Factor11",-0.00631487742066383,"Protein"
"OID20195","Factor11",-0.0153396092355251,"Protein"
"OID20445","Factor11",-0.0148169212043285,"Protein"
"OID20108","Factor11",0.0190550182014704,"Protein"
"OID20500","Factor11",0.066036231815815,"Protein"
"OID21145","Factor11",-0.0671391636133194,"Protein"
"OID21216","Factor11",-0.0501741617918015,"Protein"
"OID20731","Factor11",-0.0345972888171673,"Protein"
"OID20658","Factor11",-0.0281315930187702,"Protein"
"OID20967","Factor11",0.0192769207060337,"Protein"
"OID21235","Factor11",-0.00693582370877266,"Protein"
"OID21103","Factor11",-0.0351529642939568,"Protein"
"OID21005","Factor11",-0.0658956542611122,"Protein"
"OID21397","Factor11",-0.0305769741535187,"Protein"
"OID20151","Factor11",0.00348648428916931,"Protein"
"OID21490","Factor11",-0.0280421879142523,"Protein"
"OID20832","Factor11",0.00855468772351742,"Protein"
"OID21493","Factor11",-0.012706084176898,"Protein"
"OID21037","Factor11",0.00944952480494976,"Protein"
"OID21229","Factor11",0.0226075742393732,"Protein"
"OID20926","Factor11",0.0204082932323217,"Protein"
"OID21247","Factor11",0.0733209699392319,"Protein"
"OID21083","Factor11",0.00589111819863319,"Protein"
"OID20753","Factor11",-0.0180323515087366,"Protein"
"OID20338","Factor11",-0.0642907544970512,"Protein"
"OID21192","Factor11",0.042953509837389,"Protein"
"OID21160","Factor11",-0.00621301820501685,"Protein"
"OID21218","Factor11",-0.0180095061659813,"Protein"
"OID20375","Factor11",-0.0438726767897606,"Protein"
"OID20079","Factor11",0.0120600908994675,"Protein"
"OID21053","Factor11",0.0145343039184809,"Protein"
"OID20919","Factor11",-0.0257874168455601,"Protein"
"OID20171","Factor11",-0.0199848264455795,"Protein"
"OID20693","Factor11",-0.0314335003495216,"Protein"
"OID20600","Factor11",-0.00476492522284389,"Protein"
"OID20484","Factor11",0.0057851723395288,"Protein"
"OID21058","Factor11",0.0628552585840225,"Protein"
"OID20638","Factor11",-0.0571934171020985,"Protein"
"OID21132","Factor11",-0.00242323754355311,"Protein"
"OID20823","Factor11",-0.0297061633318663,"Protein"
"OID20917","Factor11",0.0337866097688675,"Protein"
"OID20780","Factor11",-0.0606069266796112,"Protein"
"OID21384","Factor11",0.0700192525982857,"Protein"
"OID21441","Factor11",0.0736126750707626,"Protein"
"OID20751","Factor11",-0.0339219123125076,"Protein"
"OID21064","Factor11",-0.00301391282118857,"Protein"
"OID21110","Factor11",-0.0503136441111565,"Protein"
"OID20827","Factor11",-0.0478945039212704,"Protein"
"OID21185","Factor11",0.0224631149321795,"Protein"
"OID20091","Factor11",-0.0164691936224699,"Protein"
"OID20867","Factor11",-0.00682942615821958,"Protein"
"OID20677","Factor11",-0.0488013327121735,"Protein"
"OID20934","Factor11",0.0684253945946693,"Protein"
"OID21271","Factor11",-0.00677412236109376,"Protein"
"OID20126","Factor11",-0.0434747040271759,"Protein"
"OID21414","Factor11",0.0121179996058345,"Protein"
"OID20333","Factor11",0.013740980066359,"Protein"
"OID20386","Factor11",-0.00578692695125937,"Protein"
"OID20418","Factor11",-0.00422342540696263,"Protein"
"OID20872","Factor11",0.0215111691504717,"Protein"
"OID20261","Factor11",-0.0176989156752825,"Protein"
"OID21227","Factor11",0.0142941735684872,"Protein"
"OID21010","Factor11",-0.087711974978447,"Protein"
"OID20165","Factor11",-0.0457305610179901,"Protein"
"OID20660","Factor11",-0.0562857910990715,"Protein"
"OID20512","Factor11",0.0212982557713985,"Protein"
"OID20467","Factor11",-0.00218738615512848,"Protein"
"OID20455","Factor11",0.00193966261576861,"Protein"
"OID20735","Factor11",0.101992547512054,"Protein"
"OID21001","Factor11",-0.0236701406538486,"Protein"
"OID21137","Factor11",-0.0518253520131111,"Protein"
"OID20727","Factor11",-0.0471748150885105,"Protein"
"OID21432","Factor11",-0.0041973227635026,"Protein"
"OID20278","Factor11",0.0935392081737518,"Protein"
"OID20167","Factor11",0.00621357746422291,"Protein"
"OID20188","Factor11",0.0819459483027458,"Protein"
"OID21480","Factor11",-0.0202163383364677,"Protein"
"OID20340","Factor11",0.0139966113492846,"Protein"
"OID20922","Factor11",-0.025204299017787,"Protein"
"OID21219","Factor11",-0.0038762076292187,"Protein"
"OID20228","Factor11",-0.047387670725584,"Protein"
"OID20771","Factor11",0.0623663142323494,"Protein"
"OID20664","Factor11",0.0587658397853374,"Protein"
"OID20930","Factor11",-0.00995099730789661,"Protein"
"OID20237","Factor11",0.069054551422596,"Protein"
"OID20770","Factor11",0.0252645500004292,"Protein"
"OID21275","Factor11",0.0355674065649509,"Protein"
"OID20240","Factor11",0.0210560820996761,"Protein"
"OID21317","Factor11",0.0519066378474236,"Protein"
"OID20721","Factor11",0.0328599512577057,"Protein"
"OID21008","Factor11",-0.0526590794324875,"Protein"
"OID21201","Factor11",0.0691417306661606,"Protein"
"OID21220","Factor11",0.0455870404839516,"Protein"
"OID20730","Factor11",0.0410932116210461,"Protein"
"OID21114","Factor11",0.0516380704939365,"Protein"
"OID20709","Factor11",-0.0222376994788647,"Protein"
"OID20272","Factor11",0.0245915688574314,"Protein"
"OID20429","Factor11",-0.0364406108856201,"Protein"
"OID21283","Factor11",0.0365465134382248,"Protein"
"OID21355","Factor11",-0.0026783982757479,"Protein"
"OID21519","Factor11",0.0265812929719687,"Protein"
"OID20096","Factor11",0.099124476313591,"Protein"
"OID20940","Factor11",-0.0236544106155634,"Protein"
"OID20764","Factor11",-0.0355424843728542,"Protein"
"OID20812","Factor11",-0.0478744097054005,"Protein"
"OID20673","Factor11",-0.0264217797666788,"Protein"
"OID21175","Factor11",0.0107721909880638,"Protein"
"OID21291","Factor11",0.0792243331670761,"Protein"
"OID20183","Factor11",-0.0256499443203211,"Protein"
"OID20113","Factor11",0.00369690917432308,"Protein"
"OID21288","Factor11",-0.0402659438550472,"Protein"
"OID21470","Factor11",0.0317519679665565,"Protein"
"OID20893","Factor11",0.0092789251357317,"Protein"
"OID20191","Factor11",0.0724185854196548,"Protein"
"OID20494","Factor11",0.0164186842739582,"Protein"
"OID20053","Factor11",0.0509745329618454,"Protein"
"OID21002","Factor11",0.0606833063066006,"Protein"
"OID20129","Factor11",0.0317399017512798,"Protein"
"OID20087","Factor11",0.0749310031533241,"Protein"
"OID20953","Factor11",-0.00357195525430143,"Protein"
"OID20667","Factor11",0.00134392350446433,"Protein"
"OID20913","Factor11",0.0673912540078163,"Protein"
"OID21465","Factor11",-0.0194899663329124,"Protein"
"OID20605","Factor11",0.0649807751178741,"Protein"
"OID20725","Factor11",0.102070078253746,"Protein"
"OID20405","Factor11",0.0838265717029572,"Protein"
"OID20061","Factor11",-0.0218988824635744,"Protein"
"OID21018","Factor11",0.0266960803419352,"Protein"
"OID20297","Factor11",-0.0419083163142204,"Protein"
"OID21206","Factor11",0.0474880784749985,"Protein"
"OID20239","Factor11",0.0165246576070786,"Protein"
"OID21398","Factor11",0.00636082189157605,"Protein"
"OID21321","Factor11",0.0428253747522831,"Protein"
"OID20456","Factor11",0.00187987624667585,"Protein"
"OID20976","Factor11",-0.00271882768720388,"Protein"
"OID21209","Factor11",0.0259032640606165,"Protein"
"OID20824","Factor11",0.0497605986893177,"Protein"
"OID20275","Factor11",-0.0333047583699226,"Protein"
"OID21494","Factor11",0.0425644889473915,"Protein"
"OID21299","Factor11",-0.0349180549383163,"Protein"
"OID20590","Factor11",-0.0741542354226112,"Protein"
"OID20384","Factor11",-0.0102770924568176,"Protein"
"OID21049","Factor11",-0.0230215732008219,"Protein"
"OID20174","Factor11",-0.0268335435539484,"Protein"
"OID21067","Factor11",0.00326973712071776,"Protein"
"OID20489","Factor11",-0.0125450659543276,"Protein"
"OID21243","Factor11",0.00215216469950974,"Protein"
"OID21077","Factor11",0.0114774471148849,"Protein"
"OID21270","Factor11",0.000823805283289403,"Protein"
"OID21337","Factor11",0.0632525607943535,"Protein"
"OID20196","Factor11",0.0225238502025604,"Protein"
"OID20121","Factor11",0.0392158590257168,"Protein"
"OID21262","Factor11",-0.0295097306370735,"Protein"
"OID20537","Factor11",-0.03015879355371,"Protein"
"OID20296","Factor11",-0.036775354295969,"Protein"
"OID21509","Factor11",-0.0461788773536682,"Protein"
"OID20921","Factor11",-0.00767844077199697,"Protein"
"OID21406","Factor11",0.00430179061368108,"Protein"
"OID21084","Factor11",-0.0406460016965866,"Protein"
"OID20951","Factor11",0.0844545364379883,"Protein"
"OID20491","Factor11",0.0588758885860443,"Protein"
"OID20777","Factor11",0.0438952744007111,"Protein"
"OID21472","Factor11",0.0162047725170851,"Protein"
"OID20304","Factor11",-0.0187216307967901,"Protein"
"OID21011","Factor11",0.0187317579984665,"Protein"
"OID20488","Factor11",0.012822350487113,"Protein"
"OID20155","Factor11",0.000844127964228392,"Protein"
"OID21171","Factor11",0.0156932156533003,"Protein"
"OID20176","Factor11",0.0116648748517036,"Protein"
"OID20540","Factor11",-0.0538075678050518,"Protein"
"OID21059","Factor11",0.0458509288728237,"Protein"
"OID21401","Factor11",0.0422644056379795,"Protein"
"OID20972","Factor11",0.0168789457529783,"Protein"
"OID21162","Factor11",0.0176342837512493,"Protein"
"OID21063","Factor11",-0.0336262881755829,"Protein"
"OID21435","Factor11",0.0356806218624115,"Protein"
"OID21316","Factor11",-0.0422420725226402,"Protein"
"OID21336","Factor11",-0.0112834004685283,"Protein"
"OID21471","Factor11",0.0225441884249449,"Protein"
"OID20427","Factor11",0.0321689136326313,"Protein"
"OID20750","Factor11",0.000359478959580883,"Protein"
"OID20763","Factor11",-0.0573507361114025,"Protein"
"OID21331","Factor11",-0.0173783302307129,"Protein"
"OID20424","Factor11",0.0146641116589308,"Protein"
"OID21046","Factor11",-0.0153136663138866,"Protein"
"OID21352","Factor11",0.127860620617867,"Protein"
"OID20792","Factor11",0.0115463435649872,"Protein"
"OID21027","Factor11",0.0164122525602579,"Protein"
"OID20822","Factor11",0.058265533298254,"Protein"
"OID20680","Factor11",0.057727936655283,"Protein"
"OID20329","Factor11",-0.0161052644252777,"Protein"
"OID21170","Factor11",-0.0214060358703136,"Protein"
"OID20585","Factor11",-0.0469300597906113,"Protein"
"OID20114","Factor11",0.0666579902172089,"Protein"
"OID20557","Factor11",0.018317986279726,"Protein"
"OID20864","Factor11",0.0208587106317282,"Protein"
"OID20077","Factor11",0.0142670413479209,"Protein"
"OID21315","Factor11",-0.0298441499471664,"Protein"
"OID20382","Factor11",-0.00218588532879949,"Protein"
"OID20633","Factor11",0.0658015832304955,"Protein"
"OID21238","Factor11",-0.00139256136026233,"Protein"
"OID20932","Factor11",-0.0160263702273369,"Protein"
"OID20694","Factor11",-0.0640381053090096,"Protein"
"OID20264","Factor11",0.0818599984049797,"Protein"
"OID21524","Factor11",-0.00329242227599025,"Protein"
"OID21447","Factor11",0.0127820838242769,"Protein"
"OID21138","Factor11",-0.00167673244141042,"Protein"
"OID21172","Factor11",-0.00153570028487593,"Protein"
"OID21389","Factor11",-0.0384113453328609,"Protein"
"OID21115","Factor11",-0.0151458783075213,"Protein"
"OID20211","Factor11",0.0474058501422405,"Protein"
"OID20279","Factor11",0.0945669189095497,"Protein"
"OID20569","Factor11",0.0606395155191422,"Protein"
"OID20142","Factor11",-0.0319810621440411,"Protein"
"OID20613","Factor11",-0.0190279167145491,"Protein"
"OID20710","Factor11",-0.00449558300897479,"Protein"
"OID20807","Factor11",0.0260700657963753,"Protein"
"OID20713","Factor11",-0.0389125272631645,"Protein"
"OID20148","Factor11",0.0433394461870193,"Protein"
"OID20632","Factor11",-0.0400422178208828,"Protein"
"OID21438","Factor11",0.0370215475559235,"Protein"
"OID21440","Factor11",0.0239631552249193,"Protein"
"OID20549","Factor11",0.0049204733222723,"Protein"
"OID20115","Factor11",0.0175242256373167,"Protein"
"OID21241","Factor11",-0.00944972224533558,"Protein"
"OID21529","Factor11",-0.00763795245438814,"Protein"
"OID21374","Factor11",-0.0119774034246802,"Protein"
"OID20154","Factor11",0.0183255523443222,"Protein"
"OID20480","Factor11",0.00906611885875463,"Protein"
"OID20767","Factor11",0.0603847689926624,"Protein"
"OID21135","Factor11",0.0551468133926392,"Protein"
"OID20320","Factor11",-0.00103575293906033,"Protein"
"OID20242","Factor11",-0.0328909680247307,"Protein"
"OID20602","Factor11",0.0138980494812131,"Protein"
"OID20282","Factor11",-0.0141754224896431,"Protein"
"OID21189","Factor11",-0.0456770285964012,"Protein"
"OID20652","Factor11",-0.0294505413621664,"Protein"
"OID20454","Factor11",0.0479456074535847,"Protein"
"OID20302","Factor11",0.00586920650675893,"Protein"
"OID20676","Factor11",-0.0160066224634647,"Protein"
"OID21079","Factor11",-0.0217316299676895,"Protein"
"OID20828","Factor11",0.0235712192952633,"Protein"
"OID21423","Factor11",-0.0149243595078588,"Protein"
"OID20535","Factor11",-0.0449640601873398,"Protein"
"OID21344","Factor11",0.0792064517736435,"Protein"
"OID20451","Factor11",0.0409097820520401,"Protein"
"OID21278","Factor11",0.0148271070793271,"Protein"
"OID20070","Factor11",-0.000445509445853531,"Protein"
"OID20529","Factor11",0.0145915783941746,"Protein"
"OID20314","Factor11",0.0317495428025723,"Protein"
"OID21346","Factor11",-0.0292867291718721,"Protein"
"OID20476","Factor11",-0.0381759703159332,"Protein"
"OID20765","Factor11",0.0116399135440588,"Protein"
"OID20915","Factor11",-0.0322853550314903,"Protein"
"OID20538","Factor11",0.0427134521305561,"Protein"
"OID21360","Factor11",-0.0113819474354386,"Protein"
"OID20562","Factor11",0.0531880706548691,"Protein"
"OID21405","Factor11",0.022475304082036,"Protein"
"OID20774","Factor11",-0.00464042322710156,"Protein"
"OID20661","Factor11",0.071397103369236,"Protein"
"OID20639","Factor11",-0.0543718747794628,"Protein"
"OID20267","Factor11",-0.0716355517506599,"Protein"
"OID20936","Factor11",0.0168658830225468,"Protein"
"OID21433","Factor11",-0.0345570966601372,"Protein"
"OID20804","Factor11",0.0319631919264793,"Protein"
"OID21152","Factor11",-0.018842538818717,"Protein"
"OID20084","Factor11",0.0146301295608282,"Protein"
"OID20881","Factor11",-0.0168609656393528,"Protein"
"OID20612","Factor11",0.0143209397792816,"Protein"
"OID21460","Factor11",0.0323016904294491,"Protein"
"OID20316","Factor11",-0.0226713083684444,"Protein"
"OID20373","Factor11",-0.0236207842826843,"Protein"
"OID21174","Factor11",0.0238671097904444,"Protein"
"OID20140","Factor11",-0.0241528861224651,"Protein"
"OID20781","Factor11",-0.0804741010069847,"Protein"
"OID20811","Factor11",-0.00741452118381858,"Protein"
"OID20497","Factor11",0.0387056134641171,"Protein"
"OID21407","Factor11",0.150199800729752,"Protein"
"OID20547","Factor11",0.0306967236101627,"Protein"
"OID20857","Factor11",0.0469238795340061,"Protein"
"OID20401","Factor11",0.0078824320808053,"Protein"
"OID21517","Factor11",0.0516872368752956,"Protein"
"OID20530","Factor11",0.0518443249166012,"Protein"
"OID21236","Factor11",-0.0294468700885773,"Protein"
"OID21412","Factor11",0.129129037261009,"Protein"
"OID20391","Factor11",0.0105359377339482,"Protein"
"OID20458","Factor11",0.0234604179859161,"Protein"
"OID21404","Factor11",-0.00380744389258325,"Protein"
"OID21394","Factor11",-0.0254034921526909,"Protein"
"OID21514","Factor11",-0.0299548488110304,"Protein"
"OID20662","Factor11",0.0723912417888641,"Protein"
"OID21286","Factor11",-0.00368810980580747,"Protein"
"OID20884","Factor11",0.00745517760515213,"Protein"
"OID21456","Factor11",-0.027355469763279,"Protein"
"OID21196","Factor11",-0.0612037368118763,"Protein"
"OID20599","Factor11",0.023716926574707,"Protein"
"OID21134","Factor11",-0.0370558947324753,"Protein"
"OID20690","Factor11",-0.07093845307827,"Protein"
"OID20720","Factor11",-0.0415593683719635,"Protein"
"OID20581","Factor11",0.0279861483722925,"Protein"
"OID20848","Factor11",-0.0396747812628746,"Protein"
"OID21339","Factor11",-0.012169511988759,"Protein"
"OID20394","Factor11",-0.00519324466586113,"Protein"
"OID20888","Factor11",-0.0153035894036293,"Protein"
"OID20290","Factor11",-0.0104508139193058,"Protein"
"OID20362","Factor11",0.0166297648102045,"Protein"
"OID21055","Factor11",0.135316297411919,"Protein"
"OID20071","Factor11",0.0110242059454322,"Protein"
"OID20941","Factor11",0.00481661921367049,"Protein"
"OID21468","Factor11",-0.0327924862504005,"Protein"
"OID20878","Factor11",-0.0207538027316332,"Protein"
"OID20834","Factor11",0.023056847974658,"Protein"
"OID20414","Factor11",0.0566428564488888,"Protein"
"OID21359","Factor11",0.0406515151262283,"Protein"
"OID20702","Factor11",-0.0132582690566778,"Protein"
"OID21161","Factor11",-0.0202307049185038,"Protein"
"OID20168","Factor11",-0.0200798697769642,"Protein"
"OID21301","Factor11",0.0196981113404036,"Protein"
"OID20556","Factor11",0.059743519872427,"Protein"
"OID21231","Factor11",-0.011501788161695,"Protein"
"OID20525","Factor11",-0.0170880500227213,"Protein"
"OID20806","Factor11",-0.00506073562428355,"Protein"
"OID20502","Factor11",0.0468242727220058,"Protein"
"OID20332","Factor11",-0.027477515861392,"Protein"
"OID20668","Factor11",0.0419819392263889,"Protein"
"OID20208","Factor11",0.0296693500131369,"Protein"
"OID20265","Factor11",0.0279073994606733,"Protein"
"OID21400","Factor11",-0.00196776119992137,"Protein"
"OID21518","Factor11",0.0247013121843338,"Protein"
"OID20348","Factor11",-0.0976395085453987,"Protein"
"OID20447","Factor11",0.0325239449739456,"Protein"
"OID20566","Factor11",-0.0801603347063065,"Protein"
"OID21318","Factor11",-0.00483056716620922,"Protein"
"OID20352","Factor11",0.0397178381681442,"Protein"
"OID20442","Factor11",0.0831044018268585,"Protein"
"OID21458","Factor11",0.0821080133318901,"Protein"
"OID20473","Factor11",-0.0339406169950962,"Protein"
"OID21147","Factor11",0.111877538263798,"Protein"
"OID20855","Factor11",0.0450853817164898,"Protein"
"OID21122","Factor11",-0.0196772441267967,"Protein"
"OID21023","Factor11",0.0117976935580373,"Protein"
"OID20493","Factor11",-0.00707318633794785,"Protein"
"OID20852","Factor11",-0.0425368212163448,"Protein"
"OID21429","Factor11",-0.0209136549383402,"Protein"
"OID21102","Factor11",0.00998509582132101,"Protein"
"OID20629","Factor11",-0.0851675271987915,"Protein"
"OID21070","Factor11",-0.0111202225089073,"Protein"
"OID20281","Factor11",0.0832091793417931,"Protein"
"OID20651","Factor11",0.0148031981661916,"Protein"
"OID21228","Factor11",-0.0550340339541435,"Protein"
"OID20393","Factor11",0.00402310956269503,"Protein"
"OID20624","Factor11",0.0604844391345978,"Protein"
"OID21090","Factor11",0.0279015749692917,"Protein"
"OID21096","Factor11",-0.00293213874101639,"Protein"
"OID21194","Factor11",0.060769334435463,"Protein"
"OID20410","Factor11",-0.0156241683289409,"Protein"
"OID21525","Factor11",-0.0976573824882507,"Protein"
"OID20229","Factor11",-0.00205840216949582,"Protein"
"OID20185","Factor11",-0.00897585973143578,"Protein"
"OID20131","Factor11",-0.00938902050256729,"Protein"
"OID20719","Factor11",-0.0358031205832958,"Protein"
"OID20974","Factor11",0.0661396384239197,"Protein"
"OID20170","Factor11",-0.0712472125887871,"Protein"
"OID20231","Factor11",-0.0216193031519651,"Protein"
"OID20897","Factor11",0.0507143177092075,"Protein"
"OID21526","Factor11",0.0507499724626541,"Protein"
"OID20416","Factor11",-0.013548718765378,"Protein"
"OID20654","Factor11",-0.0176731664687395,"Protein"
"OID20236","Factor11",0.0176895763725042,"Protein"
"OID21165","Factor11",0.00783676747232676,"Protein"
"OID21424","Factor11",-0.0198269039392471,"Protein"
"OID21308","Factor11",-0.0200072769075632,"Protein"
"OID20388","Factor11",0.0228952653706074,"Protein"
"OID20994","Factor11",0.0683615654706955,"Protein"
"OID20747","Factor11",-0.044260747730732,"Protein"
"OID20346","Factor11",0.00442232005298138,"Protein"
"OID21362","Factor11",0.0625810101628304,"Protein"
"OID21345","Factor11",-0.0566744916141033,"Protein"
"OID20621","Factor11",-0.00216112844645977,"Protein"
"OID20076","Factor11",-0.00984358973801136,"Protein"
"OID21303","Factor11",0.0699503794312477,"Protein"
"OID20835","Factor11",0.00483346078544855,"Protein"
"OID20948","Factor11",0.062520332634449,"Protein"
"OID20565","Factor11",-0.0239956397563219,"Protein"
"OID20397","Factor11",0.00496255932375789,"Protein"
"OID20235","Factor11",-0.0139916511252522,"Protein"
"OID20255","Factor11",0.0259957574307919,"Protein"
"OID20367","Factor11",0.0373928062617779,"Protein"
"OID20982","Factor11",0.00614732503890991,"Protein"
"OID20611","Factor11",-0.0486854761838913,"Protein"
"OID20706","Factor11",0.129389837384224,"Protein"
"OID20773","Factor11",-0.0247957389801741,"Protein"
"OID20270","Factor11",-0.0450233668088913,"Protein"
"OID20199","Factor11",0.00676750671118498,"Protein"
"OID20377","Factor11",0.00352155999280512,"Protein"
"OID20555","Factor11",0.0225190706551075,"Protein"
"OID21240","Factor11",-0.00962219480425119,"Protein"
"OID21130","Factor11",0.00353292026557028,"Protein"
"OID21028","Factor11",-0.0680822059512138,"Protein"
"OID20531","Factor11",-0.0104085011407733,"Protein"
"OID20130","Factor11",0.0452942065894604,"Protein"
"OID20133","Factor11",0.0814212411642075,"Protein"
"OID20481","Factor11",0.114631965756416,"Protein"
"OID20238","Factor11",0.0260698050260544,"Protein"
"OID20358","Factor11",0.00803020875900984,"Protein"
"OID21322","Factor11",0.0313904248178005,"Protein"
"OID20194","Factor11",-0.0100230537354946,"Protein"
"OID20353","Factor11",-0.0133691132068634,"Protein"
"OID20145","Factor11",0.0184586066752672,"Protein"
"OID20132","Factor11",0.000276079023024067,"Protein"
"OID21353","Factor11",0.123898699879646,"Protein"
"OID21230","Factor11",0.0316253378987312,"Protein"
"OID20513","Factor11",-0.0351114012300968,"Protein"
"OID20082","Factor11",0.00531310681253672,"Protein"
"OID21136","Factor11",0.0665930211544037,"Protein"
"OID20380","Factor11",-0.00712283607572317,"Protein"
"OID20914","Factor11",0.00853167660534382,"Protein"
"OID20204","Factor11",0.043660931289196,"Protein"
"OID20637","Factor11",0.00764384772628546,"Protein"
"OID20464","Factor11",0.0556442774832249,"Protein"
"OID20957","Factor11",0.152171939611435,"Protein"
"OID21052","Factor11",-0.0295695178210735,"Protein"
"OID20213","Factor11",-0.0111060105264187,"Protein"
"OID21366","Factor11",-0.0150788333266973,"Protein"
"OID20733","Factor11",0.00363493175245821,"Protein"
"OID21252","Factor11",-0.030410697683692,"Protein"
"OID20755","Factor11",-0.0136953247711062,"Protein"
"OID20360","Factor11",-0.0161827262490988,"Protein"
"OID20172","Factor11",0.0136683769524097,"Protein"
"OID21474","Factor11",0.0129161104559898,"Protein"
"OID20337","Factor11",0.0116616329178214,"Protein"
"OID20487","Factor11",0.0582659281790257,"Protein"
"OID20374","Factor11",0.0195428263396025,"Protein"
"OID20754","Factor11",0.0456128269433975,"Protein"
"OID20575","Factor11",0.0185257401317358,"Protein"
"OID20909","Factor11",0.0322515740990639,"Protein"
"OID20626","Factor11",-0.0138788763433695,"Protein"
"OID20396","Factor11",0.00798312295228243,"Protein"
"OID20462","Factor11",0.0951546281576157,"Protein"
"OID20775","Factor12",4.62277639599051e-05,"Protein"
"OID20984","Factor12",0.000970641907770187,"Protein"
"OID20083","Factor12",0.00106112076900899,"Protein"
"OID21402","Factor12",-0.000785570358857512,"Protein"
"OID20911","Factor12",0.000180974107934162,"Protein"
"OID20850","Factor12",0.00173258851282299,"Protein"
"OID20101","Factor12",7.39243914722465e-05,"Protein"
"OID21140","Factor12",-0.000174863234860823,"Protein"
"OID20563","Factor12",0.000183710377314128,"Protein"
"OID20125","Factor12",0.00233527459204197,"Protein"
"OID21485","Factor12",-0.000735814217478037,"Protein"
"OID21276","Factor12",0.000173870241269469,"Protein"
"OID20594","Factor12",-0.000613692856859416,"Protein"
"OID20779","Factor12",0.000145154030178674,"Protein"
"OID20983","Factor12",-0.000541961751878262,"Protein"
"OID20643","Factor12",0.00207643886096776,"Protein"
"OID20049","Factor12",0.00144957029260695,"Protein"
"OID20312","Factor12",-0.00135254522319883,"Protein"
"OID20246","Factor12",0.000682625570334494,"Protein"
"OID20495","Factor12",-0.000658377073705196,"Protein"
"OID21031","Factor12",-0.00307366973720491,"Protein"
"OID20778","Factor12",-0.00044561896356754,"Protein"
"OID20127","Factor12",0.00213332730345428,"Protein"
"OID20274","Factor12",-0.00115002528764307,"Protein"
"OID21373","Factor12",-0.000416214228607714,"Protein"
"OID20559","Factor12",0.000325627013808116,"Protein"
"OID20218","Factor12",0.0010031817946583,"Protein"
"OID20263","Factor12",-3.8972280890448e-05,"Protein"
"OID21489","Factor12",0.00202372041530907,"Protein"
"OID20219","Factor12",0.000794867461081594,"Protein"
"OID20192","Factor12",0.00428103422746062,"Protein"
"OID20896","Factor12",0.000557932653464377,"Protein"
"OID20399","Factor12",0.000486738281324506,"Protein"
"OID21297","Factor12",0.000784355157520622,"Protein"
"OID21348","Factor12",0.000386071129469201,"Protein"
"OID20593","Factor12",-0.000155161018483341,"Protein"
"OID21395","Factor12",-0.000169743798323907,"Protein"
"OID21507","Factor12",0.00111948139965534,"Protein"
"OID20729","Factor12",0.00161966460291296,"Protein"
"OID20220","Factor12",0.0010422911727801,"Protein"
"OID21411","Factor12",0.00156798155512661,"Protein"
"OID21387","Factor12",0.000855217105709016,"Protein"
"OID20266","Factor12",-0.000743133598007262,"Protein"
"OID21461","Factor12",0.00152656808495522,"Protein"
"OID21475","Factor12",-0.000263530877418816,"Protein"
"OID20671","Factor12",-0.000551490695215762,"Protein"
"OID20950","Factor12",-0.00147800508420914,"Protein"
"OID20206","Factor12",0.000189554892131127,"Protein"
"OID21250","Factor12",0.000465395161882043,"Protein"
"OID20579","Factor12",-0.00255630887113512,"Protein"
"OID20761","Factor12",-0.00228581600822508,"Protein"
"OID20711","Factor12",0.00016242143465206,"Protein"
"OID20707","Factor12",-0.000755874440073967,"Protein"
"OID20760","Factor12",0.000756764318794012,"Protein"
"OID20672","Factor12",-0.000113987072836608,"Protein"
"OID21277","Factor12",0.00112561695277691,"Protein"
"OID20169","Factor12",0.000828964461106807,"Protein"
"OID20524","Factor12",-0.00270912982523441,"Protein"
"OID20523","Factor12",0.000605487846769392,"Protein"
"OID20544","Factor12",-0.00180756335612386,"Protein"
"OID21047","Factor12",-0.000276200618827716,"Protein"
"OID20258","Factor12",0.00032817863393575,"Protein"
"OID20112","Factor12",0.00361950602382421,"Protein"
"OID20993","Factor12",-0.00231199897825718,"Protein"
"OID20656","Factor12",0.000135788563056849,"Protein"
"OID20863","Factor12",0.000924565771128982,"Protein"
"OID20640","Factor12",-0.000909319205675274,"Protein"
"OID20596","Factor12",0.00119274819735438,"Protein"
"OID20625","Factor12",0.00286992499604821,"Protein"
"OID21097","Factor12",-0.000533034093677998,"Protein"
"OID20166","Factor12",0.000301666557788849,"Protein"
"OID21306","Factor12",0.00011499086394906,"Protein"
"OID21176","Factor12",-0.00215415610000491,"Protein"
"OID21118","Factor12",-0.00386812631040812,"Protein"
"OID21332","Factor12",0.00202023005113006,"Protein"
"OID20551","Factor12",-0.00036552781239152,"Protein"
"OID20856","Factor12",-0.0016980457585305,"Protein"
"OID20918","Factor12",0.00177337625063956,"Protein"
"OID21420","Factor12",0.000946995685808361,"Protein"
"OID20875","Factor12",0.000912178307771683,"Protein"
"OID21378","Factor12",0.000414939335314557,"Protein"
"OID21506","Factor12",-0.00199655001051724,"Protein"
"OID21459","Factor12",-0.00375980511307716,"Protein"
"OID20075","Factor12",-0.000179767841473222,"Protein"
"OID21505","Factor12",0.00024977361317724,"Protein"
"OID20698","Factor12",-0.00196985644288361,"Protein"
"OID20271","Factor12",0.000713023357093334,"Protein"
"OID20717","Factor12",-0.00369693827815354,"Protein"
"OID20050","Factor12",0.00142041803337634,"Protein"
"OID20090","Factor12",0.000354068673914298,"Protein"
"OID20627","Factor12",-0.00110477127600461,"Protein"
"OID20908","Factor12",-0.00125757360365242,"Protein"
"OID20741","Factor12",-0.000609605747740716,"Protein"
"OID20519","Factor12",0.00275582261383533,"Protein"
"OID20138","Factor12",0.000853829667903483,"Protein"
"OID20095","Factor12",-0.00064991950057447,"Protein"
"OID20689","Factor12",0.000137135153636336,"Protein"
"OID20203","Factor12",-0.000547311967238784,"Protein"
"OID20541","Factor12",0.000496770546305925,"Protein"
"OID20742","Factor12",0.000777547713369131,"Protein"
"OID20554","Factor12",0.000184637872735038,"Protein"
"OID21319","Factor12",-0.00155269983224571,"Protein"
"OID20415","Factor12",3.41614468197804e-05,"Protein"
"OID21521","Factor12",-0.000851267715916038,"Protein"
"OID20925","Factor12",0.000401265046093613,"Protein"
"OID21204","Factor12",-0.00162163656204939,"Protein"
"OID20938","Factor12",0.00179322250187397,"Protein"
"OID20577","Factor12",-0.000575193902477622,"Protein"
"OID21029","Factor12",0.000256918312516063,"Protein"
"OID20364","Factor12",-0.000589725968893617,"Protein"
"OID21408","Factor12",1.92841780517483e-05,"Protein"
"OID20788","Factor12",1.48107865243219e-05,"Protein"
"OID21469","Factor12",7.01886756360182e-06,"Protein"
"OID20899","Factor12",-0.0011127523612231,"Protein"
"OID20952","Factor12",-0.000464420969365165,"Protein"
"OID21078","Factor12",0.000650563568342477,"Protein"
"OID20187","Factor12",-0.0014216504059732,"Protein"
"OID20475","Factor12",0.00149370322469622,"Protein"
"OID20616","Factor12",-0.00130903034005314,"Protein"
"OID21069","Factor12",0.000612558622378856,"Protein"
"OID20772","Factor12",-0.000558903208002448,"Protein"
"OID20684","Factor12",1.12208181235474e-05,"Protein"
"OID20230","Factor12",0.000698578427545726,"Protein"
"OID21451","Factor12",-0.000306627916870639,"Protein"
"OID20916","Factor12",0.000782859628088772,"Protein"
"OID21158","Factor12",-0.000490723934490234,"Protein"
"OID20182","Factor12",8.17673135315999e-05,"Protein"
"OID21307","Factor12",0.000493726634886116,"Protein"
"OID20412","Factor12",-0.0015154784778133,"Protein"
"OID21226","Factor12",0.00112080341205001,"Protein"
"OID21391","Factor12",0.000514774466864765,"Protein"
"OID20615","Factor12",-0.00117681140545756,"Protein"
"OID21224","Factor12",0.00300778215751052,"Protein"
"OID20158","Factor12",-1.21680404845392e-05,"Protein"
"OID20582","Factor12",-0.00299413688480854,"Protein"
"OID20816","Factor12",0.000233433325774968,"Protein"
"OID20937","Factor12",0.00325489905662835,"Protein"
"OID21376","Factor12",-0.00050769280642271,"Protein"
"OID20681","Factor12",0.00146179646253586,"Protein"
"OID20251","Factor12",0.00102020986378193,"Protein"
"OID21350","Factor12",-0.00219874200411141,"Protein"
"OID21263","Factor12",0.00043915375135839,"Protein"
"OID21149","Factor12",-0.0031017295550555,"Protein"
"OID20207","Factor12",-0.000930813839659095,"Protein"
"OID21282","Factor12",-1.0578454748611e-05,"Protein"
"OID21269","Factor12",-0.000764702970627695,"Protein"
"OID21309","Factor12",0.00181166897527874,"Protein"
"OID20959","Factor12",0.00047222469584085,"Protein"
"OID21508","Factor12",-0.00101022515445948,"Protein"
"OID21292","Factor12",-0.00289349281229079,"Protein"
"OID20697","Factor12",-0.000466680416138843,"Protein"
"OID20588","Factor12",0.0013050721026957,"Protein"
"OID21422","Factor12",0.000657298718579113,"Protein"
"OID20910","Factor12",0.000586708309128881,"Protein"
"OID20175","Factor12",0.000207075907383114,"Protein"
"OID21383","Factor12",0.000334899785229936,"Protein"
"OID21082","Factor12",0.000871399301104248,"Protein"
"OID20965","Factor12",-0.0014174107927829,"Protein"
"OID20225","Factor12",-0.000184280681423843,"Protein"
"OID20245","Factor12",-0.0011856957571581,"Protein"
"OID21033","Factor12",0.00121185928583145,"Protein"
"OID20558","Factor12",-0.00182382948696613,"Protein"
"OID20871","Factor12",0.00125112233217806,"Protein"
"OID21144","Factor12",0.000937090895604342,"Protein"
"OID20322","Factor12",0.000977554940618575,"Protein"
"OID21347","Factor12",-0.000830706208944321,"Protein"
"OID21296","Factor12",0.000631177448667586,"Protein"
"OID20971","Factor12",-0.00132749485783279,"Protein"
"OID21294","Factor12",-0.000248934462433681,"Protein"
"OID20737","Factor12",-0.000459974515251815,"Protein"
"OID20847","Factor12",0.000196951834368519,"Protein"
"OID21003","Factor12",-0.00376209523528814,"Protein"
"OID20553","Factor12",0.000523387046996504,"Protein"
"OID20977","Factor12",-0.00127215625252575,"Protein"
"OID21154","Factor12",0.00143342802766711,"Protein"
"OID21512","Factor12",0.000950024113990366,"Protein"
"OID20704","Factor12",-0.000827822426799685,"Protein"
"OID20644","Factor12",-0.00211353111080825,"Protein"
"OID20964","Factor12",0.000318694743327796,"Protein"
"OID20117","Factor12",-0.00139612751081586,"Protein"
"OID21019","Factor12",-0.000982571858912706,"Protein"
"OID20688","Factor12",1.44017240018002e-05,"Protein"
"OID20700","Factor12",0.000255120976362377,"Protein"
"OID21287","Factor12",0.000492527789901942,"Protein"
"OID20548","Factor12",-0.000947712920606136,"Protein"
"OID21061","Factor12",-0.000553082674741745,"Protein"
"OID20477","Factor12",0.000308787013636902,"Protein"
"OID20787","Factor12",0.000284533569356427,"Protein"
"OID20292","Factor12",-0.000138201081426814,"Protein"
"OID20431","Factor12",-0.00118563638534397,"Protein"
"OID20714","Factor12",4.54719083791133e-05,"Protein"
"OID20110","Factor12",-3.28789901686832e-05,"Protein"
"OID20740","Factor12",4.81803581351414e-05,"Protein"
"OID21123","Factor12",-0.000543458620086312,"Protein"
"OID20105","Factor12",0.000885802903212607,"Protein"
"OID20326","Factor12",-8.23862501420081e-05,"Protein"
"OID21314","Factor12",-0.00230492372065783,"Protein"
"OID20795","Factor12",-0.0010032249847427,"Protein"
"OID21320","Factor12",-0.00181715749204159,"Protein"
"OID20325","Factor12",0.000593345263041556,"Protein"
"OID20511","Factor12",-4.99935522384476e-05,"Protein"
"OID20903","Factor12",0.00134745880495757,"Protein"
"OID21511","Factor12",-0.000652161368634552,"Protein"
"OID21222","Factor12",-0.00304347672499716,"Protein"
"OID20086","Factor12",0.000383044651243836,"Protein"
"OID20515","Factor12",0.000140571297379211,"Protein"
"OID20214","Factor12",0.000672363617923111,"Protein"
"OID20305","Factor12",0.00218749605119228,"Protein"
"OID21356","Factor12",0.000964631210081279,"Protein"
"OID20981","Factor12",-0.00118866912089288,"Protein"
"OID21363","Factor12",-0.00429832050576806,"Protein"
"OID21455","Factor12",0.00197145552374423,"Protein"
"OID20334","Factor12",0.000385163148166612,"Protein"
"OID20139","Factor12",-0.000194441789062694,"Protein"
"OID21156","Factor12",-0.000357690529199317,"Protein"
"OID20227","Factor12",-0.000898735306691378,"Protein"
"OID20814","Factor12",-0.000709073559846729,"Protein"
"OID20745","Factor12",-0.00130546081345528,"Protein"
"OID20683","Factor12",-0.0052578654140234,"Protein"
"OID21211","Factor12",0.000589301867876202,"Protein"
"OID20723","Factor12",5.76260063098744e-05,"Protein"
"OID20900","Factor12",0.000395389681216329,"Protein"
"OID21453","Factor12",0.000837705505546182,"Protein"
"OID20177","Factor12",-0.00280569912865758,"Protein"
"OID20526","Factor12",0.000391115958336741,"Protein"
"OID20146","Factor12",-0.000360969424946234,"Protein"
"OID21357","Factor12",0.000903420324902982,"Protein"
"OID20545","Factor12",-0.00515765743330121,"Protein"
"OID20685","Factor12",0.0015088381478563,"Protein"
"OID20200","Factor12",-0.000476017274195328,"Protein"
"OID21467","Factor12",4.5304317609407e-05,"Protein"
"OID21000","Factor12",0.000622385705355555,"Protein"
"OID20244","Factor12",-0.000771149294450879,"Protein"
"OID20250","Factor12",0.000770364771597087,"Protein"
"OID20280","Factor12",-0.00114969094283879,"Protein"
"OID21450","Factor12",0.00113835383672267,"Protein"
"OID20409","Factor12",-0.000732450745999813,"Protein"
"OID21417","Factor12",-0.000813861784990877,"Protein"
"OID20943","Factor12",-0.00284001813270152,"Protein"
"OID20724","Factor12",0.000341286766342819,"Protein"
"OID20201","Factor12",-0.000403011159505695,"Protein"
"OID21205","Factor12",0.00410383893176913,"Protein"
"OID20987","Factor12",-0.000605049834121019,"Protein"
"OID20646","Factor12",0.000278241728665307,"Protein"
"OID21323","Factor12",-0.00182268489152193,"Protein"
"OID20997","Factor12",0.00106625724583864,"Protein"
"OID21030","Factor12",-0.00083064561476931,"Protein"
"OID21462","Factor12",-3.05965695588384e-05,"Protein"
"OID20483","Factor12",0.000873190932907164,"Protein"
"OID20149","Factor12",7.65573713579215e-05,"Protein"
"OID21499","Factor12",0.000829449272714555,"Protein"
"OID20682","Factor12",-0.00013902538921684,"Protein"
"OID20868","Factor12",0.0025806010235101,"Protein"
"OID20574","Factor12",-0.00158671417739242,"Protein"
"OID21151","Factor12",-0.000379673874704167,"Protein"
"OID20472","Factor12",0.000173639607965015,"Protein"
"OID20675","Factor12",-0.000558734056539834,"Protein"
"OID20436","Factor12",0.000446732330601662,"Protein"
"OID20184","Factor12",-0.000893261167220771,"Protein"
"OID21060","Factor12",-0.0011102108983323,"Protein"
"OID21367","Factor12",0.000670521287247539,"Protein"
"OID20178","Factor12",0.000251468649366871,"Protein"
"OID21375","Factor12",0.00333612062968314,"Protein"
"OID21430","Factor12",0.00083798379637301,"Protein"
"OID21312","Factor12",-0.00166747684124857,"Protein"
"OID21380","Factor12",8.95769044291228e-05,"Protein"
"OID20421","Factor12",0.00111975870095193,"Protein"
"OID21326","Factor12",0.00186416367068887,"Protein"
"OID20631","Factor12",0.00105403421912342,"Protein"
"OID20097","Factor12",0.00196378258988261,"Protein"
"OID20758","Factor12",0.00113232235889882,"Protein"
"OID21482","Factor12",-0.000578233797568828,"Protein"
"OID20371","Factor12",0.00177377532236278,"Protein"
"OID21415","Factor12",0.000770360289607197,"Protein"
"OID21527","Factor12",0.000457793154055253,"Protein"
"OID20233","Factor12",-0.000894244643859565,"Protein"
"OID21016","Factor12",-0.00193380890414119,"Protein"
"OID21284","Factor12",0.000308865070110187,"Protein"
"OID21143","Factor12",-0.000720286392606795,"Protein"
"OID21022","Factor12",0.00211145216599107,"Protein"
"OID20865","Factor12",-0.00160944112576544,"Protein"
"OID21311","Factor12",0.000292921788059175,"Protein"
"OID20342","Factor12",0.000310155068291351,"Protein"
"OID20309","Factor12",0.000669240369461477,"Protein"
"OID20546","Factor12",-0.000451414030976593,"Protein"
"OID21099","Factor12",-0.000917979574296623,"Protein"
"OID20135","Factor12",0.00318283680826426,"Protein"
"OID21476","Factor12",0.000755267508793622,"Protein"
"OID20359","Factor12",0.000579897023271769,"Protein"
"OID20601","Factor12",0.00114404212217778,"Protein"
"OID21104","Factor12",-0.000682760204654187,"Protein"
"OID20756","Factor12",-0.000211604550713673,"Protein"
"OID21439","Factor12",-0.000456975481938571,"Protein"
"OID21399","Factor12",-2.81371358141769e-05,"Protein"
"OID21043","Factor12",0.000338182086125016,"Protein"
"OID20609","Factor12",0.000186308170668781,"Protein"
"OID20289","Factor12",-0.00108434807043523,"Protein"
"OID21101","Factor12",0.000845711096189916,"Protein"
"OID21014","Factor12",0.00109620136208832,"Protein"
"OID21249","Factor12",-0.00226303772069514,"Protein"
"OID21446","Factor12",0.000411179411457852,"Protein"
"OID20970","Factor12",-0.00222977693192661,"Protein"
"OID20956","Factor12",-0.00135886669158936,"Protein"
"OID20635","Factor12",-0.000935029122047126,"Protein"
"OID20648","Factor12",-0.00392778776586056,"Protein"
"OID20331","Factor12",-0.000477882946142927,"Protein"
"OID21437","Factor12",-0.000661988335195929,"Protein"
"OID21442","Factor12",0.00121928821317852,"Protein"
"OID21369","Factor12",0.000862547312863171,"Protein"
"OID20576","Factor12",0.000763313844799995,"Protein"
"OID20636","Factor12",0.00120105023961514,"Protein"
"OID20162","Factor12",-0.00125342316459864,"Protein"
"OID21381","Factor12",0.000396804651245475,"Protein"
"OID20153","Factor12",0.00102209148462862,"Protein"
"OID20732","Factor12",-0.000216428190469742,"Protein"
"OID21024","Factor12",-0.000331267074216157,"Protein"
"OID21434","Factor12",-0.00063111080089584,"Protein"
"OID20507","Factor12",0.00215271674096584,"Protein"
"OID20137","Factor12",-0.00058874033857137,"Protein"
"OID21042","Factor12",-0.000546431634575129,"Protein"
"OID21516","Factor12",-0.000811293779406697,"Protein"
"OID20299","Factor12",-0.00208460865542293,"Protein"
"OID21257","Factor12",0.00018148118397221,"Protein"
"OID21253","Factor12",0.000746006611734629,"Protein"
"OID20988","Factor12",0.000331359595293179,"Protein"
"OID21119","Factor12",0.00022419384913519,"Protein"
"OID21038","Factor12",0.00166101765353233,"Protein"
"OID21091","Factor12",0.00203383923508227,"Protein"
"OID20597","Factor12",-0.00232788221910596,"Protein"
"OID20179","Factor12",0.000945801089983433,"Protein"
"OID21168","Factor12",-8.7645101302769e-05,"Protein"
"OID21368","Factor12",0.00074704282451421,"Protein"
"OID20738","Factor12",-0.00503158802166581,"Protein"
"OID20122","Factor12",0.00131319521460682,"Protein"
"OID20703","Factor12",0.000614321557804942,"Protein"
"OID21436","Factor12",0.000788551580626518,"Protein"
"OID21421","Factor12",0.000437712151324376,"Protein"
"OID20589","Factor12",0.00434473063796759,"Protein"
"OID20927","Factor12",-0.00345178856514394,"Protein"
"OID21418","Factor12",-0.0014084066497162,"Protein"
"OID21013","Factor12",-0.000704694946762174,"Protein"
"OID20904","Factor12",-0.00151407986413687,"Protein"
"OID20568","Factor12",0.00136580062098801,"Protein"
"OID20533","Factor12",0.00209362874738872,"Protein"
"OID20254","Factor12",0.000552890473045409,"Protein"
"OID21403","Factor12",-0.000501629605423659,"Protein"
"OID21012","Factor12",0.00244652736000717,"Protein"
"OID21280","Factor12",0.000754253182094544,"Protein"
"OID21187","Factor12",0.00147511914838105,"Protein"
"OID21425","Factor12",6.17422701907344e-05,"Protein"
"OID20078","Factor12",0.000129799009300768,"Protein"
"OID20102","Factor12",0.000153448912897147,"Protein"
"OID21073","Factor12",0.00185362249612808,"Protein"
"OID21428","Factor12",-0.00250770570710301,"Protein"
"OID20687","Factor12",-0.00119006598833948,"Protein"
"OID20883","Factor12",0.00066165957832709,"Protein"
"OID21242","Factor12",0.000526578282006085,"Protein"
"OID20583","Factor12",-0.00488910125568509,"Protein"
"OID21361","Factor12",-0.00170343893114477,"Protein"
"OID21365","Factor12",-0.000359960424248129,"Protein"
"OID21419","Factor12",-0.00166418415028602,"Protein"
"OID21498","Factor12",0.000391674257116392,"Protein"
"OID20995","Factor12",0.000506944896187633,"Protein"
"OID21094","Factor12",-0.000844432215671986,"Protein"
"OID20715","Factor12",0.00129921943880618,"Protein"
"OID20718","Factor12",0.00148405879735947,"Protein"
"OID20960","Factor12",-0.000431377266068012,"Protein"
"OID20866","Factor12",-0.00108992937020957,"Protein"
"OID20986","Factor12",0.00030508913914673,"Protein"
"OID20152","Factor12",-0.000846044567879289,"Protein"
"OID20395","Factor12",0.000634259078651667,"Protein"
"OID21285","Factor12",0.0010349047370255,"Protein"
"OID20313","Factor12",-0.00059188436716795,"Protein"
"OID20509","Factor12",0.00279266014695168,"Protein"
"OID21255","Factor12",-0.000415531278122216,"Protein"
"OID20141","Factor12",-0.000452373002190143,"Protein"
"OID20942","Factor12",0.0012471309164539,"Protein"
"OID21466","Factor12",-0.000637917895801365,"Protein"
"OID20215","Factor12",0.000879421946592629,"Protein"
"OID20923","Factor12",0.0024783534463495,"Protein"
"OID20752","Factor12",-0.00023297501320485,"Protein"
"OID20990","Factor12",-2.73753612418659e-05,"Protein"
"OID21004","Factor12",0.000538960273843259,"Protein"
"OID20103","Factor12",-0.000397119205445051,"Protein"
"OID20784","Factor12",0.000873288663569838,"Protein"
"OID20156","Factor12",-0.00150914071127772,"Protein"
"OID20221","Factor12",-0.00179985025897622,"Protein"
"OID21410","Factor12",0.00162137346342206,"Protein"
"OID21225","Factor12",0.00175640382803977,"Protein"
"OID21385","Factor12",-0.000382396043278277,"Protein"
"OID21155","Factor12",-0.000487551820697263,"Protein"
"OID20610","Factor12",-0.000117623560072388,"Protein"
"OID20935","Factor12",0.000450327148428187,"Protein"
"OID21327","Factor12",-0.00189906265586615,"Protein"
"OID20748","Factor12",-0.000867343624122441,"Protein"
"OID20708","Factor12",0.00301873194985092,"Protein"
"OID20567","Factor12",-0.00246541318483651,"Protein"
"OID20647","Factor12",-0.000868155620992184,"Protein"
"OID20968","Factor12",0.000416288414271548,"Protein"
"OID20383","Factor12",-0.00622197007760406,"Protein"
"OID21036","Factor12",-0.00223478861153126,"Protein"
"OID20978","Factor12",0.000937883683945984,"Protein"
"OID20327","Factor12",0.0013819799060002,"Protein"
"OID20958","Factor12",0.000135058886371553,"Protein"
"OID20252","Factor12",-0.000263204477960244,"Protein"
"OID20642","Factor12",-0.000685861567035317,"Protein"
"OID20205","Factor12",-0.000579086306970567,"Protein"
"OID21248","Factor12",5.86908572586253e-06,"Protein"
"OID21150","Factor12",-0.000311459822114557,"Protein"
"OID21111","Factor12",5.62426721444353e-05,"Protein"
"OID21121","Factor12",-0.000169717401149683,"Protein"
"OID20295","Factor12",0.000114968912384938,"Protein"
"OID21281","Factor12",-0.00291242706589401,"Protein"
"OID20650","Factor12",0.000211752078030258,"Protein"
"OID20895","Factor12",0.00205548666417599,"Protein"
"OID20459","Factor12",-0.000177345224074088,"Protein"
"OID21457","Factor12",-7.48698585084639e-05,"Protein"
"OID20485","Factor12",0.000786116695962846,"Protein"
"OID20786","Factor12",-0.000809980556368828,"Protein"
"OID20859","Factor12",-0.000531424884684384,"Protein"
"OID20298","Factor12",-6.01369938522112e-05,"Protein"
"OID21142","Factor12",0.00210221926681697,"Protein"
"OID20744","Factor12",-5.97934667894151e-05,"Protein"
"OID20400","Factor12",-0.00103608227800578,"Protein"
"OID20344","Factor12",0.00221211835741997,"Protein"
"OID20107","Factor12",0.000511562102474272,"Protein"
"OID20762","Factor12",-0.000203533985768445,"Protein"
"OID21128","Factor12",-0.000442185177234933,"Protein"
"OID21313","Factor12",-9.20748061616905e-05,"Protein"
"OID20985","Factor12",0.000163071454153396,"Protein"
"OID21021","Factor12",-0.000436198402894661,"Protein"
"OID21513","Factor12",-0.000208576355362311,"Protein"
"OID21486","Factor12",0.00152481300756335,"Protein"
"OID20992","Factor12",-0.00018620390619617,"Protein"
"OID20508","Factor12",1.24271300592227e-05,"Protein"
"OID20276","Factor12",-0.000843783724121749,"Protein"
"OID20975","Factor12",0.000368704699212685,"Protein"
"OID21125","Factor12",-0.000452979380497709,"Protein"
"OID21448","Factor12",-0.000464013195596635,"Protein"
"OID21477","Factor12",0.00346638332121074,"Protein"
"OID21372","Factor12",-0.00017024835688062,"Protein"
"OID20759","Factor12",0.00131724111270159,"Protein"
"OID21066","Factor12",4.47123966296203e-05,"Protein"
"OID20536","Factor12",0.00044926381087862,"Protein"
"OID21198","Factor12",-0.000324753986205906,"Protein"
"OID21427","Factor12",0.000780639995355159,"Protein"
"OID21075","Factor12",-0.000803205126430839,"Protein"
"OID20886","Factor12",0.000679587828926742,"Protein"
"OID20674","Factor12",-0.000161705349455588,"Protein"
"OID21034","Factor12",0.000892614130862057,"Protein"
"OID20749","Factor12",-0.000787108903750777,"Protein"
"OID21328","Factor12",-0.000593613192904741,"Protein"
"OID20722","Factor12",0.0013220829423517,"Protein"
"OID20617","Factor12",-0.00267545459792018,"Protein"
"OID21463","Factor12",0.00115463032852858,"Protein"
"OID20226","Factor12",-0.000136008922709152,"Protein"
"OID20561","Factor12",0.00131371687166393,"Protein"
"OID21141","Factor12",-0.000207297809538431,"Protein"
"OID20474","Factor12",-0.00132653198670596,"Protein"
"OID20999","Factor12",0.00305560138076544,"Protein"
"OID21304","Factor12",0.00322407437488437,"Protein"
"OID20552","Factor12",0.00110808748286217,"Protein"
"OID20961","Factor12",0.000252872880082577,"Protein"
"OID20197","Factor12",0.00108570302836597,"Protein"
"OID21481","Factor12",-0.00137133349198848,"Protein"
"OID21431","Factor12",-0.00185916863847524,"Protein"
"OID20408","Factor12",0.00191517639905214,"Protein"
"OID20478","Factor12",0.000497716246172786,"Protein"
"OID20782","Factor12",-0.000448545848485082,"Protein"
"OID20392","Factor12",0.00216633547097445,"Protein"
"OID20368","Factor12",0.000893854652531445,"Protein"
"OID20425","Factor12",-0.00014018926594872,"Protein"
"OID20522","Factor12",0.000194120817468502,"Protein"
"OID21112","Factor12",-0.00167389516718686,"Protein"
"OID21522","Factor12",1.05318576970603e-05,"Protein"
"OID20286","Factor12",-0.000914977863430977,"Protein"
"OID20293","Factor12",0.000205097778234631,"Protein"
"OID20966","Factor12",0.00278537697158754,"Protein"
"OID20308","Factor12",0.000521461653988808,"Protein"
"OID20743","Factor12",-0.000555268838070333,"Protein"
"OID21259","Factor12",0.000812388607300818,"Protein"
"OID20496","Factor12",-0.000266847404418513,"Protein"
"OID20839","Factor12",0.00136897503398359,"Protein"
"OID21040","Factor12",-0.00270305876620114,"Protein"
"OID21244","Factor12",0.0011532015632838,"Protein"
"OID20641","Factor12",-0.00190464942716062,"Protein"
"OID20783","Factor12",0.00161339098121971,"Protein"
"OID21445","Factor12",-0.000700276345014572,"Protein"
"OID20955","Factor12",0.00138773687649518,"Protein"
"OID21310","Factor12",9.06476634554565e-05,"Protein"
"OID20996","Factor12",-0.000316950725391507,"Protein"
"OID20543","Factor12",0.000595747027546167,"Protein"
"OID20669","Factor12",-0.000799976231064647,"Protein"
"OID20587","Factor12",0.000473200430860743,"Protein"
"OID20379","Factor12",0.00283169979229569,"Protein"
"OID20217","Factor12",0.00165400770492852,"Protein"
"OID20505","Factor12",-0.00250758486799896,"Protein"
"OID20085","Factor12",-0.00257137813605368,"Protein"
"OID20973","Factor12",-0.00355877471156418,"Protein"
"OID20979","Factor12",0.000484818243421614,"Protein"
"OID20666","Factor12",-0.00184360879939049,"Protein"
"OID20570","Factor12",0.000419144809711725,"Protein"
"OID21041","Factor12",0.0003052789834328,"Protein"
"OID21501","Factor12",0.00324682495556772,"Protein"
"OID20963","Factor12",0.000210897240322083,"Protein"
"OID21342","Factor12",-0.000277179176919162,"Protein"
"OID20144","Factor12",0.00259169656783342,"Protein"
"OID20887","Factor12",0.00262267072685063,"Protein"
"OID21454","Factor12",-7.67991223256104e-05,"Protein"
"OID20854","Factor12",-0.00229662097990513,"Protein"
"OID21087","Factor12",0.00235931179486215,"Protein"
"OID20294","Factor12",-0.00113383342977613,"Protein"
"OID20398","Factor12",0.000291863339953125,"Protein"
"OID21444","Factor12",0.000323456071782857,"Protein"
"OID20630","Factor12",-1.03252950793831e-05,"Protein"
"OID20247","Factor12",0.00112395163159817,"Protein"
"OID20378","Factor12",-0.0010926325339824,"Protein"
"OID21295","Factor12",0.00115116452798247,"Protein"
"OID21193","Factor12",4.88873702124692e-05,"Protein"
"OID20912","Factor12",-0.000196431356016546,"Protein"
"OID21026","Factor12",0.000282274675555527,"Protein"
"OID20620","Factor12",0.00228212447836995,"Protein"
"OID21179","Factor12",0.00198427517898381,"Protein"
"OID20510","Factor12",-0.00153063191100955,"Protein"
"OID20653","Factor12",-0.000313992379233241,"Protein"
"OID20980","Factor12",-2.4045582904364e-05,"Protein"
"OID20655","Factor12",0.000166751866345294,"Protein"
"OID20623","Factor12",-0.00106390088330954,"Protein"
"OID20572","Factor12",-0.000885099812876433,"Protein"
"OID20413","Factor12",-0.00222995225340128,"Protein"
"OID20686","Factor12",-5.3970576118445e-05,"Protein"
"OID21133","Factor12",-0.00102009112015367,"Protein"
"OID20695","Factor12",-0.00115974061191082,"Protein"
"OID21246","Factor12",0.00122185307554901,"Protein"
"OID21215","Factor12",-0.000737608526833355,"Protein"
"OID21129","Factor12",0.000818454835098237,"Protein"
"OID21324","Factor12",-0.00106726679950953,"Protein"
"OID20234","Factor12",0.00030496998806484,"Protein"
"OID20324","Factor12",1.73498865478905e-05,"Protein"
"OID21086","Factor12",-0.000280568230664358,"Protein"
"OID21015","Factor12",0.000451938307378441,"Protein"
"OID20870","Factor12",0.000838058069348335,"Protein"
"OID20355","Factor12",0.000694423564709723,"Protein"
"OID21068","Factor12",0.000299448583973572,"Protein"
"OID20691","Factor12",-0.00052392715588212,"Protein"
"OID21050","Factor12",-0.00201613293029368,"Protein"
"OID20622","Factor12",8.9079090685118e-05,"Protein"
"OID20962","Factor12",-0.000817539636045694,"Protein"
"OID20604","Factor12",-0.00216983002610505,"Protein"
"OID20404","Factor12",-0.000596109428443015,"Protein"
"OID20223","Factor12",0.000459156435681507,"Protein"
"OID20534","Factor12",-2.2886006263434e-05,"Protein"
"OID20106","Factor12",-8.59142746776342e-05,"Protein"
"OID20222","Factor12",0.00209194142371416,"Protein"
"OID20259","Factor12",0.000500248861499131,"Protein"
"OID20766","Factor12",0.000530915858689696,"Protein"
"OID20216","Factor12",0.00018973127589561,"Protein"
"OID20339","Factor12",4.41498377767857e-05,"Protein"
"OID20232","Factor12",0.000535119383130223,"Protein"
"OID20739","Factor12",-0.000409888860303909,"Protein"
"OID20328","Factor12",-0.000948524801060557,"Protein"
"OID20768","Factor12",-0.000431428488809615,"Protein"
"OID20195","Factor12",-0.000800595444161445,"Protein"
"OID20445","Factor12",0.000637269346043468,"Protein"
"OID20108","Factor12",-0.000148356979480013,"Protein"
"OID20500","Factor12",-0.00106017582584172,"Protein"
"OID21145","Factor12",0.000698186573572457,"Protein"
"OID21216","Factor12",0.000865102629177272,"Protein"
"OID20731","Factor12",-0.000363705970812589,"Protein"
"OID20658","Factor12",0.000473204330774024,"Protein"
"OID20967","Factor12",-0.00256755575537682,"Protein"
"OID21235","Factor12",2.1214718799456e-05,"Protein"
"OID21103","Factor12",-0.000954916700720787,"Protein"
"OID21005","Factor12",0.000259208027273417,"Protein"
"OID21397","Factor12",0.000774222135078162,"Protein"
"OID20151","Factor12",-0.000782273069489747,"Protein"
"OID21490","Factor12",0.00122816069051623,"Protein"
"OID20832","Factor12",-0.00132412172388285,"Protein"
"OID21493","Factor12",-0.0019076548051089,"Protein"
"OID21037","Factor12",-0.000397912634070963,"Protein"
"OID21229","Factor12",0.000977755407802761,"Protein"
"OID20926","Factor12",0.00252158590592444,"Protein"
"OID21247","Factor12",0.000822898175101727,"Protein"
"OID21083","Factor12",0.00096207985188812,"Protein"
"OID20753","Factor12",0.000392951478715986,"Protein"
"OID20338","Factor12",0.00115908496081829,"Protein"
"OID21192","Factor12",-0.00215433863922954,"Protein"
"OID21160","Factor12",-0.00113205739762634,"Protein"
"OID21218","Factor12",0.00022102938964963,"Protein"
"OID20375","Factor12",-8.8500433776062e-05,"Protein"
"OID20079","Factor12",0.000204423209652305,"Protein"
"OID21053","Factor12",-0.000496552442200482,"Protein"
"OID20919","Factor12",0.00204970128834248,"Protein"
"OID20171","Factor12",-0.000296042271656916,"Protein"
"OID20693","Factor12",-0.00018985579663422,"Protein"
"OID20600","Factor12",-0.00176461006049067,"Protein"
"OID20484","Factor12",0.00180306483525783,"Protein"
"OID21058","Factor12",-0.00212125456891954,"Protein"
"OID20638","Factor12",-0.000242379057453945,"Protein"
"OID21132","Factor12",-0.00241146748885512,"Protein"
"OID20823","Factor12",-0.00103391730226576,"Protein"
"OID20917","Factor12",-0.00127560133114457,"Protein"
"OID20780","Factor12",-0.00140107772313058,"Protein"
"OID21384","Factor12",-0.000622074352577329,"Protein"
"OID21441","Factor12",-0.000844981055706739,"Protein"
"OID20751","Factor12",0.000662959355395287,"Protein"
"OID21064","Factor12",-0.000998625531792641,"Protein"
"OID21110","Factor12",-0.00154936301987618,"Protein"
"OID20827","Factor12",0.000644685118459165,"Protein"
"OID21185","Factor12",0.000745890953112394,"Protein"
"OID20091","Factor12",-0.00156413461081684,"Protein"
"OID20867","Factor12",9.35649586608633e-05,"Protein"
"OID20677","Factor12",0.00197101151570678,"Protein"
"OID20934","Factor12",-0.000288756680674851,"Protein"
"OID21271","Factor12",0.00148387078661472,"Protein"
"OID20126","Factor12",-0.00239386782050133,"Protein"
"OID21414","Factor12",-0.000192568462807685,"Protein"
"OID20333","Factor12",-4.60868650407065e-05,"Protein"
"OID20386","Factor12",0.00111729558557272,"Protein"
"OID20418","Factor12",0.00112243252806365,"Protein"
"OID20872","Factor12",0.00151410594116896,"Protein"
"OID20261","Factor12",0.000587362155783921,"Protein"
"OID21227","Factor12",-0.000256120722042397,"Protein"
"OID21010","Factor12",0.000314814475132152,"Protein"
"OID20165","Factor12",0.00381325231865048,"Protein"
"OID20660","Factor12",-0.000670917390380055,"Protein"
"OID20512","Factor12",-0.000424631987698376,"Protein"
"OID20467","Factor12",0.0013816668651998,"Protein"
"OID20455","Factor12",0.00104644394014031,"Protein"
"OID20735","Factor12",-0.0013205751311034,"Protein"
"OID21001","Factor12",-0.000382157479180023,"Protein"
"OID21137","Factor12",0.0016433842247352,"Protein"
"OID20727","Factor12",3.85331877623685e-05,"Protein"
"OID21432","Factor12",0.000828670454211533,"Protein"
"OID20278","Factor12",-0.0018177458550781,"Protein"
"OID20167","Factor12",-0.000103752645372879,"Protein"
"OID20188","Factor12",-0.00032386343809776,"Protein"
"OID21480","Factor12",-0.000198879453819245,"Protein"
"OID20340","Factor12",-2.64432801486691e-05,"Protein"
"OID20922","Factor12",0.000543092668522149,"Protein"
"OID21219","Factor12",0.000560412358026952,"Protein"
"OID20228","Factor12",0.00208605616353452,"Protein"
"OID20771","Factor12",-0.00263267406262457,"Protein"
"OID20664","Factor12",0.000521369860507548,"Protein"
"OID20930","Factor12",-5.96543031861074e-05,"Protein"
"OID20237","Factor12",-0.000241225192439742,"Protein"
"OID20770","Factor12",0.00097563344752416,"Protein"
"OID21275","Factor12",-0.00372161623090506,"Protein"
"OID20240","Factor12",-0.000134614761918783,"Protein"
"OID21317","Factor12",0.000738047761842608,"Protein"
"OID20721","Factor12",-0.000247512187343091,"Protein"
"OID21008","Factor12",0.00150795595254749,"Protein"
"OID21201","Factor12",-0.000395643757656217,"Protein"
"OID21220","Factor12",-0.00155632745008916,"Protein"
"OID20730","Factor12",-0.000729426916223019,"Protein"
"OID21114","Factor12",-0.00086171377915889,"Protein"
"OID20709","Factor12",0.00061340699903667,"Protein"
"OID20272","Factor12",-0.00182188407052308,"Protein"
"OID20429","Factor12",7.65117074479349e-05,"Protein"
"OID21283","Factor12",-0.000419098563725129,"Protein"
"OID21355","Factor12",-0.0011382510419935,"Protein"
"OID21519","Factor12",-0.00390087114647031,"Protein"
"OID20096","Factor12",-0.00178430718369782,"Protein"
"OID20940","Factor12",-0.000689820910338312,"Protein"
"OID20764","Factor12",-0.000671641901135445,"Protein"
"OID20812","Factor12",-0.000611520081292838,"Protein"
"OID20673","Factor12",7.30088067939505e-05,"Protein"
"OID21175","Factor12",0.000237007436226122,"Protein"
"OID21291","Factor12",0.000210416546906345,"Protein"
"OID20183","Factor12",-0.000867775350343436,"Protein"
"OID20113","Factor12",-0.000816143350675702,"Protein"
"OID21288","Factor12",0.00178015336859971,"Protein"
"OID21470","Factor12",0.0024599889293313,"Protein"
"OID20893","Factor12",0.00144636316690594,"Protein"
"OID20191","Factor12",-0.000703490281011909,"Protein"
"OID20494","Factor12",0.000321627245284617,"Protein"
"OID20053","Factor12",0.000145374680869281,"Protein"
"OID21002","Factor12",0.000597522011958063,"Protein"
"OID20129","Factor12",0.000105117891507689,"Protein"
"OID20087","Factor12",-0.000362088263500482,"Protein"
"OID20953","Factor12",-0.00294194789603353,"Protein"
"OID20667","Factor12",0.000536150124389678,"Protein"
"OID20913","Factor12",-0.000458904338302091,"Protein"
"OID21465","Factor12",-7.73532301536761e-05,"Protein"
"OID20605","Factor12",-0.00147760601248592,"Protein"
"OID20725","Factor12",-0.000430172629421577,"Protein"
"OID20405","Factor12",6.61779486108571e-05,"Protein"
"OID20061","Factor12",-0.000737462716642767,"Protein"
"OID21018","Factor12",-0.000214519124710932,"Protein"
"OID20297","Factor12",0.00377214048057795,"Protein"
"OID21206","Factor12",-0.000515555031597614,"Protein"
"OID20239","Factor12",0.000234648221521638,"Protein"
"OID21398","Factor12",-0.000295010715490207,"Protein"
"OID21321","Factor12",-0.000515161955263466,"Protein"
"OID20456","Factor12",-0.000674044422339648,"Protein"
"OID20976","Factor12",-0.000345431239111349,"Protein"
"OID21209","Factor12",-0.000413666159147397,"Protein"
"OID20824","Factor12",0.000541515939403325,"Protein"
"OID20275","Factor12",0.00069592974614352,"Protein"
"OID21494","Factor12",-0.00104219431523234,"Protein"
"OID21299","Factor12",0.000921288738027215,"Protein"
"OID20590","Factor12",0.000377239164663479,"Protein"
"OID20384","Factor12",-0.000794383988250047,"Protein"
"OID21049","Factor12",-0.000217661130591296,"Protein"
"OID20174","Factor12",0.00448288302868605,"Protein"
"OID21067","Factor12",-0.000730107305571437,"Protein"
"OID20489","Factor12",-1.64593056979356e-05,"Protein"
"OID21243","Factor12",-0.000806260795798153,"Protein"
"OID21077","Factor12",-0.000619033991824836,"Protein"
"OID21270","Factor12",0.00153708842117339,"Protein"
"OID21337","Factor12",-0.0019457854796201,"Protein"
"OID20196","Factor12",0.000112963323772419,"Protein"
"OID20121","Factor12",-0.000657663098536432,"Protein"
"OID21262","Factor12",0.000465304736280814,"Protein"
"OID20537","Factor12",-0.00154268415644765,"Protein"
"OID20296","Factor12",-0.000339914782671258,"Protein"
"OID21509","Factor12",-0.0005034992354922,"Protein"
"OID20921","Factor12",-0.00109838740900159,"Protein"
"OID21406","Factor12",-0.0013281877618283,"Protein"
"OID21084","Factor12",0.000979239353910089,"Protein"
"OID20951","Factor12",-0.00109359133057296,"Protein"
"OID20491","Factor12",-0.000551366072613746,"Protein"
"OID20777","Factor12",0.00106535258237273,"Protein"
"OID21472","Factor12",0.000663801096379757,"Protein"
"OID20304","Factor12",-0.000338106299750507,"Protein"
"OID21011","Factor12",-7.37328446120955e-05,"Protein"
"OID20488","Factor12",-0.000926737673580647,"Protein"
"OID20155","Factor12",0.000640595739241689,"Protein"
"OID21171","Factor12",0.000118926538561936,"Protein"
"OID20176","Factor12",-0.000569964060559869,"Protein"
"OID20540","Factor12",-0.000899959472008049,"Protein"
"OID21059","Factor12",-0.000497543253004551,"Protein"
"OID21401","Factor12",-0.000252727855695412,"Protein"
"OID20972","Factor12",-0.000978194875642657,"Protein"
"OID21162","Factor12",-0.000402791134547442,"Protein"
"OID21063","Factor12",0.000682116427924484,"Protein"
"OID21435","Factor12",-0.000833257217891514,"Protein"
"OID21316","Factor12",-0.00216326746158302,"Protein"
"OID21336","Factor12",-0.0020148977637291,"Protein"
"OID21471","Factor12",0.000722144672181457,"Protein"
"OID20427","Factor12",-0.00181236211210489,"Protein"
"OID20750","Factor12",0.000225526149733923,"Protein"
"OID20763","Factor12",4.47705997430603e-06,"Protein"
"OID21331","Factor12",-0.000557692488655448,"Protein"
"OID20424","Factor12",-0.00126614549662918,"Protein"
"OID21046","Factor12",-0.000682816607877612,"Protein"
"OID21352","Factor12",-0.00094005570281297,"Protein"
"OID20792","Factor12",-0.000328994094161317,"Protein"
"OID21027","Factor12",0.000159202580107376,"Protein"
"OID20822","Factor12",-0.00165786268189549,"Protein"
"OID20680","Factor12",-0.000881136162206531,"Protein"
"OID20329","Factor12",0.000856871833093464,"Protein"
"OID21170","Factor12",0.000964922655839473,"Protein"
"OID20585","Factor12",0.00192794133909047,"Protein"
"OID20114","Factor12",0.00402910867705941,"Protein"
"OID20557","Factor12",-0.000949278532061726,"Protein"
"OID20864","Factor12",0.000784237694460899,"Protein"
"OID20077","Factor12",0.00306242960505188,"Protein"
"OID21315","Factor12",-5.37992928002495e-05,"Protein"
"OID20382","Factor12",-0.000890597584657371,"Protein"
"OID20633","Factor12",-0.0013810865348205,"Protein"
"OID21238","Factor12",-0.000185980097739957,"Protein"
"OID20932","Factor12",-0.00102889339905232,"Protein"
"OID20694","Factor12",-0.000190158185432665,"Protein"
"OID20264","Factor12",0.000411077897297218,"Protein"
"OID21524","Factor12",-0.000492572959046811,"Protein"
"OID21447","Factor12",0.000558015424758196,"Protein"
"OID21138","Factor12",-0.00118357175961137,"Protein"
"OID21172","Factor12",0.000139180308906361,"Protein"
"OID21389","Factor12",0.000616387405898422,"Protein"
"OID21115","Factor12",0.00144504208583385,"Protein"
"OID20211","Factor12",-0.00105103780515492,"Protein"
"OID20279","Factor12",-0.000254582293564454,"Protein"
"OID20569","Factor12",0.00109320960473269,"Protein"
"OID20142","Factor12",0.000335533724864945,"Protein"
"OID20613","Factor12",-0.000140547330374829,"Protein"
"OID20710","Factor12",0.00014812704466749,"Protein"
"OID20807","Factor12",0.00107665488030761,"Protein"
"OID20713","Factor12",0.00188058149069548,"Protein"
"OID20148","Factor12",0.00060193077661097,"Protein"
"OID20632","Factor12",7.55098590161651e-05,"Protein"
"OID21438","Factor12",-0.000715799338649958,"Protein"
"OID21440","Factor12",0.00126383372116834,"Protein"
"OID20549","Factor12",-0.00161894015036523,"Protein"
"OID20115","Factor12",-0.00171695440076292,"Protein"
"OID21241","Factor12",-0.000186664488865063,"Protein"
"OID21529","Factor12",0.000599878665525466,"Protein"
"OID21374","Factor12",0.000572213961277157,"Protein"
"OID20154","Factor12",-0.0018739978550002,"Protein"
"OID20480","Factor12",0.00095920852618292,"Protein"
"OID20767","Factor12",-0.000399186625145376,"Protein"
"OID21135","Factor12",6.55784970149398e-05,"Protein"
"OID20320","Factor12",0.00117371033411473,"Protein"
"OID20242","Factor12",0.000506421143654734,"Protein"
"OID20602","Factor12",-0.000280386273516342,"Protein"
"OID20282","Factor12",0.000586890790145844,"Protein"
"OID21189","Factor12",0.00020949196186848,"Protein"
"OID20652","Factor12",-0.000934602052439004,"Protein"
"OID20454","Factor12",0.000641276245005429,"Protein"
"OID20302","Factor12",-0.000562312779948115,"Protein"
"OID20676","Factor12",0.000361447397153825,"Protein"
"OID21079","Factor12",-0.000525823619682342,"Protein"
"OID20828","Factor12",-0.00181838683784008,"Protein"
"OID21423","Factor12",0.00104535149876028,"Protein"
"OID20535","Factor12",-0.00105513597372919,"Protein"
"OID21344","Factor12",0.000691168534103781,"Protein"
"OID20451","Factor12",0.00106453301850706,"Protein"
"OID21278","Factor12",0.000179011258296669,"Protein"
"OID20070","Factor12",-0.00112931104376912,"Protein"
"OID20529","Factor12",-0.000452199834398925,"Protein"
"OID20314","Factor12",-0.00042463923455216,"Protein"
"OID21346","Factor12",0.000465454533696175,"Protein"
"OID20476","Factor12",0.00108349439688027,"Protein"
"OID20765","Factor12",-0.00181704119313508,"Protein"
"OID20915","Factor12",-0.00174221862107515,"Protein"
"OID20538","Factor12",-0.000978984171524644,"Protein"
"OID21360","Factor12",0.00147562625352293,"Protein"
"OID20562","Factor12",0.000224814284592867,"Protein"
"OID21405","Factor12",-0.000429236912168562,"Protein"
"OID20774","Factor12",0.000238420761888847,"Protein"
"OID20661","Factor12",-0.00138570251874626,"Protein"
"OID20639","Factor12",0.000207876553758979,"Protein"
"OID20267","Factor12",0.000424087571445853,"Protein"
"OID20936","Factor12",0.000411252025514841,"Protein"
"OID21433","Factor12",0.00010909786215052,"Protein"
"OID20804","Factor12",0.000935910036787391,"Protein"
"OID21152","Factor12",-0.000611645227763802,"Protein"
"OID20084","Factor12",-0.000185618991963565,"Protein"
"OID20881","Factor12",0.00193815981037915,"Protein"
"OID20612","Factor12",-0.00120477331802249,"Protein"
"OID21460","Factor12",-0.00127890496514738,"Protein"
"OID20316","Factor12",0.00236669299192727,"Protein"
"OID20373","Factor12",-6.9195797550492e-05,"Protein"
"OID21174","Factor12",-0.00210738251917064,"Protein"
"OID20140","Factor12",-3.37451419909485e-05,"Protein"
"OID20781","Factor12",0.00183413096237928,"Protein"
"OID20811","Factor12",-0.000741253606975079,"Protein"
"OID20497","Factor12",-0.00109429296571761,"Protein"
"OID21407","Factor12",-7.7858851000201e-05,"Protein"
"OID20547","Factor12",-0.00077446096111089,"Protein"
"OID20857","Factor12",0.000235754298046231,"Protein"
"OID20401","Factor12",-2.19747598748654e-05,"Protein"
"OID21517","Factor12",-0.00165242759976536,"Protein"
"OID20530","Factor12",-0.00162896199617535,"Protein"
"OID21236","Factor12",0.00107806769665331,"Protein"
"OID21412","Factor12",-4.30604377470445e-05,"Protein"
"OID20391","Factor12",0.000334826618200168,"Protein"
"OID20458","Factor12",0.000291862495942041,"Protein"
"OID21404","Factor12",-0.001660036155954,"Protein"
"OID21394","Factor12",-0.000449450366431847,"Protein"
"OID21514","Factor12",-0.00114945718087256,"Protein"
"OID20662","Factor12",-0.000120223099656869,"Protein"
"OID21286","Factor12",0.000889518298208714,"Protein"
"OID20884","Factor12",-0.00142862147185951,"Protein"
"OID21456","Factor12",0.000796676205936819,"Protein"
"OID21196","Factor12",0.00105021416675299,"Protein"
"OID20599","Factor12",-0.00278401118703187,"Protein"
"OID21134","Factor12",-5.94716693740338e-05,"Protein"
"OID20690","Factor12",0.000829233729746193,"Protein"
"OID20720","Factor12",0.00344213424250484,"Protein"
"OID20581","Factor12",-0.00104413519147784,"Protein"
"OID20848","Factor12",0.000406081002438441,"Protein"
"OID21339","Factor12",0.000168424026924185,"Protein"
"OID20394","Factor12",-0.000918949604965746,"Protein"
"OID20888","Factor12",0.0012128334492445,"Protein"
"OID20290","Factor12",-0.00140354840550572,"Protein"
"OID20362","Factor12",0.00172395061235875,"Protein"
"OID21055","Factor12",-6.77795396768488e-05,"Protein"
"OID20071","Factor12",0.00209575472399592,"Protein"
"OID20941","Factor12",0.000238209118833765,"Protein"
"OID21468","Factor12",0.000913037161808461,"Protein"
"OID20878","Factor12",-0.00035772705450654,"Protein"
"OID20834","Factor12",0.000660480931401253,"Protein"
"OID20414","Factor12",-7.2357858016403e-07,"Protein"
"OID21359","Factor12",-0.00208808085881174,"Protein"
"OID20702","Factor12",-6.02626241743565e-05,"Protein"
"OID21161","Factor12",0.00120360963046551,"Protein"
"OID20168","Factor12",-0.00121727224905044,"Protein"
"OID21301","Factor12",0.00092520791804418,"Protein"
"OID20556","Factor12",-0.000106525156297721,"Protein"
"OID21231","Factor12",0.000753605680074543,"Protein"
"OID20525","Factor12",-0.00111074070446193,"Protein"
"OID20806","Factor12",0.00108980224467814,"Protein"
"OID20502","Factor12",-0.000185116077773273,"Protein"
"OID20332","Factor12",0.000611981900874525,"Protein"
"OID20668","Factor12",0.000510508834850043,"Protein"
"OID20208","Factor12",0.000496030959766358,"Protein"
"OID20265","Factor12",0.000106903178675566,"Protein"
"OID21400","Factor12",0.000873257115017623,"Protein"
"OID21518","Factor12",-0.00133900868240744,"Protein"
"OID20348","Factor12",0.0005932014901191,"Protein"
"OID20447","Factor12",0.000740821473300457,"Protein"
"OID20566","Factor12",-0.000837105792015791,"Protein"
"OID21318","Factor12",0.000665640342049301,"Protein"
"OID20352","Factor12",-0.000220981819438748,"Protein"
"OID20442","Factor12",-0.00109112111385912,"Protein"
"OID21458","Factor12",0.000309940398437902,"Protein"
"OID20473","Factor12",-0.000167779304319993,"Protein"
"OID21147","Factor12",-0.00115224125329405,"Protein"
"OID20855","Factor12",-0.000355100084561855,"Protein"
"OID21122","Factor12",0.000971589121036232,"Protein"
"OID21023","Factor12",-0.000338705052854493,"Protein"
"OID20493","Factor12",-0.00034689818858169,"Protein"
"OID20852","Factor12",-4.3474392441567e-05,"Protein"
"OID21429","Factor12",-0.000192507970496081,"Protein"
"OID21102","Factor12",7.22526528988965e-05,"Protein"
"OID20629","Factor12",0.00014365125389304,"Protein"
"OID21070","Factor12",-0.000306216388707981,"Protein"
"OID20281","Factor12",0.0015471976948902,"Protein"
"OID20651","Factor12",-0.00122796453069896,"Protein"
"OID21228","Factor12",-0.00101405871100724,"Protein"
"OID20393","Factor12",-0.00116211292333901,"Protein"
"OID20624","Factor12",0.000525432755239308,"Protein"
"OID21090","Factor12",-0.000252777303103358,"Protein"
"OID21096","Factor12",-0.000858120911289006,"Protein"
"OID21194","Factor12",-0.00193215766921639,"Protein"
"OID20410","Factor12",-0.000344433647114784,"Protein"
"OID21525","Factor12",-0.000926582841202617,"Protein"
"OID20229","Factor12",0.0007828155066818,"Protein"
"OID20185","Factor12",-0.000689275795593858,"Protein"
"OID20131","Factor12",-0.00127909041475505,"Protein"
"OID20719","Factor12",-0.000989706837572157,"Protein"
"OID20974","Factor12",-0.000901139515917748,"Protein"
"OID20170","Factor12",0.000498242268804461,"Protein"
"OID20231","Factor12",-2.94836098646556e-07,"Protein"
"OID20897","Factor12",0.000393751543015242,"Protein"
"OID21526","Factor12",-0.000794192717876285,"Protein"
"OID20416","Factor12",-0.000643486331682652,"Protein"
"OID20654","Factor12",0.00129485002253205,"Protein"
"OID20236","Factor12",-0.00150235800538212,"Protein"
"OID21165","Factor12",1.86508113984019e-05,"Protein"
"OID21424","Factor12",0.000435640715295449,"Protein"
"OID21308","Factor12",-0.000636264856439084,"Protein"
"OID20388","Factor12",0.00126430590171367,"Protein"
"OID20994","Factor12",-0.0010630419710651,"Protein"
"OID20747","Factor12",-0.000565321242902428,"Protein"
"OID20346","Factor12",-0.00058765709400177,"Protein"
"OID21362","Factor12",0.000367484492016956,"Protein"
"OID21345","Factor12",-0.000401780271204188,"Protein"
"OID20621","Factor12",-0.000143017416121438,"Protein"
"OID20076","Factor12",-0.000451254541985691,"Protein"
"OID21303","Factor12",0.000783920229878277,"Protein"
"OID20835","Factor12",-0.000352586299413815,"Protein"
"OID20948","Factor12",0.00102006096858531,"Protein"
"OID20565","Factor12",-0.00145552051253617,"Protein"
"OID20397","Factor12",8.49390125949867e-05,"Protein"
"OID20235","Factor12",6.55460244161077e-05,"Protein"
"OID20255","Factor12",-0.000413029047194868,"Protein"
"OID20367","Factor12",-0.00134495575912297,"Protein"
"OID20982","Factor12",0.000586234615184367,"Protein"
"OID20611","Factor12",3.42239836754743e-05,"Protein"
"OID20706","Factor12",-0.000155630827066489,"Protein"
"OID20773","Factor12",-4.90977072331589e-05,"Protein"
"OID20270","Factor12",0.00269447988830507,"Protein"
"OID20199","Factor12",0.00138809473719448,"Protein"
"OID20377","Factor12",-0.000109313958091661,"Protein"
"OID20555","Factor12",-0.000289083982352167,"Protein"
"OID21240","Factor12",0.000790202000644058,"Protein"
"OID21130","Factor12",-0.000205015297979116,"Protein"
"OID21028","Factor12",0.000160358365974389,"Protein"
"OID20531","Factor12",0.00121248327195644,"Protein"
"OID20130","Factor12",-0.00158003345131874,"Protein"
"OID20133","Factor12",0.00108363397885114,"Protein"
"OID20481","Factor12",-0.000781663460657001,"Protein"
"OID20238","Factor12",-0.00104117440059781,"Protein"
"OID20358","Factor12",-0.000415736983995885,"Protein"
"OID21322","Factor12",-0.0011667514918372,"Protein"
"OID20194","Factor12",0.00187925226055086,"Protein"
"OID20353","Factor12",-7.72035491536371e-06,"Protein"
"OID20145","Factor12",0.000301460415357724,"Protein"
"OID20132","Factor12",-4.32754641224165e-05,"Protein"
"OID21353","Factor12",-0.000439698778791353,"Protein"
"OID21230","Factor12",0.000261992827290669,"Protein"
"OID20513","Factor12",0.0016991791781038,"Protein"
"OID20082","Factor12",2.94670235234662e-06,"Protein"
"OID21136","Factor12",0.000460651091998443,"Protein"
"OID20380","Factor12",0.000366707041393965,"Protein"
"OID20914","Factor12",0.000651148380711675,"Protein"
"OID20204","Factor12",0.000293916440568864,"Protein"
"OID20637","Factor12",-0.000807728269137442,"Protein"
"OID20464","Factor12",-0.00140587636269629,"Protein"
"OID20957","Factor12",0.000697278475854546,"Protein"
"OID21052","Factor12",8.83289158082334e-06,"Protein"
"OID20213","Factor12",0.000730950094293803,"Protein"
"OID21366","Factor12",-0.000221833528485149,"Protein"
"OID20733","Factor12",0.000394745351513848,"Protein"
"OID21252","Factor12",-0.000557241961359978,"Protein"
"OID20755","Factor12",-0.000741726718842983,"Protein"
"OID20360","Factor12",-5.26186086062808e-05,"Protein"
"OID20172","Factor12",8.03144066594541e-05,"Protein"
"OID21474","Factor12",0.000828708405606449,"Protein"
"OID20337","Factor12",0.00124546012375504,"Protein"
"OID20487","Factor12",-0.00144446198828518,"Protein"
"OID20374","Factor12",0.000423801160650328,"Protein"
"OID20754","Factor12",-0.000168704864336178,"Protein"
"OID20575","Factor12",0.000437208393123001,"Protein"
"OID20909","Factor12",-0.000850901240482926,"Protein"
"OID20626","Factor12",0.00254306918941438,"Protein"
"OID20396","Factor12",3.70023444702383e-05,"Protein"
"OID20462","Factor12",-0.000229880271945149,"Protein"
"OID20775","Factor13",-0.0257630776613951,"Protein"
"OID20984","Factor13",-0.277386993169785,"Protein"
"OID20083","Factor13",-0.270503222942352,"Protein"
"OID21402","Factor13",-0.0270692110061646,"Protein"
"OID20911","Factor13",-0.0507375560700893,"Protein"
"OID20850","Factor13",-0.0680277645587921,"Protein"
"OID20101","Factor13",-0.0406137742102146,"Protein"
"OID21140","Factor13",-0.103488951921463,"Protein"
"OID20563","Factor13",-0.0401842668652534,"Protein"
"OID20125","Factor13",0.0883734226226807,"Protein"
"OID21485","Factor13",0.0375804677605629,"Protein"
"OID21276","Factor13",-0.0484833419322968,"Protein"
"OID20594","Factor13",-0.0866093933582306,"Protein"
"OID20779","Factor13",-0.113593190908432,"Protein"
"OID20983","Factor13",-0.0577073059976101,"Protein"
"OID20643","Factor13",-0.0690257474780083,"Protein"
"OID20049","Factor13",0.0682777762413025,"Protein"
"OID20312","Factor13",0.0215947218239307,"Protein"
"OID20246","Factor13",0.069604754447937,"Protein"
"OID20495","Factor13",-0.0324722044169903,"Protein"
"OID21031","Factor13",-0.00995181500911713,"Protein"
"OID20778","Factor13",0.127982303500175,"Protein"
"OID20127","Factor13",-0.0839552581310272,"Protein"
"OID20274","Factor13",-0.149066582322121,"Protein"
"OID21373","Factor13",-0.0699731782078743,"Protein"
"OID20559","Factor13",-0.0944204032421112,"Protein"
"OID20218","Factor13",-0.0725866481661797,"Protein"
"OID20263","Factor13",0.126051023602486,"Protein"
"OID21489","Factor13",-0.192370414733887,"Protein"
"OID20219","Factor13",-0.0658046305179596,"Protein"
"OID20192","Factor13",-0.0676001980900764,"Protein"
"OID20896","Factor13",0.297122925519943,"Protein"
"OID20399","Factor13",-0.0630922615528107,"Protein"
"OID21297","Factor13",-0.0174912475049496,"Protein"
"OID21348","Factor13",-0.0746269747614861,"Protein"
"OID20593","Factor13",-0.00675176456570625,"Protein"
"OID21395","Factor13",-0.034202303737402,"Protein"
"OID21507","Factor13",-0.21242082118988,"Protein"
"OID20729","Factor13",-0.0117265274748206,"Protein"
"OID20220","Factor13",-0.156664252281189,"Protein"
"OID21411","Factor13",0.0861376971006393,"Protein"
"OID21387","Factor13",-0.115827418863773,"Protein"
"OID20266","Factor13",-0.126513257622719,"Protein"
"OID21461","Factor13",-0.255252927541733,"Protein"
"OID21475","Factor13",-0.0522541329264641,"Protein"
"OID20671","Factor13",-0.249705344438553,"Protein"
"OID20950","Factor13",-0.032708365470171,"Protein"
"OID20206","Factor13",-0.0533311143517494,"Protein"
"OID21250","Factor13",-0.100417263805866,"Protein"
"OID20579","Factor13",0.00864949263632298,"Protein"
"OID20761","Factor13",-0.0304877106100321,"Protein"
"OID20711","Factor13",-0.040442306548357,"Protein"
"OID20707","Factor13",-0.0667603239417076,"Protein"
"OID20760","Factor13",0.0892219394445419,"Protein"
"OID20672","Factor13",-0.115578129887581,"Protein"
"OID21277","Factor13",-0.0336350798606873,"Protein"
"OID20169","Factor13",-0.291014015674591,"Protein"
"OID20524","Factor13",-0.00236580590717494,"Protein"
"OID20523","Factor13",0.0299004167318344,"Protein"
"OID20544","Factor13",-0.0718531981110573,"Protein"
"OID21047","Factor13",0.0617957971990108,"Protein"
"OID20258","Factor13",-0.0793211311101913,"Protein"
"OID20112","Factor13",-0.0450713559985161,"Protein"
"OID20993","Factor13",-0.0367852337658405,"Protein"
"OID20656","Factor13",-0.276398301124573,"Protein"
"OID20863","Factor13",0.120620898902416,"Protein"
"OID20640","Factor13",-0.0984335392713547,"Protein"
"OID20596","Factor13",0.234275192022324,"Protein"
"OID20625","Factor13",0.018651707097888,"Protein"
"OID21097","Factor13",-0.108565166592598,"Protein"
"OID20166","Factor13",0.087655708193779,"Protein"
"OID21306","Factor13",-0.0742938220500946,"Protein"
"OID21176","Factor13",-0.00280072493478656,"Protein"
"OID21118","Factor13",0.307543903589249,"Protein"
"OID21332","Factor13",0.00764295225962996,"Protein"
"OID20551","Factor13",-0.0444625206291676,"Protein"
"OID20856","Factor13",0.198507443070412,"Protein"
"OID20918","Factor13",-0.0176428388804197,"Protein"
"OID21420","Factor13",0.0369860231876373,"Protein"
"OID20875","Factor13",-0.0171602033078671,"Protein"
"OID21378","Factor13",-0.139223054051399,"Protein"
"OID21506","Factor13",-0.0249479562044144,"Protein"
"OID21459","Factor13",-0.0671221390366554,"Protein"
"OID20075","Factor13",0.0789836719632149,"Protein"
"OID21505","Factor13",-0.0163689162582159,"Protein"
"OID20698","Factor13",-0.126202970743179,"Protein"
"OID20271","Factor13",0.0447110459208488,"Protein"
"OID20717","Factor13",0.0044717718847096,"Protein"
"OID20050","Factor13",0.14623798429966,"Protein"
"OID20090","Factor13",-0.00253504328429699,"Protein"
"OID20627","Factor13",-0.0306486021727324,"Protein"
"OID20908","Factor13",0.016171433031559,"Protein"
"OID20741","Factor13",-0.179544731974602,"Protein"
"OID20519","Factor13",0.00638965517282486,"Protein"
"OID20138","Factor13",-0.0335744917392731,"Protein"
"OID20095","Factor13",0.0357513055205345,"Protein"
"OID20689","Factor13",-0.24447438120842,"Protein"
"OID20203","Factor13",-0.0709307491779327,"Protein"
"OID20541","Factor13",0.0301581546664238,"Protein"
"OID20742","Factor13",0.00238280510529876,"Protein"
"OID20554","Factor13",-0.0716451704502106,"Protein"
"OID21319","Factor13",0.0451210252940655,"Protein"
"OID20415","Factor13",-0.0695586428046227,"Protein"
"OID21521","Factor13",-0.00479331519454718,"Protein"
"OID20925","Factor13",-0.185648158192635,"Protein"
"OID21204","Factor13",-0.0520097315311432,"Protein"
"OID20938","Factor13",-0.178747221827507,"Protein"
"OID20577","Factor13",-0.0523849315941334,"Protein"
"OID21029","Factor13",-0.158912912011147,"Protein"
"OID20364","Factor13",-0.0820394679903984,"Protein"
"OID21408","Factor13",0.108361437916756,"Protein"
"OID20788","Factor13",-0.0725103169679642,"Protein"
"OID21469","Factor13",0.0715310499072075,"Protein"
"OID20899","Factor13",-0.0432598441839218,"Protein"
"OID20952","Factor13",-0.00896212458610535,"Protein"
"OID21078","Factor13",-0.114028714597225,"Protein"
"OID20187","Factor13",0.0561812743544579,"Protein"
"OID20475","Factor13",0.00101382029242814,"Protein"
"OID20616","Factor13",-0.122434638440609,"Protein"
"OID21069","Factor13",0.0297204684466124,"Protein"
"OID20772","Factor13",-0.0181029122322798,"Protein"
"OID20684","Factor13",-0.202074110507965,"Protein"
"OID20230","Factor13",-0.0353669077157974,"Protein"
"OID21451","Factor13",0.02892205119133,"Protein"
"OID20916","Factor13",-0.100796543061733,"Protein"
"OID21158","Factor13",0.030679676681757,"Protein"
"OID20182","Factor13",0.0505095720291138,"Protein"
"OID21307","Factor13",-0.162552207708359,"Protein"
"OID20412","Factor13",-0.136638060212135,"Protein"
"OID21226","Factor13",0.138970360159874,"Protein"
"OID21391","Factor13",0.0549568347632885,"Protein"
"OID20615","Factor13",0.0238626226782799,"Protein"
"OID21224","Factor13",0.167331233620644,"Protein"
"OID20158","Factor13",-0.0431381687521935,"Protein"
"OID20582","Factor13",-0.0213412381708622,"Protein"
"OID20816","Factor13",-0.00588850257918239,"Protein"
"OID20937","Factor13",0.198678761720657,"Protein"
"OID21376","Factor13",0.0911565274000168,"Protein"
"OID20681","Factor13",-0.0361501947045326,"Protein"
"OID20251","Factor13",-0.132176890969276,"Protein"
"OID21350","Factor13",-0.0208630915731192,"Protein"
"OID21263","Factor13",-0.0162168573588133,"Protein"
"OID21149","Factor13",-0.0971636772155762,"Protein"
"OID20207","Factor13",-0.167422845959663,"Protein"
"OID21282","Factor13",-0.189382448792458,"Protein"
"OID21269","Factor13",0.0514081306755543,"Protein"
"OID21309","Factor13",0.130146846175194,"Protein"
"OID20959","Factor13",-0.0387003868818283,"Protein"
"OID21508","Factor13",-0.0489389672875404,"Protein"
"OID21292","Factor13",0.0218224171549082,"Protein"
"OID20697","Factor13",0.0374040827155113,"Protein"
"OID20588","Factor13",0.0548005029559135,"Protein"
"OID21422","Factor13",-0.156359449028969,"Protein"
"OID20910","Factor13",-0.00737650878727436,"Protein"
"OID20175","Factor13",0.105605430901051,"Protein"
"OID21383","Factor13",-0.0279476009309292,"Protein"
"OID21082","Factor13",-0.102355033159256,"Protein"
"OID20965","Factor13",-0.0634368509054184,"Protein"
"OID20225","Factor13",0.0150378188118339,"Protein"
"OID20245","Factor13",0.185818761587143,"Protein"
"OID21033","Factor13",-0.154120847582817,"Protein"
"OID20558","Factor13",-0.0391972735524178,"Protein"
"OID20871","Factor13",0.0291571374982595,"Protein"
"OID21144","Factor13",0.023522924631834,"Protein"
"OID20322","Factor13",-0.168532520532608,"Protein"
"OID21347","Factor13",-0.062918484210968,"Protein"
"OID21296","Factor13",0.075868271291256,"Protein"
"OID20971","Factor13",0.182077974081039,"Protein"
"OID21294","Factor13",-0.152932941913605,"Protein"
"OID20737","Factor13",0.0706352591514587,"Protein"
"OID20847","Factor13",-0.100255817174911,"Protein"
"OID21003","Factor13",-0.110840797424316,"Protein"
"OID20553","Factor13",-0.029014777392149,"Protein"
"OID20977","Factor13",0.000394323869841173,"Protein"
"OID21154","Factor13",0.0260396376252174,"Protein"
"OID21512","Factor13",-0.289012908935547,"Protein"
"OID20704","Factor13",-0.0902797430753708,"Protein"
"OID20644","Factor13",0.138153150677681,"Protein"
"OID20964","Factor13",-0.173511773347855,"Protein"
"OID20117","Factor13",0.0584427043795586,"Protein"
"OID21019","Factor13",-0.0300530940294266,"Protein"
"OID20688","Factor13",0.0197374243289232,"Protein"
"OID20700","Factor13",-0.00369532802142203,"Protein"
"OID21287","Factor13",0.0260238852351904,"Protein"
"OID20548","Factor13",-0.0853955373167992,"Protein"
"OID21061","Factor13",-0.0600950606167316,"Protein"
"OID20477","Factor13",-0.0269445832818747,"Protein"
"OID20787","Factor13",-0.0613187551498413,"Protein"
"OID20292","Factor13",-0.00877599604427814,"Protein"
"OID20431","Factor13",0.010334855876863,"Protein"
"OID20714","Factor13",0.092571035027504,"Protein"
"OID20110","Factor13",-0.0297476928681135,"Protein"
"OID20740","Factor13",-0.183286964893341,"Protein"
"OID21123","Factor13",0.0736508294939995,"Protein"
"OID20105","Factor13",-0.233120575547218,"Protein"
"OID20326","Factor13",0.0213910974562168,"Protein"
"OID21314","Factor13",-0.00445785652846098,"Protein"
"OID20795","Factor13",0.104439169168472,"Protein"
"OID21320","Factor13",-0.0234024580568075,"Protein"
"OID20325","Factor13",0.0190628413110971,"Protein"
"OID20511","Factor13",-0.000914442003704607,"Protein"
"OID20903","Factor13",-0.0817994549870491,"Protein"
"OID21511","Factor13",-0.19781930744648,"Protein"
"OID21222","Factor13",-0.0440966784954071,"Protein"
"OID20086","Factor13",-0.01457111351192,"Protein"
"OID20515","Factor13",-0.010982078500092,"Protein"
"OID20214","Factor13",0.0497411787509918,"Protein"
"OID20305","Factor13",-0.0301375556737185,"Protein"
"OID21356","Factor13",0.00991125777363777,"Protein"
"OID20981","Factor13",-0.0185099095106125,"Protein"
"OID21363","Factor13",-0.0662738606333733,"Protein"
"OID21455","Factor13",0.141512900590897,"Protein"
"OID20334","Factor13",-0.0758031085133553,"Protein"
"OID20139","Factor13",-0.019919591024518,"Protein"
"OID21156","Factor13",0.0401717089116573,"Protein"
"OID20227","Factor13",0.123239755630493,"Protein"
"OID20814","Factor13",0.00977452751249075,"Protein"
"OID20745","Factor13",-0.203593194484711,"Protein"
"OID20683","Factor13",-0.0545476265251637,"Protein"
"OID21211","Factor13",-0.027873607352376,"Protein"
"OID20723","Factor13",0.0236050896346569,"Protein"
"OID20900","Factor13",-0.0807255432009697,"Protein"
"OID21453","Factor13",0.0697571858763695,"Protein"
"OID20177","Factor13",-0.0977520942687988,"Protein"
"OID20526","Factor13",0.0163668785244226,"Protein"
"OID20146","Factor13",0.0509382672607899,"Protein"
"OID21357","Factor13",0.100331284105778,"Protein"
"OID20545","Factor13",0.00332297873683274,"Protein"
"OID20685","Factor13",-0.0505200661718845,"Protein"
"OID20200","Factor13",0.186661303043365,"Protein"
"OID21467","Factor13",0.00996674969792366,"Protein"
"OID21000","Factor13",-0.105054050683975,"Protein"
"OID20244","Factor13",-0.0291852690279484,"Protein"
"OID20250","Factor13",-0.0122597506269813,"Protein"
"OID20280","Factor13",-0.141858205199242,"Protein"
"OID21450","Factor13",0.161768317222595,"Protein"
"OID20409","Factor13",-0.118698418140411,"Protein"
"OID21417","Factor13",-0.167888104915619,"Protein"
"OID20943","Factor13",0.121107332408428,"Protein"
"OID20724","Factor13",0.0503355823457241,"Protein"
"OID20201","Factor13",-0.099646270275116,"Protein"
"OID21205","Factor13",0.0533762015402317,"Protein"
"OID20987","Factor13",0.0014032709877938,"Protein"
"OID20646","Factor13",0.00768259260803461,"Protein"
"OID21323","Factor13",0.010556654073298,"Protein"
"OID20997","Factor13",-0.0392521023750305,"Protein"
"OID21030","Factor13",-0.235635921359062,"Protein"
"OID21462","Factor13",0.102745518088341,"Protein"
"OID20483","Factor13",0.0734037086367607,"Protein"
"OID20149","Factor13",-0.117692962288857,"Protein"
"OID21499","Factor13",-0.029425235465169,"Protein"
"OID20682","Factor13",-0.110868692398071,"Protein"
"OID20868","Factor13",0.0296130236238241,"Protein"
"OID20574","Factor13",-0.0879118740558624,"Protein"
"OID21151","Factor13",-0.0118224751204252,"Protein"
"OID20472","Factor13",-0.0123809780925512,"Protein"
"OID20675","Factor13",-0.00727329635992646,"Protein"
"OID20436","Factor13",0.266611546278,"Protein"
"OID20184","Factor13",0.0261865612119436,"Protein"
"OID21060","Factor13",-0.226662561297417,"Protein"
"OID21367","Factor13",-0.0459403730928898,"Protein"
"OID20178","Factor13",0.229905024170876,"Protein"
"OID21375","Factor13",-0.0462944582104683,"Protein"
"OID21430","Factor13",-0.0393728390336037,"Protein"
"OID21312","Factor13",-0.321549862623215,"Protein"
"OID21380","Factor13",0.000949378067161888,"Protein"
"OID20421","Factor13",-0.166082337498665,"Protein"
"OID21326","Factor13",-0.0112961428239942,"Protein"
"OID20631","Factor13",-0.0378744453191757,"Protein"
"OID20097","Factor13",0.0431182235479355,"Protein"
"OID20758","Factor13",-0.204734623432159,"Protein"
"OID21482","Factor13",0.00522451335564256,"Protein"
"OID20371","Factor13",0.0589133203029633,"Protein"
"OID21415","Factor13",-0.03985745459795,"Protein"
"OID21527","Factor13",-0.0184017196297646,"Protein"
"OID20233","Factor13",0.0547347702085972,"Protein"
"OID21016","Factor13",-0.0834583416581154,"Protein"
"OID21284","Factor13",-0.170026108622551,"Protein"
"OID21143","Factor13",0.272244542837143,"Protein"
"OID21022","Factor13",-0.0116597125306726,"Protein"
"OID20865","Factor13",0.0170782506465912,"Protein"
"OID21311","Factor13",-0.0618061535060406,"Protein"
"OID20342","Factor13",-0.1021858304739,"Protein"
"OID20309","Factor13",-0.0484068058431149,"Protein"
"OID20546","Factor13",-0.0160459447652102,"Protein"
"OID21099","Factor13",-0.00622922740876675,"Protein"
"OID20135","Factor13",-0.0367543175816536,"Protein"
"OID21476","Factor13",0.248119965195656,"Protein"
"OID20359","Factor13",-0.108658209443092,"Protein"
"OID20601","Factor13",-0.117832459509373,"Protein"
"OID21104","Factor13",-0.285096973180771,"Protein"
"OID20756","Factor13",0.236310198903084,"Protein"
"OID21439","Factor13",-0.193678140640259,"Protein"
"OID21399","Factor13",-0.0669287666678429,"Protein"
"OID21043","Factor13",0.220669478178024,"Protein"
"OID20609","Factor13",0.00761220045387745,"Protein"
"OID20289","Factor13",-0.140390992164612,"Protein"
"OID21101","Factor13",0.0697199627757072,"Protein"
"OID21014","Factor13",0.0261300150305033,"Protein"
"OID21249","Factor13",0.0731016770005226,"Protein"
"OID21446","Factor13",0.0692538842558861,"Protein"
"OID20970","Factor13",0.0447081550955772,"Protein"
"OID20956","Factor13",0.106117740273476,"Protein"
"OID20635","Factor13",-0.0966473519802094,"Protein"
"OID20648","Factor13",0.157108992338181,"Protein"
"OID20331","Factor13",-0.0103212529793382,"Protein"
"OID21437","Factor13",0.00272889249026775,"Protein"
"OID21442","Factor13",0.047049418091774,"Protein"
"OID21369","Factor13",0.047260295599699,"Protein"
"OID20576","Factor13",-0.145580068230629,"Protein"
"OID20636","Factor13",-0.027480835095048,"Protein"
"OID20162","Factor13",0.00459751719608903,"Protein"
"OID21381","Factor13",-0.098815344274044,"Protein"
"OID20153","Factor13",-0.0373419411480427,"Protein"
"OID20732","Factor13",-0.0335190519690514,"Protein"
"OID21024","Factor13",-0.0959403067827225,"Protein"
"OID21434","Factor13",0.20011293888092,"Protein"
"OID20507","Factor13",-0.0597660578787327,"Protein"
"OID20137","Factor13",-0.027132224291563,"Protein"
"OID21042","Factor13",-0.0860830321907997,"Protein"
"OID21516","Factor13",0.104670532047749,"Protein"
"OID20299","Factor13",0.0717116296291351,"Protein"
"OID21257","Factor13",-0.110857851803303,"Protein"
"OID21253","Factor13",0.0159538239240646,"Protein"
"OID20988","Factor13",-0.0735900029540062,"Protein"
"OID21119","Factor13",-0.0953243300318718,"Protein"
"OID21038","Factor13",0.231119602918625,"Protein"
"OID21091","Factor13",-0.0199996009469032,"Protein"
"OID20597","Factor13",-0.0738253369927406,"Protein"
"OID20179","Factor13",-0.101158291101456,"Protein"
"OID21168","Factor13",-0.0664135441184044,"Protein"
"OID21368","Factor13",-0.148448452353477,"Protein"
"OID20738","Factor13",0.0289080981165171,"Protein"
"OID20122","Factor13",-0.0927440747618675,"Protein"
"OID20703","Factor13",0.0290324054658413,"Protein"
"OID21436","Factor13",-0.0610619187355042,"Protein"
"OID21421","Factor13",-0.226963549852371,"Protein"
"OID20589","Factor13",0.109589494764805,"Protein"
"OID20927","Factor13",-0.0636184215545654,"Protein"
"OID21418","Factor13",0.070976123213768,"Protein"
"OID21013","Factor13",-0.167134657502174,"Protein"
"OID20904","Factor13",0.224594369530678,"Protein"
"OID20568","Factor13",0.0382243730127811,"Protein"
"OID20533","Factor13",0.103615112602711,"Protein"
"OID20254","Factor13",-0.0965801328420639,"Protein"
"OID21403","Factor13",0.32485631108284,"Protein"
"OID21012","Factor13",0.0765912160277367,"Protein"
"OID21280","Factor13",0.139841616153717,"Protein"
"OID21187","Factor13",0.0552787594497204,"Protein"
"OID21425","Factor13",0.067806638777256,"Protein"
"OID20078","Factor13",-0.0757110491394997,"Protein"
"OID20102","Factor13",0.0328379198908806,"Protein"
"OID21073","Factor13",0.016195135191083,"Protein"
"OID21428","Factor13",0.0599767975509167,"Protein"
"OID20687","Factor13",-0.121586717665195,"Protein"
"OID20883","Factor13",0.202736601233482,"Protein"
"OID21242","Factor13",0.1190450116992,"Protein"
"OID20583","Factor13",0.0480738468468189,"Protein"
"OID21361","Factor13",0.054489728063345,"Protein"
"OID21365","Factor13",0.201794490218163,"Protein"
"OID21419","Factor13",0.0643337443470955,"Protein"
"OID21498","Factor13",-0.161874264478683,"Protein"
"OID20995","Factor13",-0.00558206764981151,"Protein"
"OID21094","Factor13",0.106941267848015,"Protein"
"OID20715","Factor13",-0.0483495853841305,"Protein"
"OID20718","Factor13",0.118074975907803,"Protein"
"OID20960","Factor13",0.0701174587011337,"Protein"
"OID20866","Factor13",-0.127707734704018,"Protein"
"OID20986","Factor13",-0.0598300844430923,"Protein"
"OID20152","Factor13",-0.0812080428004265,"Protein"
"OID20395","Factor13",-0.108299069106579,"Protein"
"OID21285","Factor13",0.0423756800591946,"Protein"
"OID20313","Factor13",-0.216993451118469,"Protein"
"OID20509","Factor13",0.164635732769966,"Protein"
"OID21255","Factor13",0.0123580982908607,"Protein"
"OID20141","Factor13",-0.112573526799679,"Protein"
"OID20942","Factor13",-0.00267715519294143,"Protein"
"OID21466","Factor13",-0.0532164461910725,"Protein"
"OID20215","Factor13",-0.0359674133360386,"Protein"
"OID20923","Factor13",-0.0277492608875036,"Protein"
"OID20752","Factor13",-0.144702419638634,"Protein"
"OID20990","Factor13",-0.091174803674221,"Protein"
"OID21004","Factor13",-0.0786191299557686,"Protein"
"OID20103","Factor13",0.0712945908308029,"Protein"
"OID20784","Factor13",0.0962220951914787,"Protein"
"OID20156","Factor13",0.102615609765053,"Protein"
"OID20221","Factor13",-0.140986531972885,"Protein"
"OID21410","Factor13",0.29635152220726,"Protein"
"OID21225","Factor13",-0.0422698706388474,"Protein"
"OID21385","Factor13",-0.102555051445961,"Protein"
"OID21155","Factor13",0.0256986860185862,"Protein"
"OID20610","Factor13",-0.0703604444861412,"Protein"
"OID20935","Factor13",0.00172850862145424,"Protein"
"OID21327","Factor13",-0.127286672592163,"Protein"
"OID20748","Factor13",0.108007416129112,"Protein"
"OID20708","Factor13",0.14516992866993,"Protein"
"OID20567","Factor13",0.139348268508911,"Protein"
"OID20647","Factor13",-0.0278163719922304,"Protein"
"OID20968","Factor13",-0.25822040438652,"Protein"
"OID20383","Factor13",-0.0125708170235157,"Protein"
"OID21036","Factor13",0.0544670149683952,"Protein"
"OID20978","Factor13",-0.11003390699625,"Protein"
"OID20327","Factor13",0.0193409621715546,"Protein"
"OID20958","Factor13",0.0327983163297176,"Protein"
"OID20252","Factor13",0.00830844417214394,"Protein"
"OID20642","Factor13",-0.05945785343647,"Protein"
"OID20205","Factor13",0.110293790698051,"Protein"
"OID21248","Factor13",0.0145225515589118,"Protein"
"OID21150","Factor13",-0.0124162510037422,"Protein"
"OID21111","Factor13",-0.231020361185074,"Protein"
"OID21121","Factor13",0.0635441318154335,"Protein"
"OID20295","Factor13",-0.000281061540590599,"Protein"
"OID21281","Factor13",-0.0240119472146034,"Protein"
"OID20650","Factor13",-0.13949990272522,"Protein"
"OID20895","Factor13",-0.0404792279005051,"Protein"
"OID20459","Factor13",0.0771930813789368,"Protein"
"OID21457","Factor13",-0.109504692256451,"Protein"
"OID20485","Factor13",0.0551272705197334,"Protein"
"OID20786","Factor13",-0.0849687606096268,"Protein"
"OID20859","Factor13",-0.106914028525352,"Protein"
"OID20298","Factor13",-0.0609236024320126,"Protein"
"OID21142","Factor13",-0.00511994957923889,"Protein"
"OID20744","Factor13",-0.0630388930439949,"Protein"
"OID20400","Factor13",0.0636672005057335,"Protein"
"OID20344","Factor13",0.0482871644198895,"Protein"
"OID20107","Factor13",0.00256705423817039,"Protein"
"OID20762","Factor13",-0.0300217419862747,"Protein"
"OID21128","Factor13",-0.036572553217411,"Protein"
"OID21313","Factor13",-0.0891025140881538,"Protein"
"OID20985","Factor13",-0.0843434557318687,"Protein"
"OID21021","Factor13",0.121301732957363,"Protein"
"OID21513","Factor13",0.0611999742686749,"Protein"
"OID21486","Factor13",0.0531424582004547,"Protein"
"OID20992","Factor13",-0.110774822533131,"Protein"
"OID20508","Factor13",0.0401283353567123,"Protein"
"OID20276","Factor13",-0.2181386500597,"Protein"
"OID20975","Factor13",0.195179089903831,"Protein"
"OID21125","Factor13",0.0598715245723724,"Protein"
"OID21448","Factor13",0.0178252179175615,"Protein"
"OID21477","Factor13",0.0175833590328693,"Protein"
"OID21372","Factor13",-0.0671932622790337,"Protein"
"OID20759","Factor13",-0.12534311413765,"Protein"
"OID21066","Factor13",-0.0547041594982147,"Protein"
"OID20536","Factor13",0.232850149273872,"Protein"
"OID21198","Factor13",-0.201484844088554,"Protein"
"OID21427","Factor13",0.0868142247200012,"Protein"
"OID21075","Factor13",-0.136288002133369,"Protein"
"OID20886","Factor13",-0.00830455310642719,"Protein"
"OID20674","Factor13",-0.140305995941162,"Protein"
"OID21034","Factor13",0.276842087507248,"Protein"
"OID20749","Factor13",-0.0360031351447105,"Protein"
"OID21328","Factor13",0.0119236074388027,"Protein"
"OID20722","Factor13",0.177945598959923,"Protein"
"OID20617","Factor13",0.0702687278389931,"Protein"
"OID21463","Factor13",-0.176161199808121,"Protein"
"OID20226","Factor13",-0.0713492855429649,"Protein"
"OID20561","Factor13",-0.0558966435492039,"Protein"
"OID21141","Factor13",-0.0984822958707809,"Protein"
"OID20474","Factor13",0.0180254876613617,"Protein"
"OID20999","Factor13",0.0898822620511055,"Protein"
"OID21304","Factor13",-0.0411170981824398,"Protein"
"OID20552","Factor13",0.0741744786500931,"Protein"
"OID20961","Factor13",0.185165211558342,"Protein"
"OID20197","Factor13",-0.007440694142133,"Protein"
"OID21481","Factor13",0.0458828471601009,"Protein"
"OID21431","Factor13",0.258500754833221,"Protein"
"OID20408","Factor13",0.0458889231085777,"Protein"
"OID20478","Factor13",0.0321181118488312,"Protein"
"OID20782","Factor13",0.0169947072863579,"Protein"
"OID20392","Factor13",-0.0245760641992092,"Protein"
"OID20368","Factor13",-0.0190990921109915,"Protein"
"OID20425","Factor13",0.0558221787214279,"Protein"
"OID20522","Factor13",0.124408520758152,"Protein"
"OID21112","Factor13",-0.257548272609711,"Protein"
"OID21522","Factor13",-0.0389046743512154,"Protein"
"OID20286","Factor13",0.108999438583851,"Protein"
"OID20293","Factor13",0.1061931848526,"Protein"
"OID20966","Factor13",-0.0542848743498325,"Protein"
"OID20308","Factor13",0.0842355191707611,"Protein"
"OID20743","Factor13",0.0731693655252457,"Protein"
"OID21259","Factor13",0.172191262245178,"Protein"
"OID20496","Factor13",-0.146021395921707,"Protein"
"OID20839","Factor13",0.09174595028162,"Protein"
"OID21040","Factor13",-0.066764622926712,"Protein"
"OID21244","Factor13",0.0339702591300011,"Protein"
"OID20641","Factor13",-0.0778281316161156,"Protein"
"OID20783","Factor13",0.0164661146700382,"Protein"
"OID21445","Factor13",-0.0431873053312302,"Protein"
"OID20955","Factor13",-0.000415989867178723,"Protein"
"OID21310","Factor13",-0.172942653298378,"Protein"
"OID20996","Factor13",-0.208596140146255,"Protein"
"OID20543","Factor13",0.140332102775574,"Protein"
"OID20669","Factor13",0.105038397014141,"Protein"
"OID20587","Factor13",-0.00753978965803981,"Protein"
"OID20379","Factor13",-0.0998214557766914,"Protein"
"OID20217","Factor13",0.216789379715919,"Protein"
"OID20505","Factor13",0.0745025649666786,"Protein"
"OID20085","Factor13",0.0687462911009789,"Protein"
"OID20973","Factor13",-0.124417118728161,"Protein"
"OID20979","Factor13",0.0715862214565277,"Protein"
"OID20666","Factor13",-0.109688691794872,"Protein"
"OID20570","Factor13",0.019174387678504,"Protein"
"OID21041","Factor13",0.0260403826832771,"Protein"
"OID21501","Factor13",0.00487612187862396,"Protein"
"OID20963","Factor13",-0.153497710824013,"Protein"
"OID21342","Factor13",-0.0195191688835621,"Protein"
"OID20144","Factor13",-0.038616806268692,"Protein"
"OID20887","Factor13",0.166066125035286,"Protein"
"OID21454","Factor13",0.0344267375767231,"Protein"
"OID20854","Factor13",0.197949409484863,"Protein"
"OID21087","Factor13",0.0862277373671532,"Protein"
"OID20294","Factor13",0.213782668113708,"Protein"
"OID20398","Factor13",0.0170612875372171,"Protein"
"OID21444","Factor13",-0.0624243281781673,"Protein"
"OID20630","Factor13",0.313408315181732,"Protein"
"OID20247","Factor13",-0.0956627503037453,"Protein"
"OID20378","Factor13",-0.206922471523285,"Protein"
"OID21295","Factor13",0.00536885438486934,"Protein"
"OID21193","Factor13",-0.128296628594398,"Protein"
"OID20912","Factor13",0.125435814261436,"Protein"
"OID21026","Factor13",-0.125917509198189,"Protein"
"OID20620","Factor13",0.114034190773964,"Protein"
"OID21179","Factor13",0.00989082455635071,"Protein"
"OID20510","Factor13",0.0782178863883018,"Protein"
"OID20653","Factor13",-0.0881974622607231,"Protein"
"OID20980","Factor13",-0.0492405258119106,"Protein"
"OID20655","Factor13",-0.149245798587799,"Protein"
"OID20623","Factor13",0.0898475348949432,"Protein"
"OID20572","Factor13",0.100810892879963,"Protein"
"OID20413","Factor13",0.161040380597115,"Protein"
"OID20686","Factor13",-0.279050648212433,"Protein"
"OID21133","Factor13",-0.15075495839119,"Protein"
"OID20695","Factor13",-0.128379002213478,"Protein"
"OID21246","Factor13",-0.10537863522768,"Protein"
"OID21215","Factor13",0.0241455733776093,"Protein"
"OID21129","Factor13",-0.0299319736659527,"Protein"
"OID21324","Factor13",0.145808055996895,"Protein"
"OID20234","Factor13",0.218538448214531,"Protein"
"OID20324","Factor13",-0.0596118457615376,"Protein"
"OID21086","Factor13",-0.00971721950918436,"Protein"
"OID21015","Factor13",0.0290684383362532,"Protein"
"OID20870","Factor13",0.0792804509401321,"Protein"
"OID20355","Factor13",-0.185781300067902,"Protein"
"OID21068","Factor13",0.0206893756985664,"Protein"
"OID20691","Factor13",0.0242655090987682,"Protein"
"OID21050","Factor13",0.0539094544947147,"Protein"
"OID20622","Factor13",-0.0680943354964256,"Protein"
"OID20962","Factor13",0.227286592125893,"Protein"
"OID20604","Factor13",0.0209345128387213,"Protein"
"OID20404","Factor13",-0.0549954921007156,"Protein"
"OID20223","Factor13",-0.25042000412941,"Protein"
"OID20534","Factor13",0.352394670248032,"Protein"
"OID20106","Factor13",-0.121081337332726,"Protein"
"OID20222","Factor13",-0.0353530123829842,"Protein"
"OID20259","Factor13",0.124707646667957,"Protein"
"OID20766","Factor13",0.15373007953167,"Protein"
"OID20216","Factor13",-0.18557795882225,"Protein"
"OID20339","Factor13",0.0991754904389381,"Protein"
"OID20232","Factor13",-0.0188951790332794,"Protein"
"OID20739","Factor13",-0.0395558290183544,"Protein"
"OID20328","Factor13",-0.0380008667707443,"Protein"
"OID20768","Factor13",-0.079414963722229,"Protein"
"OID20195","Factor13",0.0265936348587275,"Protein"
"OID20445","Factor13",0.0731531530618668,"Protein"
"OID20108","Factor13",0.212442249059677,"Protein"
"OID20500","Factor13",0.246423855423927,"Protein"
"OID21145","Factor13",-0.0365929715335369,"Protein"
"OID21216","Factor13",-0.0404754430055618,"Protein"
"OID20731","Factor13",-0.0544012114405632,"Protein"
"OID20658","Factor13",0.0169539749622345,"Protein"
"OID20967","Factor13",-0.0594354346394539,"Protein"
"OID21235","Factor13",-0.0472346618771553,"Protein"
"OID21103","Factor13",-0.0288266856223345,"Protein"
"OID21005","Factor13",-0.0386346615850925,"Protein"
"OID21397","Factor13",0.15403425693512,"Protein"
"OID20151","Factor13",0.0144526259973645,"Protein"
"OID21490","Factor13",0.0585816167294979,"Protein"
"OID20832","Factor13",0.0865555554628372,"Protein"
"OID21493","Factor13",0.0629445612430573,"Protein"
"OID21037","Factor13",0.122940301895142,"Protein"
"OID21229","Factor13",-0.00636755861341953,"Protein"
"OID20926","Factor13",-0.0296832229942083,"Protein"
"OID21247","Factor13",0.0872529968619347,"Protein"
"OID21083","Factor13",0.210296005010605,"Protein"
"OID20753","Factor13",-0.00503599969670177,"Protein"
"OID20338","Factor13",0.0321274697780609,"Protein"
"OID21192","Factor13",0.12349659204483,"Protein"
"OID21160","Factor13",-0.000269496609689668,"Protein"
"OID21218","Factor13",0.0550749227404594,"Protein"
"OID20375","Factor13",-0.199843391776085,"Protein"
"OID20079","Factor13",0.101485438644886,"Protein"
"OID21053","Factor13",0.0822294726967812,"Protein"
"OID20919","Factor13",-0.0881805941462517,"Protein"
"OID20171","Factor13",0.0256873331964016,"Protein"
"OID20693","Factor13",-0.0387432388961315,"Protein"
"OID20600","Factor13",-0.0553345941007137,"Protein"
"OID20484","Factor13",0.0588421002030373,"Protein"
"OID21058","Factor13",0.0768839046359062,"Protein"
"OID20638","Factor13",0.00654899654909968,"Protein"
"OID21132","Factor13",-0.117129452526569,"Protein"
"OID20823","Factor13",0.0818139910697937,"Protein"
"OID20917","Factor13",-0.156621873378754,"Protein"
"OID20780","Factor13",-0.140886455774307,"Protein"
"OID21384","Factor13",0.119580030441284,"Protein"
"OID21441","Factor13",-0.262864291667938,"Protein"
"OID20751","Factor13",-0.00265309400856495,"Protein"
"OID21064","Factor13",0.0231250841170549,"Protein"
"OID21110","Factor13",0.0895143896341324,"Protein"
"OID20827","Factor13",-0.0149180088192225,"Protein"
"OID21185","Factor13",0.00745744723826647,"Protein"
"OID20091","Factor13",-0.0291727129369974,"Protein"
"OID20867","Factor13",0.0395992398262024,"Protein"
"OID20677","Factor13",0.019194794818759,"Protein"
"OID20934","Factor13",0.014560236595571,"Protein"
"OID21271","Factor13",0.0170561354607344,"Protein"
"OID20126","Factor13",-0.0345508120954037,"Protein"
"OID21414","Factor13",0.0853520631790161,"Protein"
"OID20333","Factor13",-0.00846881326287985,"Protein"
"OID20386","Factor13",-0.0306073762476444,"Protein"
"OID20418","Factor13",-0.150159642100334,"Protein"
"OID20872","Factor13",0.00753586832433939,"Protein"
"OID20261","Factor13",-0.244236648082733,"Protein"
"OID21227","Factor13",0.166670754551888,"Protein"
"OID21010","Factor13",-0.0597249008715153,"Protein"
"OID20165","Factor13",0.077595166862011,"Protein"
"OID20660","Factor13",-0.187086865305901,"Protein"
"OID20512","Factor13",0.0635043680667877,"Protein"
"OID20467","Factor13",0.0755554214119911,"Protein"
"OID20455","Factor13",-0.070170670747757,"Protein"
"OID20735","Factor13",-0.166886910796165,"Protein"
"OID21001","Factor13",-0.0335614047944546,"Protein"
"OID21137","Factor13",-0.0291924569755793,"Protein"
"OID20727","Factor13",0.168745279312134,"Protein"
"OID21432","Factor13",-0.0200724769383669,"Protein"
"OID20278","Factor13",0.0699163749814034,"Protein"
"OID20167","Factor13",-0.0145203089341521,"Protein"
"OID20188","Factor13",0.00322638847865164,"Protein"
"OID21480","Factor13",0.126250967383385,"Protein"
"OID20340","Factor13",0.00287171173840761,"Protein"
"OID20922","Factor13",0.198774039745331,"Protein"
"OID21219","Factor13",0.0213913284242153,"Protein"
"OID20228","Factor13",-0.0796338841319084,"Protein"
"OID20771","Factor13",-0.0035375205334276,"Protein"
"OID20664","Factor13",-0.055787306278944,"Protein"
"OID20930","Factor13",-0.0211759731173515,"Protein"
"OID20237","Factor13",-0.151098236441612,"Protein"
"OID20770","Factor13",-0.11710862070322,"Protein"
"OID21275","Factor13",-0.154435977339745,"Protein"
"OID20240","Factor13",-0.117578074336052,"Protein"
"OID21317","Factor13",0.0721117779612541,"Protein"
"OID20721","Factor13",0.0128373093903065,"Protein"
"OID21008","Factor13",-0.034316498786211,"Protein"
"OID21201","Factor13",-0.0466372855007648,"Protein"
"OID21220","Factor13",0.0472465567290783,"Protein"
"OID20730","Factor13",-0.0572207421064377,"Protein"
"OID21114","Factor13",0.0546820946037769,"Protein"
"OID20709","Factor13",0.0092208506539464,"Protein"
"OID20272","Factor13",-0.0982697382569313,"Protein"
"OID20429","Factor13",0.0261511970311403,"Protein"
"OID21283","Factor13",0.31584843993187,"Protein"
"OID21355","Factor13",-0.0661919713020325,"Protein"
"OID21519","Factor13",0.00204539066180587,"Protein"
"OID20096","Factor13",-0.0215771049261093,"Protein"
"OID20940","Factor13",-0.303629875183105,"Protein"
"OID20764","Factor13",-0.0379802621901035,"Protein"
"OID20812","Factor13",0.00712768640369177,"Protein"
"OID20673","Factor13",-0.0936294794082642,"Protein"
"OID21175","Factor13",-0.0238128416240215,"Protein"
"OID21291","Factor13",-0.0476695969700813,"Protein"
"OID20183","Factor13",-0.126909017562866,"Protein"
"OID20113","Factor13",-0.0604160241782665,"Protein"
"OID21288","Factor13",0.0981949642300606,"Protein"
"OID21470","Factor13",0.00655153347179294,"Protein"
"OID20893","Factor13",0.116900265216827,"Protein"
"OID20191","Factor13",-0.0349904000759125,"Protein"
"OID20494","Factor13",-0.0960530191659927,"Protein"
"OID20053","Factor13",0.213766768574715,"Protein"
"OID21002","Factor13",-0.0683302357792854,"Protein"
"OID20129","Factor13",-0.000837180996313691,"Protein"
"OID20087","Factor13",-0.130486458539963,"Protein"
"OID20953","Factor13",-0.151802703738213,"Protein"
"OID20667","Factor13",0.0974222421646118,"Protein"
"OID20913","Factor13",0.180917978286743,"Protein"
"OID21465","Factor13",-0.0589227043092251,"Protein"
"OID20605","Factor13",0.00313408486545086,"Protein"
"OID20725","Factor13",-0.151833266019821,"Protein"
"OID20405","Factor13",0.00222438829950988,"Protein"
"OID20061","Factor13",-0.00288634886965156,"Protein"
"OID21018","Factor13",-0.0140640828758478,"Protein"
"OID20297","Factor13",-0.017141405493021,"Protein"
"OID21206","Factor13",-0.047490868717432,"Protein"
"OID20239","Factor13",0.0190321635454893,"Protein"
"OID21398","Factor13",-0.278523504734039,"Protein"
"OID21321","Factor13",0.0552552342414856,"Protein"
"OID20456","Factor13",-0.0809049755334854,"Protein"
"OID20976","Factor13",0.0620521157979965,"Protein"
"OID21209","Factor13",0.0251711029559374,"Protein"
"OID20824","Factor13",-0.114595927298069,"Protein"
"OID20275","Factor13",0.0477691739797592,"Protein"
"OID21494","Factor13",-0.218021154403687,"Protein"
"OID21299","Factor13",0.26198673248291,"Protein"
"OID20590","Factor13",0.0125683387741446,"Protein"
"OID20384","Factor13",-0.0561772473156452,"Protein"
"OID21049","Factor13",-0.0320699624717236,"Protein"
"OID20174","Factor13",0.0222762022167444,"Protein"
"OID21067","Factor13",0.0133149931207299,"Protein"
"OID20489","Factor13",0.260494410991669,"Protein"
"OID21243","Factor13",0.0777700841426849,"Protein"
"OID21077","Factor13",-0.080964520573616,"Protein"
"OID21270","Factor13",0.0230957604944706,"Protein"
"OID21337","Factor13",0.257000267505646,"Protein"
"OID20196","Factor13",0.150616094470024,"Protein"
"OID20121","Factor13",0.016578147187829,"Protein"
"OID21262","Factor13",0.0655377954244614,"Protein"
"OID20537","Factor13",-0.106535345315933,"Protein"
"OID20296","Factor13",-0.23954664170742,"Protein"
"OID21509","Factor13",-0.0407645963132381,"Protein"
"OID20921","Factor13",0.0547798834741116,"Protein"
"OID21406","Factor13",0.164362013339996,"Protein"
"OID21084","Factor13",0.166889354586601,"Protein"
"OID20951","Factor13",-0.0389044992625713,"Protein"
"OID20491","Factor13",0.0812606811523438,"Protein"
"OID20777","Factor13",0.157440215349197,"Protein"
"OID21472","Factor13",-0.0549005679786205,"Protein"
"OID20304","Factor13",-0.0773693397641182,"Protein"
"OID21011","Factor13",-0.180348411202431,"Protein"
"OID20488","Factor13",0.0495979636907578,"Protein"
"OID20155","Factor13",-0.157359838485718,"Protein"
"OID21171","Factor13",0.00918065942823887,"Protein"
"OID20176","Factor13",0.199014648795128,"Protein"
"OID20540","Factor13",0.0231315754354,"Protein"
"OID21059","Factor13",-0.0886868983507156,"Protein"
"OID21401","Factor13",0.0710048377513885,"Protein"
"OID20972","Factor13",0.231609791517258,"Protein"
"OID21162","Factor13",-0.05948181822896,"Protein"
"OID21063","Factor13",-0.108397923409939,"Protein"
"OID21435","Factor13",-0.255413174629211,"Protein"
"OID21316","Factor13",-0.0145313683897257,"Protein"
"OID21336","Factor13",-0.0832903310656548,"Protein"
"OID21471","Factor13",0.153125911951065,"Protein"
"OID20427","Factor13",0.0612831749022007,"Protein"
"OID20750","Factor13",-0.210056364536285,"Protein"
"OID20763","Factor13",-0.048973336815834,"Protein"
"OID21331","Factor13",-0.134712815284729,"Protein"
"OID20424","Factor13",0.281519830226898,"Protein"
"OID21046","Factor13",0.0429822355508804,"Protein"
"OID21352","Factor13",-0.144562646746635,"Protein"
"OID20792","Factor13",0.155759155750275,"Protein"
"OID21027","Factor13",0.0142882838845253,"Protein"
"OID20822","Factor13",0.295320957899094,"Protein"
"OID20680","Factor13",-0.0658918470144272,"Protein"
"OID20329","Factor13",0.0285052340477705,"Protein"
"OID21170","Factor13",-0.0196665041148663,"Protein"
"OID20585","Factor13",0.0815965756773949,"Protein"
"OID20114","Factor13",0.00212983321398497,"Protein"
"OID20557","Factor13",0.149687498807907,"Protein"
"OID20864","Factor13",-0.0127859404310584,"Protein"
"OID20077","Factor13",-0.0350989773869514,"Protein"
"OID21315","Factor13",-0.129972815513611,"Protein"
"OID20382","Factor13",-0.0799620449542999,"Protein"
"OID20633","Factor13",0.246509969234467,"Protein"
"OID21238","Factor13",0.0239966586232185,"Protein"
"OID20932","Factor13",0.108989149332047,"Protein"
"OID20694","Factor13",-0.0257923919707537,"Protein"
"OID20264","Factor13",-0.00587805220857263,"Protein"
"OID21524","Factor13",-0.176684498786926,"Protein"
"OID21447","Factor13",-0.00356678012758493,"Protein"
"OID21138","Factor13",-0.180082455277443,"Protein"
"OID21172","Factor13",0.286662697792053,"Protein"
"OID21389","Factor13",-0.189686551690102,"Protein"
"OID21115","Factor13",0.148734271526337,"Protein"
"OID20211","Factor13",0.00451537128537893,"Protein"
"OID20279","Factor13",0.0743277296423912,"Protein"
"OID20569","Factor13",-0.150099322199821,"Protein"
"OID20142","Factor13",-0.0567172318696976,"Protein"
"OID20613","Factor13",-0.106509067118168,"Protein"
"OID20710","Factor13",0.0583370365202427,"Protein"
"OID20807","Factor13",-0.0191238224506378,"Protein"
"OID20713","Factor13",0.0382608622312546,"Protein"
"OID20148","Factor13",0.122887596487999,"Protein"
"OID20632","Factor13",-0.12576074898243,"Protein"
"OID21438","Factor13",-0.193908780813217,"Protein"
"OID21440","Factor13",0.107931159436703,"Protein"
"OID20549","Factor13",-0.0894687920808792,"Protein"
"OID20115","Factor13",0.0547683164477348,"Protein"
"OID21241","Factor13",0.01906000636518,"Protein"
"OID21529","Factor13",0.0593765154480934,"Protein"
"OID21374","Factor13",0.104098290205002,"Protein"
"OID20154","Factor13",0.229690700769424,"Protein"
"OID20480","Factor13",0.025058452039957,"Protein"
"OID20767","Factor13",-0.153063431382179,"Protein"
"OID21135","Factor13",0.1255863904953,"Protein"
"OID20320","Factor13",-0.0547912083566189,"Protein"
"OID20242","Factor13",-0.0459363795816898,"Protein"
"OID20602","Factor13",-0.209649935364723,"Protein"
"OID20282","Factor13",-0.149406492710114,"Protein"
"OID21189","Factor13",-0.135227769613266,"Protein"
"OID20652","Factor13",-0.273716390132904,"Protein"
"OID20454","Factor13",-0.0404288992285728,"Protein"
"OID20302","Factor13",-0.118068724870682,"Protein"
"OID20676","Factor13",-0.0187767539173365,"Protein"
"OID21079","Factor13",-0.197188183665276,"Protein"
"OID20828","Factor13",0.148959219455719,"Protein"
"OID21423","Factor13",-0.17301507294178,"Protein"
"OID20535","Factor13",-0.120095863938332,"Protein"
"OID21344","Factor13",-0.0591778755187988,"Protein"
"OID20451","Factor13",0.0766415894031525,"Protein"
"OID21278","Factor13",0.122012533247471,"Protein"
"OID20070","Factor13",-0.0164643209427595,"Protein"
"OID20529","Factor13",-0.166919112205505,"Protein"
"OID20314","Factor13",-0.185325548052788,"Protein"
"OID21346","Factor13",-0.210172727704048,"Protein"
"OID20476","Factor13",-0.0167165771126747,"Protein"
"OID20765","Factor13",-0.202374324202538,"Protein"
"OID20915","Factor13",-0.112539067864418,"Protein"
"OID20538","Factor13",-0.0953965410590172,"Protein"
"OID21360","Factor13",0.328874796628952,"Protein"
"OID20562","Factor13",-0.0206728279590607,"Protein"
"OID21405","Factor13",-0.128374382853508,"Protein"
"OID20774","Factor13",-0.193881765007973,"Protein"
"OID20661","Factor13",-0.215679556131363,"Protein"
"OID20639","Factor13",-0.159713491797447,"Protein"
"OID20267","Factor13",-0.0537647418677807,"Protein"
"OID20936","Factor13",0.0247484911233187,"Protein"
"OID21433","Factor13",-0.113429896533489,"Protein"
"OID20804","Factor13",0.0273307058960199,"Protein"
"OID21152","Factor13",-0.00767057947814465,"Protein"
"OID20084","Factor13",0.108806408941746,"Protein"
"OID20881","Factor13",-0.156929954886436,"Protein"
"OID20612","Factor13",0.0312290191650391,"Protein"
"OID21460","Factor13",0.0485618896782398,"Protein"
"OID20316","Factor13",-0.120448462665081,"Protein"
"OID20373","Factor13",-0.129688158631325,"Protein"
"OID21174","Factor13",0.142024859786034,"Protein"
"OID20140","Factor13",0.038188498467207,"Protein"
"OID20781","Factor13",0.184957951307297,"Protein"
"OID20811","Factor13",-0.00916866771876812,"Protein"
"OID20497","Factor13",0.182128727436066,"Protein"
"OID21407","Factor13",-0.0125310597941279,"Protein"
"OID20547","Factor13",-0.16269563138485,"Protein"
"OID20857","Factor13",0.052149947732687,"Protein"
"OID20401","Factor13",-0.0195141267031431,"Protein"
"OID21517","Factor13",0.0494475550949574,"Protein"
"OID20530","Factor13",0.202234789729118,"Protein"
"OID21236","Factor13",0.0890522673726082,"Protein"
"OID21412","Factor13",0.0969073250889778,"Protein"
"OID20391","Factor13",-0.157076790928841,"Protein"
"OID20458","Factor13",-0.00235899374820292,"Protein"
"OID21404","Factor13",0.0472088679671288,"Protein"
"OID21394","Factor13",-0.235622599720955,"Protein"
"OID21514","Factor13",-0.0587719529867172,"Protein"
"OID20662","Factor13",0.0848894417285919,"Protein"
"OID21286","Factor13",0.0495877154171467,"Protein"
"OID20884","Factor13",0.179977849125862,"Protein"
"OID21456","Factor13",-0.0775168091058731,"Protein"
"OID21196","Factor13",-0.0731522738933563,"Protein"
"OID20599","Factor13",-0.0517031401395798,"Protein"
"OID21134","Factor13",-0.102260313928127,"Protein"
"OID20690","Factor13",-0.108473919332027,"Protein"
"OID20720","Factor13",-0.00506784114986658,"Protein"
"OID20581","Factor13",0.0447135269641876,"Protein"
"OID20848","Factor13",-0.148545444011688,"Protein"
"OID21339","Factor13",-0.156025692820549,"Protein"
"OID20394","Factor13",-0.298917025327682,"Protein"
"OID20888","Factor13",0.0485463254153728,"Protein"
"OID20290","Factor13",-0.235368430614471,"Protein"
"OID20362","Factor13",-0.20457249879837,"Protein"
"OID21055","Factor13",0.0042408793233335,"Protein"
"OID20071","Factor13",0.0383458882570267,"Protein"
"OID20941","Factor13",-0.170710548758507,"Protein"
"OID21468","Factor13",-0.0940240994095802,"Protein"
"OID20878","Factor13",0.000454705383162946,"Protein"
"OID20834","Factor13",-0.109484300017357,"Protein"
"OID20414","Factor13",-0.10842015594244,"Protein"
"OID21359","Factor13",0.224651679396629,"Protein"
"OID20702","Factor13",-0.00777305429801345,"Protein"
"OID21161","Factor13",0.00850780587643385,"Protein"
"OID20168","Factor13",-0.0922713577747345,"Protein"
"OID21301","Factor13",-0.0949045717716217,"Protein"
"OID20556","Factor13",-0.0750664994120598,"Protein"
"OID21231","Factor13",0.0575528107583523,"Protein"
"OID20525","Factor13",0.147883713245392,"Protein"
"OID20806","Factor13",0.171962797641754,"Protein"
"OID20502","Factor13",0.136539176106453,"Protein"
"OID20332","Factor13",0.00843929592519999,"Protein"
"OID20668","Factor13",-0.064688965678215,"Protein"
"OID20208","Factor13",-0.290714502334595,"Protein"
"OID20265","Factor13",-0.104248695075512,"Protein"
"OID21400","Factor13",0.148836299777031,"Protein"
"OID21518","Factor13",0.0196173191070557,"Protein"
"OID20348","Factor13",-0.131386816501617,"Protein"
"OID20447","Factor13",-0.071339026093483,"Protein"
"OID20566","Factor13",-0.0176743026822805,"Protein"
"OID21318","Factor13",0.140413716435432,"Protein"
"OID20352","Factor13",-0.169491410255432,"Protein"
"OID20442","Factor13",0.258419841527939,"Protein"
"OID21458","Factor13",-0.0192193761467934,"Protein"
"OID20473","Factor13",-0.131440356373787,"Protein"
"OID21147","Factor13",0.109078347682953,"Protein"
"OID20855","Factor13",0.189307332038879,"Protein"
"OID21122","Factor13",0.0615360550582409,"Protein"
"OID21023","Factor13",0.21242567896843,"Protein"
"OID20493","Factor13",-0.0330202914774418,"Protein"
"OID20852","Factor13",-0.0724347680807114,"Protein"
"OID21429","Factor13",-0.0465824864804745,"Protein"
"OID21102","Factor13",-0.186836794018745,"Protein"
"OID20629","Factor13",-0.105150990188122,"Protein"
"OID21070","Factor13",-0.176005601882935,"Protein"
"OID20281","Factor13",-0.198250964283943,"Protein"
"OID20651","Factor13",-0.079911857843399,"Protein"
"OID21228","Factor13",-0.110767856240273,"Protein"
"OID20393","Factor13",-0.182866647839546,"Protein"
"OID20624","Factor13",-0.242449402809143,"Protein"
"OID21090","Factor13",0.033536784350872,"Protein"
"OID21096","Factor13",0.0237760934978724,"Protein"
"OID21194","Factor13",0.197281837463379,"Protein"
"OID20410","Factor13",-0.0327024273574352,"Protein"
"OID21525","Factor13",-0.115219265222549,"Protein"
"OID20229","Factor13",-0.162018686532974,"Protein"
"OID20185","Factor13",-0.111408792436123,"Protein"
"OID20131","Factor13",0.0326724946498871,"Protein"
"OID20719","Factor13",-0.181382730603218,"Protein"
"OID20974","Factor13",-0.0591816902160645,"Protein"
"OID20170","Factor13",-0.166846632957458,"Protein"
"OID20231","Factor13",-0.0174989867955446,"Protein"
"OID20897","Factor13",-0.0255683809518814,"Protein"
"OID21526","Factor13",0.0622282177209854,"Protein"
"OID20416","Factor13",-0.211753323674202,"Protein"
"OID20654","Factor13",0.00213594594970345,"Protein"
"OID20236","Factor13",-0.129591509699821,"Protein"
"OID21165","Factor13",0.140540167689323,"Protein"
"OID21424","Factor13",-0.175285473465919,"Protein"
"OID21308","Factor13",0.0236690230667591,"Protein"
"OID20388","Factor13",-0.185870051383972,"Protein"
"OID20994","Factor13",-0.125731259584427,"Protein"
"OID20747","Factor13",-0.125663012266159,"Protein"
"OID20346","Factor13",0.131505161523819,"Protein"
"OID21362","Factor13",-0.0307525489479303,"Protein"
"OID21345","Factor13",0.23153030872345,"Protein"
"OID20621","Factor13",-0.147303938865662,"Protein"
"OID20076","Factor13",0.206408947706223,"Protein"
"OID21303","Factor13",-0.128702163696289,"Protein"
"OID20835","Factor13",0.245469361543655,"Protein"
"OID20948","Factor13",0.241723477840424,"Protein"
"OID20565","Factor13",-0.0229736994951963,"Protein"
"OID20397","Factor13",-0.0838236808776855,"Protein"
"OID20235","Factor13",-0.172842368483543,"Protein"
"OID20255","Factor13",-0.035531971603632,"Protein"
"OID20367","Factor13",-0.266594737768173,"Protein"
"OID20982","Factor13",0.00851111114025116,"Protein"
"OID20611","Factor13",-0.0657410249114037,"Protein"
"OID20706","Factor13",-0.227041438221931,"Protein"
"OID20773","Factor13",-0.277631402015686,"Protein"
"OID20270","Factor13",-0.0136405201628804,"Protein"
"OID20199","Factor13",0.0840037167072296,"Protein"
"OID20377","Factor13",-0.0293709747493267,"Protein"
"OID20555","Factor13",0.00179368897806853,"Protein"
"OID21240","Factor13",0.028650114312768,"Protein"
"OID21130","Factor13",0.0450607910752296,"Protein"
"OID21028","Factor13",-0.147315576672554,"Protein"
"OID20531","Factor13",0.111134015023708,"Protein"
"OID20130","Factor13",0.236551895737648,"Protein"
"OID20133","Factor13",-0.104676082730293,"Protein"
"OID20481","Factor13",0.0567896589636803,"Protein"
"OID20238","Factor13",-0.0416194275021553,"Protein"
"OID20358","Factor13",-0.185292765498161,"Protein"
"OID21322","Factor13",-0.0544632002711296,"Protein"
"OID20194","Factor13",0.0704590454697609,"Protein"
"OID20353","Factor13",-0.13034226000309,"Protein"
"OID20145","Factor13",-0.142245501279831,"Protein"
"OID20132","Factor13",-0.316261619329453,"Protein"
"OID21353","Factor13",-0.182377874851227,"Protein"
"OID21230","Factor13",0.031298715621233,"Protein"
"OID20513","Factor13",-0.015022954903543,"Protein"
"OID20082","Factor13",0.105786219239235,"Protein"
"OID21136","Factor13",-0.149354860186577,"Protein"
"OID20380","Factor13",-0.0192431807518005,"Protein"
"OID20914","Factor13",-0.13721676170826,"Protein"
"OID20204","Factor13",-0.0255504511296749,"Protein"
"OID20637","Factor13",-0.225924298167229,"Protein"
"OID20464","Factor13",-0.156351372599602,"Protein"
"OID20957","Factor13",-0.236365899443626,"Protein"
"OID21052","Factor13",-0.031790304929018,"Protein"
"OID20213","Factor13",-0.120901137590408,"Protein"
"OID21366","Factor13",0.0107456082478166,"Protein"
"OID20733","Factor13",-0.0182993747293949,"Protein"
"OID21252","Factor13",-0.120552398264408,"Protein"
"OID20755","Factor13",-0.0991687625646591,"Protein"
"OID20360","Factor13",-0.251488387584686,"Protein"
"OID20172","Factor13",-0.192521512508392,"Protein"
"OID21474","Factor13",-0.138206422328949,"Protein"
"OID20337","Factor13",-0.326606631278992,"Protein"
"OID20487","Factor13",-0.193690419197083,"Protein"
"OID20374","Factor13",0.154049441218376,"Protein"
"OID20754","Factor13",-0.164964482188225,"Protein"
"OID20575","Factor13",0.00830832123756409,"Protein"
"OID20909","Factor13",-0.014022902585566,"Protein"
"OID20626","Factor13",0.0106246583163738,"Protein"
"OID20396","Factor13",-0.170415163040161,"Protein"
"OID20462","Factor13",-0.0620034001767635,"Protein"
"OID20775","Factor14",0.00140313617885113,"Protein"
"OID20984","Factor14",-0.00125441455747932,"Protein"
"OID20083","Factor14",-0.00079739058855921,"Protein"
"OID21402","Factor14",0.000435139343608171,"Protein"
"OID20911","Factor14",0.00119636103045195,"Protein"
"OID20850","Factor14",-0.00115788797847927,"Protein"
"OID20101","Factor14",0.00104542123153806,"Protein"
"OID21140","Factor14",-0.00191528245341033,"Protein"
"OID20563","Factor14",0.000845422211568803,"Protein"
"OID20125","Factor14",-0.00135874154511839,"Protein"
"OID21485","Factor14",-4.74991065857466e-06,"Protein"
"OID21276","Factor14",0.00110373320057988,"Protein"
"OID20594","Factor14",0.00135172251611948,"Protein"
"OID20779","Factor14",-0.00122159603051841,"Protein"
"OID20983","Factor14",0.00103130785282701,"Protein"
"OID20643","Factor14",0.000751385639887303,"Protein"
"OID20049","Factor14",-0.00144050386734307,"Protein"
"OID20312","Factor14",-0.00147439655847847,"Protein"
"OID20246","Factor14",7.80609625508077e-05,"Protein"
"OID20495","Factor14",-0.00127291155513376,"Protein"
"OID21031","Factor14",0.00150110013782978,"Protein"
"OID20778","Factor14",-0.000584158929996192,"Protein"
"OID20127","Factor14",-0.0016458872705698,"Protein"
"OID20274","Factor14",-0.000590218929573894,"Protein"
"OID21373","Factor14",-0.000938485260121524,"Protein"
"OID20559","Factor14",0.000439122843090445,"Protein"
"OID20218","Factor14",-0.00258692796342075,"Protein"
"OID20263","Factor14",0.000984277110546827,"Protein"
"OID21489","Factor14",0.000610767921898514,"Protein"
"OID20219","Factor14",-0.000457396497949958,"Protein"
"OID20192","Factor14",0.00141348142642528,"Protein"
"OID20896","Factor14",-0.000180222021299414,"Protein"
"OID20399","Factor14",2.50613011303358e-05,"Protein"
"OID21297","Factor14",-0.00339940143749118,"Protein"
"OID21348","Factor14",0.00318020978011191,"Protein"
"OID20593","Factor14",0.000210486949072219,"Protein"
"OID21395","Factor14",0.0003162671928294,"Protein"
"OID21507","Factor14",0.000387937412597239,"Protein"
"OID20729","Factor14",-0.000539170694537461,"Protein"
"OID20220","Factor14",-0.00062467809766531,"Protein"
"OID21411","Factor14",0.00222806353121996,"Protein"
"OID21387","Factor14",-5.88682596571743e-05,"Protein"
"OID20266","Factor14",0.000237286440096796,"Protein"
"OID21461","Factor14",-0.0012123208725825,"Protein"
"OID21475","Factor14",-0.00048809967120178,"Protein"
"OID20671","Factor14",-0.00193773640785366,"Protein"
"OID20950","Factor14",0.00230794795788825,"Protein"
"OID20206","Factor14",-0.00187044881749898,"Protein"
"OID21250","Factor14",-0.000588196853641421,"Protein"
"OID20579","Factor14",-0.000197196393855847,"Protein"
"OID20761","Factor14",-0.00353866303339601,"Protein"
"OID20711","Factor14",-0.00207221182063222,"Protein"
"OID20707","Factor14",-0.000371127796825022,"Protein"
"OID20760","Factor14",-0.00105993973556906,"Protein"
"OID20672","Factor14",-0.000505889765918255,"Protein"
"OID21277","Factor14",0.000238302804064006,"Protein"
"OID20169","Factor14",0.00062907428946346,"Protein"
"OID20524","Factor14",0.0013278117403388,"Protein"
"OID20523","Factor14",-0.00131067982874811,"Protein"
"OID20544","Factor14",0.00149090506602079,"Protein"
"OID21047","Factor14",0.000846388575155288,"Protein"
"OID20258","Factor14",0.000182147705345415,"Protein"
"OID20112","Factor14",-0.00247032078914344,"Protein"
"OID20993","Factor14",0.00207715528085828,"Protein"
"OID20656","Factor14",-0.000562066677957773,"Protein"
"OID20863","Factor14",0.000835734594147652,"Protein"
"OID20640","Factor14",0.000493867381010205,"Protein"
"OID20596","Factor14",0.00101779960095882,"Protein"
"OID20625","Factor14",0.000825026480015367,"Protein"
"OID21097","Factor14",-0.000639040430542082,"Protein"
"OID20166","Factor14",0.00066102622076869,"Protein"
"OID21306","Factor14",-0.000943411781918257,"Protein"
"OID21176","Factor14",-0.00231959694065154,"Protein"
"OID21118","Factor14",-0.00116640678606927,"Protein"
"OID21332","Factor14",-0.000885659537743777,"Protein"
"OID20551","Factor14",-0.000900982180610299,"Protein"
"OID20856","Factor14",-0.00719331856817007,"Protein"
"OID20918","Factor14",-0.00202563777565956,"Protein"
"OID21420","Factor14",-0.000574607984162867,"Protein"
"OID20875","Factor14",-0.00171718921046704,"Protein"
"OID21378","Factor14",-0.000868558592628688,"Protein"
"OID21506","Factor14",0.00498505588620901,"Protein"
"OID21459","Factor14",-0.00583844073116779,"Protein"
"OID20075","Factor14",0.00224238471128047,"Protein"
"OID21505","Factor14",-0.000264067610260099,"Protein"
"OID20698","Factor14",-0.00513609778136015,"Protein"
"OID20271","Factor14",0.00144488213118166,"Protein"
"OID20717","Factor14",0.00173347967211157,"Protein"
"OID20050","Factor14",0.000400986667955294,"Protein"
"OID20090","Factor14",0.000477622234029695,"Protein"
"OID20627","Factor14",0.00388705707155168,"Protein"
"OID20908","Factor14",0.000524612027220428,"Protein"
"OID20741","Factor14",-0.00082806684076786,"Protein"
"OID20519","Factor14",0.0020421901717782,"Protein"
"OID20138","Factor14",-0.00118154846131802,"Protein"
"OID20095","Factor14",-0.000105294719105586,"Protein"
"OID20689","Factor14",-0.00196271040476859,"Protein"
"OID20203","Factor14",-0.000249473931035027,"Protein"
"OID20541","Factor14",0.00248430483043194,"Protein"
"OID20742","Factor14",0.00699319038540125,"Protein"
"OID20554","Factor14",0.002647869521752,"Protein"
"OID21319","Factor14",-0.00565903866663575,"Protein"
"OID20415","Factor14",0.00162075110711157,"Protein"
"OID21521","Factor14",0.00612347293645144,"Protein"
"OID20925","Factor14",-0.00026434296160005,"Protein"
"OID21204","Factor14",-0.00301269488409162,"Protein"
"OID20938","Factor14",0.000466676545329392,"Protein"
"OID20577","Factor14",-0.00318474764935672,"Protein"
"OID21029","Factor14",-0.000389537628507242,"Protein"
"OID20364","Factor14",0.000914515811018646,"Protein"
"OID21408","Factor14",0.00153332168702036,"Protein"
"OID20788","Factor14",-0.000548810756299645,"Protein"
"OID21469","Factor14",0.00119602400809526,"Protein"
"OID20899","Factor14",0.00313263665884733,"Protein"
"OID20952","Factor14",-0.000944367493502796,"Protein"
"OID21078","Factor14",-0.000498379115015268,"Protein"
"OID20187","Factor14",-0.000595649937167764,"Protein"
"OID20475","Factor14",0.00321656791493297,"Protein"
"OID20616","Factor14",-0.00459093088284135,"Protein"
"OID21069","Factor14",-0.000141980504849926,"Protein"
"OID20772","Factor14",0.0015078263822943,"Protein"
"OID20684","Factor14",-0.00106611358933151,"Protein"
"OID20230","Factor14",0.000626348773948848,"Protein"
"OID21451","Factor14",0.000713084824383259,"Protein"
"OID20916","Factor14",0.00195795996114612,"Protein"
"OID21158","Factor14",-0.00452908454462886,"Protein"
"OID20182","Factor14",0.000589959323406219,"Protein"
"OID21307","Factor14",-0.000207316523301415,"Protein"
"OID20412","Factor14",-0.000177331850863993,"Protein"
"OID21226","Factor14",0.000756216992158443,"Protein"
"OID21391","Factor14",0.000775768188759685,"Protein"
"OID20615","Factor14",0.00126543396618217,"Protein"
"OID21224","Factor14",-0.00159766618162394,"Protein"
"OID20158","Factor14",-0.000172428350197151,"Protein"
"OID20582","Factor14",-0.00132314232178032,"Protein"
"OID20816","Factor14",0.000239464789046906,"Protein"
"OID20937","Factor14",-0.00149896019138396,"Protein"
"OID21376","Factor14",0.00121255579870194,"Protein"
"OID20681","Factor14",-0.00137855333741754,"Protein"
"OID20251","Factor14",0.000178301925188862,"Protein"
"OID21350","Factor14",-0.00155974284280092,"Protein"
"OID21263","Factor14",0.000319203769322485,"Protein"
"OID21149","Factor14",-0.00338456430472434,"Protein"
"OID20207","Factor14",-0.000389741064282134,"Protein"
"OID21282","Factor14",-0.000201506787561812,"Protein"
"OID21269","Factor14",-0.00102206494193524,"Protein"
"OID21309","Factor14",0.00052479311125353,"Protein"
"OID20959","Factor14",0.00115261133760214,"Protein"
"OID21508","Factor14",-0.00015921205340419,"Protein"
"OID21292","Factor14",0.00390869192779064,"Protein"
"OID20697","Factor14",-0.0020976378582418,"Protein"
"OID20588","Factor14",0.000160896743182093,"Protein"
"OID21422","Factor14",-0.00101693801116198,"Protein"
"OID20910","Factor14",0.00234007323160768,"Protein"
"OID20175","Factor14",2.7976966521237e-05,"Protein"
"OID21383","Factor14",0.000299364211969078,"Protein"
"OID21082","Factor14",0.000482706032926217,"Protein"
"OID20965","Factor14",0.00102054141461849,"Protein"
"OID20225","Factor14",0.00244151032529771,"Protein"
"OID20245","Factor14",0.00274686771444976,"Protein"
"OID21033","Factor14",-0.000162640659254976,"Protein"
"OID20558","Factor14",-0.00414273841306567,"Protein"
"OID20871","Factor14",0.00107035727705806,"Protein"
"OID21144","Factor14",0.000646118016447872,"Protein"
"OID20322","Factor14",-0.00219524535350502,"Protein"
"OID21347","Factor14",-0.00319789187051356,"Protein"
"OID21296","Factor14",0.000939004821702838,"Protein"
"OID20971","Factor14",0.000168499871506356,"Protein"
"OID21294","Factor14",-0.000373314949683845,"Protein"
"OID20737","Factor14",0.0010936661856249,"Protein"
"OID20847","Factor14",0.0011098567629233,"Protein"
"OID21003","Factor14",-0.00452295411378145,"Protein"
"OID20553","Factor14",0.00557403452694416,"Protein"
"OID20977","Factor14",-0.000806577154435217,"Protein"
"OID21154","Factor14",0.0010405108332634,"Protein"
"OID21512","Factor14",-0.000553219928406179,"Protein"
"OID20704","Factor14",0.0020124870352447,"Protein"
"OID20644","Factor14",-0.00179360155016184,"Protein"
"OID20964","Factor14",0.00316746695898473,"Protein"
"OID20117","Factor14",0.00235250755213201,"Protein"
"OID21019","Factor14",-0.000548448238987476,"Protein"
"OID20688","Factor14",-0.000781312643084675,"Protein"
"OID20700","Factor14",0.00304064550437033,"Protein"
"OID21287","Factor14",0.00208007474429905,"Protein"
"OID20548","Factor14",0.00359889911487699,"Protein"
"OID21061","Factor14",0.000667142623569816,"Protein"
"OID20477","Factor14",-0.000877385318744928,"Protein"
"OID20787","Factor14",0.00167259748559445,"Protein"
"OID20292","Factor14",-0.00589259807020426,"Protein"
"OID20431","Factor14",0.000504951050970703,"Protein"
"OID20714","Factor14",-0.00096777465660125,"Protein"
"OID20110","Factor14",-0.00213805167004466,"Protein"
"OID20740","Factor14",-0.00142320955637842,"Protein"
"OID21123","Factor14",0.000207957913517021,"Protein"
"OID20105","Factor14",-0.000899034377653152,"Protein"
"OID20326","Factor14",0.000945176929235458,"Protein"
"OID21314","Factor14",-0.00149782095104456,"Protein"
"OID20795","Factor14",-0.00149866391438991,"Protein"
"OID21320","Factor14",0.00372927100397646,"Protein"
"OID20325","Factor14",-0.00190496456343681,"Protein"
"OID20511","Factor14",-0.000341502687660977,"Protein"
"OID20903","Factor14",0.00157136819325387,"Protein"
"OID21511","Factor14",-0.00139250105712563,"Protein"
"OID21222","Factor14",-0.00217697327025235,"Protein"
"OID20086","Factor14",-0.00112782581709325,"Protein"
"OID20515","Factor14",-0.00321772438474,"Protein"
"OID20214","Factor14",-0.000589940173085779,"Protein"
"OID20305","Factor14",-0.000765477190725505,"Protein"
"OID21356","Factor14",0.00401062611490488,"Protein"
"OID20981","Factor14",0.00185389281250536,"Protein"
"OID21363","Factor14",-4.43490571342409e-05,"Protein"
"OID21455","Factor14",6.60751757095568e-05,"Protein"
"OID20334","Factor14",0.00193630368448794,"Protein"
"OID20139","Factor14",-0.000399433920392767,"Protein"
"OID21156","Factor14",-0.000145264435559511,"Protein"
"OID20227","Factor14",0.000727464794181287,"Protein"
"OID20814","Factor14",-0.00195373711176217,"Protein"
"OID20745","Factor14",-0.00240447977557778,"Protein"
"OID20683","Factor14",-0.00106726039666682,"Protein"
"OID21211","Factor14",-0.000255641003604978,"Protein"
"OID20723","Factor14",-0.00110664125531912,"Protein"
"OID20900","Factor14",-0.000777820241637528,"Protein"
"OID21453","Factor14",-0.000132329354528338,"Protein"
"OID20177","Factor14",-0.00180794391781092,"Protein"
"OID20526","Factor14",-0.00180940225254744,"Protein"
"OID20146","Factor14",-0.00103926577139646,"Protein"
"OID21357","Factor14",0.000933627889025956,"Protein"
"OID20545","Factor14",0.0024871698115021,"Protein"
"OID20685","Factor14",1.2748875633406e-05,"Protein"
"OID20200","Factor14",0.000298748374916613,"Protein"
"OID21467","Factor14",-0.00127583753783256,"Protein"
"OID21000","Factor14",-0.00322974100708961,"Protein"
"OID20244","Factor14",-0.00019209626771044,"Protein"
"OID20250","Factor14",0.00128498673439026,"Protein"
"OID20280","Factor14",-9.72230482148007e-05,"Protein"
"OID21450","Factor14",0.000449188373750076,"Protein"
"OID20409","Factor14",-0.000990168773569167,"Protein"
"OID21417","Factor14",0.00027472895453684,"Protein"
"OID20943","Factor14",0.00239452160894871,"Protein"
"OID20724","Factor14",-0.00624895840883255,"Protein"
"OID20201","Factor14",-0.000360010482836515,"Protein"
"OID21205","Factor14",0.000668034539557993,"Protein"
"OID20987","Factor14",0.00172268983442336,"Protein"
"OID20646","Factor14",0.0056772893294692,"Protein"
"OID21323","Factor14",-0.000819843378849328,"Protein"
"OID20997","Factor14",0.000294200261123478,"Protein"
"OID21030","Factor14",-0.00145283958408982,"Protein"
"OID21462","Factor14",0.00179777632001787,"Protein"
"OID20483","Factor14",0.00301522994413972,"Protein"
"OID20149","Factor14",-0.0021522487513721,"Protein"
"OID21499","Factor14",-0.000271746714133769,"Protein"
"OID20682","Factor14",-9.40357567742467e-05,"Protein"
"OID20868","Factor14",0.00233485503122211,"Protein"
"OID20574","Factor14",-0.000438549323007464,"Protein"
"OID21151","Factor14",-0.00151715660467744,"Protein"
"OID20472","Factor14",-0.000233943166676909,"Protein"
"OID20675","Factor14",0.000586452544666827,"Protein"
"OID20436","Factor14",-0.000630309397820383,"Protein"
"OID20184","Factor14",-0.00197496288456023,"Protein"
"OID21060","Factor14",6.99627707945183e-05,"Protein"
"OID21367","Factor14",0.00211008545011282,"Protein"
"OID20178","Factor14",-0.000718616531230509,"Protein"
"OID21375","Factor14",-0.00203133746981621,"Protein"
"OID21430","Factor14",0.000439522031228989,"Protein"
"OID21312","Factor14",-0.000582011067308486,"Protein"
"OID21380","Factor14",-0.000222385206143372,"Protein"
"OID20421","Factor14",0.000275541882729158,"Protein"
"OID21326","Factor14",0.00532280141487718,"Protein"
"OID20631","Factor14",0.000430605432484299,"Protein"
"OID20097","Factor14",0.00172154721803963,"Protein"
"OID20758","Factor14",-0.0030464488081634,"Protein"
"OID21482","Factor14",0.0013122841482982,"Protein"
"OID20371","Factor14",0.000451277272077277,"Protein"
"OID21415","Factor14",-0.000215901804040186,"Protein"
"OID21527","Factor14",0.00448997598141432,"Protein"
"OID20233","Factor14",-0.0026428522542119,"Protein"
"OID21016","Factor14",-0.00165323284454644,"Protein"
"OID21284","Factor14",0.000105580518720672,"Protein"
"OID21143","Factor14",0.00166737614199519,"Protein"
"OID21022","Factor14",-0.00335532077588141,"Protein"
"OID20865","Factor14",-0.0035575064830482,"Protein"
"OID21311","Factor14",0.00227054976858199,"Protein"
"OID20342","Factor14",-0.000505952048115432,"Protein"
"OID20309","Factor14",0.000372611713828519,"Protein"
"OID20546","Factor14",-0.00198405515402555,"Protein"
"OID21099","Factor14",-0.00273526413366199,"Protein"
"OID20135","Factor14",0.00122895988170058,"Protein"
"OID21476","Factor14",-0.00109944969881326,"Protein"
"OID20359","Factor14",-0.00150603463407606,"Protein"
"OID20601","Factor14",-0.000433981767855585,"Protein"
"OID21104","Factor14",-4.49510334874503e-05,"Protein"
"OID20756","Factor14",-0.000603356980718672,"Protein"
"OID21439","Factor14",0.0021787176374346,"Protein"
"OID21399","Factor14",0.00358544802293181,"Protein"
"OID21043","Factor14",0.00332370470277965,"Protein"
"OID20609","Factor14",1.16717164928559e-05,"Protein"
"OID20289","Factor14",-2.46146901190514e-05,"Protein"
"OID21101","Factor14",0.000759449030738324,"Protein"
"OID21014","Factor14",0.00143624551128596,"Protein"
"OID21249","Factor14",-0.00155514059588313,"Protein"
"OID21446","Factor14",-0.00518399151042104,"Protein"
"OID20970","Factor14",-0.00193355954252183,"Protein"
"OID20956","Factor14",0.00221327552571893,"Protein"
"OID20635","Factor14",0.000833708152640611,"Protein"
"OID20648","Factor14",-0.00390494940802455,"Protein"
"OID20331","Factor14",-0.00143916241358966,"Protein"
"OID21437","Factor14",0.00293104979209602,"Protein"
"OID21442","Factor14",0.00613671727478504,"Protein"
"OID21369","Factor14",0.000679347082041204,"Protein"
"OID20576","Factor14",-0.000618617690633982,"Protein"
"OID20636","Factor14",0.00146294618025422,"Protein"
"OID20162","Factor14",-0.000800186186097562,"Protein"
"OID21381","Factor14",0.000809335790108889,"Protein"
"OID20153","Factor14",0.000304665212752298,"Protein"
"OID20732","Factor14",0.00354678300209343,"Protein"
"OID21024","Factor14",-0.000647512555588037,"Protein"
"OID21434","Factor14",0.000227757438551635,"Protein"
"OID20507","Factor14",0.00542788486927748,"Protein"
"OID20137","Factor14",0.00146105897147208,"Protein"
"OID21042","Factor14",-0.00119615101721138,"Protein"
"OID21516","Factor14",0.000898949801921844,"Protein"
"OID20299","Factor14",0.000588965136557817,"Protein"
"OID21257","Factor14",-0.00107495859265327,"Protein"
"OID21253","Factor14",-0.00118247396312654,"Protein"
"OID20988","Factor14",0.00017537000530865,"Protein"
"OID21119","Factor14",0.00228721345774829,"Protein"
"OID21038","Factor14",-0.00143870490137488,"Protein"
"OID21091","Factor14",-0.000204830532311462,"Protein"
"OID20597","Factor14",0.00187392858788371,"Protein"
"OID20179","Factor14",0.000964551058132201,"Protein"
"OID21168","Factor14",-0.00130774138960987,"Protein"
"OID21368","Factor14",0.00240895245224237,"Protein"
"OID20738","Factor14",-0.000946499698329717,"Protein"
"OID20122","Factor14",-0.00097652937984094,"Protein"
"OID20703","Factor14",0.00131963996682316,"Protein"
"OID21436","Factor14",0.000703721423633397,"Protein"
"OID21421","Factor14",0.000570835371036083,"Protein"
"OID20589","Factor14",-0.00121464324183762,"Protein"
"OID20927","Factor14",-0.00155308225657791,"Protein"
"OID21418","Factor14",0.00139431690331548,"Protein"
"OID21013","Factor14",0.000285521033219993,"Protein"
"OID20904","Factor14",-0.00157808163203299,"Protein"
"OID20568","Factor14",-0.00182187359314412,"Protein"
"OID20533","Factor14",0.00229128915816545,"Protein"
"OID20254","Factor14",-0.000926999200601131,"Protein"
"OID21403","Factor14",-0.0021086276974529,"Protein"
"OID21012","Factor14",0.00152446224819869,"Protein"
"OID21280","Factor14",-0.000188641177373938,"Protein"
"OID21187","Factor14",0.00440464541316032,"Protein"
"OID21425","Factor14",0.00294297467917204,"Protein"
"OID20078","Factor14",0.000545176560990512,"Protein"
"OID20102","Factor14",0.00189656391739845,"Protein"
"OID21073","Factor14",-0.000429974723374471,"Protein"
"OID21428","Factor14",-0.00536212464794517,"Protein"
"OID20687","Factor14",0.000447022437583655,"Protein"
"OID20883","Factor14",-0.00134776206687093,"Protein"
"OID21242","Factor14",-0.000305974914226681,"Protein"
"OID20583","Factor14",-0.002111473120749,"Protein"
"OID21361","Factor14",-0.00345871457830071,"Protein"
"OID21365","Factor14",-0.00113139138557017,"Protein"
"OID21419","Factor14",-0.00083085015648976,"Protein"
"OID21498","Factor14",-0.000128509127534926,"Protein"
"OID20995","Factor14",-0.000865633483044803,"Protein"
"OID21094","Factor14",-0.00164936715736985,"Protein"
"OID20715","Factor14",0.000442450371338055,"Protein"
"OID20718","Factor14",-0.000667903979774565,"Protein"
"OID20960","Factor14",-0.00298886722885072,"Protein"
"OID20866","Factor14",-0.00141755142249167,"Protein"
"OID20986","Factor14",2.93785487883724e-05,"Protein"
"OID20152","Factor14",0.000660403165966272,"Protein"
"OID20395","Factor14",0.00057295779697597,"Protein"
"OID21285","Factor14",0.00191859295591712,"Protein"
"OID20313","Factor14",-0.001271195942536,"Protein"
"OID20509","Factor14",0.00281744124367833,"Protein"
"OID21255","Factor14",0.00251705409027636,"Protein"
"OID20141","Factor14",-0.00504362536594272,"Protein"
"OID20942","Factor14",-0.00260216812603176,"Protein"
"OID21466","Factor14",-0.0014170731883496,"Protein"
"OID20215","Factor14",-0.00134404085110873,"Protein"
"OID20923","Factor14",0.00227074394933879,"Protein"
"OID20752","Factor14",-4.1229144699173e-05,"Protein"
"OID20990","Factor14",-0.000283784611383453,"Protein"
"OID21004","Factor14",-0.00163608207367361,"Protein"
"OID20103","Factor14",-0.000168386846780777,"Protein"
"OID20784","Factor14",0.000383469450753182,"Protein"
"OID20156","Factor14",-0.000212776809348725,"Protein"
"OID20221","Factor14",-0.00172415364068002,"Protein"
"OID21410","Factor14",0.00227559078484774,"Protein"
"OID21225","Factor14",0.000996814225800335,"Protein"
"OID21385","Factor14",-0.00339208007790148,"Protein"
"OID21155","Factor14",0.00234617432579398,"Protein"
"OID20610","Factor14",0.00251192669384181,"Protein"
"OID20935","Factor14",0.000817911233752966,"Protein"
"OID21327","Factor14",-0.00215480476617813,"Protein"
"OID20748","Factor14",-0.000436977948993444,"Protein"
"OID20708","Factor14",-0.0011830396251753,"Protein"
"OID20567","Factor14",-0.00152963225264102,"Protein"
"OID20647","Factor14",-0.000433435081504285,"Protein"
"OID20968","Factor14",-0.00109169352799654,"Protein"
"OID20383","Factor14",-0.000664965657051653,"Protein"
"OID21036","Factor14",-0.00226493738591671,"Protein"
"OID20978","Factor14",0.000133570647449233,"Protein"
"OID20327","Factor14",0.00321292760781944,"Protein"
"OID20958","Factor14",0.00309164496138692,"Protein"
"OID20252","Factor14",0.000130066313431598,"Protein"
"OID20642","Factor14",0.00105486216489226,"Protein"
"OID20205","Factor14",-0.000410325679695234,"Protein"
"OID21248","Factor14",-0.000197030589333735,"Protein"
"OID21150","Factor14",0.000340816448442638,"Protein"
"OID21111","Factor14",0.00305929500609636,"Protein"
"OID21121","Factor14",0.000449565326562151,"Protein"
"OID20295","Factor14",0.0035561032127589,"Protein"
"OID21281","Factor14",-0.00190029048826545,"Protein"
"OID20650","Factor14",0.000950539251789451,"Protein"
"OID20895","Factor14",0.00229120650328696,"Protein"
"OID20459","Factor14",-0.000212741244467907,"Protein"
"OID21457","Factor14",-0.00130047951824963,"Protein"
"OID20485","Factor14",0.00684147328138351,"Protein"
"OID20786","Factor14",-0.00384753779508173,"Protein"
"OID20859","Factor14",-0.00307926861569285,"Protein"
"OID20298","Factor14",0.000359895871952176,"Protein"
"OID21142","Factor14",0.00198964192532003,"Protein"
"OID20744","Factor14",-0.000802091730292886,"Protein"
"OID20400","Factor14",-0.00164514128118753,"Protein"
"OID20344","Factor14",0.00294930581003428,"Protein"
"OID20107","Factor14",0.00158982526045293,"Protein"
"OID20762","Factor14",-0.000929227971937507,"Protein"
"OID21128","Factor14",0.000749273749534041,"Protein"
"OID21313","Factor14",0.000954097951762378,"Protein"
"OID20985","Factor14",0.00121562264394015,"Protein"
"OID21021","Factor14",0.0018640214111656,"Protein"
"OID21513","Factor14",0.000702181539963931,"Protein"
"OID21486","Factor14",-0.000733622058760375,"Protein"
"OID20992","Factor14",-3.76405550923664e-05,"Protein"
"OID20508","Factor14",0.000656874559354037,"Protein"
"OID20276","Factor14",-0.000821721798274666,"Protein"
"OID20975","Factor14",0.000467220641439781,"Protein"
"OID21125","Factor14",-0.0005865668063052,"Protein"
"OID21448","Factor14",0.00166887114755809,"Protein"
"OID21477","Factor14",0.00683567672967911,"Protein"
"OID21372","Factor14",0.000500347174238414,"Protein"
"OID20759","Factor14",0.000206720884307288,"Protein"
"OID21066","Factor14",-0.0019513649167493,"Protein"
"OID20536","Factor14",-0.00245188479311764,"Protein"
"OID21198","Factor14",-0.000669688452035189,"Protein"
"OID21427","Factor14",0.000798694440163672,"Protein"
"OID21075","Factor14",-0.000197387038497254,"Protein"
"OID20886","Factor14",8.41064102132805e-05,"Protein"
"OID20674","Factor14",0.00113540410529822,"Protein"
"OID21034","Factor14",-0.000691165507305413,"Protein"
"OID20749","Factor14",-0.00131676625460386,"Protein"
"OID21328","Factor14",-0.00253429310396314,"Protein"
"OID20722","Factor14",-0.00257491413503885,"Protein"
"OID20617","Factor14",-0.00366442417725921,"Protein"
"OID21463","Factor14",-0.00191272690426558,"Protein"
"OID20226","Factor14",-0.0018349636811763,"Protein"
"OID20561","Factor14",-0.00122505554463714,"Protein"
"OID21141","Factor14",0.00155735888984054,"Protein"
"OID20474","Factor14",0.00187001272570342,"Protein"
"OID20999","Factor14",0.000631046481430531,"Protein"
"OID21304","Factor14",0.00088385195704177,"Protein"
"OID20552","Factor14",-0.000512257509399205,"Protein"
"OID20961","Factor14",0.00171858014073223,"Protein"
"OID20197","Factor14",0.00367875909432769,"Protein"
"OID21481","Factor14",0.000860295258462429,"Protein"
"OID21431","Factor14",-0.00157368113286793,"Protein"
"OID20408","Factor14",-0.00181284639984369,"Protein"
"OID20478","Factor14",-0.00176860217470676,"Protein"
"OID20782","Factor14",-0.00079311931040138,"Protein"
"OID20392","Factor14",0.00358418305404484,"Protein"
"OID20368","Factor14",-9.25793938222341e-05,"Protein"
"OID20425","Factor14",-0.00145915953908116,"Protein"
"OID20522","Factor14",0.000959088676609099,"Protein"
"OID21112","Factor14",0.000591195595916361,"Protein"
"OID21522","Factor14",0.000892257085070014,"Protein"
"OID20286","Factor14",-0.00214140908792615,"Protein"
"OID20293","Factor14",-0.00107416731771082,"Protein"
"OID20966","Factor14",0.00270650582388043,"Protein"
"OID20308","Factor14",-0.000297537393635139,"Protein"
"OID20743","Factor14",0.00132336595561355,"Protein"
"OID21259","Factor14",-0.000512406462803483,"Protein"
"OID20496","Factor14",0.000898460217285901,"Protein"
"OID20839","Factor14",-0.000507947988808155,"Protein"
"OID21040","Factor14",0.00016802285972517,"Protein"
"OID21244","Factor14",-0.000147537284647115,"Protein"
"OID20641","Factor14",0.00483294762670994,"Protein"
"OID20783","Factor14",-0.0017206963384524,"Protein"
"OID21445","Factor14",-0.00335158174857497,"Protein"
"OID20955","Factor14",0.00249667675234377,"Protein"
"OID21310","Factor14",-0.00112835108302534,"Protein"
"OID20996","Factor14",0.00104769563768059,"Protein"
"OID20543","Factor14",0.000640603771898896,"Protein"
"OID20669","Factor14",0.00253865891136229,"Protein"
"OID20587","Factor14",0.00220406451262534,"Protein"
"OID20379","Factor14",0.00158768089022487,"Protein"
"OID20217","Factor14",-6.23897794866934e-05,"Protein"
"OID20505","Factor14",0.00100930500775576,"Protein"
"OID20085","Factor14",-0.00191888096742332,"Protein"
"OID20973","Factor14",-0.00378735968843102,"Protein"
"OID20979","Factor14",-0.000774663174524903,"Protein"
"OID20666","Factor14",-0.0018672674195841,"Protein"
"OID20570","Factor14",-0.000578717328608036,"Protein"
"OID21041","Factor14",-0.00364865898154676,"Protein"
"OID21501","Factor14",0.00166449381504208,"Protein"
"OID20963","Factor14",0.000993824563920498,"Protein"
"OID21342","Factor14",0.0017968910979107,"Protein"
"OID20144","Factor14",0.000711919798050076,"Protein"
"OID20887","Factor14",-0.00357456970959902,"Protein"
"OID21454","Factor14",0.000381762278266251,"Protein"
"OID20854","Factor14",-0.00289614615030587,"Protein"
"OID21087","Factor14",0.000222987568122335,"Protein"
"OID20294","Factor14",-0.00187096931040287,"Protein"
"OID20398","Factor14",-0.0019039053004235,"Protein"
"OID21444","Factor14",-0.00186608592048287,"Protein"
"OID20630","Factor14",0.000461270683445036,"Protein"
"OID20247","Factor14",0.00197265786118805,"Protein"
"OID20378","Factor14",-0.00247932341881096,"Protein"
"OID21295","Factor14",0.00157041638158262,"Protein"
"OID21193","Factor14",-0.00142191583290696,"Protein"
"OID20912","Factor14",-0.00153427326586097,"Protein"
"OID21026","Factor14",-0.000635856995359063,"Protein"
"OID20620","Factor14",0.00385671248659492,"Protein"
"OID21179","Factor14",0.00344757852144539,"Protein"
"OID20510","Factor14",-0.00302927801385522,"Protein"
"OID20653","Factor14",0.00105036178138107,"Protein"
"OID20980","Factor14",0.000442679738625884,"Protein"
"OID20655","Factor14",-0.00146055675577372,"Protein"
"OID20623","Factor14",-0.00278721237555146,"Protein"
"OID20572","Factor14",-0.000131769076688215,"Protein"
"OID20413","Factor14",-0.00153826654423028,"Protein"
"OID20686","Factor14",-0.00104840984568,"Protein"
"OID21133","Factor14",5.71432537981309e-05,"Protein"
"OID20695","Factor14",0.000579307088628411,"Protein"
"OID21246","Factor14",-0.000918680045288056,"Protein"
"OID21215","Factor14",-0.000378729397198185,"Protein"
"OID21129","Factor14",0.00420290790498257,"Protein"
"OID21324","Factor14",-0.00107282574754208,"Protein"
"OID20234","Factor14",-5.55553160666022e-05,"Protein"
"OID20324","Factor14",0.00222494592890143,"Protein"
"OID21086","Factor14",0.00269541796296835,"Protein"
"OID21015","Factor14",-0.00146883982233703,"Protein"
"OID20870","Factor14",-0.000894545577466488,"Protein"
"OID20355","Factor14",-0.00160073942970484,"Protein"
"OID21068","Factor14",0.000332609954057261,"Protein"
"OID20691","Factor14",-0.00103316933382303,"Protein"
"OID21050","Factor14",-0.00604127859696746,"Protein"
"OID20622","Factor14",-0.000903647043742239,"Protein"
"OID20962","Factor14",0.00246027414686978,"Protein"
"OID20604","Factor14",-0.00169461301993579,"Protein"
"OID20404","Factor14",-0.000515748222824186,"Protein"
"OID20223","Factor14",5.05504385728273e-06,"Protein"
"OID20534","Factor14",0.000556233047973365,"Protein"
"OID20106","Factor14",-0.00141150772105902,"Protein"
"OID20222","Factor14",-0.00250157574191689,"Protein"
"OID20259","Factor14",-0.00231082178652287,"Protein"
"OID20766","Factor14",-0.00147377885878086,"Protein"
"OID20216","Factor14",8.6792882939335e-05,"Protein"
"OID20339","Factor14",-0.00206293957307935,"Protein"
"OID20232","Factor14",-0.00209133955650032,"Protein"
"OID20739","Factor14",0.00165176729205996,"Protein"
"OID20328","Factor14",-0.00179340585600585,"Protein"
"OID20768","Factor14",-0.00413529993966222,"Protein"
"OID20195","Factor14",-0.000709112558979541,"Protein"
"OID20445","Factor14",0.00099026202224195,"Protein"
"OID20108","Factor14",0.000167062054970302,"Protein"
"OID20500","Factor14",-0.00166196178179234,"Protein"
"OID21145","Factor14",0.00587636511772871,"Protein"
"OID21216","Factor14",0.000796126085333526,"Protein"
"OID20731","Factor14",0.00106832094024867,"Protein"
"OID20658","Factor14",-0.00206559943035245,"Protein"
"OID20967","Factor14",0.00233660824596882,"Protein"
"OID21235","Factor14",0.00128983345348388,"Protein"
"OID21103","Factor14",0.000591903692111373,"Protein"
"OID21005","Factor14",0.000300940679153427,"Protein"
"OID21397","Factor14",-0.00072391249705106,"Protein"
"OID20151","Factor14",-0.000692330533638597,"Protein"
"OID21490","Factor14",0.000286481837974861,"Protein"
"OID20832","Factor14",-0.000831670768093318,"Protein"
"OID21493","Factor14",-0.0033286155667156,"Protein"
"OID21037","Factor14",-0.000323091429891065,"Protein"
"OID21229","Factor14",-0.00126279343385249,"Protein"
"OID20926","Factor14",0.00407268758863211,"Protein"
"OID21247","Factor14",0.000531686062458903,"Protein"
"OID21083","Factor14",0.00133555568754673,"Protein"
"OID20753","Factor14",-0.00170083297416568,"Protein"
"OID20338","Factor14",0.00323417503386736,"Protein"
"OID21192","Factor14",-0.00111889594700187,"Protein"
"OID21160","Factor14",0.00220423913560808,"Protein"
"OID21218","Factor14",0.000256592553341761,"Protein"
"OID20375","Factor14",4.4909022108186e-05,"Protein"
"OID20079","Factor14",0.00176916387863457,"Protein"
"OID21053","Factor14",-0.000669848523102701,"Protein"
"OID20919","Factor14",-0.000542171997949481,"Protein"
"OID20171","Factor14",0.000203970674192533,"Protein"
"OID20693","Factor14",0.0004992681206204,"Protein"
"OID20600","Factor14",-0.000642542145214975,"Protein"
"OID20484","Factor14",0.00377545016817749,"Protein"
"OID21058","Factor14",-0.00347766256891191,"Protein"
"OID20638","Factor14",-1.3257472346595e-05,"Protein"
"OID21132","Factor14",-0.00144848308991641,"Protein"
"OID20823","Factor14",-4.6347726311069e-05,"Protein"
"OID20917","Factor14",0.00154724658932537,"Protein"
"OID20780","Factor14",-0.00242289574816823,"Protein"
"OID21384","Factor14",0.00191642518620938,"Protein"
"OID21441","Factor14",0.000580550171434879,"Protein"
"OID20751","Factor14",1.63909262482775e-05,"Protein"
"OID21064","Factor14",-0.00257050059735775,"Protein"
"OID21110","Factor14",-0.00163697137031704,"Protein"
"OID20827","Factor14",0.000609461276326329,"Protein"
"OID21185","Factor14",-0.000228774733841419,"Protein"
"OID20091","Factor14",0.000790640828199685,"Protein"
"OID20867","Factor14",-0.000533574842847884,"Protein"
"OID20677","Factor14",0.000673861475661397,"Protein"
"OID20934","Factor14",-0.000267604336841032,"Protein"
"OID21271","Factor14",-0.000891711970325559,"Protein"
"OID20126","Factor14",-0.00168105703778565,"Protein"
"OID21414","Factor14",-0.000503843941260129,"Protein"
"OID20333","Factor14",-0.000300546002108604,"Protein"
"OID20386","Factor14",-0.000581763160880655,"Protein"
"OID20418","Factor14",7.72559142205864e-05,"Protein"
"OID20872","Factor14",0.000211553298868239,"Protein"
"OID20261","Factor14",0.00053148769075051,"Protein"
"OID21227","Factor14",-0.000474664004286751,"Protein"
"OID21010","Factor14",0.000986463390290737,"Protein"
"OID20165","Factor14",0.00278222886845469,"Protein"
"OID20660","Factor14",-0.000911806826479733,"Protein"
"OID20512","Factor14",0.00046491454122588,"Protein"
"OID20467","Factor14",0.000385844818083569,"Protein"
"OID20455","Factor14",-0.000170024621183984,"Protein"
"OID20735","Factor14",-0.000787096912972629,"Protein"
"OID21001","Factor14",-0.00344464369118214,"Protein"
"OID21137","Factor14",0.0031360168941319,"Protein"
"OID20727","Factor14",0.000997307128272951,"Protein"
"OID21432","Factor14",0.00149003393016756,"Protein"
"OID20278","Factor14",0.00100807077251375,"Protein"
"OID20167","Factor14",-0.00120986625552177,"Protein"
"OID20188","Factor14",-0.00267448229715228,"Protein"
"OID21480","Factor14",0.00130275823175907,"Protein"
"OID20340","Factor14",-0.000484899705043063,"Protein"
"OID20922","Factor14",0.000803928822278976,"Protein"
"OID21219","Factor14",0.00130046822596341,"Protein"
"OID20228","Factor14",-0.0022184238769114,"Protein"
"OID20771","Factor14",-0.00264186249114573,"Protein"
"OID20664","Factor14",-0.00102562049869448,"Protein"
"OID20930","Factor14",0.00219107186421752,"Protein"
"OID20237","Factor14",-0.000311706535285339,"Protein"
"OID20770","Factor14",-0.000456001231214032,"Protein"
"OID21275","Factor14",-0.0024919721763581,"Protein"
"OID20240","Factor14",0.00126905343495309,"Protein"
"OID21317","Factor14",0.000737699097953737,"Protein"
"OID20721","Factor14",0.00100573024246842,"Protein"
"OID21008","Factor14",-0.00203404016792774,"Protein"
"OID21201","Factor14",-0.00136522692628205,"Protein"
"OID21220","Factor14",0.000982067198492587,"Protein"
"OID20730","Factor14",0.000781923765316606,"Protein"
"OID21114","Factor14",-0.00335572450421751,"Protein"
"OID20709","Factor14",-0.000604234461206943,"Protein"
"OID20272","Factor14",-0.00462538376450539,"Protein"
"OID20429","Factor14",-0.00105513213202357,"Protein"
"OID21283","Factor14",0.00426300754770637,"Protein"
"OID21355","Factor14",-0.00109354476444423,"Protein"
"OID21519","Factor14",0.00220631342381239,"Protein"
"OID20096","Factor14",0.000352770875906572,"Protein"
"OID20940","Factor14",0.00190797832328826,"Protein"
"OID20764","Factor14",0.00450640637427568,"Protein"
"OID20812","Factor14",-0.000788643083069474,"Protein"
"OID20673","Factor14",-0.000867711205501109,"Protein"
"OID21175","Factor14",0.00247583305463195,"Protein"
"OID21291","Factor14",0.00133361062034965,"Protein"
"OID20183","Factor14",-0.000598361773882061,"Protein"
"OID20113","Factor14",-0.000239567787502892,"Protein"
"OID21288","Factor14",-5.31726800545584e-05,"Protein"
"OID21470","Factor14",0.00424793036654592,"Protein"
"OID20893","Factor14",-0.000432077300501987,"Protein"
"OID20191","Factor14",2.5241697585443e-05,"Protein"
"OID20494","Factor14",-0.000426385056925938,"Protein"
"OID20053","Factor14",-0.000925612461287528,"Protein"
"OID21002","Factor14",0.00143119145650417,"Protein"
"OID20129","Factor14",-0.000601935666054487,"Protein"
"OID20087","Factor14",0.000786894001066685,"Protein"
"OID20953","Factor14",-0.00102548871655017,"Protein"
"OID20667","Factor14",0.00116970099043101,"Protein"
"OID20913","Factor14",0.000875900615938008,"Protein"
"OID21465","Factor14",-0.00106604734901339,"Protein"
"OID20605","Factor14",-0.00149599183350801,"Protein"
"OID20725","Factor14",-0.00178549310658127,"Protein"
"OID20405","Factor14",0.000795474683400244,"Protein"
"OID20061","Factor14",0.000869513081852347,"Protein"
"OID21018","Factor14",-0.00152572547085583,"Protein"
"OID20297","Factor14",-0.00087607983732596,"Protein"
"OID21206","Factor14",-0.00368732702918351,"Protein"
"OID20239","Factor14",0.00060773262521252,"Protein"
"OID21398","Factor14",-0.00191310758236796,"Protein"
"OID21321","Factor14",0.00176314369309694,"Protein"
"OID20456","Factor14",0.00107183435466141,"Protein"
"OID20976","Factor14",-0.00021443996229209,"Protein"
"OID21209","Factor14",-0.000528315489646047,"Protein"
"OID20824","Factor14",0.000213152350625023,"Protein"
"OID20275","Factor14",-0.00068317970726639,"Protein"
"OID21494","Factor14",-0.0010698331752792,"Protein"
"OID21299","Factor14",-0.00147754361387342,"Protein"
"OID20590","Factor14",0.000300669547868893,"Protein"
"OID20384","Factor14",0.00130537641234696,"Protein"
"OID21049","Factor14",0.00124796049203724,"Protein"
"OID20174","Factor14",0.000144216013723053,"Protein"
"OID21067","Factor14",-0.00100487365853041,"Protein"
"OID20489","Factor14",-0.00168724800460041,"Protein"
"OID21243","Factor14",-2.20120691665215e-05,"Protein"
"OID21077","Factor14",0.00160934787709266,"Protein"
"OID21270","Factor14",0.00111629429738969,"Protein"
"OID21337","Factor14",-0.000770001555792987,"Protein"
"OID20196","Factor14",-8.48003182909451e-05,"Protein"
"OID20121","Factor14",0.000507795310113579,"Protein"
"OID21262","Factor14",0.00138533674180508,"Protein"
"OID20537","Factor14",0.00261435285210609,"Protein"
"OID20296","Factor14",7.91375641711056e-05,"Protein"
"OID21509","Factor14",0.000288233684841543,"Protein"
"OID20921","Factor14",0.000113518108264543,"Protein"
"OID21406","Factor14",0.00119140511378646,"Protein"
"OID21084","Factor14",9.64583668974228e-05,"Protein"
"OID20951","Factor14",-0.000886412512045354,"Protein"
"OID20491","Factor14",-0.000197793167899363,"Protein"
"OID20777","Factor14",-0.00124330166727304,"Protein"
"OID21472","Factor14",0.00171442760620266,"Protein"
"OID20304","Factor14",-0.00112322287168354,"Protein"
"OID21011","Factor14",-0.000623146537691355,"Protein"
"OID20488","Factor14",-0.000183240641490556,"Protein"
"OID20155","Factor14",-0.000116980088932905,"Protein"
"OID21171","Factor14",-0.00162342493422329,"Protein"
"OID20176","Factor14",-0.00514753302559257,"Protein"
"OID20540","Factor14",-0.00140974705573171,"Protein"
"OID21059","Factor14",-5.46508963452652e-05,"Protein"
"OID21401","Factor14",-0.00128089170902967,"Protein"
"OID20972","Factor14",0.000740272691473365,"Protein"
"OID21162","Factor14",0.000521346868481487,"Protein"
"OID21063","Factor14",0.00170886318664998,"Protein"
"OID21435","Factor14",0.00109207315836102,"Protein"
"OID21316","Factor14",0.00235961982980371,"Protein"
"OID21336","Factor14",-0.00202992861159146,"Protein"
"OID21471","Factor14",-0.000690092623699456,"Protein"
"OID20427","Factor14",-0.00215016421861947,"Protein"
"OID20750","Factor14",-0.00238766055554152,"Protein"
"OID20763","Factor14",0.000590396928600967,"Protein"
"OID21331","Factor14",-0.00053866533562541,"Protein"
"OID20424","Factor14",0.00125661317724735,"Protein"
"OID21046","Factor14",0.000581508735194802,"Protein"
"OID21352","Factor14",-0.000428240251494572,"Protein"
"OID20792","Factor14",0.000354600080754608,"Protein"
"OID21027","Factor14",-0.00196879147551954,"Protein"
"OID20822","Factor14",-0.000456447480246425,"Protein"
"OID20680","Factor14",-2.44674993155058e-05,"Protein"
"OID20329","Factor14",0.0021673534065485,"Protein"
"OID21170","Factor14",0.000609560695011169,"Protein"
"OID20585","Factor14",-0.000180394054041244,"Protein"
"OID20114","Factor14",0.0024866268504411,"Protein"
"OID20557","Factor14",-0.00184886972419918,"Protein"
"OID20864","Factor14",-0.000684026163071394,"Protein"
"OID20077","Factor14",0.0016594264889136,"Protein"
"OID21315","Factor14",-0.00113613228313625,"Protein"
"OID20382","Factor14",0.00031130199204199,"Protein"
"OID20633","Factor14",0.000947114080190659,"Protein"
"OID21238","Factor14",-0.000585163361392915,"Protein"
"OID20932","Factor14",0.00215960154309869,"Protein"
"OID20694","Factor14",-0.00151833600830287,"Protein"
"OID20264","Factor14",0.000649887719191611,"Protein"
"OID21524","Factor14",-0.00128648593090475,"Protein"
"OID21447","Factor14",-0.00117861130274832,"Protein"
"OID21138","Factor14",-0.000614018936175853,"Protein"
"OID21172","Factor14",-0.000119456191896461,"Protein"
"OID21389","Factor14",0.000658642791677266,"Protein"
"OID21115","Factor14",0.00147506082430482,"Protein"
"OID20211","Factor14",-0.000993293011561036,"Protein"
"OID20279","Factor14",0.00114211637992412,"Protein"
"OID20569","Factor14",-9.08689326024614e-05,"Protein"
"OID20142","Factor14",0.000340328406309709,"Protein"
"OID20613","Factor14",-0.00119058531709015,"Protein"
"OID20710","Factor14",-0.00118122948333621,"Protein"
"OID20807","Factor14",-0.00137846893630922,"Protein"
"OID20713","Factor14",0.00139647570904344,"Protein"
"OID20148","Factor14",0.00157863763161004,"Protein"
"OID20632","Factor14",0.000267907162196934,"Protein"
"OID21438","Factor14",0.00106731499545276,"Protein"
"OID21440","Factor14",-0.000104562808701303,"Protein"
"OID20549","Factor14",0.000137815441121347,"Protein"
"OID20115","Factor14",0.000970444350969046,"Protein"
"OID21241","Factor14",0.000657540978863835,"Protein"
"OID21529","Factor14",-0.000213782957871445,"Protein"
"OID21374","Factor14",0.000999810406938195,"Protein"
"OID20154","Factor14",-0.000120627308206167,"Protein"
"OID20480","Factor14",0.000422100885771215,"Protein"
"OID20767","Factor14",-0.00212776055559516,"Protein"
"OID21135","Factor14",-0.00170407886616886,"Protein"
"OID20320","Factor14",0.000963227823376656,"Protein"
"OID20242","Factor14",-0.00140325003303587,"Protein"
"OID20602","Factor14",0.000248130527324975,"Protein"
"OID20282","Factor14",0.00280076242052019,"Protein"
"OID21189","Factor14",-0.000930864072870463,"Protein"
"OID20652","Factor14",0.000966663879808038,"Protein"
"OID20454","Factor14",0.00165274227038026,"Protein"
"OID20302","Factor14",-0.00164873362518847,"Protein"
"OID20676","Factor14",-0.00188681622967124,"Protein"
"OID21079","Factor14",0.00118933687917888,"Protein"
"OID20828","Factor14",0.00044522387906909,"Protein"
"OID21423","Factor14",0.000641203892882913,"Protein"
"OID20535","Factor14",-0.000386447267374024,"Protein"
"OID21344","Factor14",0.000798441935330629,"Protein"
"OID20451","Factor14",0.000344405474606901,"Protein"
"OID21278","Factor14",0.00127133307978511,"Protein"
"OID20070","Factor14",-0.000711558968760073,"Protein"
"OID20529","Factor14",-0.000468632759293541,"Protein"
"OID20314","Factor14",0.000284828769508749,"Protein"
"OID21346","Factor14",0.000180525894393213,"Protein"
"OID20476","Factor14",0.000694623508024961,"Protein"
"OID20765","Factor14",-0.000646873551886529,"Protein"
"OID20915","Factor14",0.000523935828823596,"Protein"
"OID20538","Factor14",-0.00166097667533904,"Protein"
"OID21360","Factor14",0.00265226559713483,"Protein"
"OID20562","Factor14",-0.000996412592940032,"Protein"
"OID21405","Factor14",-0.000160616342327558,"Protein"
"OID20774","Factor14",0.00274934875778854,"Protein"
"OID20661","Factor14",0.000293155637336895,"Protein"
"OID20639","Factor14",0.0018035500543192,"Protein"
"OID20267","Factor14",-0.00220598792657256,"Protein"
"OID20936","Factor14",0.000321220053592697,"Protein"
"OID21433","Factor14",0.00261368043720722,"Protein"
"OID20804","Factor14",-0.000268133822828531,"Protein"
"OID21152","Factor14",-0.000507024291437119,"Protein"
"OID20084","Factor14",-0.000653298338875175,"Protein"
"OID20881","Factor14",-0.000566203088965267,"Protein"
"OID20612","Factor14",0.00213852664455771,"Protein"
"OID21460","Factor14",5.07322511111852e-05,"Protein"
"OID20316","Factor14",0.000715460686478764,"Protein"
"OID20373","Factor14",-0.00123691465705633,"Protein"
"OID21174","Factor14",-0.00117845949716866,"Protein"
"OID20140","Factor14",-0.000354918738594279,"Protein"
"OID20781","Factor14",0.00393886398524046,"Protein"
"OID20811","Factor14",0.000216975997318514,"Protein"
"OID20497","Factor14",-0.000493288913276047,"Protein"
"OID21407","Factor14",-0.000362775434041396,"Protein"
"OID20547","Factor14",-0.00180179567541927,"Protein"
"OID20857","Factor14",-0.00106084288563579,"Protein"
"OID20401","Factor14",-0.00106169213540852,"Protein"
"OID21517","Factor14",3.1969237170415e-05,"Protein"
"OID20530","Factor14",0.000550468917936087,"Protein"
"OID21236","Factor14",-0.000937910110224038,"Protein"
"OID21412","Factor14",0.00242570741102099,"Protein"
"OID20391","Factor14",0.000865414913278073,"Protein"
"OID20458","Factor14",-0.00022924282529857,"Protein"
"OID21404","Factor14",-0.000220846923184581,"Protein"
"OID21394","Factor14",-0.00074536690954119,"Protein"
"OID21514","Factor14",-0.00174985663034022,"Protein"
"OID20662","Factor14",-0.00060883309924975,"Protein"
"OID21286","Factor14",-0.00219442322850227,"Protein"
"OID20884","Factor14",-0.000560693151783198,"Protein"
"OID21456","Factor14",0.0015361572150141,"Protein"
"OID21196","Factor14",0.00164995307568461,"Protein"
"OID20599","Factor14",-8.55562120705144e-06,"Protein"
"OID21134","Factor14",-0.000242826630710624,"Protein"
"OID20690","Factor14",0.00127285870257765,"Protein"
"OID20720","Factor14",-0.00253080227412283,"Protein"
"OID20581","Factor14",0.000297970254905522,"Protein"
"OID20848","Factor14",0.00205107755027711,"Protein"
"OID21339","Factor14",-0.000278772640740499,"Protein"
"OID20394","Factor14",0.000630463589914143,"Protein"
"OID20888","Factor14",0.000155351866851561,"Protein"
"OID20290","Factor14",0.00174632121343166,"Protein"
"OID20362","Factor14",0.00107529736123979,"Protein"
"OID21055","Factor14",0.000220865826122463,"Protein"
"OID20071","Factor14",-0.00151820294559002,"Protein"
"OID20941","Factor14",0.00032388634281233,"Protein"
"OID21468","Factor14",-0.00256978487595916,"Protein"
"OID20878","Factor14",-0.000534542370587587,"Protein"
"OID20834","Factor14",0.00142029649578035,"Protein"
"OID20414","Factor14",-0.000260875793173909,"Protein"
"OID21359","Factor14",-0.00106390414293855,"Protein"
"OID20702","Factor14",0.000600776285864413,"Protein"
"OID21161","Factor14",-0.000212032609852031,"Protein"
"OID20168","Factor14",-0.000286234979284927,"Protein"
"OID21301","Factor14",0.0012334615457803,"Protein"
"OID20556","Factor14",-0.0012944886693731,"Protein"
"OID21231","Factor14",-0.00226096017286181,"Protein"
"OID20525","Factor14",-0.00129042565822601,"Protein"
"OID20806","Factor14",-0.00011366416583769,"Protein"
"OID20502","Factor14",0.000546633033081889,"Protein"
"OID20332","Factor14",0.00292266113683581,"Protein"
"OID20668","Factor14",-0.000761995033826679,"Protein"
"OID20208","Factor14",-0.000409562460845336,"Protein"
"OID20265","Factor14",0.00230160355567932,"Protein"
"OID21400","Factor14",0.000492820690851659,"Protein"
"OID21518","Factor14",0.000999253476038575,"Protein"
"OID20348","Factor14",0.000244738388573751,"Protein"
"OID20447","Factor14",0.00327697116881609,"Protein"
"OID20566","Factor14",0.00224198354408145,"Protein"
"OID21318","Factor14",0.000753123254980892,"Protein"
"OID20352","Factor14",0.000222079746890813,"Protein"
"OID20442","Factor14",0.000107557141745929,"Protein"
"OID21458","Factor14",0.00105295423418283,"Protein"
"OID20473","Factor14",0.00235065561719239,"Protein"
"OID21147","Factor14",-0.0013096941402182,"Protein"
"OID20855","Factor14",-0.000453562010079622,"Protein"
"OID21122","Factor14",-0.00262826634570956,"Protein"
"OID21023","Factor14",-0.00089470949023962,"Protein"
"OID20493","Factor14",0.00108642945997417,"Protein"
"OID20852","Factor14",-0.00248247291892767,"Protein"
"OID21429","Factor14",0.000630661495961249,"Protein"
"OID21102","Factor14",-0.0024850161280483,"Protein"
"OID20629","Factor14",-0.00064003118313849,"Protein"
"OID21070","Factor14",-0.0010347937932238,"Protein"
"OID20281","Factor14",-0.000924528576433659,"Protein"
"OID20651","Factor14",-7.20565076335333e-05,"Protein"
"OID21228","Factor14",0.000470411439891905,"Protein"
"OID20393","Factor14",0.000295111007289961,"Protein"
"OID20624","Factor14",-0.000374434952391312,"Protein"
"OID21090","Factor14",3.58334582415409e-05,"Protein"
"OID21096","Factor14",0.00019988845451735,"Protein"
"OID21194","Factor14",-0.000172386397025548,"Protein"
"OID20410","Factor14",-0.000315745768602937,"Protein"
"OID21525","Factor14",0.00363671593368053,"Protein"
"OID20229","Factor14",0.000594730547163635,"Protein"
"OID20185","Factor14",-0.00113252596929669,"Protein"
"OID20131","Factor14",0.00240978086367249,"Protein"
"OID20719","Factor14",-0.00378367863595486,"Protein"
"OID20974","Factor14",-0.00243933871388435,"Protein"
"OID20170","Factor14",-0.00118705560453236,"Protein"
"OID20231","Factor14",0.0038952911272645,"Protein"
"OID20897","Factor14",0.000490691803861409,"Protein"
"OID21526","Factor14",-0.00121735292486846,"Protein"
"OID20416","Factor14",-0.00176403624936938,"Protein"
"OID20654","Factor14",0.000663906394038349,"Protein"
"OID20236","Factor14",-0.00204831664450467,"Protein"
"OID21165","Factor14",0.0018766897264868,"Protein"
"OID21424","Factor14",0.000558689644094557,"Protein"
"OID21308","Factor14",-5.17818407388404e-05,"Protein"
"OID20388","Factor14",0.00117674295324832,"Protein"
"OID20994","Factor14",0.000370066409232095,"Protein"
"OID20747","Factor14",-0.00110609782859683,"Protein"
"OID20346","Factor14",0.00277683301828802,"Protein"
"OID21362","Factor14",0.00273197214119136,"Protein"
"OID21345","Factor14",-0.00200505554676056,"Protein"
"OID20621","Factor14",0.000127594830701128,"Protein"
"OID20076","Factor14",0.000830796605441719,"Protein"
"OID21303","Factor14",-4.89690755784977e-05,"Protein"
"OID20835","Factor14",0.00242684665136039,"Protein"
"OID20948","Factor14",0.00222384836524725,"Protein"
"OID20565","Factor14",-8.44319074531086e-05,"Protein"
"OID20397","Factor14",-8.38007617858239e-05,"Protein"
"OID20235","Factor14",-0.00153084460180253,"Protein"
"OID20255","Factor14",0.00200265715830028,"Protein"
"OID20367","Factor14",0.000145953745231964,"Protein"
"OID20982","Factor14",0.000636137556284666,"Protein"
"OID20611","Factor14",0.00124143133871257,"Protein"
"OID20706","Factor14",0.000337087432853878,"Protein"
"OID20773","Factor14",-0.000548598414752632,"Protein"
"OID20270","Factor14",-0.00168097857385874,"Protein"
"OID20199","Factor14",-9.5638504717499e-05,"Protein"
"OID20377","Factor14",-0.000305004097754136,"Protein"
"OID20555","Factor14",-0.00174479722045362,"Protein"
"OID21240","Factor14",0.00459960661828518,"Protein"
"OID21130","Factor14",-0.00168651691637933,"Protein"
"OID21028","Factor14",-0.00289786187931895,"Protein"
"OID20531","Factor14",-0.00330130546353757,"Protein"
"OID20130","Factor14",-0.0022686175070703,"Protein"
"OID20133","Factor14",0.000176626126631163,"Protein"
"OID20481","Factor14",0.000421647797338665,"Protein"
"OID20238","Factor14",-0.000545442278962582,"Protein"
"OID20358","Factor14",-0.000195236803847365,"Protein"
"OID21322","Factor14",-0.000164051947649568,"Protein"
"OID20194","Factor14",0.0035440856590867,"Protein"
"OID20353","Factor14",0.00158345547970384,"Protein"
"OID20145","Factor14",0.000690395361743867,"Protein"
"OID20132","Factor14",0.00121709483209997,"Protein"
"OID21353","Factor14",-2.2453300516645e-06,"Protein"
"OID21230","Factor14",-0.00205820542760193,"Protein"
"OID20513","Factor14",-0.00209215027280152,"Protein"
"OID20082","Factor14",0.00115059199742973,"Protein"
"OID21136","Factor14",-0.00026017872733064,"Protein"
"OID20380","Factor14",-0.00242624548263848,"Protein"
"OID20914","Factor14",-0.000427332357503474,"Protein"
"OID20204","Factor14",2.85281967080664e-05,"Protein"
"OID20637","Factor14",0.00103473325725645,"Protein"
"OID20464","Factor14",-0.00257067056372762,"Protein"
"OID20957","Factor14",0.000173611057107337,"Protein"
"OID21052","Factor14",0.00221264269202948,"Protein"
"OID20213","Factor14",0.00062595383496955,"Protein"
"OID21366","Factor14",0.000578439619857818,"Protein"
"OID20733","Factor14",-0.00158051040489227,"Protein"
"OID21252","Factor14",3.81363533961121e-05,"Protein"
"OID20755","Factor14",0.00241652270779014,"Protein"
"OID20360","Factor14",0.00171120115555823,"Protein"
"OID20172","Factor14",0.00173981697298586,"Protein"
"OID21474","Factor14",-0.000294461438897997,"Protein"
"OID20337","Factor14",-0.000511902675498277,"Protein"
"OID20487","Factor14",-0.000637183082289994,"Protein"
"OID20374","Factor14",0.000846464827191085,"Protein"
"OID20754","Factor14",6.5723703301046e-05,"Protein"
"OID20575","Factor14",-0.000647797074634582,"Protein"
"OID20909","Factor14",-0.000107647909317166,"Protein"
"OID20626","Factor14",-0.00027835532091558,"Protein"
"OID20396","Factor14",-0.000125829596072435,"Protein"
"OID20462","Factor14",0.00069596222601831,"Protein"
"OID20775","Factor15",0.0211080797016621,"Protein"
"OID20984","Factor15",0.00493100471794605,"Protein"
"OID20083","Factor15",0.00317208631895483,"Protein"
"OID21402","Factor15",-0.119313083589077,"Protein"
"OID20911","Factor15",0.0528277829289436,"Protein"
"OID20850","Factor15",-0.0025636968202889,"Protein"
"OID20101","Factor15",0.0543409064412117,"Protein"
"OID21140","Factor15",0.00111006770748645,"Protein"
"OID20563","Factor15",0.0551398545503616,"Protein"
"OID20125","Factor15",-0.0141096962615848,"Protein"
"OID21485","Factor15",-0.0118264360353351,"Protein"
"OID21276","Factor15",0.0522261112928391,"Protein"
"OID20594","Factor15",-0.00132469343952835,"Protein"
"OID20779","Factor15",0.010323260910809,"Protein"
"OID20983","Factor15",0.0506893694400787,"Protein"
"OID20643","Factor15",-0.000248386146267876,"Protein"
"OID20049","Factor15",-0.0317387767136097,"Protein"
"OID20312","Factor15",0.0075780157931149,"Protein"
"OID20246","Factor15",-0.0476823523640633,"Protein"
"OID20495","Factor15",0.0010370941599831,"Protein"
"OID21031","Factor15",0.00670629879459739,"Protein"
"OID20778","Factor15",0.0230674017220736,"Protein"
"OID20127","Factor15",0.00461515132337809,"Protein"
"OID20274","Factor15",-0.0558488555252552,"Protein"
"OID21373","Factor15",-0.0113030280917883,"Protein"
"OID20559","Factor15",0.0147994831204414,"Protein"
"OID20218","Factor15",0.000400656688725576,"Protein"
"OID20263","Factor15",0.0630052760243416,"Protein"
"OID21489","Factor15",0.0335039384663105,"Protein"
"OID20219","Factor15",-0.0388199537992477,"Protein"
"OID20192","Factor15",0.0031464472413063,"Protein"
"OID20896","Factor15",-0.0130487009882927,"Protein"
"OID20399","Factor15",-0.0276502370834351,"Protein"
"OID21297","Factor15",0.014392071403563,"Protein"
"OID21348","Factor15",-0.000107598199974746,"Protein"
"OID20593","Factor15",-0.0406976416707039,"Protein"
"OID21395","Factor15",0.00309419445693493,"Protein"
"OID21507","Factor15",-0.00874561071395874,"Protein"
"OID20729","Factor15",-0.0083992313593626,"Protein"
"OID20220","Factor15",-0.0490763932466507,"Protein"
"OID21411","Factor15",-0.052155327051878,"Protein"
"OID21387","Factor15",-0.0259122848510742,"Protein"
"OID20266","Factor15",-0.00506287580356002,"Protein"
"OID21461","Factor15",0.0137752424925566,"Protein"
"OID21475","Factor15",-0.0098210321739316,"Protein"
"OID20671","Factor15",-0.0348170101642609,"Protein"
"OID20950","Factor15",-0.0054086553864181,"Protein"
"OID20206","Factor15",0.00843714363873005,"Protein"
"OID21250","Factor15",0.00818468444049358,"Protein"
"OID20579","Factor15",-2.36817504628561e-06,"Protein"
"OID20761","Factor15",0.00122851005289704,"Protein"
"OID20711","Factor15",-0.00707634957507253,"Protein"
"OID20707","Factor15",-0.00316517963074148,"Protein"
"OID20760","Factor15",0.00958459638059139,"Protein"
"OID20672","Factor15",-0.0306594949215651,"Protein"
"OID21277","Factor15",-0.00576698733493686,"Protein"
"OID20169","Factor15",0.0356866382062435,"Protein"
"OID20524","Factor15",-0.0194632392376661,"Protein"
"OID20523","Factor15",0.0207653008401394,"Protein"
"OID20544","Factor15",-0.00136617000680417,"Protein"
"OID21047","Factor15",-0.0544677190482616,"Protein"
"OID20258","Factor15",-0.02474420145154,"Protein"
"OID20112","Factor15",-0.0159790404140949,"Protein"
"OID20993","Factor15",-0.0168769564479589,"Protein"
"OID20656","Factor15",0.0440472587943077,"Protein"
"OID20863","Factor15",0.0586028955876827,"Protein"
"OID20640","Factor15",0.0244732685387135,"Protein"
"OID20596","Factor15",-0.0179358758032322,"Protein"
"OID20625","Factor15",-0.00015837156388443,"Protein"
"OID21097","Factor15",-0.0470933094620705,"Protein"
"OID20166","Factor15",-0.0135468766093254,"Protein"
"OID21306","Factor15",-0.0212250296026468,"Protein"
"OID21176","Factor15",2.03339259314816e-05,"Protein"
"OID21118","Factor15",-0.00817878544330597,"Protein"
"OID21332","Factor15",0.0108200283721089,"Protein"
"OID20551","Factor15",0.012129757553339,"Protein"
"OID20856","Factor15",0.0218466781079769,"Protein"
"OID20918","Factor15",0.00181090307887644,"Protein"
"OID21420","Factor15",0.048095628619194,"Protein"
"OID20875","Factor15",0.00951042864471674,"Protein"
"OID21378","Factor15",0.00310849933885038,"Protein"
"OID21506","Factor15",0.00575882475823164,"Protein"
"OID21459","Factor15",0.0341781117022038,"Protein"
"OID20075","Factor15",0.012242809869349,"Protein"
"OID21505","Factor15",0.0266793388873339,"Protein"
"OID20698","Factor15",0.0324481688439846,"Protein"
"OID20271","Factor15",0.0115322237834334,"Protein"
"OID20717","Factor15",0.00493845483288169,"Protein"
"OID20050","Factor15",-0.0212518759071827,"Protein"
"OID20090","Factor15",0.12354914098978,"Protein"
"OID20627","Factor15",0.00391430174931884,"Protein"
"OID20908","Factor15",0.00741051090881228,"Protein"
"OID20741","Factor15",0.0150097385048866,"Protein"
"OID20519","Factor15",-0.0117653775960207,"Protein"
"OID20138","Factor15",0.00392140634357929,"Protein"
"OID20095","Factor15",0.00173238455317914,"Protein"
"OID20689","Factor15",-0.0405313968658447,"Protein"
"OID20203","Factor15",-0.0137121481820941,"Protein"
"OID20541","Factor15",-0.0466141737997532,"Protein"
"OID20742","Factor15",0.00559755275025964,"Protein"
"OID20554","Factor15",-0.0111439377069473,"Protein"
"OID21319","Factor15",-0.00488941743969917,"Protein"
"OID20415","Factor15",0.00567110255360603,"Protein"
"OID21521","Factor15",-0.0103391977027059,"Protein"
"OID20925","Factor15",-0.0373045764863491,"Protein"
"OID21204","Factor15",-0.0015532779507339,"Protein"
"OID20938","Factor15",0.0142414979636669,"Protein"
"OID20577","Factor15",-0.00540447607636452,"Protein"
"OID21029","Factor15",0.00218607718124986,"Protein"
"OID20364","Factor15",-0.00530729116871953,"Protein"
"OID21408","Factor15",0.0187169443815947,"Protein"
"OID20788","Factor15",-0.0107156531885266,"Protein"
"OID21469","Factor15",0.0219102147966623,"Protein"
"OID20899","Factor15",0.00469786114990711,"Protein"
"OID20952","Factor15",0.0115810120478272,"Protein"
"OID21078","Factor15",0.0493683665990829,"Protein"
"OID20187","Factor15",-0.218226999044418,"Protein"
"OID20475","Factor15",0.00466415891423821,"Protein"
"OID20616","Factor15",0.0100226486101747,"Protein"
"OID21069","Factor15",-0.178351536393166,"Protein"
"OID20772","Factor15",-0.0351694002747536,"Protein"
"OID20684","Factor15",0.0132315782830119,"Protein"
"OID20230","Factor15",-0.00955058634281158,"Protein"
"OID21451","Factor15",0.0192208122462034,"Protein"
"OID20916","Factor15",-0.10457406193018,"Protein"
"OID21158","Factor15",0.000904658460058272,"Protein"
"OID20182","Factor15",0.0943343564867973,"Protein"
"OID21307","Factor15",0.0194441322237253,"Protein"
"OID20412","Factor15",-0.00172842491883785,"Protein"
"OID21226","Factor15",-0.028248019516468,"Protein"
"OID21391","Factor15",-0.0861094817519188,"Protein"
"OID20615","Factor15",0.0135847302153707,"Protein"
"OID21224","Factor15",-0.00643670465797186,"Protein"
"OID20158","Factor15",-0.0134935509413481,"Protein"
"OID20582","Factor15",0.00096942123491317,"Protein"
"OID20816","Factor15",0.0193446520715952,"Protein"
"OID20937","Factor15",0.0195287559181452,"Protein"
"OID21376","Factor15",-0.0192117802798748,"Protein"
"OID20681","Factor15",-0.00404321728274226,"Protein"
"OID20251","Factor15",-0.0277967620640993,"Protein"
"OID21350","Factor15",-0.00864091981202364,"Protein"
"OID21263","Factor15",-0.0116717666387558,"Protein"
"OID21149","Factor15",0.00166446273215115,"Protein"
"OID20207","Factor15",0.00445654336363077,"Protein"
"OID21282","Factor15",0.159672141075134,"Protein"
"OID21269","Factor15",-0.0159640051424503,"Protein"
"OID21309","Factor15",-0.00465362286195159,"Protein"
"OID20959","Factor15",-0.00340980826877058,"Protein"
"OID21508","Factor15",-0.0667542666196823,"Protein"
"OID21292","Factor15",0.0135638732463121,"Protein"
"OID20697","Factor15",-0.00379550689831376,"Protein"
"OID20588","Factor15",-0.0035453790333122,"Protein"
"OID21422","Factor15",-0.0429778099060059,"Protein"
"OID20910","Factor15",-0.0091365622356534,"Protein"
"OID20175","Factor15",-0.141911849379539,"Protein"
"OID21383","Factor15",-0.115553811192513,"Protein"
"OID21082","Factor15",-0.0114634661003947,"Protein"
"OID20965","Factor15",-0.0173552110791206,"Protein"
"OID20225","Factor15",0.00550901470705867,"Protein"
"OID20245","Factor15",-0.155835181474686,"Protein"
"OID21033","Factor15",-0.115710102021694,"Protein"
"OID20558","Factor15",0.00148570979945362,"Protein"
"OID20871","Factor15",-0.0368618257343769,"Protein"
"OID21144","Factor15",-0.0219445992261171,"Protein"
"OID20322","Factor15",-0.000312970165396109,"Protein"
"OID21347","Factor15",0.0305262356996536,"Protein"
"OID21296","Factor15",-0.000675635761581361,"Protein"
"OID20971","Factor15",-0.0819297730922699,"Protein"
"OID21294","Factor15",-0.00158673210535198,"Protein"
"OID20737","Factor15",0.0197090208530426,"Protein"
"OID20847","Factor15",-0.0232544802129269,"Protein"
"OID21003","Factor15",0.0236179269850254,"Protein"
"OID20553","Factor15",-0.00813446287065744,"Protein"
"OID20977","Factor15",0.0190656054764986,"Protein"
"OID21154","Factor15",-0.00528296828269958,"Protein"
"OID21512","Factor15",-0.0421759076416492,"Protein"
"OID20704","Factor15",0.0588134080171585,"Protein"
"OID20644","Factor15",0.00929930247366428,"Protein"
"OID20964","Factor15",-0.0195658933371305,"Protein"
"OID20117","Factor15",0.0300561133772135,"Protein"
"OID21019","Factor15",0.0507503785192966,"Protein"
"OID20688","Factor15",-0.0246532522141933,"Protein"
"OID20700","Factor15",-0.0122507540509105,"Protein"
"OID21287","Factor15",-0.00318067008629441,"Protein"
"OID20548","Factor15",-0.00968479458242655,"Protein"
"OID21061","Factor15",0.0157295800745487,"Protein"
"OID20477","Factor15",0.0263097584247589,"Protein"
"OID20787","Factor15",-0.0647907331585884,"Protein"
"OID20292","Factor15",0.00097630824893713,"Protein"
"OID20431","Factor15",-0.0394283048808575,"Protein"
"OID20714","Factor15",-0.0354461893439293,"Protein"
"OID20110","Factor15",-0.00319817988201976,"Protein"
"OID20740","Factor15",0.0167245548218489,"Protein"
"OID21123","Factor15",-0.0342670567333698,"Protein"
"OID20105","Factor15",0.0590441934764385,"Protein"
"OID20326","Factor15",0.0754704400897026,"Protein"
"OID21314","Factor15",0.00440953252837062,"Protein"
"OID20795","Factor15",0.00993076711893082,"Protein"
"OID21320","Factor15",-0.0244093667715788,"Protein"
"OID20325","Factor15",-0.0163729339838028,"Protein"
"OID20511","Factor15",0.420323967933655,"Protein"
"OID20903","Factor15",0.00775621039792895,"Protein"
"OID21511","Factor15",0.032007247209549,"Protein"
"OID21222","Factor15",-0.0209421068429947,"Protein"
"OID20086","Factor15",-0.0158185195177794,"Protein"
"OID20515","Factor15",-0.000427373917773366,"Protein"
"OID20214","Factor15",-0.0105213029310107,"Protein"
"OID20305","Factor15",-0.00798009149730206,"Protein"
"OID21356","Factor15",0.0070622731000185,"Protein"
"OID20981","Factor15",0.00788627751171589,"Protein"
"OID21363","Factor15",0.0163563918322325,"Protein"
"OID21455","Factor15",-0.00557878101244569,"Protein"
"OID20334","Factor15",-0.00891528837382793,"Protein"
"OID20139","Factor15",0.0118942856788635,"Protein"
"OID21156","Factor15",0.0205465815961361,"Protein"
"OID20227","Factor15",0.0326939634978771,"Protein"
"OID20814","Factor15",0.00154472969006747,"Protein"
"OID20745","Factor15",0.014396982267499,"Protein"
"OID20683","Factor15",-0.00657672947272658,"Protein"
"OID21211","Factor15",0.0164139531552792,"Protein"
"OID20723","Factor15",-0.0749908611178398,"Protein"
"OID20900","Factor15",0.00435987021774054,"Protein"
"OID21453","Factor15",-0.00441956985741854,"Protein"
"OID20177","Factor15",-0.000265679002040997,"Protein"
"OID20526","Factor15",0.00442940648645163,"Protein"
"OID20146","Factor15",0.0155592672526836,"Protein"
"OID21357","Factor15",0.00896540284156799,"Protein"
"OID20545","Factor15",0.000838923384435475,"Protein"
"OID20685","Factor15",-0.00447971699759364,"Protein"
"OID20200","Factor15",0.0272282026708126,"Protein"
"OID21467","Factor15",-0.0641146376729012,"Protein"
"OID21000","Factor15",0.0073584676720202,"Protein"
"OID20244","Factor15",-0.0403232090175152,"Protein"
"OID20250","Factor15",0.0138973779976368,"Protein"
"OID20280","Factor15",-0.00184333638753742,"Protein"
"OID21450","Factor15",0.0601437911391258,"Protein"
"OID20409","Factor15",0.0101682068780065,"Protein"
"OID21417","Factor15",0.0119208041578531,"Protein"
"OID20943","Factor15",0.031654667109251,"Protein"
"OID20724","Factor15",0.0238648876547813,"Protein"
"OID20201","Factor15",0.0577234514057636,"Protein"
"OID21205","Factor15",-0.0214821342378855,"Protein"
"OID20987","Factor15",-0.0487629994750023,"Protein"
"OID20646","Factor15",-0.0172828622162342,"Protein"
"OID21323","Factor15",-0.0035778908059001,"Protein"
"OID20997","Factor15",-0.00747169740498066,"Protein"
"OID21030","Factor15",-0.0341011136770248,"Protein"
"OID21462","Factor15",0.102030225098133,"Protein"
"OID20483","Factor15",-0.00864303857088089,"Protein"
"OID20149","Factor15",0.122180387377739,"Protein"
"OID21499","Factor15",-0.0179091021418571,"Protein"
"OID20682","Factor15",-0.0535895526409149,"Protein"
"OID20868","Factor15",-0.000985745224170387,"Protein"
"OID20574","Factor15",0.0431889928877354,"Protein"
"OID21151","Factor15",0.0292648952454329,"Protein"
"OID20472","Factor15",-0.0475120209157467,"Protein"
"OID20675","Factor15",-0.00113615801092237,"Protein"
"OID20436","Factor15",-0.0100700445473194,"Protein"
"OID20184","Factor15",-0.00458510592579842,"Protein"
"OID21060","Factor15",-0.0103031499311328,"Protein"
"OID21367","Factor15",0.00492769386619329,"Protein"
"OID20178","Factor15",0.00524088367819786,"Protein"
"OID21375","Factor15",-0.0233598910272121,"Protein"
"OID21430","Factor15",-0.00629512267187238,"Protein"
"OID21312","Factor15",-0.0488685071468353,"Protein"
"OID21380","Factor15",-0.00825521536171436,"Protein"
"OID20421","Factor15",-0.0686323866248131,"Protein"
"OID21326","Factor15",0.00422482425346971,"Protein"
"OID20631","Factor15",-0.00919961277395487,"Protein"
"OID20097","Factor15",0.0146723100915551,"Protein"
"OID20758","Factor15",0.0171854384243488,"Protein"
"OID21482","Factor15",-0.0182409025728703,"Protein"
"OID20371","Factor15",-0.053191851824522,"Protein"
"OID21415","Factor15",-0.0163523312658072,"Protein"
"OID21527","Factor15",-0.018936775624752,"Protein"
"OID20233","Factor15",0.0165581963956356,"Protein"
"OID21016","Factor15",-0.0146324932575226,"Protein"
"OID21284","Factor15",-0.0537483133375645,"Protein"
"OID21143","Factor15",-0.00391612201929092,"Protein"
"OID21022","Factor15",0.00510560115799308,"Protein"
"OID20865","Factor15",-0.0124804526567459,"Protein"
"OID21311","Factor15",-0.0323293507099152,"Protein"
"OID20342","Factor15",-0.0119742089882493,"Protein"
"OID20309","Factor15",0.015588671900332,"Protein"
"OID20546","Factor15",0.069606751203537,"Protein"
"OID21099","Factor15",0.00465224636718631,"Protein"
"OID20135","Factor15",-0.00742786703631282,"Protein"
"OID21476","Factor15",-0.0259959660470486,"Protein"
"OID20359","Factor15",0.0164301209151745,"Protein"
"OID20601","Factor15",-0.0156100820749998,"Protein"
"OID21104","Factor15",-0.00281390664167702,"Protein"
"OID20756","Factor15",0.0448082573711872,"Protein"
"OID21439","Factor15",-0.0508997105062008,"Protein"
"OID21399","Factor15",0.0106050036847591,"Protein"
"OID21043","Factor15",-0.0130453770980239,"Protein"
"OID20609","Factor15",0.0180640015751123,"Protein"
"OID20289","Factor15",-0.00604250561445951,"Protein"
"OID21101","Factor15",0.0218117646872997,"Protein"
"OID21014","Factor15",-0.00746292900294065,"Protein"
"OID21249","Factor15",-0.00962480902671814,"Protein"
"OID21446","Factor15",0.0496886260807514,"Protein"
"OID20970","Factor15",0.0164457131177187,"Protein"
"OID20956","Factor15",-0.00635449402034283,"Protein"
"OID20635","Factor15",0.0351431705057621,"Protein"
"OID20648","Factor15",0.0131991021335125,"Protein"
"OID20331","Factor15",0.00796459335833788,"Protein"
"OID21437","Factor15",-0.00885274074971676,"Protein"
"OID21442","Factor15",0.00454643415287137,"Protein"
"OID21369","Factor15",0.0086202435195446,"Protein"
"OID20576","Factor15",0.0355481319129467,"Protein"
"OID20636","Factor15",0.0284112580120564,"Protein"
"OID20162","Factor15",-0.0134724443778396,"Protein"
"OID21381","Factor15",-0.0386854857206345,"Protein"
"OID20153","Factor15",-0.00709626544266939,"Protein"
"OID20732","Factor15",0.0746424198150635,"Protein"
"OID21024","Factor15",-0.0192442201077938,"Protein"
"OID21434","Factor15",0.0154749872162938,"Protein"
"OID20507","Factor15",-0.012506284750998,"Protein"
"OID20137","Factor15",0.0427215807139874,"Protein"
"OID21042","Factor15",-0.0207892674952745,"Protein"
"OID21516","Factor15",0.13592666387558,"Protein"
"OID20299","Factor15",0.0330133661627769,"Protein"
"OID21257","Factor15",-0.0658964142203331,"Protein"
"OID21253","Factor15",-0.00547143537551165,"Protein"
"OID20988","Factor15",0.0375073999166489,"Protein"
"OID21119","Factor15",0.00812578946352005,"Protein"
"OID21038","Factor15",-0.00728639401495457,"Protein"
"OID21091","Factor15",-0.00645321002230048,"Protein"
"OID20597","Factor15",0.0127795981243253,"Protein"
"OID20179","Factor15",-0.0283280089497566,"Protein"
"OID21168","Factor15",-0.0204650573432446,"Protein"
"OID21368","Factor15",-0.0294483602046967,"Protein"
"OID20738","Factor15",-0.023672828450799,"Protein"
"OID20122","Factor15",0.0230662748217583,"Protein"
"OID20703","Factor15",-0.0397147238254547,"Protein"
"OID21436","Factor15",-0.0312764272093773,"Protein"
"OID21421","Factor15",0.00673348410055041,"Protein"
"OID20589","Factor15",0.020853228867054,"Protein"
"OID20927","Factor15",-0.00800397340208292,"Protein"
"OID21418","Factor15",0.0283412504941225,"Protein"
"OID21013","Factor15",0.0264753699302673,"Protein"
"OID20904","Factor15",0.0123800085857511,"Protein"
"OID20568","Factor15",0.124218061566353,"Protein"
"OID20533","Factor15",0.0328828282654285,"Protein"
"OID20254","Factor15",0.0182198286056519,"Protein"
"OID21403","Factor15",-0.00128636637236923,"Protein"
"OID21012","Factor15",0.039084330201149,"Protein"
"OID21280","Factor15",-0.0108503010123968,"Protein"
"OID21187","Factor15",-0.0269696172326803,"Protein"
"OID21425","Factor15",0.0277240537106991,"Protein"
"OID20078","Factor15",0.112692169845104,"Protein"
"OID20102","Factor15",0.0422856584191322,"Protein"
"OID21073","Factor15",-0.0266050230711699,"Protein"
"OID21428","Factor15",-0.00604426255449653,"Protein"
"OID20687","Factor15",-0.0182821769267321,"Protein"
"OID20883","Factor15",-0.00985661894083023,"Protein"
"OID21242","Factor15",-0.0232613738626242,"Protein"
"OID20583","Factor15",-0.00186870491597801,"Protein"
"OID21361","Factor15",0.0213754586875439,"Protein"
"OID21365","Factor15",0.0159073490649462,"Protein"
"OID21419","Factor15",-0.115514315664768,"Protein"
"OID21498","Factor15",-0.0472993105649948,"Protein"
"OID20995","Factor15",0.0278256442397833,"Protein"
"OID21094","Factor15",0.0173949543386698,"Protein"
"OID20715","Factor15",-0.0210829190909863,"Protein"
"OID20718","Factor15",0.0418418757617474,"Protein"
"OID20960","Factor15",0.026887372136116,"Protein"
"OID20866","Factor15",0.0685991570353508,"Protein"
"OID20986","Factor15",-0.0140257105231285,"Protein"
"OID20152","Factor15",-0.048840343952179,"Protein"
"OID20395","Factor15",-0.0448224581778049,"Protein"
"OID21285","Factor15",0.0215880945324898,"Protein"
"OID20313","Factor15",0.00333039718680084,"Protein"
"OID20509","Factor15",0.023297693580389,"Protein"
"OID21255","Factor15",0.00776231614872813,"Protein"
"OID20141","Factor15",0.00247806054539979,"Protein"
"OID20942","Factor15",-0.00936202611774206,"Protein"
"OID21466","Factor15",0.0195916835218668,"Protein"
"OID20215","Factor15",0.0297846905887127,"Protein"
"OID20923","Factor15",-0.0138930398970842,"Protein"
"OID20752","Factor15",0.0104410853236914,"Protein"
"OID20990","Factor15",0.00982406921684742,"Protein"
"OID21004","Factor15",0.00800012238323689,"Protein"
"OID20103","Factor15",-0.00947766844183207,"Protein"
"OID20784","Factor15",-0.051084790378809,"Protein"
"OID20156","Factor15",0.0146107049658895,"Protein"
"OID20221","Factor15",-0.0286709144711494,"Protein"
"OID21410","Factor15",0.00880077946931124,"Protein"
"OID21225","Factor15",0.0106929233297706,"Protein"
"OID21385","Factor15",0.019952280446887,"Protein"
"OID21155","Factor15",0.0216938238590956,"Protein"
"OID20610","Factor15",0.00838265754282475,"Protein"
"OID20935","Factor15",0.0119905713945627,"Protein"
"OID21327","Factor15",0.0148949380964041,"Protein"
"OID20748","Factor15",-0.037538830190897,"Protein"
"OID20708","Factor15",-0.00493380101397634,"Protein"
"OID20567","Factor15",0.0228909868746996,"Protein"
"OID20647","Factor15",0.0252706799656153,"Protein"
"OID20968","Factor15",0.0268118567764759,"Protein"
"OID20383","Factor15",0.0117239616811275,"Protein"
"OID21036","Factor15",0.0226548351347446,"Protein"
"OID20978","Factor15",-0.0902951955795288,"Protein"
"OID20327","Factor15",-0.0274775046855211,"Protein"
"OID20958","Factor15",-0.0121778827160597,"Protein"
"OID20252","Factor15",0.0116317169740796,"Protein"
"OID20642","Factor15",0.0163598973304033,"Protein"
"OID20205","Factor15",0.0242244713008404,"Protein"
"OID21248","Factor15",-0.0184327978640795,"Protein"
"OID21150","Factor15",0.00990161765366793,"Protein"
"OID21111","Factor15",0.0435854271054268,"Protein"
"OID21121","Factor15",-0.00817170366644859,"Protein"
"OID20295","Factor15",-0.0139795513823628,"Protein"
"OID21281","Factor15",0.00167371437419206,"Protein"
"OID20650","Factor15",0.00292579364031553,"Protein"
"OID20895","Factor15",-0.0066077527590096,"Protein"
"OID20459","Factor15",-0.0204774010926485,"Protein"
"OID21457","Factor15",-0.0234944447875023,"Protein"
"OID20485","Factor15",-0.0186959262937307,"Protein"
"OID20786","Factor15",0.0516714006662369,"Protein"
"OID20859","Factor15",0.00561626860871911,"Protein"
"OID20298","Factor15",0.0131863942369819,"Protein"
"OID21142","Factor15",0.0359137021005154,"Protein"
"OID20744","Factor15",-0.0122968936339021,"Protein"
"OID20400","Factor15",-0.000223196853767149,"Protein"
"OID20344","Factor15",-0.0183001011610031,"Protein"
"OID20107","Factor15",0.00370982009917498,"Protein"
"OID20762","Factor15",-0.0557902678847313,"Protein"
"OID21128","Factor15",-0.006359304767102,"Protein"
"OID21313","Factor15",-0.0347396805882454,"Protein"
"OID20985","Factor15",0.00306963245384395,"Protein"
"OID21021","Factor15",0.0180447641760111,"Protein"
"OID21513","Factor15",-0.00393302692100406,"Protein"
"OID21486","Factor15",-0.0173526871949434,"Protein"
"OID20992","Factor15",0.00230415887199342,"Protein"
"OID20508","Factor15",0.0237549152225256,"Protein"
"OID20276","Factor15",0.0122655779123306,"Protein"
"OID20975","Factor15",-0.0318379588425159,"Protein"
"OID21125","Factor15",-0.00322408904321492,"Protein"
"OID21448","Factor15",0.0518895089626312,"Protein"
"OID21477","Factor15",-0.00253873877227306,"Protein"
"OID21372","Factor15",0.0533709302544594,"Protein"
"OID20759","Factor15",-0.0174233671277761,"Protein"
"OID21066","Factor15",0.00829112622886896,"Protein"
"OID20536","Factor15",-0.00936567224562168,"Protein"
"OID21198","Factor15",-0.0420856699347496,"Protein"
"OID21427","Factor15",-0.0844259187579155,"Protein"
"OID21075","Factor15",0.0437302440404892,"Protein"
"OID20886","Factor15",-0.0582809448242188,"Protein"
"OID20674","Factor15",0.00417763413861394,"Protein"
"OID21034","Factor15",0.0120794828981161,"Protein"
"OID20749","Factor15",0.0154291894286871,"Protein"
"OID21328","Factor15",-0.01897201128304,"Protein"
"OID20722","Factor15",-0.0355388782918453,"Protein"
"OID20617","Factor15",0.0335576198995113,"Protein"
"OID21463","Factor15",-0.0531269013881683,"Protein"
"OID20226","Factor15",0.0353147462010384,"Protein"
"OID20561","Factor15",0.0388562604784966,"Protein"
"OID21141","Factor15",0.00731393788009882,"Protein"
"OID20474","Factor15",-0.0664971470832825,"Protein"
"OID20999","Factor15",0.0247952900826931,"Protein"
"OID21304","Factor15",0.00745327770709991,"Protein"
"OID20552","Factor15",0.00422271946445107,"Protein"
"OID20961","Factor15",0.00305974669754505,"Protein"
"OID20197","Factor15",-0.0249762888997793,"Protein"
"OID21481","Factor15",-0.0210498683154583,"Protein"
"OID21431","Factor15",0.0607256963849068,"Protein"
"OID20408","Factor15",0.0616503059864044,"Protein"
"OID20478","Factor15",0.000100960562122054,"Protein"
"OID20782","Factor15",-0.0330855697393417,"Protein"
"OID20392","Factor15",0.0608501881361008,"Protein"
"OID20368","Factor15",-0.0212758518755436,"Protein"
"OID20425","Factor15",-0.00451638223603368,"Protein"
"OID20522","Factor15",-0.0686671882867813,"Protein"
"OID21112","Factor15",0.0106028793379664,"Protein"
"OID21522","Factor15",0.00306743825785816,"Protein"
"OID20286","Factor15",-0.0263148751109838,"Protein"
"OID20293","Factor15",0.128398329019547,"Protein"
"OID20966","Factor15",-0.00487014977261424,"Protein"
"OID20308","Factor15",-0.0874712392687798,"Protein"
"OID20743","Factor15",-0.0113050742074847,"Protein"
"OID21259","Factor15",-0.00753200799226761,"Protein"
"OID20496","Factor15",0.0761606097221375,"Protein"
"OID20839","Factor15",-0.0406614057719707,"Protein"
"OID21040","Factor15",-0.00342858536168933,"Protein"
"OID21244","Factor15",-0.00490568950772285,"Protein"
"OID20641","Factor15",0.0420073270797729,"Protein"
"OID20783","Factor15",0.0352083407342434,"Protein"
"OID21445","Factor15",-0.0328353717923164,"Protein"
"OID20955","Factor15",0.00295151304453611,"Protein"
"OID21310","Factor15",0.0122405812144279,"Protein"
"OID20996","Factor15",-0.0861062407493591,"Protein"
"OID20543","Factor15",0.168401762843132,"Protein"
"OID20669","Factor15",-0.015396093018353,"Protein"
"OID20587","Factor15",-0.0519044250249863,"Protein"
"OID20379","Factor15",0.00613843277096748,"Protein"
"OID20217","Factor15",-0.0140085881575942,"Protein"
"OID20505","Factor15",0.0140641825273633,"Protein"
"OID20085","Factor15",-0.00933688879013062,"Protein"
"OID20973","Factor15",0.0263147484511137,"Protein"
"OID20979","Factor15",0.0454919934272766,"Protein"
"OID20666","Factor15",0.012054598890245,"Protein"
"OID20570","Factor15",-0.000650150526780635,"Protein"
"OID21041","Factor15",-0.00659751612693071,"Protein"
"OID21501","Factor15",-0.00759892072528601,"Protein"
"OID20963","Factor15",-0.033378791064024,"Protein"
"OID21342","Factor15",0.0132118687033653,"Protein"
"OID20144","Factor15",-0.00639880867674947,"Protein"
"OID20887","Factor15",0.0320214368402958,"Protein"
"OID21454","Factor15",-0.145151674747467,"Protein"
"OID20854","Factor15",0.0192986559122801,"Protein"
"OID21087","Factor15",-0.0069467076100409,"Protein"
"OID20294","Factor15",-0.0249492302536964,"Protein"
"OID20398","Factor15",-0.124928325414658,"Protein"
"OID21444","Factor15",0.0175114274024963,"Protein"
"OID20630","Factor15",-0.0108145363628864,"Protein"
"OID20247","Factor15",-0.0366649962961674,"Protein"
"OID20378","Factor15",-0.0868873596191406,"Protein"
"OID21295","Factor15",0.00366928218863904,"Protein"
"OID21193","Factor15",0.0259939171373844,"Protein"
"OID20912","Factor15",0.0120154712349176,"Protein"
"OID21026","Factor15",0.0143671492114663,"Protein"
"OID20620","Factor15",-0.0309954304248095,"Protein"
"OID21179","Factor15",-0.0237863697111607,"Protein"
"OID20510","Factor15",0.022410711273551,"Protein"
"OID20653","Factor15",-0.0104601541534066,"Protein"
"OID20980","Factor15",0.196047440171242,"Protein"
"OID20655","Factor15",-0.0434315279126167,"Protein"
"OID20623","Factor15",0.0219714678823948,"Protein"
"OID20572","Factor15",-0.00862805265933275,"Protein"
"OID20413","Factor15",0.0303896386176348,"Protein"
"OID20686","Factor15",0.0415276028215885,"Protein"
"OID21133","Factor15",-0.0344212427735329,"Protein"
"OID20695","Factor15",0.00121516641229391,"Protein"
"OID21246","Factor15",-0.0105803022161126,"Protein"
"OID21215","Factor15",-0.00441661570221186,"Protein"
"OID21129","Factor15",-0.0200215894728899,"Protein"
"OID21324","Factor15",0.00505923060700297,"Protein"
"OID20234","Factor15",-0.00460363971069455,"Protein"
"OID20324","Factor15",-0.00733559997752309,"Protein"
"OID21086","Factor15",0.00830451678484678,"Protein"
"OID21015","Factor15",0.0144925778731704,"Protein"
"OID20870","Factor15",-0.001490100286901,"Protein"
"OID20355","Factor15",0.0159518755972385,"Protein"
"OID21068","Factor15",-0.0198731254786253,"Protein"
"OID20691","Factor15",0.0275235548615456,"Protein"
"OID21050","Factor15",-0.0208946447819471,"Protein"
"OID20622","Factor15",-0.00267410301603377,"Protein"
"OID20962","Factor15",0.0145151354372501,"Protein"
"OID20604","Factor15",0.0194008368998766,"Protein"
"OID20404","Factor15",-0.0301105212420225,"Protein"
"OID20223","Factor15",-0.0106126135215163,"Protein"
"OID20534","Factor15",-0.0134299425408244,"Protein"
"OID20106","Factor15",0.00417089043185115,"Protein"
"OID20222","Factor15",0.0197921264916658,"Protein"
"OID20259","Factor15",-0.164578944444656,"Protein"
"OID20766","Factor15",0.0122235221788287,"Protein"
"OID20216","Factor15",0.0129938842728734,"Protein"
"OID20339","Factor15",0.0579238943755627,"Protein"
"OID20232","Factor15",0.031717736274004,"Protein"
"OID20739","Factor15",0.0425804108381271,"Protein"
"OID20328","Factor15",-0.0293570514768362,"Protein"
"OID20768","Factor15",0.03349369764328,"Protein"
"OID20195","Factor15",0.00971873290836811,"Protein"
"OID20445","Factor15",-0.00272931600920856,"Protein"
"OID20108","Factor15",0.0124049689620733,"Protein"
"OID20500","Factor15",-0.0172752235084772,"Protein"
"OID21145","Factor15",0.00538939004763961,"Protein"
"OID21216","Factor15",-0.000826592789962888,"Protein"
"OID20731","Factor15",-0.09553162753582,"Protein"
"OID20658","Factor15",-0.00831623934209347,"Protein"
"OID20967","Factor15",-0.000282083434285596,"Protein"
"OID21235","Factor15",0.010255035944283,"Protein"
"OID21103","Factor15",0.0611179135739803,"Protein"
"OID21005","Factor15",0.11435479670763,"Protein"
"OID21397","Factor15",0.0210190862417221,"Protein"
"OID20151","Factor15",0.0150541616603732,"Protein"
"OID21490","Factor15",0.0179800149053335,"Protein"
"OID20832","Factor15",0.023089399561286,"Protein"
"OID21493","Factor15",0.0232684873044491,"Protein"
"OID21037","Factor15",0.0199168603867292,"Protein"
"OID21229","Factor15",-0.00363386888056993,"Protein"
"OID20926","Factor15",-0.0267587881535292,"Protein"
"OID21247","Factor15",-0.123603284358978,"Protein"
"OID21083","Factor15",0.168586954474449,"Protein"
"OID20753","Factor15",0.106512703001499,"Protein"
"OID20338","Factor15",0.0284096356481314,"Protein"
"OID21192","Factor15",0.0274025369435549,"Protein"
"OID21160","Factor15",0.00645649340003729,"Protein"
"OID21218","Factor15",0.0175199341028929,"Protein"
"OID20375","Factor15",-0.0252469200640917,"Protein"
"OID20079","Factor15",0.0125282853841782,"Protein"
"OID21053","Factor15",0.0330822467803955,"Protein"
"OID20919","Factor15",0.0204091984778643,"Protein"
"OID20171","Factor15",0.016496118158102,"Protein"
"OID20693","Factor15",0.00366652337834239,"Protein"
"OID20600","Factor15",0.00798811111599207,"Protein"
"OID20484","Factor15",-0.00942255556583405,"Protein"
"OID21058","Factor15",-0.0197927951812744,"Protein"
"OID20638","Factor15",-0.0281262677162886,"Protein"
"OID21132","Factor15",0.00206336961127818,"Protein"
"OID20823","Factor15",0.0478702932596207,"Protein"
"OID20917","Factor15",0.00909154210239649,"Protein"
"OID20780","Factor15",0.00982219260185957,"Protein"
"OID21384","Factor15",-0.0310192573815584,"Protein"
"OID21441","Factor15",-0.027280867099762,"Protein"
"OID20751","Factor15",0.055568128824234,"Protein"
"OID21064","Factor15",0.0316773355007172,"Protein"
"OID21110","Factor15",0.118141084909439,"Protein"
"OID20827","Factor15",0.0425854288041592,"Protein"
"OID21185","Factor15",-0.0203285235911608,"Protein"
"OID20091","Factor15",-0.0134127354249358,"Protein"
"OID20867","Factor15",-0.00135714025236666,"Protein"
"OID20677","Factor15",-0.0216836184263229,"Protein"
"OID20934","Factor15",-0.0349570848047733,"Protein"
"OID21271","Factor15",-0.0157158281654119,"Protein"
"OID20126","Factor15",0.0526228025555611,"Protein"
"OID21414","Factor15",0.00736605562269688,"Protein"
"OID20333","Factor15",0.0246298126876354,"Protein"
"OID20386","Factor15",0.00372778135351837,"Protein"
"OID20418","Factor15",0.0379974991083145,"Protein"
"OID20872","Factor15",-0.00716076558455825,"Protein"
"OID20261","Factor15",0.0109843770042062,"Protein"
"OID21227","Factor15",0.0011897396761924,"Protein"
"OID21010","Factor15",0.00210422649979591,"Protein"
"OID20165","Factor15",0.000247053918428719,"Protein"
"OID20660","Factor15",0.0131450034677982,"Protein"
"OID20512","Factor15",-0.00419320538640022,"Protein"
"OID20467","Factor15",0.0675579607486725,"Protein"
"OID20455","Factor15",0.0423622466623783,"Protein"
"OID20735","Factor15",-0.0100303627550602,"Protein"
"OID21001","Factor15",-0.00210553221404552,"Protein"
"OID21137","Factor15",-0.0315663702785969,"Protein"
"OID20727","Factor15",0.103210419416428,"Protein"
"OID21432","Factor15",-0.045894268900156,"Protein"
"OID20278","Factor15",-0.108004681766033,"Protein"
"OID20167","Factor15",0.00862947106361389,"Protein"
"OID20188","Factor15",-0.193899020552635,"Protein"
"OID21480","Factor15",0.040928665548563,"Protein"
"OID20340","Factor15",0.0253977254033089,"Protein"
"OID20922","Factor15",0.00870121456682682,"Protein"
"OID21219","Factor15",0.00877838768064976,"Protein"
"OID20228","Factor15",-0.001770323025994,"Protein"
"OID20771","Factor15",-0.0287200883030891,"Protein"
"OID20664","Factor15",-0.0170125234872103,"Protein"
"OID20930","Factor15",0.0121312281116843,"Protein"
"OID20237","Factor15",-0.0871563255786896,"Protein"
"OID20770","Factor15",-0.0441040992736816,"Protein"
"OID21275","Factor15",-0.0924687087535858,"Protein"
"OID20240","Factor15",-0.0579050555825233,"Protein"
"OID21317","Factor15",-0.0145515007898211,"Protein"
"OID20721","Factor15",-0.0318242348730564,"Protein"
"OID21008","Factor15",0.00798714440315962,"Protein"
"OID21201","Factor15",-0.0298387594521046,"Protein"
"OID21220","Factor15",-0.0170772653073072,"Protein"
"OID20730","Factor15",0.0318329744040966,"Protein"
"OID21114","Factor15",0.024779487401247,"Protein"
"OID20709","Factor15",-0.00271452637389302,"Protein"
"OID20272","Factor15",0.0315780006349087,"Protein"
"OID20429","Factor15",-0.00573378941044211,"Protein"
"OID21283","Factor15",0.00751917576417327,"Protein"
"OID21355","Factor15",0.000368301873095334,"Protein"
"OID21519","Factor15",0.0140174506232142,"Protein"
"OID20096","Factor15",-0.0043675652705133,"Protein"
"OID20940","Factor15",-0.000891426054295152,"Protein"
"OID20764","Factor15",0.0119696678593755,"Protein"
"OID20812","Factor15",0.0124760661274195,"Protein"
"OID20673","Factor15",0.0402219258248806,"Protein"
"OID21175","Factor15",-0.031784150749445,"Protein"
"OID21291","Factor15",0.0092281885445118,"Protein"
"OID20183","Factor15",0.0370540209114552,"Protein"
"OID20113","Factor15",0.0357764884829521,"Protein"
"OID21288","Factor15",-0.00553796207532287,"Protein"
"OID21470","Factor15",-0.018830319866538,"Protein"
"OID20893","Factor15",0.00920136831700802,"Protein"
"OID20191","Factor15",-0.024289645254612,"Protein"
"OID20494","Factor15",-0.0447798520326614,"Protein"
"OID20053","Factor15",0.00513888197019696,"Protein"
"OID21002","Factor15",-0.0472661964595318,"Protein"
"OID20129","Factor15",0.0315667130053043,"Protein"
"OID20087","Factor15",-0.00830738991498947,"Protein"
"OID20953","Factor15",0.0111852381378412,"Protein"
"OID20667","Factor15",0.0316375754773617,"Protein"
"OID20913","Factor15",-0.014109643176198,"Protein"
"OID21465","Factor15",-0.00572060747072101,"Protein"
"OID20605","Factor15",0.0314177609980106,"Protein"
"OID20725","Factor15",-0.0415269657969475,"Protein"
"OID20405","Factor15",-0.0228366050869226,"Protein"
"OID20061","Factor15",-0.0313850566744804,"Protein"
"OID21018","Factor15",-0.0188950672745705,"Protein"
"OID20297","Factor15",-0.000434143003076315,"Protein"
"OID21206","Factor15",0.0256492849439383,"Protein"
"OID20239","Factor15",-0.0883186310529709,"Protein"
"OID21398","Factor15",-0.0250468458980322,"Protein"
"OID21321","Factor15",0.00408008135855198,"Protein"
"OID20456","Factor15",-0.0558814443647861,"Protein"
"OID20976","Factor15",0.00623053405433893,"Protein"
"OID21209","Factor15",0.0314953811466694,"Protein"
"OID20824","Factor15",0.0452870242297649,"Protein"
"OID20275","Factor15",0.10725199431181,"Protein"
"OID21494","Factor15",0.0875866487622261,"Protein"
"OID21299","Factor15",-0.0111111598089337,"Protein"
"OID20590","Factor15",0.0739444121718407,"Protein"
"OID20384","Factor15",-0.00586457829922438,"Protein"
"OID21049","Factor15",-0.051861546933651,"Protein"
"OID20174","Factor15",-0.0155629981309175,"Protein"
"OID21067","Factor15",-0.0031175697222352,"Protein"
"OID20489","Factor15",-0.0143549386411905,"Protein"
"OID21243","Factor15",0.065910130739212,"Protein"
"OID21077","Factor15",-0.00245415163226426,"Protein"
"OID21270","Factor15",-0.0194417107850313,"Protein"
"OID21337","Factor15",-0.0109039768576622,"Protein"
"OID20196","Factor15",-0.0245452281087637,"Protein"
"OID20121","Factor15",-0.0309894662350416,"Protein"
"OID21262","Factor15",-0.0292026102542877,"Protein"
"OID20537","Factor15",0.000260141416219994,"Protein"
"OID20296","Factor15",0.00906940549612045,"Protein"
"OID21509","Factor15",0.0252177603542805,"Protein"
"OID20921","Factor15",-0.0070758112706244,"Protein"
"OID21406","Factor15",0.0302835125476122,"Protein"
"OID21084","Factor15",-0.0472803227603436,"Protein"
"OID20951","Factor15",-0.0570135302841663,"Protein"
"OID20491","Factor15",-0.00612523406744003,"Protein"
"OID20777","Factor15",-0.0530480667948723,"Protein"
"OID21472","Factor15",-0.0363863818347454,"Protein"
"OID20304","Factor15",-0.0235852133482695,"Protein"
"OID21011","Factor15",-0.0458777993917465,"Protein"
"OID20488","Factor15",-0.0473980568349361,"Protein"
"OID20155","Factor15",-0.0137932803481817,"Protein"
"OID21171","Factor15",-0.0607984736561775,"Protein"
"OID20176","Factor15",-0.00548389414325356,"Protein"
"OID20540","Factor15",0.0294850748032331,"Protein"
"OID21059","Factor15",0.0126662813127041,"Protein"
"OID21401","Factor15",0.084503248333931,"Protein"
"OID20972","Factor15",0.00787091627717018,"Protein"
"OID21162","Factor15",0.0162770804017782,"Protein"
"OID21063","Factor15",0.0141049213707447,"Protein"
"OID21435","Factor15",-0.00786778889596462,"Protein"
"OID21316","Factor15",0.113604702055454,"Protein"
"OID21336","Factor15",-0.0228778533637524,"Protein"
"OID21471","Factor15",-0.0167489796876907,"Protein"
"OID20427","Factor15",0.0523099079728127,"Protein"
"OID20750","Factor15",0.0310346316546202,"Protein"
"OID20763","Factor15",-0.0288348384201527,"Protein"
"OID21331","Factor15",0.0283150654286146,"Protein"
"OID20424","Factor15",0.0166138615459204,"Protein"
"OID21046","Factor15",0.035385150462389,"Protein"
"OID21352","Factor15",-0.0347998216748238,"Protein"
"OID20792","Factor15",0.0268725268542767,"Protein"
"OID21027","Factor15",-0.0186345688998699,"Protein"
"OID20822","Factor15",0.0170292314141989,"Protein"
"OID20680","Factor15",-0.00453222263604403,"Protein"
"OID20329","Factor15",0.00527952006086707,"Protein"
"OID21170","Factor15",-0.00257520494051278,"Protein"
"OID20585","Factor15",0.080101452767849,"Protein"
"OID20114","Factor15",-0.0329342857003212,"Protein"
"OID20557","Factor15",-0.00805074162781239,"Protein"
"OID20864","Factor15",0.0026391891296953,"Protein"
"OID20077","Factor15",0.0196535270661116,"Protein"
"OID21315","Factor15",-0.0492364838719368,"Protein"
"OID20382","Factor15",-0.0216031353920698,"Protein"
"OID20633","Factor15",0.00555679854005575,"Protein"
"OID21238","Factor15",-0.0123207438737154,"Protein"
"OID20932","Factor15",-0.0223704297095537,"Protein"
"OID20694","Factor15",-0.0311126336455345,"Protein"
"OID20264","Factor15",-0.0311135146766901,"Protein"
"OID21524","Factor15",-0.00355861708521843,"Protein"
"OID21447","Factor15",0.0318578630685806,"Protein"
"OID21138","Factor15",0.0782970860600471,"Protein"
"OID21172","Factor15",-0.0146377738565207,"Protein"
"OID21389","Factor15",-0.0510999672114849,"Protein"
"OID21115","Factor15",-0.0109175564721227,"Protein"
"OID20211","Factor15",0.0275742821395397,"Protein"
"OID20279","Factor15",-0.0828702598810196,"Protein"
"OID20569","Factor15",-0.00779549358412623,"Protein"
"OID20142","Factor15",-0.00429659010842443,"Protein"
"OID20613","Factor15",0.0122682433575392,"Protein"
"OID20710","Factor15",0.0122607927769423,"Protein"
"OID20807","Factor15",0.0489685982465744,"Protein"
"OID20713","Factor15",0.00794450007379055,"Protein"
"OID20148","Factor15",-0.0373227968811989,"Protein"
"OID20632","Factor15",-0.0469618663191795,"Protein"
"OID21438","Factor15",0.0477030538022518,"Protein"
"OID21440","Factor15",-0.0169648751616478,"Protein"
"OID20549","Factor15",-0.0448272153735161,"Protein"
"OID20115","Factor15",0.148095145821571,"Protein"
"OID21241","Factor15",-0.00643950048834085,"Protein"
"OID21529","Factor15",-0.0699042975902557,"Protein"
"OID21374","Factor15",0.044051967561245,"Protein"
"OID20154","Factor15",-0.0394735336303711,"Protein"
"OID20480","Factor15",-0.0304569620639086,"Protein"
"OID20767","Factor15",-0.0343473702669144,"Protein"
"OID21135","Factor15",0.0405024997889996,"Protein"
"OID20320","Factor15",-0.00662286393344402,"Protein"
"OID20242","Factor15",0.0119035914540291,"Protein"
"OID20602","Factor15",0.0534235313534737,"Protein"
"OID20282","Factor15",-0.024291442707181,"Protein"
"OID21189","Factor15",-0.0129106668755412,"Protein"
"OID20652","Factor15",-0.000613146054092795,"Protein"
"OID20454","Factor15",-0.00164176116231829,"Protein"
"OID20302","Factor15",-0.00453585386276245,"Protein"
"OID20676","Factor15",0.0252233650535345,"Protein"
"OID21079","Factor15",-0.0440676733851433,"Protein"
"OID20828","Factor15",0.0355307199060917,"Protein"
"OID21423","Factor15",-0.0170418228954077,"Protein"
"OID20535","Factor15",-0.00544946826994419,"Protein"
"OID21344","Factor15",-0.0231100618839264,"Protein"
"OID20451","Factor15",-0.0485706813633442,"Protein"
"OID21278","Factor15",-0.0112777566537261,"Protein"
"OID20070","Factor15",0.0359786748886108,"Protein"
"OID20529","Factor15",-0.0663957744836807,"Protein"
"OID20314","Factor15",0.0234022159129381,"Protein"
"OID21346","Factor15",-0.0638627484440804,"Protein"
"OID20476","Factor15",-0.018038734793663,"Protein"
"OID20765","Factor15",-0.0451580137014389,"Protein"
"OID20915","Factor15",-0.00257592834532261,"Protein"
"OID20538","Factor15",-0.0838141813874245,"Protein"
"OID21360","Factor15",-0.0169174205511808,"Protein"
"OID20562","Factor15",-0.00496608391404152,"Protein"
"OID21405","Factor15",0.00158797507174313,"Protein"
"OID20774","Factor15",0.0212058983743191,"Protein"
"OID20661","Factor15",-0.0607321597635746,"Protein"
"OID20639","Factor15",0.0259926840662956,"Protein"
"OID20267","Factor15",-0.0112667735666037,"Protein"
"OID20936","Factor15",-0.042019210755825,"Protein"
"OID21433","Factor15",-0.00679475255310535,"Protein"
"OID20804","Factor15",-0.00451183551922441,"Protein"
"OID21152","Factor15",-0.0491115525364876,"Protein"
"OID20084","Factor15",0.00413519982248545,"Protein"
"OID20881","Factor15",0.0479606240987778,"Protein"
"OID20612","Factor15",-0.081389807164669,"Protein"
"OID21460","Factor15",0.105310164391994,"Protein"
"OID20316","Factor15",-0.00171583669725806,"Protein"
"OID20373","Factor15",-0.0236020665615797,"Protein"
"OID21174","Factor15",-0.028983548283577,"Protein"
"OID20140","Factor15",0.00927876587957144,"Protein"
"OID20781","Factor15",-0.0373721271753311,"Protein"
"OID20811","Factor15",0.0154724642634392,"Protein"
"OID20497","Factor15",0.051677867770195,"Protein"
"OID21407","Factor15",-0.0601370260119438,"Protein"
"OID20547","Factor15",-0.00144924537744373,"Protein"
"OID20857","Factor15",0.00675675459206104,"Protein"
"OID20401","Factor15",-0.0563710443675518,"Protein"
"OID21517","Factor15",0.111053392291069,"Protein"
"OID20530","Factor15",0.00539878429844975,"Protein"
"OID21236","Factor15",0.0108537208288908,"Protein"
"OID21412","Factor15",-0.00125805370043963,"Protein"
"OID20391","Factor15",0.0207713488489389,"Protein"
"OID20458","Factor15",0.0389673076570034,"Protein"
"OID21404","Factor15",0.010983357205987,"Protein"
"OID21394","Factor15",-0.0634613782167435,"Protein"
"OID21514","Factor15",-0.052983570843935,"Protein"
"OID20662","Factor15",-0.00542120635509491,"Protein"
"OID21286","Factor15",-0.0131587302312255,"Protein"
"OID20884","Factor15",0.0410327464342117,"Protein"
"OID21456","Factor15",0.199892103672028,"Protein"
"OID21196","Factor15",-0.0181297715753317,"Protein"
"OID20599","Factor15",-0.107877142727375,"Protein"
"OID21134","Factor15",-0.00843540672212839,"Protein"
"OID20690","Factor15",0.0284157283604145,"Protein"
"OID20720","Factor15",0.0222983453422785,"Protein"
"OID20581","Factor15",0.00859741307795048,"Protein"
"OID20848","Factor15",-0.00647932523861527,"Protein"
"OID21339","Factor15",0.00197466393001378,"Protein"
"OID20394","Factor15",-0.0192750748246908,"Protein"
"OID20888","Factor15",0.0110627198591828,"Protein"
"OID20290","Factor15",0.123071573674679,"Protein"
"OID20362","Factor15",0.109933987259865,"Protein"
"OID21055","Factor15",-0.081899993121624,"Protein"
"OID20071","Factor15",0.0144099676981568,"Protein"
"OID20941","Factor15",-0.0576972439885139,"Protein"
"OID21468","Factor15",-0.0488908849656582,"Protein"
"OID20878","Factor15",0.00689304154366255,"Protein"
"OID20834","Factor15",0.0330303460359573,"Protein"
"OID20414","Factor15",-0.0305373501032591,"Protein"
"OID21359","Factor15",0.015418148599565,"Protein"
"OID20702","Factor15",-0.0455836951732635,"Protein"
"OID21161","Factor15",-0.0219179708510637,"Protein"
"OID20168","Factor15",-0.0240748804062605,"Protein"
"OID21301","Factor15",0.00472692120820284,"Protein"
"OID20556","Factor15",-0.0264940373599529,"Protein"
"OID21231","Factor15",-0.051261804997921,"Protein"
"OID20525","Factor15",0.0480051301419735,"Protein"
"OID20806","Factor15",0.00604072120040655,"Protein"
"OID20502","Factor15",-0.0189070086926222,"Protein"
"OID20332","Factor15",-0.0158178638666868,"Protein"
"OID20668","Factor15",0.00688295671716332,"Protein"
"OID20208","Factor15",0.0787339359521866,"Protein"
"OID20265","Factor15",0.0267735309898853,"Protein"
"OID21400","Factor15",0.0132969208061695,"Protein"
"OID21518","Factor15",0.0345601290464401,"Protein"
"OID20348","Factor15",0.0158203523606062,"Protein"
"OID20447","Factor15",-0.0545481443405151,"Protein"
"OID20566","Factor15",-0.00394774647429585,"Protein"
"OID21318","Factor15",0.0517823696136475,"Protein"
"OID20352","Factor15",-0.0826060622930527,"Protein"
"OID20442","Factor15",-0.00563473254442215,"Protein"
"OID21458","Factor15",-0.00427313847467303,"Protein"
"OID20473","Factor15",-0.0193390790373087,"Protein"
"OID21147","Factor15",-0.0967675000429153,"Protein"
"OID20855","Factor15",0.00336496229283512,"Protein"
"OID21122","Factor15",-0.0404569432139397,"Protein"
"OID21023","Factor15",0.00526519026607275,"Protein"
"OID20493","Factor15",0.0339243225753307,"Protein"
"OID20852","Factor15",0.00780520169064403,"Protein"
"OID21429","Factor15",0.035446897149086,"Protein"
"OID21102","Factor15",-0.0188701283186674,"Protein"
"OID20629","Factor15",0.0080536724999547,"Protein"
"OID21070","Factor15",0.00914718583226204,"Protein"
"OID20281","Factor15",-0.108115218579769,"Protein"
"OID20651","Factor15",-0.0155689353123307,"Protein"
"OID21228","Factor15",0.0464460775256157,"Protein"
"OID20393","Factor15",0.0361530147492886,"Protein"
"OID20624","Factor15",0.025107566267252,"Protein"
"OID21090","Factor15",0.0522058233618736,"Protein"
"OID21096","Factor15",0.0352701656520367,"Protein"
"OID21194","Factor15",0.0123382974416018,"Protein"
"OID20410","Factor15",-0.0383016988635063,"Protein"
"OID21525","Factor15",0.00904671009629965,"Protein"
"OID20229","Factor15",-0.0742935612797737,"Protein"
"OID20185","Factor15",0.00789553113281727,"Protein"
"OID20131","Factor15",-0.0052440813742578,"Protein"
"OID20719","Factor15",-0.0291989520192146,"Protein"
"OID20974","Factor15",0.0469844080507755,"Protein"
"OID20170","Factor15",0.0211821477860212,"Protein"
"OID20231","Factor15",0.0456795059144497,"Protein"
"OID20897","Factor15",0.0836103931069374,"Protein"
"OID21526","Factor15",0.0572883225977421,"Protein"
"OID20416","Factor15",0.00252672005444765,"Protein"
"OID20654","Factor15",-0.0470841601490974,"Protein"
"OID20236","Factor15",0.0680284202098846,"Protein"
"OID21165","Factor15",-0.0292617566883564,"Protein"
"OID21424","Factor15",-0.0118567375466228,"Protein"
"OID21308","Factor15",-0.00093103403924033,"Protein"
"OID20388","Factor15",-0.00914340373128653,"Protein"
"OID20994","Factor15",-0.00806569028645754,"Protein"
"OID20747","Factor15",0.0313531905412674,"Protein"
"OID20346","Factor15",0.144027948379517,"Protein"
"OID21362","Factor15",-0.130394592881203,"Protein"
"OID21345","Factor15",0.0105245681479573,"Protein"
"OID20621","Factor15",0.0141090424731374,"Protein"
"OID20076","Factor15",0.0366768017411232,"Protein"
"OID21303","Factor15",0.0171281676739454,"Protein"
"OID20835","Factor15",-0.0859838724136353,"Protein"
"OID20948","Factor15",0.00363052287138999,"Protein"
"OID20565","Factor15",0.00184932979755104,"Protein"
"OID20397","Factor15",0.0572528652846813,"Protein"
"OID20235","Factor15",-0.0550554506480694,"Protein"
"OID20255","Factor15",-0.055304042994976,"Protein"
"OID20367","Factor15",0.0179496929049492,"Protein"
"OID20982","Factor15",-0.0354619547724724,"Protein"
"OID20611","Factor15",-0.027185320854187,"Protein"
"OID20706","Factor15",-0.0566952340304852,"Protein"
"OID20773","Factor15",0.0440949946641922,"Protein"
"OID20270","Factor15",0.0382492914795876,"Protein"
"OID20199","Factor15",-0.0232377089560032,"Protein"
"OID20377","Factor15",0.0451056025922298,"Protein"
"OID20555","Factor15",-0.0232559777796268,"Protein"
"OID21240","Factor15",-0.0114553086459637,"Protein"
"OID21130","Factor15",-0.0464434623718262,"Protein"
"OID21028","Factor15",0.0174452662467957,"Protein"
"OID20531","Factor15",0.00661132717505097,"Protein"
"OID20130","Factor15",0.0104805054143071,"Protein"
"OID20133","Factor15",-0.0250617135316133,"Protein"
"OID20481","Factor15",-0.0525787509977818,"Protein"
"OID20238","Factor15",-0.0238037202507257,"Protein"
"OID20358","Factor15",-0.0182830393314362,"Protein"
"OID21322","Factor15",-0.00635911803692579,"Protein"
"OID20194","Factor15",-0.0268281325697899,"Protein"
"OID20353","Factor15",0.00585739966481924,"Protein"
"OID20145","Factor15",0.000797268061432987,"Protein"
"OID20132","Factor15",0.0347985774278641,"Protein"
"OID21353","Factor15",0.00777728157117963,"Protein"
"OID21230","Factor15",-0.0143375052139163,"Protein"
"OID20513","Factor15",0.0169969666749239,"Protein"
"OID20082","Factor15",-0.00964597705751657,"Protein"
"OID21136","Factor15",-0.0496477298438549,"Protein"
"OID20380","Factor15",-0.0230146665126085,"Protein"
"OID20914","Factor15",-0.0723209232091904,"Protein"
"OID20204","Factor15",0.141601517796516,"Protein"
"OID20637","Factor15",-0.0845704078674316,"Protein"
"OID20464","Factor15",0.0196248106658459,"Protein"
"OID20957","Factor15",0.0213034804910421,"Protein"
"OID21052","Factor15",-0.00305683980695903,"Protein"
"OID20213","Factor15",-0.0181879550218582,"Protein"
"OID21366","Factor15",-0.0262809433043003,"Protein"
"OID20733","Factor15",0.0286603011190891,"Protein"
"OID21252","Factor15",0.000710872816853225,"Protein"
"OID20755","Factor15",-0.000713773944880813,"Protein"
"OID20360","Factor15",-0.00939715374261141,"Protein"
"OID20172","Factor15",-0.0647683590650558,"Protein"
"OID21474","Factor15",-0.0436184369027615,"Protein"
"OID20337","Factor15",0.0156386848539114,"Protein"
"OID20487","Factor15",-0.11454850435257,"Protein"
"OID20374","Factor15",-0.069994293153286,"Protein"
"OID20754","Factor15",-0.000657464901451021,"Protein"
"OID20575","Factor15",-0.0216276552528143,"Protein"
"OID20909","Factor15",-0.00132064649369568,"Protein"
"OID20626","Factor15",-0.0155318165197968,"Protein"
"OID20396","Factor15",0.0129990950226784,"Protein"
"OID20462","Factor15",-0.0831731706857681,"Protein"
