"ID","Description","GeneRatio","BgRatio","RichFactor","FoldEnrichment","zScore","pvalue","p.adjust","qvalue","geneID","Count"
"GO:0030278","regulation of ossification","6/146","17/1372",0.352941176470588,3.31668009669621,3.31566619014947,0.00600257933331288,0.999999950389579,0.999999950389579,"CCN3/DLK1/FGF23/SFRP1/BMP4/CCN1",6
"GO:0051216","cartilage development","8/146","29/1372",0.275862068965517,2.59234766178555,2.98984591675855,0.00831832609974061,0.999999950389579,0.999999950389579,"CCN3/ACVRL1/EFEMP1/NPPC/TGFBR2/OGN/BMP4/GHRL",8
"GO:0022600","digestive system process","6/146","19/1372",0.315789473684211,2.96755587599135,2.97923592989887,0.0109880109318312,0.999999950389579,0.999999950389579,"NPPC/TFF2/TFF1/TFF3/FABP2/GHRL",6
"GO:0061448","connective tissue development","9/146","37/1372",0.243243243243243,2.28582006664198,2.73520794002549,0.0124582769464385,0.999999950389579,0.999999950389579,"CCN3/ACVRL1/EFEMP1/NPPC/ACTA2/TGFBR2/OGN/BMP4/GHRL",9
"GO:0009887","animal organ morphogenesis","14/146","71/1372",0.197183098591549,1.85298089909319,2.54612518264888,0.0140478990713974,0.999999950389579,0.999999950389579,"ACVRL1/EFEMP1/MFAP5/NPPC/ACTA2/COL9A1/TGFBR2/MMP13/RELT/KLK4/TGFBR3/FLRT2/COMP/BMP4",14
"GO:0048705","skeletal system morphogenesis","4/146","10/1372",0.4,3.75890410958904,3.02063306824635,0.0154939339585157,0.999999950389579,0.999999950389579,"NPPC/TGFBR2/MMP13/BMP4",4
"GO:0060391","positive regulation of SMAD protein signal transduction","4/146","10/1372",0.4,3.75890410958904,3.02063306824635,0.0154939339585157,0.999999950389579,0.999999950389579,"ACVRL1/TGFBR2/TGFBR3/BMP4",4
"GO:0060390","regulation of SMAD protein signal transduction","5/146","15/1372",0.333333333333333,3.1324200913242,2.86469501035922,0.0158282836473108,0.999999950389579,0.999999950389579,"CCN3/ACVRL1/TGFBR2/TGFBR3/BMP4",5
"GO:0090100","positive regulation of transmembrane receptor protein serine/threonine kinase signaling pathway","5/146","15/1372",0.333333333333333,3.1324200913242,2.86469501035922,0.0158282836473108,0.999999950389579,0.999999950389579,"ACVRL1/TGFBR2/TGFBR3/BMP4/CCN1",5
"GO:1901343","negative regulation of vasculature development","7/146","27/1372",0.259259259259259,2.4363267376966,2.60030268960634,0.0190108131534636,0.999999950389579,0.999999950389579,"THBS4/HSPG2/NPPB/PRL/CD160/GHRL/ANGPTL7",7
"GO:0002062","chondrocyte differentiation","5/146","16/1372",0.3125,2.93664383561644,2.68800346721031,0.0210903906969874,0.999999950389579,0.999999950389579,"CCN3/ACVRL1/EFEMP1/NPPC/BMP4",5
"GO:0071772","response to BMP","7/146","29/1372",0.241379310344828,2.26830420406235,2.38141094230101,0.027862680116497,0.999999950389579,0.999999950389579,"ACVRL1/MICOS10-NBL1/NBL1/TGFBR3/SFRP1/BMP4/CCN1",7
"GO:0071773","cellular response to BMP stimulus","7/146","29/1372",0.241379310344828,2.26830420406235,2.38141094230101,0.027862680116497,0.999999950389579,0.999999950389579,"ACVRL1/MICOS10-NBL1/NBL1/TGFBR3/SFRP1/BMP4/CCN1",7
"GO:0030282","bone mineralization","4/146","12/1372",0.333333333333333,3.1324200913242,2.55943352771268,0.0308311110255974,0.999999950389579,0.999999950389579,"MMP13/FGF23/BMP4/CCN1",4
"GO:0048009","insulin-like growth factor receptor signaling pathway","4/146","12/1372",0.333333333333333,3.1324200913242,2.55943352771268,0.0308311110255974,0.999999950389579,0.999999950389579,"GH1/CDH3/IGFBP1/IGFBP4",4
"GO:0030510","regulation of BMP signaling pathway","5/146","18/1372",0.277777777777778,2.6103500761035,2.37245038449963,0.0347424402781834,0.999999950389579,0.999999950389579,"ACVRL1/MICOS10-NBL1/NBL1/BMP4/CCN1",5
"GO:0060395","SMAD protein signal transduction","5/146","18/1372",0.277777777777778,2.6103500761035,2.37245038449963,0.0347424402781834,0.999999950389579,0.999999950389579,"CCN3/ACVRL1/TGFBR2/TGFBR3/BMP4",5
"GO:0031214","biomineral tissue development","6/146","24/1372",0.25,2.34931506849315,2.30050915196245,0.034842899076378,0.999999950389579,0.999999950389579,"CDON/MMP13/KLK4/FGF23/BMP4/CCN1",6
"GO:0001501","skeletal system development","11/146","58/1372",0.189655172413793,1.78223901747756,2.09993430718773,0.0370841099087918,0.999999950389579,0.999999950389579,"CCN3/ACVRL1/EFEMP1/NPPC/TGFBR2/GH1/MMP13/OGN/COMP/BMP4/GHRL",11
"GO:0090092","regulation of transmembrane receptor protein serine/threonine kinase signaling pathway","9/146","44/1372",0.204545454545455,1.92216687422167,2.14479969146983,0.0370890300140252,0.999999950389579,0.999999950389579,"CCN3/ACVRL1/TGFBR2/CDH3/MICOS10-NBL1/NBL1/TGFBR3/BMP4/CCN1",9
"GO:1901342","regulation of vasculature development","15/146","89/1372",0.168539325842697,1.5838079113437,1.96472409492183,0.042863945647768,0.999999950389579,0.999999950389579,"THBS4/HSPG2/NPPB/EPHA1/PRL/CD160/SFRP1/GHRL/ADM/TNFRSF12A/CCL24/HSPB6/ANGPTL7/GPNMB/ANGPT2",15
"GO:0050673","epithelial cell proliferation","14/146","82/1372",0.170731707317073,1.60441029067825,1.94712503742273,0.0451508260414529,0.999999950389579,0.999999950389579,"CCN3/ACVRL1/THBS4/MMP12/PRL/CDH3/TGFBR3/SFRP1/KLK8/BMP4/GHRL/REG3A/CCL24/TGFA",14
"GO:0032963","collagen metabolic process","7/146","32/1372",0.21875,2.05565068493151,2.08445605660192,0.0458121349988868,0.999999950389579,0.999999950389579,"NPPC/MMP12/CTSB/MMP13/BMP4/TNXB/PCOLCE",7
"GO:0051093","negative regulation of developmental process","18/146","114/1372",0.157894736842105,1.48377793799567,1.86083593579819,0.0494667163500907,0.999999950389579,0.999999950389579,"CCN3/CDON/ACVRL1/THBS4/EFEMP1/NPPC/HSPG2/NPPB/DLK1/PRL/CDH3/CD160/FGF23/SFRP1/BMP4/GHRL/REG3A/ANGPTL7",18
"GO:0003002","regionalization","6/146","26/1372",0.230769230769231,2.16859852476291,2.07529288897725,0.0499029544993177,0.999999950389579,0.999999950389579,"ACVRL1/TGFBR2/MICOS10-NBL1/NBL1/SFRP1/BMP4",6
"GO:0007586","digestion","6/146","26/1372",0.230769230769231,2.16859852476291,2.07529288897725,0.0499029544993177,0.999999950389579,0.999999950389579,"NPPC/TFF2/TFF1/TFF3/FABP2/GHRL",6
"GO:0016525","negative regulation of angiogenesis","6/146","26/1372",0.230769230769231,2.16859852476291,2.07529288897725,0.0499029544993177,0.999999950389579,0.999999950389579,"THBS4/HSPG2/NPPB/PRL/CD160/GHRL",6
"GO:0060348","bone development","6/146","26/1372",0.230769230769231,2.16859852476291,2.07529288897725,0.0499029544993177,0.999999950389579,0.999999950389579,"NPPC/GH1/MMP13/OGN/BMP4/GHRL",6
"GO:2000181","negative regulation of blood vessel morphogenesis","6/146","26/1372",0.230769230769231,2.16859852476291,2.07529288897725,0.0499029544993177,0.999999950389579,0.999999950389579,"THBS4/HSPG2/NPPB/PRL/CD160/GHRL",6
"GO:2000026","regulation of multicellular organismal development","32/146","229/1372",0.139737991266376,1.31315427409224,1.79103012091588,0.0502260294923358,0.999999950389579,0.999999950389579,"CDON/ACVRL1/THBS4/EFEMP1/HSPG2/NPPB/EPHA1/DLK1/TGFBR2/PRL/IL7R/CDH3/CD160/JAM2/FGF23/TGFBR3/SFRP1/BMP4/GHRL/ADM/TNFRSF12A/WFDC2/REG3A/CCL24/CLSTN2/HSPB6/TNFRSF21/ANGPTL7/CCN1/GPNMB/ANGPT2/TNFRSF11A",32
"GO:0048513","animal organ development","38/146","281/1372",0.135231316725979,1.27080388046605,1.75608522165445,0.0522670712436062,0.999999950389579,0.999999950389579,"CCN3/CDON/ACVRL1/EFEMP1/MFAP5/NPPC/HSPG2/NPPB/ACTA2/COL9A1/TGFBR2/GH1/CGA/PRL/MMP13/CDH3/ROR1/RELT/MEGF10/KLK4/OGN/FGF23/TGFBR3/FLRT2/SFRP1/COMP/BMP4/GHRL/WFDC2/REG3A/COL6A3/SFTPD/ANGPTL7/ITGA11/CCN1/ANGPT2/TNFRSF11A/MDGA1",38
"GO:0070167","regulation of biomineral tissue development","4/146","14/1372",0.285714285714286,2.68493150684932,2.18598060503108,0.0527050310325328,0.999999950389579,0.999999950389579,"CDON/FGF23/BMP4/CCN1",4
"GO:0009755","hormone-mediated signaling pathway","5/146","20/1372",0.25,2.34931506849315,2.09695901657515,0.0528523396652952,0.999999950389579,0.999999950389579,"CGA/PRL/TSHB/SFRP1/GHRL",5
"GO:0009743","response to carbohydrate","7/146","33/1372",0.212121212121212,1.99335823993358,1.99261089345399,0.0531383108311553,0.999999950389579,0.999999950389579,"LCN2/CLEC7A/COLEC12/PTPRN2/GHRL/COL6A3/ANGPT2",7
"GO:0050679","positive regulation of epithelial cell proliferation","9/146","47/1372",0.191489361702128,1.79947537161178,1.92395982704497,0.0540646489758565,0.999999950389579,0.999999950389579,"ACVRL1/THBS4/MMP12/CDH3/BMP4/GHRL/REG3A/CCL24/TGFA",9
"GO:0050678","regulation of epithelial cell proliferation","12/146","69/1372",0.173913043478261,1.63430613460393,1.86509590840066,0.0545699729244636,0.999999950389579,0.999999950389579,"ACVRL1/THBS4/MMP12/PRL/CDH3/TGFBR3/SFRP1/BMP4/GHRL/REG3A/CCL24/TGFA",12
"GO:0030509","BMP signaling pathway","6/146","27/1372",0.222222222222222,2.0882800608828,1.97020461646259,0.0587292805981331,0.999999950389579,0.999999950389579,"ACVRL1/MICOS10-NBL1/NBL1/TGFBR3/BMP4/CCN1",6
"GO:0031669","cellular response to nutrient levels","6/146","27/1372",0.222222222222222,2.0882800608828,1.97020461646259,0.0587292805981331,0.999999950389579,0.999999950389579,"CDON/LCN2/FAS/FGF23/SFRP1/TNFRSF11A",6
"GO:0009653","anatomical structure morphogenesis","41/146","310/1372",0.132258064516129,1.24286345558992,1.67660469830736,0.0601884815914227,0.999999950389579,0.999999950389579,"CCN3/LCN2/ACVRL1/THBS4/EFEMP1/MFAP5/BOC/NPPC/MMP12/HSPG2/NPPB/CD93/EPHA1/ACTA2/COL9A1/TGFBR2/PRL/GFRA3/MMP13/CDH3/MICOS10-NBL1/CD160/RELT/TSHB/KLK4/CDH6/NBL1/TGFBR3/CPM/FLRT2/SFRP1/COMP/KLK8/BMP4/GHRL/ADM/TNFRSF12A/CCL24/HSPB6/GPNMB/ANGPT2",41
"GO:0001894","tissue homeostasis","8/146","41/1372",0.195121951219512,1.83361176077514,1.86946205222673,0.0615536855004015,0.999999950389579,0.999999950389579,"TFF2/DLK1/TFF1/TFF3/CDH3/JAM2/COMP/TNFRSF11A",8
"GO:0007156","homophilic cell-cell adhesion","8/146","41/1372",0.195121951219512,1.83361176077514,1.86946205222673,0.0615536855004015,0.999999950389579,0.999999950389579,"CDH3/CDH6/ICAM5/CEACAM8/NECTIN4/CLSTN2/DSC2/DSG3",8
"GO:0060249","anatomical structure homeostasis","8/146","41/1372",0.195121951219512,1.83361176077514,1.86946205222673,0.0615536855004015,0.999999950389579,0.999999950389579,"TFF2/DLK1/TFF1/TFF3/CDH3/JAM2/COMP/TNFRSF11A",8
"GO:0007155","cell adhesion","46/146","355/1372",0.129577464788732,1.21767316226124,1.643268411167,0.0631883135625228,0.999999950389579,0.999999950389579,"CCN3/MOG/CDON/ACVRL1/THBS4/BOC/MMP12/CD93/EPHA1/ITGB7/TGFBR2/IL7R/CDH3/CD160/CD99/MUC16/MEGF10/JAM2/CDH6/LGALS4/ICAM5/ADAM22/FLRT2/SFRP1/COMP/BMP4/CEACAM8/TNFRSF12A/REG3A/TNXB/NECTIN4/COL6A3/CLSTN2/SFTPD/TNFRSF21/CLEC4A/ITGA11/XG/DSC2/CCN1/GPNMB/SCARF2/SPON1/ADAM23/MDGA1/DSG3",46
"GO:0015908","fatty acid transport","5/146","21/1372",0.238095238095238,2.23744292237443,1.97131973230368,0.0636301664640148,0.999999950389579,0.999999950389579,"FABP1/RBP2/RBP5/FABP2/TNFRSF11A",5
"GO:0045765","regulation of angiogenesis","14/146","86/1372",0.162790697674419,1.5297865562281,1.75057045738626,0.0638367451535736,0.999999950389579,0.999999950389579,"THBS4/HSPG2/NPPB/EPHA1/PRL/CD160/SFRP1/GHRL/ADM/TNFRSF12A/CCL24/HSPB6/GPNMB/ANGPT2",14
"GO:0050922","negative regulation of chemotaxis","4/146","15/1372",0.266666666666667,2.50593607305936,2.02307583386825,0.0661147573544317,0.999999950389579,0.999999950389579,"CCN3/MICOS10-NBL1/NBL1/ANGPT2",4
"GO:0050793","regulation of developmental process","42/146","322/1372",0.130434782608696,1.22572960095295,1.59724567319655,0.0695694183455917,0.999999950389579,0.999999950389579,"CCN3/CDON/LCN2/ACVRL1/THBS4/EFEMP1/BOC/NPPC/HSPG2/NPPB/EPHA1/DLK1/TGFBR2/GH1/PRL/IL7R/CDH3/MICOS10-NBL1/CD160/CLEC7A/MEGF10/JAM2/NBL1/FGF23/TGFBR3/SFRP1/BMP4/GHRL/ADM/TNFRSF12A/WFDC2/REG3A/CCL24/TNXB/CLSTN2/HSPB6/TNFRSF21/ANGPTL7/CCN1/GPNMB/ANGPT2/TNFRSF11A",42
"GO:0001944","vasculature development","24/146","169/1372",0.142011834319527,1.33452216908487,1.60208429448566,0.0743730918280489,0.999999950389579,0.999999950389579,"CCN3/ACVRL1/THBS4/NPPC/HSPG2/NPPB/CD93/EPHA1/ACTA2/TGFBR2/PRL/CD160/TGFBR3/SFRP1/BMP4/GHRL/ADM/TNFRSF12A/WFDC2/CCL24/HSPB6/ANGPTL7/GPNMB/ANGPT2",24
"GO:0045667","regulation of osteoblast differentiation","5/146","22/1372",0.227272727272727,2.13574097135741,1.85256591551172,0.0755544307978618,0.999999950389579,0.999999950389579,"NPPC/DLK1/FGF23/BMP4/CCN1",5
"GO:0048771","tissue remodeling","7/146","36/1372",0.194444444444444,1.82724505327245,1.73513040619035,0.0793379153032812,0.999999950389579,0.999999950389579,"ACVRL1/THBS4/NPPC/DLK1/SFRP1/GPNMB/TNFRSF11A",7
"GO:0031670","cellular response to nutrient","3/146","10/1372",0.3,2.81917808219178,1.99175805095886,0.0809548321730921,0.999999950389579,0.999999950389579,"CDON/FGF23/SFRP1",3
"GO:0034332","adherens junction organization","3/146","10/1372",0.3,2.81917808219178,1.99175805095886,0.0809548321730921,0.999999950389579,0.999999950389579,"CDH3/CDH6/DSG3",3
"GO:0043616","keratinocyte proliferation","3/146","10/1372",0.3,2.81917808219178,1.99175805095886,0.0809548321730921,0.999999950389579,0.999999950389579,"CDH3/KLK8/REG3A",3
"GO:0061035","regulation of cartilage development","3/146","10/1372",0.3,2.81917808219178,1.99175805095886,0.0809548321730921,0.999999950389579,0.999999950389579,"ACVRL1/EFEMP1/BMP4",3
"GO:0071676","negative regulation of mononuclear cell migration","3/146","10/1372",0.3,2.81917808219178,1.99175805095886,0.0809548321730921,0.999999950389579,0.999999950389579,"CCN3/MICOS10-NBL1/NBL1",3
"GO:1902624","positive regulation of neutrophil migration","3/146","10/1372",0.3,2.81917808219178,1.99175805095886,0.0809548321730921,0.999999950389579,0.999999950389579,"THBS4/CD99/XG",3
"GO:0008593","regulation of Notch signaling pathway","4/146","16/1372",0.25,2.34931506849315,1.87280878175219,0.0811228795735798,0.999999950389579,0.999999950389579,"CCN3/ACVRL1/DLK1/DTX3",4
"GO:0031644","regulation of nervous system process","4/146","16/1372",0.25,2.34931506849315,1.87280878175219,0.0811228795735798,0.999999950389579,0.999999950389579,"CCN3/JAM2/GHRL/TNFRSF21",4
"GO:0003007","heart morphogenesis","5/146","23/1372",0.217391304347826,2.04288266825491,1.73997622172236,0.088606347783527,0.999999950389579,0.999999950389579,"ACVRL1/TGFBR2/TGFBR3/FLRT2/BMP4",5
"GO:0019730","antimicrobial humoral response","11/146","67/1372",0.164179104477612,1.54283377632386,1.57162499907244,0.0904383437325884,0.999999950389579,0.999999950389579,"NPPB/CCL17/WFDC12/CCL16/CCL14/ADM/WFDC2/REG3A/CCL24/REG1A/REG1B",11
"GO:0030198","extracellular matrix organization","11/146","67/1372",0.164179104477612,1.54283377632386,1.57162499907244,0.0904383437325884,0.999999950389579,0.999999950389579,"CCN3/MMP12/COL9A1/TPSAB1/MMP13/COLEC12/KLK4/TGFBR3/FLRT2/TNXB/ANGPTL7",11
"GO:0043062","extracellular structure organization","11/146","67/1372",0.164179104477612,1.54283377632386,1.57162499907244,0.0904383437325884,0.999999950389579,0.999999950389579,"CCN3/MMP12/COL9A1/TPSAB1/MMP13/COLEC12/KLK4/TGFBR3/FLRT2/TNXB/ANGPTL7",11
"GO:0045229","external encapsulating structure organization","11/146","67/1372",0.164179104477612,1.54283377632386,1.57162499907244,0.0904383437325884,0.999999950389579,0.999999950389579,"CCN3/MMP12/COL9A1/TPSAB1/MMP13/COLEC12/KLK4/TGFBR3/FLRT2/TNXB/ANGPTL7",11
"GO:0006953","acute-phase response","4/146","17/1372",0.235294117647059,2.21112006446414,1.73337262045031,0.0976600798223165,0.999999950389579,0.999999950389579,"LCN2/IL10RB/REG3A/TNFRSF11A",4
"GO:0001525","angiogenesis","21/146","149/1372",0.140939597315436,1.32444607888204,1.44701274298704,0.0984831685272265,0.999999950389579,0.999999950389579,"CCN3/ACVRL1/THBS4/NPPC/HSPG2/NPPB/CD93/EPHA1/TGFBR2/PRL/CD160/TGFBR3/SFRP1/BMP4/GHRL/ADM/TNFRSF12A/CCL24/HSPB6/GPNMB/ANGPT2",21
"GO:0001649","osteoblast differentiation","7/146","38/1372",0.184210526315789,1.73107426099495,1.57661370576702,0.100346414032962,0.999999950389579,0.999999950389579,"NPPC/DLK1/FGF23/SFRP1/BMP4/ITGA11/CCN1",7
"GO:0048731","system development","55/146","448/1372",0.122767857142857,1.15368150684932,1.36733380688467,0.102074754413009,0.999999950389579,0.999999950389579,"CCN3/MOG/CDON/ACVRL1/THBS4/EFEMP1/MFAP5/BOC/NPPC/HSPG2/NPPB/CD93/EPHA1/ACTA2/TGFBR2/GH1/CGA/PRL/GFRA3/CRTAC1/MMP13/MICOS10-NBL1/CD160/NCS1/JAM2/OGN/CLMP/NBL1/FGF23/ICAM5/TGFBR3/ADAM22/FLRT2/SFRP1/COMP/KLK8/BMP4/GHRL/ADM/TNFRSF12A/WFDC2/CCL24/TNXB/FGF21/CLSTN2/SFTPD/HSPB6/CLC/TNFRSF21/ANGPTL7/GPNMB/ANGPT2/ADAM23/TNFRSF11A/MDGA1",55
"GO:0007517","muscle organ development","5/146","24/1372",0.208333333333333,1.95776255707763,1.63293331514086,0.102754623759092,0.999999950389579,0.999999950389579,"MEGF10/TGFBR3/BMP4/COL6A3/ITGA11",5
"GO:0034103","regulation of tissue remodeling","5/146","24/1372",0.208333333333333,1.95776255707763,1.63293331514086,0.102754623759092,0.999999950389579,0.999999950389579,"THBS4/DLK1/SFRP1/GPNMB/TNFRSF11A",5
"GO:0050680","negative regulation of epithelial cell proliferation","5/146","24/1372",0.208333333333333,1.95776255707763,1.63293331514086,0.102754623759092,0.999999950389579,0.999999950389579,"ACVRL1/PRL/TGFBR3/SFRP1/GHRL",5
"GO:0051963","regulation of synapse assembly","5/146","24/1372",0.208333333333333,1.95776255707763,1.63293331514086,0.102754623759092,0.999999950389579,0.999999950389579,"CRTAC1/ICAM5/GHRL/CLSTN2/MDGA1",5
"GO:0003279","cardiac septum development","3/146","11/1372",0.272727272727273,2.56288916562889,1.79533451710206,0.10292532637011,0.999999950389579,0.999999950389579,"TGFBR2/TGFBR3/BMP4",3
"GO:0009799","specification of symmetry","3/146","11/1372",0.272727272727273,2.56288916562889,1.79533451710206,0.10292532637011,0.999999950389579,0.999999950389579,"TGFBR2/MICOS10-NBL1/NBL1",3
"GO:0009855","determination of bilateral symmetry","3/146","11/1372",0.272727272727273,2.56288916562889,1.79533451710206,0.10292532637011,0.999999950389579,0.999999950389579,"TGFBR2/MICOS10-NBL1/NBL1",3
"GO:0030858","positive regulation of epithelial cell differentiation","3/146","11/1372",0.272727272727273,2.56288916562889,1.79533451710206,0.10292532637011,0.999999950389579,0.999999950389579,"ACVRL1/BMP4/WFDC2",3
"GO:0032964","collagen biosynthetic process","3/146","11/1372",0.272727272727273,2.56288916562889,1.79533451710206,0.10292532637011,0.999999950389579,0.999999950389579,"NPPC/BMP4/PCOLCE",3
"GO:0033280","response to vitamin D","3/146","11/1372",0.272727272727273,2.56288916562889,1.79533451710206,0.10292532637011,0.999999950389579,0.999999950389579,"CDON/FGF23/SFRP1",3
"GO:0042476","odontogenesis","3/146","11/1372",0.272727272727273,2.56288916562889,1.79533451710206,0.10292532637011,0.999999950389579,0.999999950389579,"RELT/KLK4/BMP4",3
"GO:0045445","myoblast differentiation","3/146","11/1372",0.272727272727273,2.56288916562889,1.79533451710206,0.10292532637011,0.999999950389579,0.999999950389579,"BOC/MEGF10/BMP4",3
"GO:0045669","positive regulation of osteoblast differentiation","3/146","11/1372",0.272727272727273,2.56288916562889,1.79533451710206,0.10292532637011,0.999999950389579,0.999999950389579,"NPPC/BMP4/CCN1",3
"GO:0048562","embryonic organ morphogenesis","3/146","11/1372",0.272727272727273,2.56288916562889,1.79533451710206,0.10292532637011,0.999999950389579,0.999999950389579,"EFEMP1/MFAP5/TGFBR2",3
"GO:0051260","protein homooligomerization","3/146","11/1372",0.272727272727273,2.56288916562889,1.79533451710206,0.10292532637011,0.999999950389579,0.999999950389579,"SCARA5/ICAM5/COMP",3
"GO:0060411","cardiac septum morphogenesis","3/146","11/1372",0.272727272727273,2.56288916562889,1.79533451710206,0.10292532637011,0.999999950389579,0.999999950389579,"TGFBR2/TGFBR3/BMP4",3
"GO:0001503","ossification","10/146","61/1372",0.163934426229508,1.54053447114305,1.48983058932472,0.104669697591642,0.999999950389579,0.999999950389579,"CCN3/NPPC/DLK1/MMP13/FGF23/SFRP1/BMP4/ITGA11/CCN1/TNFRSF11A",10
"GO:1901888","regulation of cell junction assembly","8/146","46/1372",0.173913043478261,1.63430613460393,1.50957948656641,0.106898943831287,0.999999950389579,0.999999950389579,"ACVRL1/CRTAC1/ICAM5/SFRP1/GHRL/CLSTN2/MDGA1/DSG3",8
"GO:0001568","blood vessel development","22/146","160/1372",0.1375,1.29212328767123,1.35620325169856,0.113216072606251,0.999999950389579,0.999999950389579,"CCN3/ACVRL1/THBS4/NPPC/HSPG2/NPPB/CD93/EPHA1/ACTA2/TGFBR2/PRL/CD160/TGFBR3/SFRP1/BMP4/GHRL/ADM/TNFRSF12A/CCL24/HSPB6/GPNMB/ANGPT2",22
"GO:0046427","positive regulation of receptor signaling pathway via JAK-STAT","4/146","18/1372",0.222222222222222,2.0882800608828,1.60331004245486,0.115636548263497,0.999999950389579,0.999999950389579,"IL10RB/GH1/PRL/IL7R",4
"GO:0007389","pattern specification process","6/146","32/1372",0.1875,1.76198630136986,1.50459520711736,0.115934103679171,0.999999950389579,0.999999950389579,"ACVRL1/TGFBR2/MICOS10-NBL1/NBL1/SFRP1/BMP4",6
"GO:0072359","circulatory system development","25/146","187/1372",0.133689839572193,1.25631821844554,1.30104112378235,0.121684447522318,0.999999950389579,0.999999950389579,"CCN3/ACVRL1/THBS4/NPPC/HSPG2/NPPB/CD93/EPHA1/ACTA2/TGFBR2/PRL/CD160/TGFBR3/FLRT2/SFRP1/BMP4/GHRL/ADM/TNFRSF12A/WFDC2/CCL24/HSPB6/ANGPTL7/GPNMB/ANGPT2",25
"GO:0003151","outflow tract morphogenesis","3/146","12/1372",0.25,2.34931506849315,1.61951307802804,0.126956731484947,0.999999950389579,0.999999950389579,"TGFBR2/TGFBR3/BMP4",3
"GO:0003231","cardiac ventricle development","3/146","12/1372",0.25,2.34931506849315,1.61951307802804,0.126956731484947,0.999999950389579,0.999999950389579,"TGFBR2/TGFBR3/BMP4",3
"GO:0038066","p38MAPK cascade","3/146","12/1372",0.25,2.34931506849315,1.61951307802804,0.126956731484947,0.999999950389579,0.999999950389579,"BMP4/DSC2/DSG3",3
"GO:0055001","muscle cell development","3/146","12/1372",0.25,2.34931506849315,1.61951307802804,0.126956731484947,0.999999950389579,0.999999950389579,"MEGF10/BMP4/ADM",3
"GO:0035295","tube development","25/146","188/1372",0.132978723404255,1.2496356747304,1.27104124306681,0.127479454698965,0.999999950389579,0.999999950389579,"CCN3/LCN2/ACVRL1/THBS4/NPPC/HSPG2/NPPB/CD93/EPHA1/TGFBR2/PRL/CD160/CLMP/TGFBR3/SFRP1/BMP4/GHRL/ADM/TNFRSF12A/WFDC2/CCL24/SFTPD/HSPB6/GPNMB/ANGPT2",25
"GO:0048514","blood vessel morphogenesis","21/146","154/1372",0.136363636363636,1.28144458281445,1.27873199085243,0.128354684380459,0.999999950389579,0.999999950389579,"CCN3/ACVRL1/THBS4/NPPC/HSPG2/NPPB/CD93/EPHA1/TGFBR2/PRL/CD160/TGFBR3/SFRP1/BMP4/GHRL/ADM/TNFRSF12A/CCL24/HSPB6/GPNMB/ANGPT2",21
"GO:0071356","cellular response to tumor necrosis factor","8/146","48/1372",0.166666666666667,1.5662100456621,1.37753967716719,0.129144865855582,0.999999950389579,0.999999950389579,"LCN2/FAS/TNFRSF19/SFRP1/TNFRSF21/TNFRSF4/EDA2R/TNFRSF11A",8
"GO:0009725","response to hormone","18/146","129/1372",0.13953488372093,1.31124561962408,1.28118681044789,0.130225646823554,0.999999950389579,0.999999950389579,"TFF1/USP8/GH1/CGA/PRL/CTSB/SCGB1A1/TSHB/PTGDS/IGFBP1/FGF23/TGFBR3/SFRP1/GHRL/REG3A/REG1A/TNFRSF11A/REG1B",18
"GO:0006959","humoral immune response","13/146","88/1372",0.147727272727273,1.38823163138232,1.29867255094204,0.132642401234029,0.999999950389579,0.999999950389579,"NPPB/CCL17/CR2/WFDC12/CCL16/CCL14/ADM/WFDC2/REG3A/CCL24/TNFRSF21/REG1A/REG1B",13
"GO:0009719","response to endogenous stimulus","31/146","241/1372",0.128630705394191,1.2087762178139,1.23142556260259,0.132846807458291,0.999999950389579,0.999999950389579,"CCN3/LCN2/ACVRL1/TFF1/ACTA2/USP8/TGFBR2/GH1/CGA/PRL/CTSB/CDH3/MICOS10-NBL1/SCGB1A1/TSHB/PTGDS/IGFBP1/NBL1/FGF23/TGFBR3/FLRT2/SFRP1/BMP4/GHRL/REG3A/FGF21/CCN1/REG1A/ANGPT2/TNFRSF11A/REG1B",31
"GO:0030336","negative regulation of cell migration","10/146","64/1372",0.15625,1.46832191780822,1.32367241617266,0.133519298967914,0.999999950389579,0.999999950389579,"CCN3/ACVRL1/EPHA1/MICOS10-NBL1/NBL1/TGFBR3/SFRP1/BMP4/ANGPT2/DSG3",10
"GO:0009746","response to hexose","5/146","26/1372",0.192307692307692,1.80716543730242,1.43343043548835,0.134159939811414,0.999999950389579,0.999999950389579,"LCN2/PTPRN2/GHRL/COL6A3/ANGPT2",5
"GO:0015718","monocarboxylic acid transport","5/146","26/1372",0.192307692307692,1.80716543730242,1.43343043548835,0.134159939811414,0.999999950389579,0.999999950389579,"FABP1/RBP2/RBP5/FABP2/TNFRSF11A",5
"GO:0070227","lymphocyte apoptotic process","4/146","19/1372",0.210526315789474,1.97837058399423,1.48143025169394,0.1349459837885,0.999999950389579,0.999999950389579,"FAS/BMP4/CLC/TNFRSF21",4
"GO:0048646","anatomical structure formation involved in morphogenesis","23/146","173/1372",0.132947976878613,1.24934674162642,1.21022766835785,0.140959726903166,0.999999950389579,0.999999950389579,"CCN3/ACVRL1/THBS4/NPPC/HSPG2/NPPB/CD93/EPHA1/TGFBR2/PRL/CD160/RELT/KLK4/TGFBR3/SFRP1/BMP4/GHRL/ADM/TNFRSF12A/CCL24/HSPB6/GPNMB/ANGPT2",23
"GO:0016055","Wnt signaling pathway","8/146","49/1372",0.163265306122449,1.53424657534247,1.31374109432561,0.141108636740862,0.999999950389579,0.999999950389579,"CCN3/CDON/USP8/CDH3/ROR1/IGFBP1/IGFBP4/SFRP1",8
"GO:2000146","negative regulation of cell motility","10/146","65/1372",0.153846153846154,1.44573234984194,1.27011475030458,0.144004076947755,0.999999950389579,0.999999950389579,"CCN3/ACVRL1/EPHA1/MICOS10-NBL1/NBL1/TGFBR3/SFRP1/BMP4/ANGPT2/DSG3",10
"GO:0035239","tube morphogenesis","22/146","165/1372",0.133333333333333,1.25296803652968,1.19509906642985,0.144793448341352,0.999999950389579,0.999999950389579,"CCN3/LCN2/ACVRL1/THBS4/NPPC/HSPG2/NPPB/CD93/EPHA1/TGFBR2/PRL/CD160/TGFBR3/SFRP1/BMP4/GHRL/ADM/TNFRSF12A/CCL24/HSPB6/GPNMB/ANGPT2",22
"GO:0071559","response to transforming growth factor beta","7/146","42/1372",0.166666666666667,1.5662100456621,1.28566054196015,0.150513878978444,0.999999950389579,0.999999950389579,"CCN3/ACVRL1/ACTA2/TGFBR2/CDH3/TGFBR3/SFRP1",7
"GO:0071560","cellular response to transforming growth factor beta stimulus","7/146","42/1372",0.166666666666667,1.5662100456621,1.28566054196015,0.150513878978444,0.999999950389579,0.999999950389579,"CCN3/ACVRL1/ACTA2/TGFBR2/CDH3/TGFBR3/SFRP1",7
"GO:0033209","tumor necrosis factor-mediated signaling pathway","5/146","27/1372",0.185185185185185,1.740233384069,1.34010654331884,0.151303271450796,0.999999950389579,0.999999950389579,"FAS/TNFRSF19/TNFRSF4/EDA2R/TNFRSF11A",5
"GO:1901890","positive regulation of cell junction assembly","5/146","27/1372",0.185185185185185,1.740233384069,1.34010654331884,0.151303271450796,0.999999950389579,0.999999950389579,"ACVRL1/SFRP1/GHRL/CLSTN2/DSG3",5
"GO:0007281","germ cell development","3/146","13/1372",0.230769230769231,2.16859852476291,1.46041808276071,0.152762219742086,0.999999950389579,0.999999950389579,"NPPC/JAM2/ANGPT2",3
"GO:0008543","fibroblast growth factor receptor signaling pathway","3/146","13/1372",0.230769230769231,2.16859852476291,1.46041808276071,0.152762219742086,0.999999950389579,0.999999950389579,"FGF23/FLRT2/FGF21",3
"GO:0048662","negative regulation of smooth muscle cell proliferation","3/146","13/1372",0.230769230769231,2.16859852476291,1.46041808276071,0.152762219742086,0.999999950389579,0.999999950389579,"OGN/TAFA5/BMP4",3
"GO:0070231","T cell apoptotic process","3/146","13/1372",0.230769230769231,2.16859852476291,1.46041808276071,0.152762219742086,0.999999950389579,0.999999950389579,"FAS/BMP4/CLC",3
"GO:0072012","glomerulus vasculature development","3/146","13/1372",0.230769230769231,2.16859852476291,1.46041808276071,0.152762219742086,0.999999950389579,0.999999950389579,"ACTA2/BMP4/ANGPT2",3
"GO:1902622","regulation of neutrophil migration","3/146","13/1372",0.230769230769231,2.16859852476291,1.46041808276071,0.152762219742086,0.999999950389579,0.999999950389579,"THBS4/CD99/XG",3
"GO:0061844","antimicrobial humoral immune response mediated by antimicrobial peptide","9/146","58/1372",0.155172413793103,1.45819555975437,1.23003398428267,0.154880292329852,0.999999950389579,0.999999950389579,"NPPB/CCL17/CCL16/CCL14/ADM/REG3A/CCL24/REG1A/REG1B",9
"GO:0141091","transforming growth factor beta receptor superfamily signaling pathway","9/146","58/1372",0.155172413793103,1.45819555975437,1.23003398428267,0.154880292329852,0.999999950389579,0.999999950389579,"CCN3/ACVRL1/TGFBR2/CDH3/MICOS10-NBL1/NBL1/TGFBR3/BMP4/CCN1",9
"GO:0040013","negative regulation of locomotion","10/146","66/1372",0.151515151515152,1.42382731423827,1.21741666261229,0.154907575635256,0.999999950389579,0.999999950389579,"CCN3/ACVRL1/EPHA1/MICOS10-NBL1/NBL1/TGFBR3/SFRP1/BMP4/ANGPT2/DSG3",10
"GO:0007157","heterophilic cell-cell adhesion","4/146","20/1372",0.2,1.87945205479452,1.36674892247843,0.155469394819301,0.999999950389579,0.999999950389579,"CEACAM8/REG3A/NECTIN4/SCARF2",4
"GO:0090090","negative regulation of canonical Wnt signaling pathway","4/146","20/1372",0.2,1.87945205479452,1.36674892247843,0.155469394819301,0.999999950389579,0.999999950389579,"CDON/IGFBP1/IGFBP4/SFRP1",4
"GO:0048871","multicellular organismal-level homeostasis","16/146","116/1372",0.137931034482759,1.29617383089277,1.15008722108909,0.159787952952025,0.999999950389579,0.999999950389579,"CCN3/LCN2/FAS/TFF2/DLK1/TFF1/TFF3/IL7R/CDH3/JAM2/TGFBR3/COMP/GHRL/FGF21/SFTPD/TNFRSF11A",16
"GO:0033002","muscle cell proliferation","7/146","43/1372",0.162790697674419,1.5297865562281,1.21765033066173,0.164631945755037,0.999999950389579,0.999999950389579,"CCN3/NPPC/MEGF10/OGN/TGFBR3/TAFA5/BMP4",7
"GO:0009888","tissue development","26/146","203/1372",0.12807881773399,1.203589985829,1.08404446347379,0.16764167790576,0.999999950389579,0.999999950389579,"CCN3/CDON/LCN2/ACVRL1/EFEMP1/NPPC/MMP12/NPPB/ACTA2/TGFBR2/CTSB/MMP13/CDH3/MEGF10/KLK4/RBP2/OGN/FGF23/TGFBR3/SFRP1/BMP4/GHRL/WFDC2/REG3A/CCN1/EDA2R",26
"GO:0034284","response to monosaccharide","5/146","28/1372",0.178571428571429,1.67808219178082,1.25058046479072,0.169318316704814,0.999999950389579,0.999999950389579,"LCN2/PTPRN2/GHRL/COL6A3/ANGPT2",5
"GO:0060828","regulation of canonical Wnt signaling pathway","6/146","36/1372",0.166666666666667,1.5662100456621,1.18761455584693,0.176222561110882,0.999999950389579,0.999999950389579,"CDON/USP8/CDH3/IGFBP1/IGFBP4/SFRP1",6
"GO:0007043","cell-cell junction assembly","4/146","21/1372",0.19047619047619,1.78995433789954,1.25844396195032,0.177078625020545,0.999999950389579,0.999999950389579,"ACVRL1/CDH3/CDH6/DSG3",4
"GO:0098609","cell-cell adhesion","29/146","231/1372",0.125541125541126,1.17974263179743,1.033389832669,0.178680782687586,0.999999950389579,0.999999950389579,"CCN3/CDON/THBS4/BOC/CD93/ITGB7/TGFBR2/IL7R/CDH3/CD160/CD99/MEGF10/JAM2/CDH6/ICAM5/BMP4/CEACAM8/REG3A/NECTIN4/CLSTN2/SFTPD/TNFRSF21/ITGA11/XG/DSC2/GPNMB/SCARF2/MDGA1/DSG3",29
"GO:0009913","epidermal cell differentiation","3/146","14/1372",0.214285714285714,2.01369863013699,1.31514280302683,0.180050543935601,0.999999950389579,0.999999950389579,"CDH3/BMP4/REG3A",3
"GO:0022412","cellular process involved in reproduction in multicellular organism","3/146","14/1372",0.214285714285714,2.01369863013699,1.31514280302683,0.180050543935601,0.999999950389579,0.999999950389579,"NPPC/JAM2/ANGPT2",3
"GO:0030323","respiratory tube development","3/146","14/1372",0.214285714285714,2.01369863013699,1.31514280302683,0.180050543935601,0.999999950389579,0.999999950389579,"BMP4/WFDC2/SFTPD",3
"GO:0030324","lung development","3/146","14/1372",0.214285714285714,2.01369863013699,1.31514280302683,0.180050543935601,0.999999950389579,0.999999950389579,"BMP4/WFDC2/SFTPD",3
"GO:0046850","regulation of bone remodeling","3/146","14/1372",0.214285714285714,2.01369863013699,1.31514280302683,0.180050543935601,0.999999950389579,0.999999950389579,"DLK1/SFRP1/TNFRSF11A",3
"GO:0060541","respiratory system development","3/146","14/1372",0.214285714285714,2.01369863013699,1.31514280302683,0.180050543935601,0.999999950389579,0.999999950389579,"BMP4/WFDC2/SFTPD",3
"GO:0061437","renal system vasculature development","3/146","14/1372",0.214285714285714,2.01369863013699,1.31514280302683,0.180050543935601,0.999999950389579,0.999999950389579,"ACTA2/BMP4/ANGPT2",3
"GO:0061440","kidney vasculature development","3/146","14/1372",0.214285714285714,2.01369863013699,1.31514280302683,0.180050543935601,0.999999950389579,0.999999950389579,"ACTA2/BMP4/ANGPT2",3
"GO:0061061","muscle structure development","8/146","52/1372",0.153846153846154,1.44573234984194,1.13041726352819,0.180144319676398,0.999999950389579,0.999999950389579,"CCN3/BOC/MEGF10/TGFBR3/BMP4/ADM/COL6A3/ITGA11",8
"GO:0008544","epidermis development","5/146","29/1372",0.172413793103448,1.62021728861597,1.16454099338593,0.188130903024764,0.999999950389579,0.999999950389579,"CDH3/RBP2/BMP4/REG3A/EDA2R",5
"GO:0060070","canonical Wnt signaling pathway","6/146","37/1372",0.162162162162162,1.52388004442799,1.11440231360094,0.193009412045674,0.999999950389579,0.999999950389579,"CDON/USP8/CDH3/IGFBP1/IGFBP4/SFRP1",6
"GO:0034612","response to tumor necrosis factor","8/146","53/1372",0.150943396226415,1.418454380977,1.07179956453114,0.194128241293977,0.999999950389579,0.999999950389579,"LCN2/FAS/TNFRSF19/SFRP1/TNFRSF21/TNFRSF4/EDA2R/TNFRSF11A",8
"GO:0070848","response to growth factor","18/146","137/1372",0.131386861313869,1.23467653234677,0.99872607178114,0.194338610131008,0.999999950389579,0.999999950389579,"CCN3/LCN2/ACVRL1/ACTA2/USP8/TGFBR2/CDH3/MICOS10-NBL1/SCGB1A1/NBL1/FGF23/TGFBR3/FLRT2/SFRP1/BMP4/FGF21/CCN1/ANGPT2",18
"GO:0051094","positive regulation of developmental process","27/146","216/1372",0.125,1.17465753424658,0.964684284079575,0.197313386414842,0.999999950389579,0.999999950389579,"CCN3/LCN2/ACVRL1/BOC/NPPC/EPHA1/DLK1/TGFBR2/GH1/PRL/IL7R/MICOS10-NBL1/CLEC7A/NBL1/TGFBR3/SFRP1/BMP4/GHRL/ADM/WFDC2/CCL24/TNXB/CLSTN2/HSPB6/CCN1/ANGPT2/TNFRSF11A",27
"GO:0007219","Notch signaling pathway","4/146","22/1372",0.181818181818182,1.70859277708593,1.15582237491904,0.19963955707003,0.999999950389579,0.999999950389579,"CCN3/ACVRL1/DLK1/DTX3",4
"GO:0014812","muscle cell migration","4/146","22/1372",0.181818181818182,1.70859277708593,1.15582237491904,0.19963955707003,0.999999950389579,0.999999950389579,"CCN3/THBS4/MEGF10/BMP4",4
"GO:0030073","insulin secretion","4/146","22/1372",0.181818181818182,1.70859277708593,1.15582237491904,0.19963955707003,0.999999950389579,0.999999950389579,"FAM3B/CCN3/PTPRN2/GHRL",4
"GO:0071322","cellular response to carbohydrate stimulus","4/146","22/1372",0.181818181818182,1.70859277708593,1.15582237491904,0.19963955707003,0.999999950389579,0.999999950389579,"CLEC7A/COLEC12/PTPRN2/GHRL",4
"GO:1904894","positive regulation of receptor signaling pathway via STAT","4/146","22/1372",0.181818181818182,1.70859277708593,1.15582237491904,0.19963955707003,0.999999950389579,0.999999950389579,"IL10RB/GH1/PRL/IL7R",4
"GO:2000379","positive regulation of reactive oxygen species metabolic process","4/146","22/1372",0.181818181818182,1.70859277708593,1.15582237491904,0.19963955707003,0.999999950389579,0.999999950389579,"LCN2/FAS/TGFBR2/CLEC7A",4
"GO:0031667","response to nutrient levels","10/146","70/1372",0.142857142857143,1.34246575342466,1.01463676936139,0.202448562964135,0.999999950389579,0.999999950389579,"CDON/LCN2/NPPC/FAS/GH1/PRL/FGF23/SFRP1/GHRL/TNFRSF11A",10
"GO:0007178","cell surface receptor protein serine/threonine kinase signaling pathway","9/146","62/1372",0.145161290322581,1.36411842686699,1.01216840091527,0.205819207800189,0.999999950389579,0.999999950389579,"CCN3/ACVRL1/TGFBR2/CDH3/MICOS10-NBL1/NBL1/TGFBR3/BMP4/CCN1",9
"GO:0090101","negative regulation of transmembrane receptor protein serine/threonine kinase signaling pathway","5/146","30/1372",0.166666666666667,1.5662100456621,1.08171252895685,0.207662373879294,0.999999950389579,0.999999950389579,"CCN3/CDH3/MICOS10-NBL1/NBL1/TGFBR3",5
"GO:0001937","negative regulation of endothelial cell proliferation","3/146","15/1372",0.2,1.87945205479452,1.18145665737727,0.208534490580893,0.999999950389579,0.999999950389579,"ACVRL1/PRL/GHRL",3
"GO:0003205","cardiac chamber development","3/146","15/1372",0.2,1.87945205479452,1.18145665737727,0.208534490580893,0.999999950389579,0.999999950389579,"TGFBR2/TGFBR3/BMP4",3
"GO:0003206","cardiac chamber morphogenesis","3/146","15/1372",0.2,1.87945205479452,1.18145665737727,0.208534490580893,0.999999950389579,0.999999950389579,"TGFBR2/TGFBR3/BMP4",3
"GO:0009267","cellular response to starvation","3/146","15/1372",0.2,1.87945205479452,1.18145665737727,0.208534490580893,0.999999950389579,0.999999950389579,"FAS/SFRP1/TNFRSF11A",3
"GO:0019731","antibacterial humoral response","3/146","15/1372",0.2,1.87945205479452,1.18145665737727,0.208534490580893,0.999999950389579,0.999999950389579,"WFDC12/ADM/WFDC2",3
"GO:0032835","glomerulus development","3/146","15/1372",0.2,1.87945205479452,1.18145665737727,0.208534490580893,0.999999950389579,0.999999950389579,"ACTA2/BMP4/ANGPT2",3
"GO:0043277","apoptotic cell clearance","3/146","15/1372",0.2,1.87945205479452,1.18145665737727,0.208534490580893,0.999999950389579,0.999999950389579,"CD300LF/MEGF10/HAVCR1",3
"GO:0045664","regulation of neuron differentiation","3/146","15/1372",0.2,1.87945205479452,1.18145665737727,0.208534490580893,0.999999950389579,0.999999950389579,"MICOS10-NBL1/NBL1/SFRP1",3
"GO:0048844","artery morphogenesis","3/146","15/1372",0.2,1.87945205479452,1.18145665737727,0.208534490580893,0.999999950389579,0.999999950389579,"ACVRL1/TGFBR2/BMP4",3
"GO:0090025","regulation of monocyte chemotaxis","3/146","15/1372",0.2,1.87945205479452,1.18145665737727,0.208534490580893,0.999999950389579,0.999999950389579,"CCN3/MICOS10-NBL1/NBL1",3
"GO:0009749","response to glucose","4/146","23/1372",0.173913043478261,1.63430613460393,1.0582950748911,0.223014969551399,0.999999950389579,0.999999950389579,"PTPRN2/GHRL/COL6A3/ANGPT2",4
"GO:0030178","negative regulation of Wnt signaling pathway","4/146","23/1372",0.173913043478261,1.63430613460393,1.0582950748911,0.223014969551399,0.999999950389579,0.999999950389579,"CDON/IGFBP1/IGFBP4/SFRP1",4
"GO:0046425","regulation of receptor signaling pathway via JAK-STAT","4/146","23/1372",0.173913043478261,1.63430613460393,1.0582950748911,0.223014969551399,0.999999950389579,0.999999950389579,"IL10RB/GH1/PRL/IL7R",4
"GO:0071774","response to fibroblast growth factor","4/146","23/1372",0.173913043478261,1.63430613460393,1.0582950748911,0.223014969551399,0.999999950389579,0.999999950389579,"SCGB1A1/FGF23/FLRT2/FGF21",4
"GO:0071495","cellular response to endogenous stimulus","24/146","193/1372",0.124352331606218,1.16857122577898,0.871475369151007,0.224683055641863,0.999999950389579,0.999999950389579,"CCN3/LCN2/ACVRL1/ACTA2/USP8/TGFBR2/GH1/CGA/PRL/CTSB/CDH3/MICOS10-NBL1/TSHB/IGFBP1/NBL1/FGF23/TGFBR3/FLRT2/SFRP1/BMP4/GHRL/FGF21/CCN1/ANGPT2",24
"GO:0034329","cell junction assembly","10/146","72/1372",0.138888888888889,1.30517503805175,0.917684718210256,0.228351713192283,0.999999950389579,0.999999950389579,"ACVRL1/CRTAC1/CDH3/CDH6/ICAM5/SFRP1/GHRL/CLSTN2/MDGA1/DSG3",10
"GO:0051147","regulation of muscle cell differentiation","3/146","16/1372",0.1875,1.76198630136986,1.05761409629407,0.237937170044119,0.999999950389579,0.999999950389579,"CCN3/MEGF10/BMP4",3
"GO:0090263","positive regulation of canonical Wnt signaling pathway","3/146","16/1372",0.1875,1.76198630136986,1.05761409629407,0.237937170044119,0.999999950389579,0.999999950389579,"USP8/CDH3/SFRP1",3
"GO:0090303","positive regulation of wound healing","3/146","16/1372",0.1875,1.76198630136986,1.05761409629407,0.237937170044119,0.999999950389579,0.999999950389579,"CLEC7A/REG3A/DSC2",3
"GO:0008284","positive regulation of cell population proliferation","25/146","204/1372",0.122549019607843,1.15162503357507,0.809682014837554,0.242321372748809,0.999999950389579,0.999999950389579,"ACVRL1/THBS4/MMP12/IL10RB/TGFBR2/CGA/IL7R/CDH3/CCL14/CLEC7A/MEGF10/FGF23/TGFBR3/SFRP1/BMP4/GHRL/REG3A/CCL24/TGFA/FGF21/TNFRSF4/CCN1/REG1A/TNFRSF11A/REG1B",25
"GO:0001837","epithelial to mesenchymal transition","4/146","24/1372",0.166666666666667,1.5662100456621,0.965357478319269,0.247067038709861,0.999999950389579,0.999999950389579,"TGFBR2/TGFBR3/SFRP1/BMP4",4
"GO:0042130","negative regulation of T cell proliferation","4/146","24/1372",0.166666666666667,1.5662100456621,0.965357478319269,0.247067038709861,0.999999950389579,0.999999950389579,"BMP4/SFTPD/TNFRSF21/GPNMB",4
"GO:0043434","response to peptide hormone","9/146","65/1372",0.138461538461538,1.30115911485774,0.858153181175055,0.24802504617815,0.999999950389579,0.999999950389579,"TFF1/GH1/IGFBP1/TGFBR3/GHRL/REG3A/REG1A/TNFRSF11A/REG1B",9
"GO:0001938","positive regulation of endothelial cell proliferation","5/146","32/1372",0.15625,1.46832191780822,0.924734357632808,0.248552484161978,0.999999950389579,0.999999950389579,"ACVRL1/THBS4/BMP4/GHRL/CCL24",5
"GO:0015849","organic acid transport","5/146","32/1372",0.15625,1.46832191780822,0.924734357632808,0.248552484161978,0.999999950389579,0.999999950389579,"FABP1/RBP2/RBP5/FABP2/TNFRSF11A",5
"GO:0046942","carboxylic acid transport","5/146","32/1372",0.15625,1.46832191780822,0.924734357632808,0.248552484161978,0.999999950389579,0.999999950389579,"FABP1/RBP2/RBP5/FABP2/TNFRSF11A",5
"GO:0071363","cellular response to growth factor stimulus","17/146","134/1372",0.126865671641791,1.19218973625026,0.807927122435136,0.248800244481029,0.999999950389579,0.999999950389579,"CCN3/LCN2/ACVRL1/ACTA2/USP8/TGFBR2/CDH3/MICOS10-NBL1/NBL1/FGF23/TGFBR3/FLRT2/SFRP1/BMP4/FGF21/CCN1/ANGPT2",17
"GO:0003008","system process","21/146","170/1372",0.123529411764706,1.16083803384367,0.772877923900602,0.25602066685138,0.999999950389579,0.999999950389579,"CCN3/LCN2/ACVRL1/EFEMP1/NPPC/NPPB/TFF2/TFF1/ACTA2/TFF3/CDH3/ROR1/JAM2/KLK8/FABP2/GHRL/ADM/CLSTN2/TNFRSF21/KLK1/DSC2",21
"GO:0001570","vasculogenesis","3/146","17/1372",0.176470588235294,1.65834004834811,0.942225835600736,0.26799654652022,0.999999950389579,0.999999950389579,"TGFBR2/TGFBR3/ADM",3
"GO:0032720","negative regulation of tumor necrosis factor production","3/146","17/1372",0.176470588235294,1.65834004834811,0.942225835600736,0.26799654652022,0.999999950389579,0.999999950389579,"GHRL/CLEC4A/GPNMB",3
"GO:0042594","response to starvation","3/146","17/1372",0.176470588235294,1.65834004834811,0.942225835600736,0.26799654652022,0.999999950389579,0.999999950389579,"FAS/SFRP1/TNFRSF11A",3
"GO:0051259","protein complex oligomerization","3/146","17/1372",0.176470588235294,1.65834004834811,0.942225835600736,0.26799654652022,0.999999950389579,0.999999950389579,"SCARA5/ICAM5/COMP",3
"GO:0060840","artery development","3/146","17/1372",0.176470588235294,1.65834004834811,0.942225835600736,0.26799654652022,0.999999950389579,0.999999950389579,"ACVRL1/TGFBR2/BMP4",3
"GO:0120162","positive regulation of cold-induced thermogenesis","3/146","17/1372",0.176470588235294,1.65834004834811,0.942225835600736,0.26799654652022,0.999999950389579,0.999999950389579,"LCN2/GHRL/FGF21",3
"GO:1904645","response to amyloid-beta","3/146","17/1372",0.176470588235294,1.65834004834811,0.942225835600736,0.26799654652022,0.999999950389579,0.999999950389579,"LCN2/MMP12/MMP13",3
"GO:0048511","rhythmic process","5/146","33/1372",0.151515151515152,1.42382731423827,0.850169545431059,0.269742441278034,0.999999950389579,0.999999950389579,"NPPC/CGA/PTGDS/GHRL/TNFRSF11A",5
"GO:0006909","phagocytosis","9/146","67/1372",0.134328358208955,1.26231854426498,0.75947076226363,0.277703469122684,0.999999950389579,0.999999950389579,"CD93/CD302/CD300LF/CLEC7A/COLEC12/MEGF10/FCER2/SFTPD/HAVCR1",9
"GO:0030111","regulation of Wnt signaling pathway","6/146","42/1372",0.142857142857143,1.34246575342466,0.777617263282346,0.284635513356082,0.999999950389579,0.999999950389579,"CDON/USP8/CDH3/IGFBP1/IGFBP4/SFRP1",6
"GO:0044057","regulation of system process","8/146","59/1372",0.135593220338983,1.27420478291154,0.742708832715394,0.286248984429807,0.999999950389579,0.999999950389579,"CCN3/NPPB/TFF2/JAM2/GHRL/ADM/TNFRSF21/DSC2",8
"GO:0001541","ovarian follicle development","2/146","10/1372",0.2,1.87945205479452,0.962883033671379,0.288759089786553,0.999999950389579,0.999999950389579,"NPPC/CGA",2
"GO:0001974","blood vessel remodeling","2/146","10/1372",0.2,1.87945205479452,0.962883033671379,0.288759089786553,0.999999950389579,0.999999950389579,"ACVRL1/NPPC",2
"GO:0003179","heart valve morphogenesis","2/146","10/1372",0.2,1.87945205479452,0.962883033671379,0.288759089786553,0.999999950389579,0.999999950389579,"TGFBR2/BMP4",2
"GO:0003180","aortic valve morphogenesis","2/146","10/1372",0.2,1.87945205479452,0.962883033671379,0.288759089786553,0.999999950389579,0.999999950389579,"TGFBR2/BMP4",2
"GO:0006910","phagocytosis, recognition","2/146","10/1372",0.2,1.87945205479452,0.962883033671379,0.288759089786553,0.999999950389579,0.999999950389579,"CLEC7A/COLEC12",2
"GO:0007601","visual perception","2/146","10/1372",0.2,1.87945205479452,0.962883033671379,0.288759089786553,0.999999950389579,0.999999950389579,"EFEMP1/CDH3",2
"GO:0014855","striated muscle cell proliferation","2/146","10/1372",0.2,1.87945205479452,0.962883033671379,0.288759089786553,0.999999950389579,0.999999950389579,"MEGF10/TGFBR3",2
"GO:0030216","keratinocyte differentiation","2/146","10/1372",0.2,1.87945205479452,0.962883033671379,0.288759089786553,0.999999950389579,0.999999950389579,"CDH3/REG3A",2
"GO:0030514","negative regulation of BMP signaling pathway","2/146","10/1372",0.2,1.87945205479452,0.962883033671379,0.288759089786553,0.999999950389579,0.999999950389579,"MICOS10-NBL1/NBL1",2
"GO:0042440","pigment metabolic process","2/146","10/1372",0.2,1.87945205479452,0.962883033671379,0.288759089786553,0.999999950389579,0.999999950389579,"FABP1/CDH3",2
"GO:0044319","wound healing, spreading of cells","2/146","10/1372",0.2,1.87945205479452,0.962883033671379,0.288759089786553,0.999999950389579,0.999999950389579,"ACVRL1/MMP12",2
"GO:0045124","regulation of bone resorption","2/146","10/1372",0.2,1.87945205479452,0.962883033671379,0.288759089786553,0.999999950389579,0.999999950389579,"DLK1/TNFRSF11A",2
"GO:0048592","eye morphogenesis","2/146","10/1372",0.2,1.87945205479452,0.962883033671379,0.288759089786553,0.999999950389579,0.999999950389579,"EFEMP1/MFAP5",2
"GO:0050953","sensory perception of light stimulus","2/146","10/1372",0.2,1.87945205479452,0.962883033671379,0.288759089786553,0.999999950389579,0.999999950389579,"EFEMP1/CDH3",2
"GO:0051496","positive regulation of stress fiber assembly","2/146","10/1372",0.2,1.87945205479452,0.962883033671379,0.288759089786553,0.999999950389579,0.999999950389579,"EPHA1/SFRP1",2
"GO:0051965","positive regulation of synapse assembly","2/146","10/1372",0.2,1.87945205479452,0.962883033671379,0.288759089786553,0.999999950389579,0.999999950389579,"GHRL/CLSTN2",2
"GO:0060337","type I interferon-mediated signaling pathway","2/146","10/1372",0.2,1.87945205479452,0.962883033671379,0.288759089786553,0.999999950389579,0.999999950389579,"MMP12/CR2",2
"GO:0070741","response to interleukin-6","2/146","10/1372",0.2,1.87945205479452,0.962883033671379,0.288759089786553,0.999999950389579,0.999999950389579,"LCN2/FGF23",2
"GO:0070830","bicellular tight junction assembly","2/146","10/1372",0.2,1.87945205479452,0.962883033671379,0.288759089786553,0.999999950389579,0.999999950389579,"ACVRL1/DSG3",2
"GO:0090504","epiboly","2/146","10/1372",0.2,1.87945205479452,0.962883033671379,0.288759089786553,0.999999950389579,0.999999950389579,"ACVRL1/MMP12",2
"GO:0090505","epiboly involved in wound healing","2/146","10/1372",0.2,1.87945205479452,0.962883033671379,0.288759089786553,0.999999950389579,0.999999950389579,"ACVRL1/MMP12",2
"GO:0120192","tight junction assembly","2/146","10/1372",0.2,1.87945205479452,0.962883033671379,0.288759089786553,0.999999950389579,0.999999950389579,"ACVRL1/DSG3",2
"GO:1905332","positive regulation of morphogenesis of an epithelium","2/146","10/1372",0.2,1.87945205479452,0.962883033671379,0.288759089786553,0.999999950389579,0.999999950389579,"LCN2/BMP4",2
"GO:0007179","transforming growth factor beta receptor signaling pathway","5/146","34/1372",0.147058823529412,1.38195004029009,0.777979014235204,0.291316023329131,0.999999950389579,0.999999950389579,"CCN3/ACVRL1/TGFBR2/CDH3/TGFBR3",5
"GO:0007423","sensory organ development","5/146","34/1372",0.147058823529412,1.38195004029009,0.777979014235204,0.291316023329131,0.999999950389579,0.999999950389579,"ACVRL1/EFEMP1/MFAP5/ROR1/ANGPTL7",5
"GO:0071695","anatomical structure maturation","5/146","34/1372",0.147058823529412,1.38195004029009,0.777979014235204,0.291316023329131,0.999999950389579,0.999999950389579,"ACVRL1/NPPC/GH1/CDH3/CLEC7A",5
"GO:0001654","eye development","4/146","26/1372",0.153846153846154,1.44573234984194,0.791567981999439,0.29665940732274,0.999999950389579,0.999999950389579,"ACVRL1/EFEMP1/MFAP5/ANGPTL7",4
"GO:0001952","regulation of cell-matrix adhesion","4/146","26/1372",0.153846153846154,1.44573234984194,0.791567981999439,0.29665940732274,0.999999950389579,0.999999950389579,"ACVRL1/MMP12/EPHA1/SFRP1",4
"GO:0030856","regulation of epithelial cell differentiation","4/146","26/1372",0.153846153846154,1.44573234984194,0.791567981999439,0.29665940732274,0.999999950389579,0.999999950389579,"ACVRL1/BMP4/WFDC2/REG3A",4
"GO:0010717","regulation of epithelial to mesenchymal transition","3/146","18/1372",0.166666666666667,1.5662100456621,0.834169700410079,0.298468546171564,0.999999950389579,0.999999950389579,"TGFBR2/SFRP1/BMP4",3
"GO:0045576","mast cell activation","3/146","18/1372",0.166666666666667,1.5662100456621,0.834169700410079,0.298468546171564,0.999999950389579,0.999999950389579,"CD300LF/PTGDS/HAVCR1",3
"GO:0140888","interferon-mediated signaling pathway","3/146","18/1372",0.166666666666667,1.5662100456621,0.834169700410079,0.298468546171564,0.999999950389579,0.999999950389579,"MMP12/IL10RB/CR2",3
"GO:1903556","negative regulation of tumor necrosis factor superfamily cytokine production","3/146","18/1372",0.166666666666667,1.5662100456621,0.834169700410079,0.298468546171564,0.999999950389579,0.999999950389579,"GHRL/CLEC4A/GPNMB",3
"GO:0008283","cell population proliferation","38/146","330/1372",0.115151515151515,1.08210875882109,0.590421981432459,0.309009852862138,0.999999950389579,0.999999950389579,"CCN3/ACVRL1/THBS4/NPPC/MMP12/IL10RB/CR2/TGFBR2/CGA/PRL/IL7R/CDH3/CCL14/CLEC7A/ROR1/MEGF10/OGN/FGF23/TGFBR3/SFRP1/TAFA5/KLK8/BMP4/GHRL/REG3A/CCL24/TGFA/FGF21/SFTPD/CLC/TNFRSF9/TNFRSF21/TNFRSF4/CCN1/GPNMB/REG1A/TNFRSF11A/REG1B",38
"GO:0032870","cellular response to hormone stimulus","10/146","78/1372",0.128205128205128,1.20477695820162,0.642408340733986,0.312694358968942,0.999999950389579,0.999999950389579,"USP8/GH1/CGA/PRL/CTSB/TSHB/IGFBP1/FGF23/SFRP1/GHRL",10
"GO:0045927","positive regulation of growth","5/146","35/1372",0.142857142857143,1.34246575342466,0.708003471749672,0.313189507193495,0.999999950389579,0.999999950389579,"GH1/IGFBP1/TGFBR3/SFRP1/GHRL",5
"GO:0048659","smooth muscle cell proliferation","5/146","35/1372",0.142857142857143,1.34246575342466,0.708003471749672,0.313189507193495,0.999999950389579,0.999999950389579,"CCN3/NPPC/OGN/TAFA5/BMP4",5
"GO:0007268","chemical synaptic transmission","8/146","61/1372",0.131147540983607,1.23242757691444,0.640620963835098,0.319303931673565,0.999999950389579,0.999999950389579,"HSPG2/USP8/SNCG/CLMP/PTPRN2/ADAM22/GHRL/CLSTN2",8
"GO:0098916","anterograde trans-synaptic signaling","8/146","61/1372",0.131147540983607,1.23242757691444,0.640620963835098,0.319303931673565,0.999999950389579,0.999999950389579,"HSPG2/USP8/SNCG/CLMP/PTPRN2/ADAM22/GHRL/CLSTN2",8
"GO:0014706","striated muscle tissue development","4/146","27/1372",0.148148148148148,1.3921867072552,0.710008470175096,0.321938735300469,0.999999950389579,0.999999950389579,"NPPB/MEGF10/TGFBR3/BMP4",4
"GO:0030072","peptide hormone secretion","4/146","27/1372",0.148148148148148,1.3921867072552,0.710008470175096,0.321938735300469,0.999999950389579,0.999999950389579,"FAM3B/CCN3/PTPRN2/GHRL",4
"GO:0060537","muscle tissue development","4/146","27/1372",0.148148148148148,1.3921867072552,0.710008470175096,0.321938735300469,0.999999950389579,0.999999950389579,"NPPB/MEGF10/TGFBR3/BMP4",4
"GO:1904892","regulation of receptor signaling pathway via STAT","4/146","27/1372",0.148148148148148,1.3921867072552,0.710008470175096,0.321938735300469,0.999999950389579,0.999999950389579,"IL10RB/GH1/PRL/IL7R",4
"GO:0060485","mesenchyme development","6/146","44/1372",0.136363636363636,1.28144458281445,0.65459112798404,0.323796421851201,0.999999950389579,0.999999950389579,"ACVRL1/ACTA2/TGFBR2/TGFBR3/SFRP1/BMP4",6
"GO:0050877","nervous system process","10/146","79/1372",0.126582278481013,1.18952661695856,0.598596831833777,0.327482970075883,0.999999950389579,0.999999950389579,"CCN3/LCN2/EFEMP1/CDH3/ROR1/JAM2/KLK8/GHRL/CLSTN2/TNFRSF21",10
"GO:0002686","negative regulation of leukocyte migration","3/146","19/1372",0.157894736842105,1.48377793799567,0.732527412591477,0.329129026618389,0.999999950389579,0.999999950389579,"CCN3/MICOS10-NBL1/NBL1",3
"GO:0006936","muscle contraction","3/146","19/1372",0.157894736842105,1.48377793799567,0.732527412591477,0.329129026618389,0.999999950389579,0.999999950389579,"ACTA2/GHRL/DSC2",3
"GO:0007623","circadian rhythm","3/146","19/1372",0.157894736842105,1.48377793799567,0.732527412591477,0.329129026618389,0.999999950389579,0.999999950389579,"PTGDS/GHRL/TNFRSF11A",3
"GO:0046849","bone remodeling","3/146","19/1372",0.157894736842105,1.48377793799567,0.732527412591477,0.329129026618389,0.999999950389579,0.999999950389579,"DLK1/SFRP1/TNFRSF11A",3
"GO:1903053","regulation of extracellular matrix organization","3/146","19/1372",0.157894736842105,1.48377793799567,0.732527412591477,0.329129026618389,0.999999950389579,0.999999950389579,"TGFBR3/TNXB/ANGPTL7",3
"GO:0002011","morphogenesis of an epithelial sheet","2/146","11/1372",0.181818181818182,1.70859277708593,0.813980350781731,0.330055481656873,0.999999950389579,0.999999950389579,"ACVRL1/MMP12",2
"GO:0002065","columnar/cuboidal epithelial cell differentiation","2/146","11/1372",0.181818181818182,1.70859277708593,0.813980350781731,0.330055481656873,0.999999950389579,0.999999950389579,"BMP4/WFDC2",2
"GO:0002507","tolerance induction","2/146","11/1372",0.181818181818182,1.70859277708593,0.813980350781731,0.330055481656873,0.999999950389579,0.999999950389579,"TGFBR2/CLC",2
"GO:0006911","phagocytosis, engulfment","2/146","11/1372",0.181818181818182,1.70859277708593,0.813980350781731,0.330055481656873,0.999999950389579,0.999999950389579,"MEGF10/HAVCR1",2
"GO:0015909","long-chain fatty acid transport","2/146","11/1372",0.181818181818182,1.70859277708593,0.813980350781731,0.330055481656873,0.999999950389579,0.999999950389579,"FABP1/FABP2",2
"GO:0018958","phenol-containing compound metabolic process","2/146","11/1372",0.181818181818182,1.70859277708593,0.813980350781731,0.330055481656873,0.999999950389579,0.999999950389579,"CTSB/CDH3",2
"GO:0019433","triglyceride catabolic process","2/146","11/1372",0.181818181818182,1.70859277708593,0.813980350781731,0.330055481656873,0.999999950389579,0.999999950389579,"FABP1/FABP2",2
"GO:0022602","ovulation cycle process","2/146","11/1372",0.181818181818182,1.70859277708593,0.813980350781731,0.330055481656873,0.999999950389579,0.999999950389579,"NPPC/CGA",2
"GO:0032233","positive regulation of actin filament bundle assembly","2/146","11/1372",0.181818181818182,1.70859277708593,0.813980350781731,0.330055481656873,0.999999950389579,0.999999950389579,"EPHA1/SFRP1",2
"GO:0034383","low-density lipoprotein particle clearance","2/146","11/1372",0.181818181818182,1.70859277708593,0.813980350781731,0.330055481656873,0.999999950389579,0.999999950389579,"IL19/FGF21",2
"GO:0043297","apical junction assembly","2/146","11/1372",0.181818181818182,1.70859277708593,0.813980350781731,0.330055481656873,0.999999950389579,0.999999950389579,"ACVRL1/DSG3",2
"GO:0045747","positive regulation of Notch signaling pathway","2/146","11/1372",0.181818181818182,1.70859277708593,0.813980350781731,0.330055481656873,0.999999950389579,0.999999950389579,"CCN3/ACVRL1",2
"GO:0046461","neutral lipid catabolic process","2/146","11/1372",0.181818181818182,1.70859277708593,0.813980350781731,0.330055481656873,0.999999950389579,0.999999950389579,"FABP1/FABP2",2
"GO:0046464","acylglycerol catabolic process","2/146","11/1372",0.181818181818182,1.70859277708593,0.813980350781731,0.330055481656873,0.999999950389579,0.999999950389579,"FABP1/FABP2",2
"GO:0046888","negative regulation of hormone secretion","2/146","11/1372",0.181818181818182,1.70859277708593,0.813980350781731,0.330055481656873,0.999999950389579,0.999999950389579,"CCN3/FGF23",2
"GO:0050810","regulation of steroid biosynthetic process","2/146","11/1372",0.181818181818182,1.70859277708593,0.813980350781731,0.330055481656873,0.999999950389579,0.999999950389579,"CGA/ADM",2
"GO:0060416","response to growth hormone","2/146","11/1372",0.181818181818182,1.70859277708593,0.813980350781731,0.330055481656873,0.999999950389579,0.999999950389579,"GH1/GHRL",2
"GO:0070301","cellular response to hydrogen peroxide","2/146","11/1372",0.181818181818182,1.70859277708593,0.813980350781731,0.330055481656873,0.999999950389579,0.999999950389579,"LCN2/FABP1",2
"GO:0120193","tight junction organization","2/146","11/1372",0.181818181818182,1.70859277708593,0.813980350781731,0.330055481656873,0.999999950389579,0.999999950389579,"ACVRL1/DSG3",2
"GO:1904705","regulation of vascular associated smooth muscle cell proliferation","2/146","11/1372",0.181818181818182,1.70859277708593,0.813980350781731,0.330055481656873,0.999999950389579,0.999999950389579,"TAFA5/BMP4",2
"GO:1990874","vascular associated smooth muscle cell proliferation","2/146","11/1372",0.181818181818182,1.70859277708593,0.813980350781731,0.330055481656873,0.999999950389579,0.999999950389579,"TAFA5/BMP4",2
"GO:2000516","positive regulation of CD4-positive, alpha-beta T cell activation","2/146","11/1372",0.181818181818182,1.70859277708593,0.813980350781731,0.330055481656873,0.999999950389579,0.999999950389579,"TGFBR2/CD160",2
"GO:0007565","female pregnancy","5/146","36/1372",0.138888888888889,1.30517503805175,0.640098705503523,0.335280950110046,0.999999950389579,0.999999950389579,"PSG1/PRL/SCGB1A1/GHRL/ANGPT2",5
"GO:0042742","defense response to bacterium","8/146","62/1372",0.129032258064516,1.21254971277066,0.590841020437192,0.336116483358509,0.999999950389579,0.999999950389579,"LCN2/WFDC12/IL7R/COLEC12/FCER2/ADM/WFDC2/SFTPD",8
"GO:0051241","negative regulation of multicellular organismal process","24/146","206/1372",0.116504854368932,1.09482643968613,0.509288301235626,0.342424995567976,0.999999950389579,0.999999950389579,"CCN3/THBS4/EFEMP1/HSPG2/NPPB/TFF2/DLK1/PRL/CD300LF/CDH3/IL19/CD160/JAM2/FGF23/SFRP1/BMP4/GHRL/ADM/REG3A/SFTPD/TNFRSF21/CLEC4A/ANGPTL7/GPNMB",24
"GO:0001936","regulation of endothelial cell proliferation","6/146","45/1372",0.133333333333333,1.25296803652968,0.595232129469306,0.343679876884355,0.999999950389579,0.999999950389579,"ACVRL1/THBS4/PRL/BMP4/GHRL/CCL24",6
"GO:0002790","peptide secretion","4/146","28/1372",0.142857142857143,1.34246575342466,0.631606295348849,0.347375471733078,0.999999950389579,0.999999950389579,"FAM3B/CCN3/PTPRN2/GHRL",4
"GO:0022617","extracellular matrix disassembly","4/146","28/1372",0.142857142857143,1.34246575342466,0.631606295348849,0.347375471733078,0.999999950389579,0.999999950389579,"MMP12/TPSAB1/MMP13/KLK4",4
"GO:0030308","negative regulation of cell growth","4/146","28/1372",0.142857142857143,1.34246575342466,0.631606295348849,0.347375471733078,0.999999950389579,0.999999950389579,"CCN3/ACVRL1/NPPB/SFRP1",4
"GO:0034109","homotypic cell-cell adhesion","4/146","28/1372",0.142857142857143,1.34246575342466,0.631606295348849,0.347375471733078,0.999999950389579,0.999999950389579,"CD99/MEGF10/XG/DSC2",4
"GO:0045216","cell-cell junction organization","4/146","28/1372",0.142857142857143,1.34246575342466,0.631606295348849,0.347375471733078,0.999999950389579,0.999999950389579,"ACVRL1/CDH3/CDH6/DSG3",4
"GO:0048880","sensory system development","4/146","28/1372",0.142857142857143,1.34246575342466,0.631606295348849,0.347375471733078,0.999999950389579,0.999999950389579,"ACVRL1/EFEMP1/MFAP5/ANGPTL7",4
"GO:0050730","regulation of peptidyl-tyrosine phosphorylation","4/146","28/1372",0.142857142857143,1.34246575342466,0.631606295348849,0.347375471733078,0.999999950389579,0.999999950389579,"THBS4/IL10RB/IL7R/SFRP1",4
"GO:0150063","visual system development","4/146","28/1372",0.142857142857143,1.34246575342466,0.631606295348849,0.347375471733078,0.999999950389579,0.999999950389579,"ACVRL1/EFEMP1/MFAP5/ANGPTL7",4
"GO:1902905","positive regulation of supramolecular fiber organization","4/146","28/1372",0.142857142857143,1.34246575342466,0.631606295348849,0.347375471733078,0.999999950389579,0.999999950389579,"EPHA1/USP8/SFRP1/CCL24",4
"GO:0042127","regulation of cell population proliferation","35/146","308/1372",0.113636363636364,1.0678704856787,0.46658999435577,0.353879540033806,0.999999950389579,0.999999950389579,"CCN3/ACVRL1/THBS4/NPPC/MMP12/IL10RB/TGFBR2/CGA/PRL/IL7R/CDH3/CCL14/CLEC7A/MEGF10/OGN/FGF23/TGFBR3/SFRP1/TAFA5/BMP4/GHRL/REG3A/CCL24/TGFA/FGF21/SFTPD/CLC/TNFRSF9/TNFRSF21/TNFRSF4/CCN1/GPNMB/REG1A/TNFRSF11A/REG1B",35
"GO:0015711","organic anion transport","5/146","37/1372",0.135135135135135,1.26990003702332,0.574133771459424,0.357510877932604,0.999999950389579,0.999999950389579,"FABP1/RBP2/RBP5/FABP2/TNFRSF11A",5
"GO:0044703","multi-organism reproductive process","5/146","37/1372",0.135135135135135,1.26990003702332,0.574133771459424,0.357510877932604,0.999999950389579,0.999999950389579,"PSG1/PRL/SCGB1A1/GHRL/ANGPT2",5
"GO:0009620","response to fungus","3/146","20/1372",0.15,1.40958904109589,0.636538828381697,0.359774843994698,0.999999950389579,0.999999950389579,"CLEC7A/CLEC4D/CLEC4A",3
"GO:0030574","collagen catabolic process","3/146","20/1372",0.15,1.40958904109589,0.636538828381697,0.359774843994698,0.999999950389579,0.999999950389579,"MMP12/CTSB/MMP13",3
"GO:0035150","regulation of tube size","3/146","20/1372",0.15,1.40958904109589,0.636538828381697,0.359774843994698,0.999999950389579,0.999999950389579,"NPPC/NPPB/ADM",3
"GO:0035296","regulation of tube diameter","3/146","20/1372",0.15,1.40958904109589,0.636538828381697,0.359774843994698,0.999999950389579,0.999999950389579,"NPPC/NPPB/ADM",3
"GO:0043010","camera-type eye development","3/146","20/1372",0.15,1.40958904109589,0.636538828381697,0.359774843994698,0.999999950389579,0.999999950389579,"ACVRL1/EFEMP1/ANGPTL7",3
"GO:0050832","defense response to fungus","3/146","20/1372",0.15,1.40958904109589,0.636538828381697,0.359774843994698,0.999999950389579,0.999999950389579,"CLEC7A/CLEC4D/CLEC4A",3
"GO:0097746","blood vessel diameter maintenance","3/146","20/1372",0.15,1.40958904109589,0.636538828381697,0.359774843994698,0.999999950389579,0.999999950389579,"NPPC/NPPB/ADM",3
"GO:1903036","positive regulation of response to wounding","3/146","20/1372",0.15,1.40958904109589,0.636538828381697,0.359774843994698,0.999999950389579,0.999999950389579,"CLEC7A/REG3A/DSC2",3
"GO:0007167","enzyme-linked receptor protein signaling pathway","24/146","208/1372",0.115384615384615,1.08429926238145,0.455332733056722,0.362009091544997,0.999999950389579,0.999999950389579,"CCN3/ACVRL1/EFEMP1/NPPC/NPPB/EPHA1/TGFBR2/GH1/GFRA3/CDH3/MICOS10-NBL1/ROR1/IGFBP1/NBL1/FGF23/IGFBP4/TGFBR3/FLRT2/BMP4/GHRL/TGFA/FGF21/CCN1/ANGPT2",24
"GO:0051239","regulation of multicellular organismal process","51/146","458/1372",0.111353711790393,1.04641981216725,0.419868158296549,0.369078692805204,0.999999950389579,0.999999950389579,"CCN3/MOG/CDON/LCN2/ACVRL1/THBS4/EFEMP1/MMP12/HSPG2/NPPB/EPHA1/TFF2/DLK1/ACTA2/TGFBR2/GH1/PRL/CD300LF/IL7R/CDH3/IL19/CD160/CLEC7A/PTGDS/JAM2/FGF23/TGFBR3/SFRP1/BMP4/GHRL/ADM/TNFRSF12A/WFDC2/REG3A/CCL24/CLEC4D/FGF21/CLSTN2/SFTPD/HSPB6/CLC/TNFRSF21/CLEC4A/ANGPTL7/TNFRSF4/DSC2/CCN1/GPNMB/ANGPT2/TNFRSF11A/HAVCR1",51
"GO:0099537","trans-synaptic signaling","8/146","64/1372",0.125,1.17465753424658,0.493654795062566,0.370136618752961,0.999999950389579,0.999999950389579,"HSPG2/USP8/SNCG/CLMP/PTPRN2/ADAM22/GHRL/CLSTN2",8
"GO:0000041","transition metal ion transport","2/146","12/1372",0.166666666666667,1.5662100456621,0.679592628343409,0.370675231691258,0.999999950389579,0.999999950389579,"LCN2/SCARA5",2
"GO:0003176","aortic valve development","2/146","12/1372",0.166666666666667,1.5662100456621,0.679592628343409,0.370675231691258,0.999999950389579,0.999999950389579,"TGFBR2/BMP4",2
"GO:0006006","glucose metabolic process","2/146","12/1372",0.166666666666667,1.5662100456621,0.679592628343409,0.370675231691258,0.999999950389579,0.999999950389579,"TFF3/GHRL",2
"GO:0007088","regulation of mitotic nuclear division","2/146","12/1372",0.166666666666667,1.5662100456621,0.679592628343409,0.370675231691258,0.999999950389579,0.999999950389579,"BMP4/TGFA",2
"GO:0008038","neuron recognition","2/146","12/1372",0.166666666666667,1.5662100456621,0.679592628343409,0.370675231691258,0.999999950389579,0.999999950389579,"CRTAC1/TNFRSF21",2
"GO:0010718","positive regulation of epithelial to mesenchymal transition","2/146","12/1372",0.166666666666667,1.5662100456621,0.679592628343409,0.370675231691258,0.999999950389579,0.999999950389579,"TGFBR2/BMP4",2
"GO:0042246","tissue regeneration","2/146","12/1372",0.166666666666667,1.5662100456621,0.679592628343409,0.370675231691258,0.999999950389579,0.999999950389579,"CCN3/IGFBP1",2
"GO:0046889","positive regulation of lipid biosynthetic process","2/146","12/1372",0.166666666666667,1.5662100456621,0.679592628343409,0.370675231691258,0.999999950389579,0.999999950389579,"CGA/ADM",2
"GO:0050795","regulation of behavior","2/146","12/1372",0.166666666666667,1.5662100456621,0.679592628343409,0.370675231691258,0.999999950389579,0.999999950389579,"PTGDS/GHRL",2
"GO:0051492","regulation of stress fiber assembly","2/146","12/1372",0.166666666666667,1.5662100456621,0.679592628343409,0.370675231691258,0.999999950389579,0.999999950389579,"EPHA1/SFRP1",2
"GO:0060135","maternal process involved in female pregnancy","2/146","12/1372",0.166666666666667,1.5662100456621,0.679592628343409,0.370675231691258,0.999999950389579,0.999999950389579,"GHRL/ANGPT2",2
"GO:0099024","plasma membrane invagination","2/146","12/1372",0.166666666666667,1.5662100456621,0.679592628343409,0.370675231691258,0.999999950389579,0.999999950389579,"MEGF10/HAVCR1",2
"GO:0110020","regulation of actomyosin structure organization","2/146","12/1372",0.166666666666667,1.5662100456621,0.679592628343409,0.370675231691258,0.999999950389579,0.999999950389579,"EPHA1/SFRP1",2
"GO:1905314","semi-lunar valve development","2/146","12/1372",0.166666666666667,1.5662100456621,0.679592628343409,0.370675231691258,0.999999950389579,0.999999950389579,"TGFBR2/BMP4",2
"GO:0002548","monocyte chemotaxis","4/146","29/1372",0.137931034482759,1.29617383089277,0.556106018928393,0.372854602726408,0.999999950389579,0.999999950389579,"CCN3/MICOS10-NBL1/NBL1/TNFRSF11A",4
"GO:0007276","gamete generation","4/146","29/1372",0.137931034482759,1.29617383089277,0.556106018928393,0.372854602726408,0.999999950389579,0.999999950389579,"NPPC/JAM2/WFDC2/ANGPT2",4
"GO:0032945","negative regulation of mononuclear cell proliferation","4/146","29/1372",0.137931034482759,1.29617383089277,0.556106018928393,0.372854602726408,0.999999950389579,0.999999950389579,"BMP4/SFTPD/TNFRSF21/GPNMB",4
"GO:0048598","embryonic morphogenesis","4/146","29/1372",0.137931034482759,1.29617383089277,0.556106018928393,0.372854602726408,0.999999950389579,0.999999950389579,"EFEMP1/MFAP5/TGFBR2/BMP4",4
"GO:0050672","negative regulation of lymphocyte proliferation","4/146","29/1372",0.137931034482759,1.29617383089277,0.556106018928393,0.372854602726408,0.999999950389579,0.999999950389579,"BMP4/SFTPD/TNFRSF21/GPNMB",4
"GO:0071453","cellular response to oxygen levels","4/146","29/1372",0.137931034482759,1.29617383089277,0.556106018928393,0.372854602726408,0.999999950389579,0.999999950389579,"LCN2/FABP1/FAS/SFRP1",4
"GO:2000377","regulation of reactive oxygen species metabolic process","4/146","29/1372",0.137931034482759,1.29617383089277,0.556106018928393,0.372854602726408,0.999999950389579,0.999999950389579,"LCN2/FAS/TGFBR2/CLEC7A",4
"GO:0009914","hormone transport","5/146","38/1372",0.131578947368421,1.23648161499639,0.509989443285585,0.379802870926475,0.999999950389579,0.999999950389579,"FAM3B/CCN3/FGF23/PTPRN2/GHRL",5
"GO:0044706","multi-multicellular organism process","5/146","38/1372",0.131578947368421,1.23648161499639,0.509989443285585,0.379802870926475,0.999999950389579,0.999999950389579,"PSG1/PRL/SCGB1A1/GHRL/ANGPT2",5
"GO:0046879","hormone secretion","5/146","38/1372",0.131578947368421,1.23648161499639,0.509989443285585,0.379802870926475,0.999999950389579,0.999999950389579,"FAM3B/CCN3/FGF23/PTPRN2/GHRL",5
"GO:0022603","regulation of anatomical structure morphogenesis","16/146","137/1372",0.116788321167883,1.0974902509749,0.414894725175378,0.383108881330718,0.999999950389579,0.999999950389579,"LCN2/THBS4/HSPG2/NPPB/EPHA1/PRL/CD160/SFRP1/BMP4/GHRL/ADM/TNFRSF12A/CCL24/HSPB6/GPNMB/ANGPT2",16
"GO:0050803","regulation of synapse structure or activity","6/146","47/1372",0.127659574468085,1.19965024774118,0.480463901394751,0.383767692884796,0.999999950389579,0.999999950389579,"CRTAC1/ICAM5/KLK8/GHRL/CLSTN2/MDGA1",6
"GO:0050807","regulation of synapse organization","6/146","47/1372",0.127659574468085,1.19965024774118,0.480463901394751,0.383767692884796,0.999999950389579,0.999999950389579,"CRTAC1/ICAM5/KLK8/GHRL/CLSTN2/MDGA1",6
"GO:0046718","symbiont entry into host cell","7/146","56/1372",0.125,1.17465753424658,0.460366076400833,0.386045750008464,0.999999950389579,0.999999950389579,"MOG/ITGB7/CR2/CTSB/NECTIN4/TNFRSF4/HAVCR1",7
"GO:0090287","regulation of cellular response to growth factor stimulus","7/146","56/1372",0.125,1.17465753424658,0.460366076400833,0.386045750008464,0.999999950389579,0.999999950389579,"ACVRL1/CDH3/MICOS10-NBL1/NBL1/TGFBR3/BMP4/CCN1",7
"GO:0045596","negative regulation of cell differentiation","9/146","74/1372",0.121621621621622,1.14291003332099,0.436004683390061,0.387807992562176,0.999999950389579,0.999999950389579,"CCN3/ACVRL1/EFEMP1/NPPC/DLK1/FGF23/SFRP1/BMP4/REG3A",9
"GO:0030177","positive regulation of Wnt signaling pathway","3/146","21/1372",0.142857142857143,1.34246575342466,0.54556819159696,0.390224213823724,0.999999950389579,0.999999950389579,"USP8/CDH3/SFRP1",3
"GO:0033273","response to vitamin","3/146","21/1372",0.142857142857143,1.34246575342466,0.54556819159696,0.390224213823724,0.999999950389579,0.999999950389579,"CDON/FGF23/SFRP1",3
"GO:0048738","cardiac muscle tissue development","3/146","21/1372",0.142857142857143,1.34246575342466,0.54556819159696,0.390224213823724,0.999999950389579,0.999999950389579,"NPPB/TGFBR3/BMP4",3
"GO:0050766","positive regulation of phagocytosis","3/146","21/1372",0.142857142857143,1.34246575342466,0.54556819159696,0.390224213823724,0.999999950389579,0.999999950389579,"CD300LF/CLEC7A/SFTPD",3
"GO:1903522","regulation of blood circulation","3/146","21/1372",0.142857142857143,1.34246575342466,0.54556819159696,0.390224213823724,0.999999950389579,0.999999950389579,"GHRL/ADM/DSC2",3
"GO:0016477","cell migration","36/146","322/1372",0.111801242236025,1.05062537224538,0.358221325123237,0.394196682773173,0.999999950389579,0.999999950389579,"CCN3/LCN2/ACVRL1/THBS4/MMP12/EPHA1/CCL17/ACTA2/ITGB7/S100P/CGA/CCL16/CDH3/MICOS10-NBL1/CCL14/CD99/CLEC7A/MEGF10/JAM2/CDH6/NBL1/FGF23/TGFBR3/SFRP1/BMP4/CCL24/FGF21/SFTPD/ITGA11/XG/CCN1/GPNMB/ANGPT2/TNFRSF11A/MDGA1/DSG3",36
"GO:0002526","acute inflammatory response","4/146","30/1372",0.133333333333333,1.25296803652968,0.483281242775884,0.39826879177981,0.999999950389579,0.999999950389579,"LCN2/IL10RB/REG3A/TNFRSF11A",4
"GO:0008217","regulation of blood pressure","4/146","30/1372",0.133333333333333,1.25296803652968,0.483281242775884,0.39826879177981,0.999999950389579,0.999999950389579,"ACVRL1/NPPB/ADM/KLK1",4
"GO:0015833","peptide transport","4/146","30/1372",0.133333333333333,1.25296803652968,0.483281242775884,0.39826879177981,0.999999950389579,0.999999950389579,"FAM3B/CCN3/PTPRN2/GHRL",4
"GO:0045926","negative regulation of growth","4/146","30/1372",0.133333333333333,1.25296803652968,0.483281242775884,0.39826879177981,0.999999950389579,0.999999950389579,"CCN3/ACVRL1/NPPB/SFRP1",4
"GO:0040011","locomotion","30/146","267/1372",0.112359550561798,1.0558719408958,0.350928120283692,0.398561241928521,0.999999950389579,0.999999950389579,"CCN3/LCN2/ACVRL1/THBS4/NPPC/EPHA1/CCL17/ACTA2/CGA/CCL16/MICOS10-NBL1/CCL14/CD99/CLEC7A/JAM2/NBL1/FGF23/TGFBR3/FLRT2/SFRP1/BMP4/CCL24/FGF21/SFTPD/XG/CCN1/GPNMB/ANGPT2/TNFRSF11A/DSG3",30
"GO:0006869","lipid transport","7/146","57/1372",0.12280701754386,1.15404950732997,0.409812107766438,0.404505896734542,0.999999950389579,0.999999950389579,"FABP1/PLTP/RBP2/RBP5/FABP2/GHRL/TNFRSF11A",7
"GO:0044409","symbiont entry into host","7/146","57/1372",0.12280701754386,1.15404950732997,0.409812107766438,0.404505896734542,0.999999950389579,0.999999950389579,"MOG/ITGB7/CR2/CTSB/NECTIN4/TNFRSF4/HAVCR1",7
"GO:0003014","renal system process","2/146","13/1372",0.153846153846154,1.44573234984194,0.557039539231542,0.41029577931838,0.999999950389579,0.999999950389579,"NPPB/ADM",2
"GO:0003170","heart valve development","2/146","13/1372",0.153846153846154,1.44573234984194,0.557039539231542,0.41029577931838,0.999999950389579,0.999999950389579,"TGFBR2/BMP4",2
"GO:0006606","protein import into nucleus","2/146","13/1372",0.153846153846154,1.44573234984194,0.557039539231542,0.41029577931838,0.999999950389579,0.999999950389579,"MMP12/BMP4",2
"GO:0006879","intracellular iron ion homeostasis","2/146","13/1372",0.153846153846154,1.44573234984194,0.557039539231542,0.41029577931838,0.999999950389579,0.999999950389579,"LCN2/SCARA5",2
"GO:0008016","regulation of heart contraction","2/146","13/1372",0.153846153846154,1.44573234984194,0.557039539231542,0.41029577931838,0.999999950389579,0.999999950389579,"ADM/DSC2",2
"GO:0010324","membrane invagination","2/146","13/1372",0.153846153846154,1.44573234984194,0.557039539231542,0.41029577931838,0.999999950389579,0.999999950389579,"MEGF10/HAVCR1",2
"GO:0010712","regulation of collagen metabolic process","2/146","13/1372",0.153846153846154,1.44573234984194,0.557039539231542,0.41029577931838,0.999999950389579,0.999999950389579,"NPPC/BMP4",2
"GO:0010812","negative regulation of cell-substrate adhesion","2/146","13/1372",0.153846153846154,1.44573234984194,0.557039539231542,0.41029577931838,0.999999950389579,0.999999950389579,"ACVRL1/MMP12",2
"GO:0030512","negative regulation of transforming growth factor beta receptor signaling pathway","2/146","13/1372",0.153846153846154,1.44573234984194,0.557039539231542,0.41029577931838,0.999999950389579,0.999999950389579,"CDH3/TGFBR3",2
"GO:0032231","regulation of actin filament bundle assembly","2/146","13/1372",0.153846153846154,1.44573234984194,0.557039539231542,0.41029577931838,0.999999950389579,0.999999950389579,"EPHA1/SFRP1",2
"GO:0032616","interleukin-13 production","2/146","13/1372",0.153846153846154,1.44573234984194,0.557039539231542,0.41029577931838,0.999999950389579,0.999999950389579,"IL19/TNFRSF21",2
"GO:0032656","regulation of interleukin-13 production","2/146","13/1372",0.153846153846154,1.44573234984194,0.557039539231542,0.41029577931838,0.999999950389579,0.999999950389579,"IL19/TNFRSF21",2
"GO:0035051","cardiocyte differentiation","2/146","13/1372",0.153846153846154,1.44573234984194,0.557039539231542,0.41029577931838,0.999999950389579,0.999999950389579,"TGFBR3/BMP4",2
"GO:0044331","cell-cell adhesion mediated by cadherin","2/146","13/1372",0.153846153846154,1.44573234984194,0.557039539231542,0.41029577931838,0.999999950389579,0.999999950389579,"CDH3/CDH6",2
"GO:0045453","bone resorption","2/146","13/1372",0.153846153846154,1.44573234984194,0.557039539231542,0.41029577931838,0.999999950389579,0.999999950389579,"DLK1/TNFRSF11A",2
"GO:0051783","regulation of nuclear division","2/146","13/1372",0.153846153846154,1.44573234984194,0.557039539231542,0.41029577931838,0.999999950389579,0.999999950389579,"BMP4/TGFA",2
"GO:0051893","regulation of focal adhesion assembly","2/146","13/1372",0.153846153846154,1.44573234984194,0.557039539231542,0.41029577931838,0.999999950389579,0.999999950389579,"ACVRL1/SFRP1",2
"GO:0071357","cellular response to type I interferon","2/146","13/1372",0.153846153846154,1.44573234984194,0.557039539231542,0.41029577931838,0.999999950389579,0.999999950389579,"MMP12/CR2",2
"GO:0090109","regulation of cell-substrate junction assembly","2/146","13/1372",0.153846153846154,1.44573234984194,0.557039539231542,0.41029577931838,0.999999950389579,0.999999950389579,"ACVRL1/SFRP1",2
"GO:0090596","sensory organ morphogenesis","2/146","13/1372",0.153846153846154,1.44573234984194,0.557039539231542,0.41029577931838,0.999999950389579,0.999999950389579,"EFEMP1/MFAP5",2
"GO:1902414","protein localization to cell junction","2/146","13/1372",0.153846153846154,1.44573234984194,0.557039539231542,0.41029577931838,0.999999950389579,0.999999950389579,"HSPG2/DSG3",2
"GO:0030334","regulation of cell migration","25/146","223/1372",0.112107623318386,1.05350451501935,0.301184605005238,0.419609257934308,0.999999950389579,0.999999950389579,"CCN3/LCN2/ACVRL1/THBS4/EPHA1/ACTA2/CGA/CCL16/MICOS10-NBL1/CCL14/CD99/CLEC7A/JAM2/NBL1/FGF23/TGFBR3/SFRP1/BMP4/CCL24/FGF21/XG/CCN1/GPNMB/ANGPT2/DSG3",25
"GO:0003073","regulation of systemic arterial blood pressure","3/146","22/1372",0.136363636363636,1.28144458281445,0.459078834326368,0.420316528047991,0.999999950389579,0.999999950389579,"NPPB/ADM/KLK1",3
"GO:0032370","positive regulation of lipid transport","3/146","22/1372",0.136363636363636,1.28144458281445,0.459078834326368,0.420316528047991,0.999999950389579,0.999999950389579,"PLTP/GHRL/TNFRSF11A",3
"GO:0044344","cellular response to fibroblast growth factor stimulus","3/146","22/1372",0.136363636363636,1.28144458281445,0.459078834326368,0.420316528047991,0.999999950389579,0.999999950389579,"FGF23/FLRT2/FGF21",3
"GO:0048639","positive regulation of developmental growth","3/146","22/1372",0.136363636363636,1.28144458281445,0.459078834326368,0.420316528047991,0.999999950389579,0.999999950389579,"GH1/TGFBR3/GHRL",3
"GO:0099536","synaptic signaling","8/146","67/1372",0.119402985074627,1.12206092823553,0.353393643859226,0.421640535720749,0.999999950389579,0.999999950389579,"HSPG2/USP8/SNCG/CLMP/PTPRN2/ADAM22/GHRL/CLSTN2",8
"GO:0048589","developmental growth","7/146","58/1372",0.120689655172414,1.13415210203118,0.360133661377606,0.422956959961896,0.999999950389579,0.999999950389579,"CCN3/NPPC/GH1/IGFBP1/TGFBR3/BMP4/GHRL",7
"GO:0051701","biological process involved in interaction with host","7/146","58/1372",0.120689655172414,1.13415210203118,0.360133661377606,0.422956959961896,0.999999950389579,0.999999950389579,"MOG/ITGB7/CR2/CTSB/NECTIN4/TNFRSF4/HAVCR1",7
"GO:0001659","temperature homeostasis","4/146","31/1372",0.129032258064516,1.21254971277066,0.412930441576447,0.423518855419555,0.999999950389579,0.999999950389579,"LCN2/GHRL/FGF21/TNFRSF11A",4
"GO:0033627","cell adhesion mediated by integrin","4/146","31/1372",0.129032258064516,1.21254971277066,0.412930441576447,0.423518855419555,0.999999950389579,0.999999950389579,"CCN3/ITGB7/ICAM5/ITGA11",4
"GO:0070664","negative regulation of leukocyte proliferation","4/146","31/1372",0.129032258064516,1.21254971277066,0.412930441576447,0.423518855419555,0.999999950389579,0.999999950389579,"BMP4/SFTPD/TNFRSF21/GPNMB",4
"GO:0071887","leukocyte apoptotic process","4/146","31/1372",0.129032258064516,1.21254971277066,0.412930441576447,0.423518855419555,0.999999950389579,0.999999950389579,"FAS/BMP4/CLC/TNFRSF21",4
"GO:0001935","endothelial cell proliferation","6/146","49/1372",0.122448979591837,1.15068493150685,0.370542359937992,0.423922612654796,0.999999950389579,0.999999950389579,"ACVRL1/THBS4/PRL/BMP4/GHRL/CCL24",6
"GO:0023061","signal release","6/146","49/1372",0.122448979591837,1.15068493150685,0.370542359937992,0.423922612654796,0.999999950389579,0.999999950389579,"FAM3B/CCN3/FGF23/PTPRN2/GHRL/TNFRSF11A",6
"GO:0050804","modulation of chemical synaptic transmission","6/146","49/1372",0.122448979591837,1.15068493150685,0.370542359937992,0.423922612654796,0.999999950389579,0.999999950389579,"HSPG2/USP8/CLMP/ADAM22/GHRL/CLSTN2",6
"GO:0098771","inorganic ion homeostasis","6/146","49/1372",0.122448979591837,1.15068493150685,0.370542359937992,0.423922612654796,0.999999950389579,0.999999950389579,"LCN2/NPPC/NPPB/SCARA5/CCL14/FGF23",6
"GO:0007416","synapse assembly","5/146","40/1372",0.125,1.17465753424658,0.386736469354418,0.424285476647203,0.999999950389579,0.999999950389579,"CRTAC1/ICAM5/GHRL/CLSTN2/MDGA1",5
"GO:0045597","positive regulation of cell differentiation","16/146","141/1372",0.113475177304965,1.06635577576994,0.286951950393182,0.431576808454466,0.999999950389579,0.999999950389579,"CCN3/ACVRL1/BOC/NPPC/DLK1/TGFBR2/IL7R/MICOS10-NBL1/CLEC7A/NBL1/SFRP1/BMP4/ADM/WFDC2/CCN1/TNFRSF11A",16
"GO:0043122","regulation of canonical NF-kappaB signal transduction","8/146","68/1372",0.117647058823529,1.10556003223207,0.308010197351834,0.438802687109759,0.999999950389579,0.999999950389579,"PRL/CLEC7A/ROR1/TNFRSF19/TGFBR3/CLEC4D/EDA2R/TNFRSF11A",8
"GO:0006508","proteolysis","17/146","151/1372",0.112582781456954,1.05796969971877,0.260484336069924,0.440792117166787,0.999999950389579,0.999999950389579,"KLK13/MMP12/USP8/SPINK6/TPSAB1/CTSB/KLK11/MMP13/KLK4/TMPRSS15/ADAM22/CPM/KLK8/WFDC2/PCOLCE/KLK1/ADAM23",17
"GO:0007160","cell-matrix adhesion","6/146","50/1372",0.12,1.12767123287671,0.317257755217819,0.443897997381457,0.999999950389579,0.999999950389579,"ACVRL1/MMP12/EPHA1/ITGB7/SFRP1/ITGA11",6
"GO:0071705","nitrogen compound transport","6/146","50/1372",0.12,1.12767123287671,0.317257755217819,0.443897997381457,0.999999950389579,0.999999950389579,"FAM3B/CCN3/TGFBR2/PLTP/PTPRN2/GHRL",6
"GO:0099177","regulation of trans-synaptic signaling","6/146","50/1372",0.12,1.12767123287671,0.317257755217819,0.443897997381457,0.999999950389579,0.999999950389579,"HSPG2/USP8/CLMP/ADAM22/GHRL/CLSTN2",6
"GO:0072593","reactive oxygen species metabolic process","5/146","41/1372",0.121951219512195,1.14600735048446,0.327436840410052,0.446342448421319,0.999999950389579,0.999999950389579,"LCN2/FAS/TGFBR2/CLEC7A/SFTPD",5
"GO:0007600","sensory perception","4/146","32/1372",0.125,1.17465753424658,0.34487350814825,0.448514051313494,0.999999950389579,0.999999950389579,"CCN3/EFEMP1/CDH3/ROR1",4
"GO:0042692","muscle cell differentiation","4/146","32/1372",0.125,1.17465753424658,0.34487350814825,0.448514051313494,0.999999950389579,0.999999950389579,"CCN3/MEGF10/BMP4/ADM",4
"GO:0061041","regulation of wound healing","4/146","32/1372",0.125,1.17465753424658,0.34487350814825,0.448514051313494,0.999999950389579,0.999999950389579,"CLEC7A/TNFRSF12A/REG3A/DSC2",4
"GO:0003015","heart process","2/146","14/1372",0.142857142857143,1.34246575342466,0.444305001022578,0.44866998521551,0.999999950389579,0.999999950389579,"ADM/DSC2",2
"GO:0006641","triglyceride metabolic process","2/146","14/1372",0.142857142857143,1.34246575342466,0.444305001022578,0.44866998521551,0.999999950389579,0.999999950389579,"FABP1/FABP2",2
"GO:0006937","regulation of muscle contraction","2/146","14/1372",0.142857142857143,1.34246575342466,0.444305001022578,0.44866998521551,0.999999950389579,0.999999950389579,"GHRL/DSC2",2
"GO:0007613","memory","2/146","14/1372",0.142857142857143,1.34246575342466,0.444305001022578,0.44866998521551,0.999999950389579,0.999999950389579,"LCN2/KLK8",2
"GO:0009152","purine ribonucleotide biosynthetic process","2/146","14/1372",0.142857142857143,1.34246575342466,0.444305001022578,0.44866998521551,0.999999950389579,0.999999950389579,"NPPC/NPPB",2
"GO:0009260","ribonucleotide biosynthetic process","2/146","14/1372",0.142857142857143,1.34246575342466,0.444305001022578,0.44866998521551,0.999999950389579,0.999999950389579,"NPPC/NPPB",2
"GO:0010212","response to ionizing radiation","2/146","14/1372",0.142857142857143,1.34246575342466,0.444305001022578,0.44866998521551,0.999999950389579,0.999999950389579,"LCN2/SFRP1",2
"GO:0010596","negative regulation of endothelial cell migration","2/146","14/1372",0.142857142857143,1.34246575342466,0.444305001022578,0.44866998521551,0.999999950389579,0.999999950389579,"ACVRL1/ANGPT2",2
"GO:0021953","central nervous system neuron differentiation","2/146","14/1372",0.142857142857143,1.34246575342466,0.444305001022578,0.44866998521551,0.999999950389579,0.999999950389579,"SFRP1/MDGA1",2
"GO:0030038","contractile actin filament bundle assembly","2/146","14/1372",0.142857142857143,1.34246575342466,0.444305001022578,0.44866998521551,0.999999950389579,0.999999950389579,"EPHA1/SFRP1",2
"GO:0032623","interleukin-2 production","2/146","14/1372",0.142857142857143,1.34246575342466,0.444305001022578,0.44866998521551,0.999999950389579,0.999999950389579,"CLEC7A/SFTPD",2
"GO:0032663","regulation of interleukin-2 production","2/146","14/1372",0.142857142857143,1.34246575342466,0.444305001022578,0.44866998521551,0.999999950389579,0.999999950389579,"CLEC7A/SFTPD",2
"GO:0034340","response to type I interferon","2/146","14/1372",0.142857142857143,1.34246575342466,0.444305001022578,0.44866998521551,0.999999950389579,0.999999950389579,"MMP12/CR2",2
"GO:0035265","organ growth","2/146","14/1372",0.142857142857143,1.34246575342466,0.444305001022578,0.44866998521551,0.999999950389579,0.999999950389579,"NPPC/TGFBR3",2
"GO:0043114","regulation of vascular permeability","2/146","14/1372",0.142857142857143,1.34246575342466,0.444305001022578,0.44866998521551,0.999999950389579,0.999999950389579,"NPPB/ADM",2
"GO:0043149","stress fiber assembly","2/146","14/1372",0.142857142857143,1.34246575342466,0.444305001022578,0.44866998521551,0.999999950389579,0.999999950389579,"EPHA1/SFRP1",2
"GO:0043627","response to estrogen","2/146","14/1372",0.142857142857143,1.34246575342466,0.444305001022578,0.44866998521551,0.999999950389579,0.999999950389579,"SFRP1/GHRL",2
"GO:0045601","regulation of endothelial cell differentiation","2/146","14/1372",0.142857142857143,1.34246575342466,0.444305001022578,0.44866998521551,0.999999950389579,0.999999950389579,"ACVRL1/BMP4",2
"GO:0046390","ribose phosphate biosynthetic process","2/146","14/1372",0.142857142857143,1.34246575342466,0.444305001022578,0.44866998521551,0.999999950389579,0.999999950389579,"NPPC/NPPB",2
"GO:0046635","positive regulation of alpha-beta T cell activation","2/146","14/1372",0.142857142857143,1.34246575342466,0.444305001022578,0.44866998521551,0.999999950389579,0.999999950389579,"TGFBR2/CD160",2
"GO:0048041","focal adhesion assembly","2/146","14/1372",0.142857142857143,1.34246575342466,0.444305001022578,0.44866998521551,0.999999950389579,0.999999950389579,"ACVRL1/SFRP1",2
"GO:0051170","import into nucleus","2/146","14/1372",0.142857142857143,1.34246575342466,0.444305001022578,0.44866998521551,0.999999950389579,0.999999950389579,"MMP12/BMP4",2
"GO:0060047","heart contraction","2/146","14/1372",0.142857142857143,1.34246575342466,0.444305001022578,0.44866998521551,0.999999950389579,0.999999950389579,"ADM/DSC2",2
"GO:0150116","regulation of cell-substrate junction organization","2/146","14/1372",0.142857142857143,1.34246575342466,0.444305001022578,0.44866998521551,0.999999950389579,0.999999950389579,"ACVRL1/SFRP1",2
"GO:1990089","response to nerve growth factor","2/146","14/1372",0.142857142857143,1.34246575342466,0.444305001022578,0.44866998521551,0.999999950389579,0.999999950389579,"LCN2/USP8",2
"GO:1990090","cellular response to nerve growth factor stimulus","2/146","14/1372",0.142857142857143,1.34246575342466,0.444305001022578,0.44866998521551,0.999999950389579,0.999999950389579,"LCN2/USP8",2
"GO:2000145","regulation of cell motility","25/146","226/1372",0.110619469026549,1.03951994181113,0.224247767139347,0.449526534712094,0.999999950389579,0.999999950389579,"CCN3/LCN2/ACVRL1/THBS4/EPHA1/ACTA2/CGA/CCL16/MICOS10-NBL1/CCL14/CD99/CLEC7A/JAM2/NBL1/FGF23/TGFBR3/SFRP1/BMP4/CCL24/FGF21/XG/CCN1/GPNMB/ANGPT2/DSG3",25
"GO:0045786","negative regulation of cell cycle","3/146","23/1372",0.130434782608696,1.22572960095295,0.376613928059836,0.44991176182248,0.999999950389579,0.999999950389579,"NPPC/BMP4/GPNMB",3
"GO:0048870","cell motility","36/146","329/1372",0.109422492401216,1.02827164092101,0.202888172911073,0.454506379174501,0.999999950389579,0.999999950389579,"CCN3/LCN2/ACVRL1/THBS4/MMP12/EPHA1/CCL17/ACTA2/ITGB7/S100P/CGA/CCL16/CDH3/MICOS10-NBL1/CCL14/CD99/CLEC7A/MEGF10/JAM2/CDH6/NBL1/FGF23/TGFBR3/SFRP1/BMP4/CCL24/FGF21/SFTPD/ITGA11/XG/CCN1/GPNMB/ANGPT2/TNFRSF11A/MDGA1/DSG3",36
"GO:0043123","positive regulation of canonical NF-kappaB signal transduction","7/146","60/1372",0.116666666666667,1.09634703196347,0.263267329628122,0.459677535162651,0.999999950389579,0.999999950389579,"PRL/CLEC7A/ROR1/TNFRSF19/CLEC4D/EDA2R/TNFRSF11A",7
"GO:0009306","protein secretion","5/146","42/1372",0.119047619047619,1.11872146118721,0.269573984604547,0.468194736943649,0.999999950389579,0.999999950389579,"FAM3B/CCN3/SNCG/PTPRN2/GHRL",5
"GO:0021700","developmental maturation","5/146","42/1372",0.119047619047619,1.11872146118721,0.269573984604547,0.468194736943649,0.999999950389579,0.999999950389579,"ACVRL1/NPPC/GH1/CDH3/CLEC7A",5
"GO:0032970","regulation of actin filament-based process","5/146","42/1372",0.119047619047619,1.11872146118721,0.269573984604547,0.468194736943649,0.999999950389579,0.999999950389579,"EPHA1/ACTA2/SFRP1/CCL24/DSC2",5
"GO:0035592","establishment of protein localization to extracellular region","5/146","42/1372",0.119047619047619,1.11872146118721,0.269573984604547,0.468194736943649,0.999999950389579,0.999999950389579,"FAM3B/CCN3/SNCG/PTPRN2/GHRL",5
"GO:0051250","negative regulation of lymphocyte activation","5/146","42/1372",0.119047619047619,1.11872146118721,0.269573984604547,0.468194736943649,0.999999950389579,0.999999950389579,"SFRP1/BMP4/SFTPD/TNFRSF21/GPNMB",5
"GO:0007267","cell-cell signaling","19/146","172/1372",0.11046511627907,1.03806944886907,0.184162037086813,0.468883505778253,0.999999950389579,0.999999950389579,"FAM3B/CCN3/NPPC/HSPG2/CCL17/USP8/CCL16/TSHB/SNCG/CLMP/FGF23/PTPRN2/ADAM22/GHRL/CCL24/FGF21/CLSTN2/GPNMB/TNFRSF11A",19
"GO:0007249","canonical NF-kappaB signal transduction","8/146","70/1372",0.114285714285714,1.07397260273973,0.219161542182061,0.472931608311147,0.999999950389579,0.999999950389579,"PRL/CLEC7A/ROR1/TNFRSF19/TGFBR3/CLEC4D/EDA2R/TNFRSF11A",8
"GO:0001667","ameboidal-type cell migration","4/146","33/1372",0.121212121212121,1.13906185139062,0.278948871419593,0.473172204421833,0.999999950389579,0.999999950389579,"CCN3/ACTA2/ITGB7/BMP4",4
"GO:0060562","epithelial tube morphogenesis","4/146","33/1372",0.121212121212121,1.13906185139062,0.278948871419593,0.473172204421833,0.999999950389579,0.999999950389579,"LCN2/ACVRL1/TGFBR2/BMP4",4
"GO:0008015","blood circulation","7/146","61/1372",0.114754098360656,1.07837412980013,0.216016151090289,0.477874113392718,0.999999950389579,0.999999950389579,"ACVRL1/NPPC/NPPB/GHRL/ADM/KLK1/DSC2",7
"GO:0010876","lipid localization","7/146","61/1372",0.114754098360656,1.07837412980013,0.216016151090289,0.477874113392718,0.999999950389579,0.999999950389579,"FABP1/PLTP/RBP2/RBP5/FABP2/GHRL/TNFRSF11A",7
"GO:0044403","biological process involved in symbiotic interaction","7/146","61/1372",0.114754098360656,1.07837412980013,0.216016151090289,0.477874113392718,0.999999950389579,0.999999950389579,"MOG/ITGB7/CR2/CTSB/NECTIN4/TNFRSF4/HAVCR1",7
"GO:0048729","tissue morphogenesis","7/146","61/1372",0.114754098360656,1.07837412980013,0.216016151090289,0.477874113392718,0.999999950389579,0.999999950389579,"LCN2/ACVRL1/MMP12/ACTA2/TGFBR2/TGFBR3/BMP4",7
"GO:0070482","response to oxygen levels","7/146","61/1372",0.114754098360656,1.07837412980013,0.216016151090289,0.477874113392718,0.999999950389579,0.999999950389579,"LCN2/NPPC/FABP1/FAS/TGFBR3/SFRP1/ANGPT2",7
"GO:0097006","regulation of plasma lipoprotein particle levels","3/146","24/1372",0.125,1.17465753424658,0.297781641497678,0.478889579409997,0.999999950389579,0.999999950389579,"PLTP/IL19/FGF21",3
"GO:0106106","cold-induced thermogenesis","3/146","24/1372",0.125,1.17465753424658,0.297781641497678,0.478889579409997,0.999999950389579,0.999999950389579,"LCN2/GHRL/FGF21",3
"GO:0120161","regulation of cold-induced thermogenesis","3/146","24/1372",0.125,1.17465753424658,0.297781641497678,0.478889579409997,0.999999950389579,0.999999950389579,"LCN2/GHRL/FGF21",3
"GO:0097529","myeloid leukocyte migration","10/146","89/1372",0.112359550561798,1.0558719408958,0.188029223953763,0.479468567986961,0.999999950389579,0.999999950389579,"CCN3/THBS4/CCL16/MICOS10-NBL1/CD99/NBL1/CCL24/SFTPD/XG/TNFRSF11A",10
"GO:0003006","developmental process involved in reproduction","6/146","52/1372",0.115384615384615,1.08429926238145,0.213790499012423,0.483412144985019,0.999999950389579,0.999999950389579,"NPPC/CGA/JAM2/GHRL/WFDC2/ANGPT2",6
"GO:0045766","positive regulation of angiogenesis","6/146","52/1372",0.115384615384615,1.08429926238145,0.213790499012423,0.483412144985019,0.999999950389579,0.999999950389579,"EPHA1/GHRL/ADM/CCL24/HSPB6/ANGPT2",6
"GO:0002244","hematopoietic progenitor cell differentiation","2/146","15/1372",0.133333333333333,1.25296803652968,0.339837480886297,0.485613907466989,0.999999950389579,0.999999950389579,"SFRP1/BMP4",2
"GO:0007044","cell-substrate junction assembly","2/146","15/1372",0.133333333333333,1.25296803652968,0.339837480886297,0.485613907466989,0.999999950389579,0.999999950389579,"ACVRL1/SFRP1",2
"GO:0019218","regulation of steroid metabolic process","2/146","15/1372",0.133333333333333,1.25296803652968,0.339837480886297,0.485613907466989,0.999999950389579,0.999999950389579,"CGA/ADM",2
"GO:0031100","animal organ regeneration","2/146","15/1372",0.133333333333333,1.25296803652968,0.339837480886297,0.485613907466989,0.999999950389579,0.999999950389579,"TGFBR3/ANGPT2",2
"GO:0034381","plasma lipoprotein particle clearance","2/146","15/1372",0.133333333333333,1.25296803652968,0.339837480886297,0.485613907466989,0.999999950389579,0.999999950389579,"IL19/FGF21",2
"GO:0042698","ovulation cycle","2/146","15/1372",0.133333333333333,1.25296803652968,0.339837480886297,0.485613907466989,0.999999950389579,0.999999950389579,"NPPC/CGA",2
"GO:0045930","negative regulation of mitotic cell cycle","2/146","15/1372",0.133333333333333,1.25296803652968,0.339837480886297,0.485613907466989,0.999999950389579,0.999999950389579,"BMP4/GPNMB",2
"GO:0050901","leukocyte tethering or rolling","2/146","15/1372",0.133333333333333,1.25296803652968,0.339837480886297,0.485613907466989,0.999999950389579,0.999999950389579,"ITGB7/JAM2",2
"GO:0098739","import across plasma membrane","2/146","15/1372",0.133333333333333,1.25296803652968,0.339837480886297,0.485613907466989,0.999999950389579,0.999999950389579,"LCN2/FGF21",2
"GO:0140353","lipid export from cell","2/146","15/1372",0.133333333333333,1.25296803652968,0.339837480886297,0.485613907466989,0.999999950389579,0.999999950389579,"GHRL/TNFRSF11A",2
"GO:1905330","regulation of morphogenesis of an epithelium","2/146","15/1372",0.133333333333333,1.25296803652968,0.339837480886297,0.485613907466989,0.999999950389579,0.999999950389579,"LCN2/BMP4",2
"GO:0040012","regulation of locomotion","25/146","230/1372",0.108695652173913,1.02144133412746,0.122951148781238,0.489482923043658,0.999999950389579,0.999999950389579,"CCN3/LCN2/ACVRL1/THBS4/EPHA1/ACTA2/CGA/CCL16/MICOS10-NBL1/CCL14/CD99/CLEC7A/JAM2/NBL1/FGF23/TGFBR3/SFRP1/BMP4/CCL24/FGF21/XG/CCN1/GPNMB/ANGPT2/DSG3",25
"GO:0071692","protein localization to extracellular region","5/146","43/1372",0.116279069767442,1.09270468302007,0.213070502839786,0.489786735048676,0.999999950389579,0.999999950389579,"FAM3B/CCN3/SNCG/PTPRN2/GHRL",5
"GO:1902903","regulation of supramolecular fiber organization","5/146","43/1372",0.116279069767442,1.09270468302007,0.213070502839786,0.489786735048676,0.999999950389579,0.999999950389579,"HSPG2/EPHA1/USP8/SFRP1/CCL24",5
"GO:0030029","actin filament-based process","8/146","71/1372",0.112676056338028,1.05884622805325,0.175654417712714,0.4898403061331,0.999999950389579,0.999999950389579,"EPHA1/ACTA2/SFRP1/GHRL/CCL24/TNXB/DSC2/DSG3",8
"GO:0008037","cell recognition","4/146","34/1372",0.117647058823529,1.10556003223207,0.215011077773864,0.497419695234194,0.999999950389579,0.999999950389579,"CRTAC1/CLEC7A/COLEC12/TNFRSF21",4
"GO:0045123","cellular extravasation","4/146","34/1372",0.117647058823529,1.10556003223207,0.215011077773864,0.497419695234194,0.999999950389579,0.999999950389579,"ITGB7/CD99/JAM2/XG",4
"GO:0048660","regulation of smooth muscle cell proliferation","4/146","34/1372",0.117647058823529,1.10556003223207,0.215011077773864,0.497419695234194,0.999999950389579,0.999999950389579,"NPPC/OGN/TAFA5/BMP4",4
"GO:0050868","negative regulation of T cell activation","4/146","34/1372",0.117647058823529,1.10556003223207,0.215011077773864,0.497419695234194,0.999999950389579,0.999999950389579,"BMP4/SFTPD/TNFRSF21/GPNMB",4
"GO:0002695","negative regulation of leukocyte activation","6/146","53/1372",0.113207547169811,1.06384078573275,0.163517289956263,0.502866267687646,0.999999950389579,0.999999950389579,"CD300LF/SFRP1/BMP4/SFTPD/TNFRSF21/GPNMB",6
"GO:0007507","heart development","6/146","53/1372",0.113207547169811,1.06384078573275,0.163517289956263,0.502866267687646,0.999999950389579,0.999999950389579,"ACVRL1/NPPB/TGFBR2/TGFBR3/FLRT2/BMP4",6
"GO:0048609","multicellular organismal reproductive process","6/146","53/1372",0.113207547169811,1.06384078573275,0.163517289956263,0.502866267687646,0.999999950389579,0.999999950389579,"NPPC/CGA/JAM2/GHRL/WFDC2/ANGPT2",6
"GO:0043408","regulation of MAPK cascade","16/146","147/1372",0.108843537414966,1.02283105022831,0.101057007255816,0.504377301526766,0.999999950389579,0.999999950389579,"FAS/ACTA2/GH1/CLEC7A/TNFRSF19/FGF23/BMP4/GHRL/TGFA/FGF21/DSC2/CCN1/GPNMB/EDA2R/TNFRSF11A/DSG3",16
"GO:0002520","immune system development","3/146","25/1372",0.12,1.12767123287671,0.222243556788841,0.507148228068986,0.999999950389579,0.999999950389579,"TGFBR2/CLC/TNFRSF11A",3
"GO:0042100","B cell proliferation","3/146","25/1372",0.12,1.12767123287671,0.222243556788841,0.507148228068986,0.999999950389579,0.999999950389579,"CR2/TNFRSF21/TNFRSF4",3
"GO:0072006","nephron development","3/146","25/1372",0.12,1.12767123287671,0.222243556788841,0.507148228068986,0.999999950389579,0.999999950389579,"ACTA2/BMP4/ANGPT2",3
"GO:1990845","adaptive thermogenesis","3/146","25/1372",0.12,1.12767123287671,0.222243556788841,0.507148228068986,0.999999950389579,0.999999950389579,"LCN2/GHRL/FGF21",3
"GO:0042098","T cell proliferation","7/146","63/1372",0.111111111111111,1.0441400304414,0.123732275525271,0.513771454119736,0.999999950389579,0.999999950389579,"TGFBR2/BMP4/SFTPD/CLC/TNFRSF21/TNFRSF4/GPNMB",7
"GO:0001657","ureteric bud development","2/146","16/1372",0.125,1.17465753424658,0.242419410835943,0.520996298527399,0.999999950389579,0.999999950389579,"SFRP1/BMP4",2
"GO:0001933","negative regulation of protein phosphorylation","2/146","16/1372",0.125,1.17465753424658,0.242419410835943,0.520996298527399,0.999999950389579,0.999999950389579,"IL7R/SFRP1",2
"GO:0010948","negative regulation of cell cycle process","2/146","16/1372",0.125,1.17465753424658,0.242419410835943,0.520996298527399,0.999999950389579,0.999999950389579,"BMP4/GPNMB",2
"GO:0045670","regulation of osteoclast differentiation","2/146","16/1372",0.125,1.17465753424658,0.242419410835943,0.520996298527399,0.999999950389579,0.999999950389579,"DLK1/TNFRSF11A",2
"GO:0072163","mesonephric epithelium development","2/146","16/1372",0.125,1.17465753424658,0.242419410835943,0.520996298527399,0.999999950389579,0.999999950389579,"SFRP1/BMP4",2
"GO:0072164","mesonephric tubule development","2/146","16/1372",0.125,1.17465753424658,0.242419410835943,0.520996298527399,0.999999950389579,0.999999950389579,"SFRP1/BMP4",2
"GO:0150115","cell-substrate junction organization","2/146","16/1372",0.125,1.17465753424658,0.242419410835943,0.520996298527399,0.999999950389579,0.999999950389579,"ACVRL1/SFRP1",2
"GO:1901655","cellular response to ketone","2/146","16/1372",0.125,1.17465753424658,0.242419410835943,0.520996298527399,0.999999950389579,0.999999950389579,"USP8/SFRP1",2
"GO:2000514","regulation of CD4-positive, alpha-beta T cell activation","2/146","16/1372",0.125,1.17465753424658,0.242419410835943,0.520996298527399,0.999999950389579,0.999999950389579,"TGFBR2/CD160",2
"GO:0031099","regeneration","4/146","35/1372",0.114285714285714,1.07397260273973,0.152928749897929,0.521191332400735,0.999999950389579,0.999999950389579,"CCN3/IGFBP1/TGFBR3/ANGPT2",4
"GO:0045619","regulation of lymphocyte differentiation","4/146","35/1372",0.114285714285714,1.07397260273973,0.152928749897929,0.521191332400735,0.999999950389579,0.999999950389579,"TGFBR2/IL7R/SFRP1/BMP4",4
"GO:0070098","chemokine-mediated signaling pathway","4/146","35/1372",0.114285714285714,1.07397260273973,0.152928749897929,0.521191332400735,0.999999950389579,0.999999950389579,"TFF2/CCL16/CCL14/CCL24",4
"GO:1990868","response to chemokine","4/146","35/1372",0.114285714285714,1.07397260273973,0.152928749897929,0.521191332400735,0.999999950389579,0.999999950389579,"TFF2/CCL16/CCL14/CCL24",4
"GO:1990869","cellular response to chemokine","4/146","35/1372",0.114285714285714,1.07397260273973,0.152928749897929,0.521191332400735,0.999999950389579,0.999999950389579,"TFF2/CCL16/CCL14/CCL24",4
"GO:0009410","response to xenobiotic stimulus","6/146","54/1372",0.111111111111111,1.0441400304414,0.114162040680019,0.522066889454752,0.999999950389579,0.999999950389579,"LCN2/NPPC/TGFBR2/SCGB1A1/ALDH3A1/SFRP1",6
"GO:1904018","positive regulation of vasculature development","6/146","54/1372",0.111111111111111,1.0441400304414,0.114162040680019,0.522066889454752,0.999999950389579,0.999999950389579,"EPHA1/GHRL/ADM/CCL24/HSPB6/ANGPT2",6
"GO:0030855","epithelial cell differentiation","8/146","73/1372",0.10958904109589,1.02983674235316,0.0903770536192289,0.523211156672911,0.999999950389579,0.999999950389579,"ACVRL1/NPPC/ACTA2/CTSB/CDH3/BMP4/WFDC2/REG3A",8
"GO:0010647","positive regulation of cell communication","32/146","300/1372",0.106666666666667,1.00237442922374,0.0160499019521802,0.529569842897678,0.999999950389579,0.999999950389579,"CCN3/ACVRL1/MMP12/FAS/IL10RB/ACTA2/USP8/TGFBR2/GH1/PRL/CD300LF/IL7R/CDH3/CLEC7A/ROR1/TNFRSF19/FGF23/TGFBR3/ADAM22/SFRP1/BMP4/GHRL/TNFRSF12A/CLEC4D/TGFA/FGF21/CLSTN2/DSC2/CCN1/GPNMB/EDA2R/TNFRSF11A",32
"GO:0023056","positive regulation of signaling","32/146","300/1372",0.106666666666667,1.00237442922374,0.0160499019521802,0.529569842897678,0.999999950389579,0.999999950389579,"CCN3/ACVRL1/MMP12/FAS/IL10RB/ACTA2/USP8/TGFBR2/GH1/PRL/CD300LF/IL7R/CDH3/CLEC7A/ROR1/TNFRSF19/FGF23/TGFBR3/ADAM22/SFRP1/BMP4/GHRL/TNFRSF12A/CLEC4D/TGFA/FGF21/CLSTN2/DSC2/CCN1/GPNMB/EDA2R/TNFRSF11A",32
"GO:0018108","peptidyl-tyrosine phosphorylation","5/146","45/1372",0.111111111111111,1.0441400304414,0.103861201892959,0.531991002876544,0.999999950389579,0.999999950389579,"THBS4/EFEMP1/IL10RB/IL7R/SFRP1",5
"GO:0018212","peptidyl-tyrosine modification","5/146","45/1372",0.111111111111111,1.0441400304414,0.103861201892959,0.531991002876544,0.999999950389579,0.999999950389579,"THBS4/EFEMP1/IL10RB/IL7R/SFRP1",5
"GO:0051047","positive regulation of secretion","5/146","45/1372",0.111111111111111,1.0441400304414,0.103861201892959,0.531991002876544,0.999999950389579,0.999999950389579,"NPPB/PRL/CD160/GHRL/TNFRSF11A",5
"GO:0043410","positive regulation of MAPK cascade","13/146","121/1372",0.107438016528926,1.00962300464168,0.0382405954204133,0.53291230093543,0.999999950389579,0.999999950389579,"ACTA2/GH1/CLEC7A/TNFRSF19/FGF23/BMP4/GHRL/TGFA/FGF21/DSC2/GPNMB/EDA2R/TNFRSF11A",13
"GO:0034764","positive regulation of transmembrane transport","3/146","26/1372",0.115384615384615,1.08429926238145,0.149705528510532,0.534603291644583,0.999999950389579,0.999999950389579,"LCN2/GH1/FGF21",3
"GO:0043535","regulation of blood vessel endothelial cell migration","3/146","26/1372",0.115384615384615,1.08429926238145,0.149705528510532,0.534603291644583,0.999999950389579,0.999999950389579,"ACVRL1/TGFBR3/ANGPT2",3
"GO:0051384","response to glucocorticoid","3/146","26/1372",0.115384615384615,1.08429926238145,0.149705528510532,0.534603291644583,0.999999950389579,0.999999950389579,"USP8/SCGB1A1/PTGDS",3
"GO:0051495","positive regulation of cytoskeleton organization","3/146","26/1372",0.115384615384615,1.08429926238145,0.149705528510532,0.534603291644583,0.999999950389579,0.999999950389579,"EPHA1/SFRP1/CCL24",3
"GO:1905954","positive regulation of lipid localization","3/146","26/1372",0.115384615384615,1.08429926238145,0.149705528510532,0.534603291644583,0.999999950389579,0.999999950389579,"PLTP/GHRL/TNFRSF11A",3
"GO:0071674","mononuclear cell migration","8/146","74/1372",0.108108108108108,1.01592002961866,0.048570469911328,0.539623661413607,0.999999950389579,0.999999950389579,"CCN3/MICOS10-NBL1/CD99/JAM2/NBL1/SFTPD/XG/TNFRSF11A",8
"GO:0008285","negative regulation of cell population proliferation","14/146","131/1372",0.106870229007634,1.00428735752379,0.0177987448848063,0.539628418623209,0.999999950389579,0.999999950389579,"CCN3/ACVRL1/NPPC/PRL/OGN/TGFBR3/SFRP1/TAFA5/BMP4/GHRL/SFTPD/TNFRSF9/TNFRSF21/GPNMB",14
"GO:0048762","mesenchymal cell differentiation","4/146","36/1372",0.111111111111111,1.0441400304414,0.0925828551601105,0.544430130187071,0.999999950389579,0.999999950389579,"TGFBR2/TGFBR3/SFRP1/BMP4",4
"GO:0009967","positive regulation of signal transduction","30/146","283/1372",0.106007067137809,0.996176000774481,-0.0249084666654587,0.546380158474481,0.999999950389579,0.999999950389579,"CCN3/ACVRL1/MMP12/FAS/IL10RB/ACTA2/USP8/TGFBR2/GH1/PRL/CD300LF/IL7R/CDH3/CLEC7A/ROR1/TNFRSF19/FGF23/TGFBR3/SFRP1/BMP4/GHRL/TNFRSF12A/CLEC4D/TGFA/FGF21/DSC2/CCN1/GPNMB/EDA2R/TNFRSF11A",30
"GO:0007015","actin filament organization","5/146","46/1372",0.108695652173913,1.02144133412746,0.0510280389825265,0.552515659209988,0.999999950389579,0.999999950389579,"EPHA1/SFRP1/GHRL/CCL24/DSG3",5
"GO:0002691","regulation of cellular extravasation","2/146","17/1372",0.117647058823529,1.10556003223207,0.151079050751158,0.554729598795023,0.999999950389579,0.999999950389579,"CD99/XG",2
"GO:0006638","neutral lipid metabolic process","2/146","17/1372",0.117647058823529,1.10556003223207,0.151079050751158,0.554729598795023,0.999999950389579,0.999999950389579,"FABP1/FABP2",2
"GO:0006639","acylglycerol metabolic process","2/146","17/1372",0.117647058823529,1.10556003223207,0.151079050751158,0.554729598795023,0.999999950389579,0.999999950389579,"FABP1/FABP2",2
"GO:0007272","ensheathment of neurons","2/146","17/1372",0.117647058823529,1.10556003223207,0.151079050751158,0.554729598795023,0.999999950389579,0.999999950389579,"JAM2/TNFRSF21",2
"GO:0008366","axon ensheathment","2/146","17/1372",0.117647058823529,1.10556003223207,0.151079050751158,0.554729598795023,0.999999950389579,0.999999950389579,"JAM2/TNFRSF21",2
"GO:0008585","female gonad development","2/146","17/1372",0.117647058823529,1.10556003223207,0.151079050751158,0.554729598795023,0.999999950389579,0.999999950389579,"NPPC/CGA",2
"GO:0017015","regulation of transforming growth factor beta receptor signaling pathway","2/146","17/1372",0.117647058823529,1.10556003223207,0.151079050751158,0.554729598795023,0.999999950389579,0.999999950389579,"CDH3/TGFBR3",2
"GO:0019318","hexose metabolic process","2/146","17/1372",0.117647058823529,1.10556003223207,0.151079050751158,0.554729598795023,0.999999950389579,0.999999950389579,"TFF3/GHRL",2
"GO:0034446","substrate adhesion-dependent cell spreading","2/146","17/1372",0.117647058823529,1.10556003223207,0.151079050751158,0.554729598795023,0.999999950389579,0.999999950389579,"EPHA1/ITGB7",2
"GO:0042326","negative regulation of phosphorylation","2/146","17/1372",0.117647058823529,1.10556003223207,0.151079050751158,0.554729598795023,0.999999950389579,0.999999950389579,"IL7R/SFRP1",2
"GO:0042509","regulation of tyrosine phosphorylation of STAT protein","2/146","17/1372",0.117647058823529,1.10556003223207,0.151079050751158,0.554729598795023,0.999999950389579,0.999999950389579,"IL10RB/IL7R",2
"GO:0042552","myelination","2/146","17/1372",0.117647058823529,1.10556003223207,0.151079050751158,0.554729598795023,0.999999950389579,0.999999950389579,"JAM2/TNFRSF21",2
"GO:0045834","positive regulation of lipid metabolic process","2/146","17/1372",0.117647058823529,1.10556003223207,0.151079050751158,0.554729598795023,0.999999950389579,0.999999950389579,"CGA/ADM",2
"GO:1902106","negative regulation of leukocyte differentiation","2/146","17/1372",0.117647058823529,1.10556003223207,0.151079050751158,0.554729598795023,0.999999950389579,0.999999950389579,"SFRP1/BMP4",2
"GO:1903844","regulation of cellular response to transforming growth factor beta stimulus","2/146","17/1372",0.117647058823529,1.10556003223207,0.151079050751158,0.554729598795023,0.999999950389579,0.999999950389579,"CDH3/TGFBR3",2
"GO:2001238","positive regulation of extrinsic apoptotic signaling pathway","2/146","17/1372",0.117647058823529,1.10556003223207,0.151079050751158,0.554729598795023,0.999999950389579,0.999999950389579,"SFRP1/TNFRSF12A",2
"GO:0098657","import into cell","15/146","142/1372",0.105633802816901,0.992668338799923,-0.031830533991863,0.558031012900283,0.999999950389579,0.999999950389579,"LCN2/HSPG2/CD93/CD302/SCARA5/CD300LF/CLEC7A/COLEC12/MEGF10/SNCG/FCER2/ADM/FGF21/SFTPD/HAVCR1",15
"GO:0002683","negative regulation of immune system process","13/146","123/1372",0.105691056910569,0.993206370419868,-0.027241004639641,0.558763202689693,0.999999950389579,0.999999950389579,"CCN3/MMP12/CR2/CD300LF/MICOS10-NBL1/CD160/NBL1/SFRP1/BMP4/NECTIN4/SFTPD/TNFRSF21/GPNMB",13
"GO:0055080","monoatomic cation homeostasis","6/146","56/1372",0.107142857142857,1.00684931506849,0.0180535716235619,0.559571129233599,0.999999950389579,0.999999950389579,"LCN2/NPPC/NPPB/SCARA5/CCL14/FGF23",6
"GO:0032368","regulation of lipid transport","3/146","27/1372",0.111111111111111,1.0441400304414,0.0799103970313497,0.561186361187598,0.999999950389579,0.999999950389579,"PLTP/GHRL/TNFRSF11A",3
"GO:0036294","cellular response to decreased oxygen levels","3/146","27/1372",0.111111111111111,1.0441400304414,0.0799103970313497,0.561186361187598,0.999999950389579,0.999999950389579,"LCN2/FABP1/SFRP1",3
"GO:0046330","positive regulation of JNK cascade","3/146","27/1372",0.111111111111111,1.0441400304414,0.0799103970313497,0.561186361187598,0.999999950389579,0.999999950389579,"TNFRSF19/EDA2R/TNFRSF11A",3
"GO:0048568","embryonic organ development","3/146","27/1372",0.111111111111111,1.0441400304414,0.0799103970313497,0.561186361187598,0.999999950389579,0.999999950389579,"EFEMP1/MFAP5/TGFBR2",3
"GO:0050764","regulation of phagocytosis","3/146","27/1372",0.111111111111111,1.0441400304414,0.0799103970313497,0.561186361187598,0.999999950389579,0.999999950389579,"CD300LF/CLEC7A/SFTPD",3
"GO:0050864","regulation of B cell activation","3/146","27/1372",0.111111111111111,1.0441400304414,0.0799103970313497,0.561186361187598,0.999999950389579,0.999999950389579,"SFRP1/TNFRSF21/TNFRSF4",3
"GO:0071456","cellular response to hypoxia","3/146","27/1372",0.111111111111111,1.0441400304414,0.0799103970313497,0.561186361187598,0.999999950389579,0.999999950389579,"LCN2/FABP1/SFRP1",3
"GO:2001235","positive regulation of apoptotic signaling pathway","3/146","27/1372",0.111111111111111,1.0441400304414,0.0799103970313497,0.561186361187598,0.999999950389579,0.999999950389579,"FAS/SFRP1/TNFRSF12A",3
"GO:0051046","regulation of secretion","9/146","85/1372",0.105882352941176,0.995004029008864,-0.0164055206414406,0.562241329093985,0.999999950389579,0.999999950389579,"CCN3/NPPB/TFF2/PRL/CD160/FGF23/PTPRN2/GHRL/TNFRSF11A",9
"GO:0045595","regulation of cell differentiation","22/146","209/1372",0.105263157894737,0.989185291997116,-0.0585798160872217,0.562992081949601,0.999999950389579,0.999999950389579,"CCN3/ACVRL1/EFEMP1/BOC/NPPC/DLK1/TGFBR2/IL7R/MICOS10-NBL1/CLEC7A/MEGF10/NBL1/FGF23/SFRP1/BMP4/ADM/WFDC2/REG3A/TNXB/TNFRSF21/CCN1/TNFRSF11A",22
"GO:0002040","sprouting angiogenesis","4/146","37/1372",0.108108108108108,1.01592002961866,0.0338652293179084,0.567087009248219,0.999999950389579,0.999999950389579,"ACVRL1/TGFBR3/BMP4/GHRL",4
"GO:0044089","positive regulation of cellular component biogenesis","8/146","76/1372",0.105263157894737,0.989185291997116,-0.033463319004621,0.571790206571118,0.999999950389579,0.999999950389579,"ACVRL1/EPHA1/CLEC7A/SFRP1/GHRL/CCL24/CLSTN2/DSG3",8
"GO:0006935","chemotaxis","15/146","144/1372",0.104166666666667,0.978881278538813,-0.0924058795347513,0.581847896105198,0.999999950389579,0.999999950389579,"CCN3/THBS4/CCL17/CCL16/MICOS10-NBL1/CCL14/NBL1/FLRT2/BMP4/CCL24/SFTPD/CCN1/GPNMB/ANGPT2/TNFRSF11A",15
"GO:0042330","taxis","15/146","144/1372",0.104166666666667,0.978881278538813,-0.0924058795347513,0.581847896105198,0.999999950389579,0.999999950389579,"CCN3/THBS4/CCL17/CCL16/MICOS10-NBL1/CCL14/NBL1/FLRT2/BMP4/CCL24/SFTPD/CCN1/GPNMB/ANGPT2/TNFRSF11A",15
"GO:0003013","circulatory system process","7/146","67/1372",0.104477611940299,0.981803312206093,-0.0526834745451777,0.582767208833403,0.999999950389579,0.999999950389579,"ACVRL1/NPPC/NPPB/GHRL/ADM/KLK1/DSC2",7
"GO:0071345","cellular response to cytokine stimulus","20/146","192/1372",0.104166666666667,0.978881278538813,-0.108849679123817,0.583978896244054,0.999999950389579,0.999999950389579,"LCN2/MMP12/FAS/IL10RB/TFF2/CR2/GH1/PRL/CCL16/CD300LF/IL7R/CCL14/TNFRSF19/FGF23/SFRP1/CCL24/TNFRSF21/TNFRSF4/EDA2R/TNFRSF11A",20
"GO:0030335","positive regulation of cell migration","16/146","154/1372",0.103896103896104,0.976338729763387,-0.107504016930071,0.586706934537424,0.999999950389579,0.999999950389579,"LCN2/THBS4/EPHA1/ACTA2/CGA/CCL16/CCL14/CD99/CLEC7A/JAM2/TGFBR3/BMP4/CCL24/XG/CCN1/GPNMB",16
"GO:0001823","mesonephros development","2/146","18/1372",0.111111111111111,1.0441400304414,0.0650293583653018,0.586762230372955,0.999999950389579,0.999999950389579,"SFRP1/BMP4",2
"GO:0001954","positive regulation of cell-matrix adhesion","2/146","18/1372",0.111111111111111,1.0441400304414,0.0650293583653018,0.586762230372955,0.999999950389579,0.999999950389579,"EPHA1/SFRP1",2
"GO:0001961","positive regulation of cytokine-mediated signaling pathway","2/146","18/1372",0.111111111111111,1.0441400304414,0.0650293583653018,0.586762230372955,0.999999950389579,0.999999950389579,"MMP12/CD300LF",2
"GO:0002715","regulation of natural killer cell mediated immunity","2/146","18/1372",0.111111111111111,1.0441400304414,0.0650293583653018,0.586762230372955,0.999999950389579,0.999999950389579,"CD160/NECTIN4",2
"GO:0006694","steroid biosynthetic process","2/146","18/1372",0.111111111111111,1.0441400304414,0.0650293583653018,0.586762230372955,0.999999950389579,0.999999950389579,"CGA/ADM",2
"GO:0007260","tyrosine phosphorylation of STAT protein","2/146","18/1372",0.111111111111111,1.0441400304414,0.0650293583653018,0.586762230372955,0.999999950389579,0.999999950389579,"IL10RB/IL7R",2
"GO:0007283","spermatogenesis","2/146","18/1372",0.111111111111111,1.0441400304414,0.0650293583653018,0.586762230372955,0.999999950389579,0.999999950389579,"JAM2/WFDC2",2
"GO:0014909","smooth muscle cell migration","2/146","18/1372",0.111111111111111,1.0441400304414,0.0650293583653018,0.586762230372955,0.999999950389579,0.999999950389579,"CCN3/BMP4",2
"GO:0031032","actomyosin structure organization","2/146","18/1372",0.111111111111111,1.0441400304414,0.0650293583653018,0.586762230372955,0.999999950389579,0.999999950389579,"EPHA1/SFRP1",2
"GO:0042269","regulation of natural killer cell mediated cytotoxicity","2/146","18/1372",0.111111111111111,1.0441400304414,0.0650293583653018,0.586762230372955,0.999999950389579,0.999999950389579,"CD160/NECTIN4",2
"GO:0042542","response to hydrogen peroxide","2/146","18/1372",0.111111111111111,1.0441400304414,0.0650293583653018,0.586762230372955,0.999999950389579,0.999999950389579,"LCN2/FABP1",2
"GO:0046545","development of primary female sexual characteristics","2/146","18/1372",0.111111111111111,1.0441400304414,0.0650293583653018,0.586762230372955,0.999999950389579,0.999999950389579,"NPPC/CGA",2
"GO:0046660","female sex differentiation","2/146","18/1372",0.111111111111111,1.0441400304414,0.0650293583653018,0.586762230372955,0.999999950389579,0.999999950389579,"NPPC/CGA",2
"GO:0048245","eosinophil chemotaxis","2/146","18/1372",0.111111111111111,1.0441400304414,0.0650293583653018,0.586762230372955,0.999999950389579,0.999999950389579,"CCL16/CCL24",2
"GO:0050796","regulation of insulin secretion","2/146","18/1372",0.111111111111111,1.0441400304414,0.0650293583653018,0.586762230372955,0.999999950389579,0.999999950389579,"CCN3/GHRL",2
"GO:0050806","positive regulation of synaptic transmission","2/146","18/1372",0.111111111111111,1.0441400304414,0.0650293583653018,0.586762230372955,0.999999950389579,0.999999950389579,"ADAM22/CLSTN2",2
"GO:0061614","miRNA transcription","2/146","18/1372",0.111111111111111,1.0441400304414,0.0650293583653018,0.586762230372955,0.999999950389579,0.999999950389579,"PRL/BMP4",2
"GO:0071331","cellular response to hexose stimulus","2/146","18/1372",0.111111111111111,1.0441400304414,0.0650293583653018,0.586762230372955,0.999999950389579,0.999999950389579,"PTPRN2/GHRL",2
"GO:0071333","cellular response to glucose stimulus","2/146","18/1372",0.111111111111111,1.0441400304414,0.0650293583653018,0.586762230372955,0.999999950389579,0.999999950389579,"PTPRN2/GHRL",2
"GO:0071478","cellular response to radiation","2/146","18/1372",0.111111111111111,1.0441400304414,0.0650293583653018,0.586762230372955,0.999999950389579,0.999999950389579,"LCN2/SFRP1",2
"GO:1902893","regulation of miRNA transcription","2/146","18/1372",0.111111111111111,1.0441400304414,0.0650293583653018,0.586762230372955,0.999999950389579,0.999999950389579,"PRL/BMP4",2
"GO:1903707","negative regulation of hemopoiesis","2/146","18/1372",0.111111111111111,1.0441400304414,0.0650293583653018,0.586762230372955,0.999999950389579,0.999999950389579,"SFRP1/BMP4",2
"GO:0002367","cytokine production involved in immune response","3/146","28/1372",0.107142857142857,1.00684931506849,0.0126321259069769,0.58684366792214,0.999999950389579,0.999999950389579,"CD160/CLEC7A/CLC",3
"GO:0002718","regulation of cytokine production involved in immune response","3/146","28/1372",0.107142857142857,1.00684931506849,0.0126321259069769,0.58684366792214,0.999999950389579,0.999999950389579,"CD160/CLEC7A/CLC",3
"GO:0003158","endothelium development","3/146","28/1372",0.107142857142857,1.00684931506849,0.0126321259069769,0.58684366792214,0.999999950389579,0.999999950389579,"LCN2/ACVRL1/BMP4",3
"GO:0031960","response to corticosteroid","3/146","28/1372",0.107142857142857,1.00684931506849,0.0126321259069769,0.58684366792214,0.999999950389579,0.999999950389579,"USP8/SCGB1A1/PTGDS",3
"GO:0050852","T cell receptor signaling pathway","3/146","28/1372",0.107142857142857,1.00684931506849,0.0126321259069769,0.58684366792214,0.999999950389579,0.999999950389579,"MOG/CD160/TNFRSF21",3
"GO:0097435","supramolecular fiber organization","8/146","77/1372",0.103896103896104,0.976338729763387,-0.0737222284158508,0.58750392432923,0.999999950389579,0.999999950389579,"HSPG2/EPHA1/USP8/SFRP1/GHRL/CCL24/TNXB/DSG3",8
"GO:0050918","positive chemotaxis","4/146","38/1372",0.105263157894737,0.989185291997116,-0.0233226879551333,0.589120437286071,0.999999950389579,0.999999950389579,"CCL16/BMP4/GPNMB/ANGPT2",4
"GO:1903038","negative regulation of leukocyte cell-cell adhesion","4/146","38/1372",0.105263157894737,0.989185291997116,-0.0233226879551333,0.589120437286071,0.999999950389579,0.999999950389579,"BMP4/SFTPD/TNFRSF21/GPNMB",4
"GO:0007420","brain development","5/146","48/1372",0.104166666666667,0.978881278538813,-0.0513800081201474,0.592225854181554,0.999999950389579,0.999999950389579,"HSPG2/TGFBR2/SFRP1/BMP4/MDGA1",5
"GO:0001666","response to hypoxia","6/146","58/1372",0.103448275862069,0.97213037316958,-0.0748165000749249,0.595682229047631,0.999999950389579,0.999999950389579,"LCN2/NPPC/FABP1/TGFBR3/SFRP1/ANGPT2",6
"GO:0036293","response to decreased oxygen levels","6/146","58/1372",0.103448275862069,0.97213037316958,-0.0748165000749249,0.595682229047631,0.999999950389579,0.999999950389579,"LCN2/NPPC/FABP1/TGFBR3/SFRP1/ANGPT2",6
"GO:2000147","positive regulation of cell motility","16/146","155/1372",0.103225806451613,0.970039770216527,-0.136620421247155,0.59806209118254,0.999999950389579,0.999999950389579,"LCN2/THBS4/EPHA1/ACTA2/CGA/CCL16/CCL14/CD99/CLEC7A/JAM2/TGFBR3/BMP4/CCL24/XG/CCN1/GPNMB",16
"GO:0010817","regulation of hormone levels","7/146","68/1372",0.102941176470588,0.967365028203062,-0.0952245266622082,0.599287727719722,0.999999950389579,0.999999950389579,"FAM3B/CCN3/CTSB/FGF23/PTPRN2/GHRL/ADM",7
"GO:0046903","secretion","12/146","117/1372",0.102564102564103,0.963821566561292,-0.14114670548981,0.604831662517397,0.999999950389579,0.999999950389579,"FAM3B/CCN3/NPPB/TFF2/PRL/CD160/PTGDS/SNCG/FGF23/PTPRN2/GHRL/TNFRSF11A",12
"GO:0007186","G protein-coupled receptor signaling pathway","10/146","98/1372",0.102040816326531,0.958904109589041,-0.14563864800847,0.6102581671487,0.999999950389579,0.999999950389579,"NPPB/TFF2/CGA/CCL16/CCL14/TSHB/TAFA5/GHRL/ADM/CCL24",10
"GO:0097305","response to alcohol","5/146","49/1372",0.102040816326531,0.958904109589041,-0.101057007255816,0.611351222536868,0.999999950389579,0.999999950389579,"NPPC/TGFBR2/TGFBR3/SFRP1/TNFRSF11A",5
"GO:0007611","learning or memory","3/146","29/1372",0.103448275862069,0.97213037316958,-0.0523289555291469,0.611534713906263,0.999999950389579,0.999999950389579,"LCN2/KLK8/CLSTN2",3
"GO:0043524","negative regulation of neuron apoptotic process","3/146","29/1372",0.103448275862069,0.97213037316958,-0.0523289555291469,0.611534713906263,0.999999950389579,0.999999950389579,"LCN2/NPPC/HSPG2",3
"GO:0045580","regulation of T cell differentiation","3/146","29/1372",0.103448275862069,0.97213037316958,-0.0523289555291469,0.611534713906263,0.999999950389579,0.999999950389579,"TGFBR2/IL7R/BMP4",3
"GO:0051048","negative regulation of secretion","3/146","29/1372",0.103448275862069,0.97213037316958,-0.0523289555291469,0.611534713906263,0.999999950389579,0.999999950389579,"CCN3/TFF2/FGF23",3
"GO:0042592","homeostatic process","22/146","214/1372",0.102803738317757,0.966073486109333,-0.186355306254734,0.61289936242432,0.999999950389579,0.999999950389579,"CCN3/LCN2/NPPC/FAS/NPPB/TFF2/DLK1/TFF1/SCARA5/TFF3/IL7R/CDH3/CCL14/JAM2/FGF23/TGFBR3/PTPRN2/COMP/GHRL/FGF21/SFTPD/TNFRSF11A",22
"GO:0050801","monoatomic ion homeostasis","6/146","59/1372",0.101694915254237,0.955653587183654,-0.120116331116545,0.613152674977385,0.999999950389579,0.999999950389579,"LCN2/NPPC/NPPB/SCARA5/CCL14/FGF23",6
"GO:0002763","positive regulation of myeloid leukocyte differentiation","2/146","19/1372",0.105263157894737,0.989185291997116,-0.0163754265109867,0.617072019049963,0.999999950389579,0.999999950389579,"DLK1/TNFRSF11A",2
"GO:0006164","purine nucleotide biosynthetic process","2/146","19/1372",0.105263157894737,0.989185291997116,-0.0163754265109867,0.617072019049963,0.999999950389579,0.999999950389579,"NPPC/NPPB",2
"GO:0006913","nucleocytoplasmic transport","2/146","19/1372",0.105263157894737,0.989185291997116,-0.0163754265109867,0.617072019049963,0.999999950389579,0.999999950389579,"MMP12/BMP4",2
"GO:0010586","miRNA metabolic process","2/146","19/1372",0.105263157894737,0.989185291997116,-0.0163754265109867,0.617072019049963,0.999999950389579,0.999999950389579,"PRL/BMP4",2
"GO:0045582","positive regulation of T cell differentiation","2/146","19/1372",0.105263157894737,0.989185291997116,-0.0163754265109867,0.617072019049963,0.999999950389579,0.999999950389579,"TGFBR2/IL7R",2
"GO:0046503","glycerolipid catabolic process","2/146","19/1372",0.105263157894737,0.989185291997116,-0.0163754265109867,0.617072019049963,0.999999950389579,0.999999950389579,"FABP1/FABP2",2
"GO:0048232","male gamete generation","2/146","19/1372",0.105263157894737,0.989185291997116,-0.0163754265109867,0.617072019049963,0.999999950389579,0.999999950389579,"JAM2/WFDC2",2
"GO:0051017","actin filament bundle assembly","2/146","19/1372",0.105263157894737,0.989185291997116,-0.0163754265109867,0.617072019049963,0.999999950389579,0.999999950389579,"EPHA1/SFRP1",2
"GO:0051146","striated muscle cell differentiation","2/146","19/1372",0.105263157894737,0.989185291997116,-0.0163754265109867,0.617072019049963,0.999999950389579,0.999999950389579,"CCN3/BMP4",2
"GO:0051169","nuclear transport","2/146","19/1372",0.105263157894737,0.989185291997116,-0.0163754265109867,0.617072019049963,0.999999950389579,0.999999950389579,"MMP12/BMP4",2
"GO:0060760","positive regulation of response to cytokine stimulus","2/146","19/1372",0.105263157894737,0.989185291997116,-0.0163754265109867,0.617072019049963,0.999999950389579,0.999999950389579,"MMP12/CD300LF",2
"GO:0061572","actin filament bundle organization","2/146","19/1372",0.105263157894737,0.989185291997116,-0.0163754265109867,0.617072019049963,0.999999950389579,0.999999950389579,"EPHA1/SFRP1",2
"GO:0071326","cellular response to monosaccharide stimulus","2/146","19/1372",0.105263157894737,0.989185291997116,-0.0163754265109867,0.617072019049963,0.999999950389579,0.999999950389579,"PTPRN2/GHRL",2
"GO:0072677","eosinophil migration","2/146","19/1372",0.105263157894737,0.989185291997116,-0.0163754265109867,0.617072019049963,0.999999950389579,0.999999950389579,"CCL16/CCL24",2
"GO:0098586","cellular response to virus","2/146","19/1372",0.105263157894737,0.989185291997116,-0.0163754265109867,0.617072019049963,0.999999950389579,0.999999950389579,"MMP12/IL10RB",2
"GO:2000628","regulation of miRNA metabolic process","2/146","19/1372",0.105263157894737,0.989185291997116,-0.0163754265109867,0.617072019049963,0.999999950389579,0.999999950389579,"PRL/BMP4",2
"GO:0044087","regulation of cellular component biogenesis","12/146","118/1372",0.101694915254237,0.955653587183654,-0.173820362413164,0.617447654985372,0.999999950389579,0.999999950389579,"ACVRL1/EPHA1/CRTAC1/CLEC7A/ICAM5/TGFBR3/SFRP1/GHRL/CCL24/CLSTN2/MDGA1/DSG3",12
"GO:0019221","cytokine-mediated signaling pathway","16/146","157/1372",0.101910828025478,0.957682575691475,-0.194370715568063,0.620386213798768,0.999999950389579,0.999999950389579,"MMP12/FAS/IL10RB/TFF2/CR2/GH1/PRL/CCL16/CD300LF/IL7R/CCL14/TNFRSF19/CCL24/TNFRSF4/EDA2R/TNFRSF11A",16
"GO:0002009","morphogenesis of an epithelium","5/146","50/1372",0.1,0.93972602739726,-0.149778339373219,0.629957136443025,0.999999950389579,0.999999950389579,"LCN2/ACVRL1/MMP12/TGFBR2/BMP4",5
"GO:0060322","head development","5/146","50/1372",0.1,0.93972602739726,-0.149778339373219,0.629957136443025,0.999999950389579,0.999999950389579,"HSPG2/TGFBR2/SFRP1/BMP4/MDGA1",5
"GO:0042129","regulation of T cell proliferation","6/146","60/1372",0.1,0.93972602739726,-0.164698045075413,0.630205468290134,0.999999950389579,0.999999950389579,"TGFBR2/BMP4/SFTPD/CLC/TNFRSF21/GPNMB",6
"GO:0040017","positive regulation of locomotion","16/146","158/1372",0.10126582278481,0.951621293566846,-0.22300950419916,0.631340958538184,0.999999950389579,0.999999950389579,"LCN2/THBS4/EPHA1/ACTA2/CGA/CCL16/CCL14/CD99/CLEC7A/JAM2/TGFBR3/BMP4/CCL24/XG/CCN1/GPNMB",16
"GO:0048863","stem cell differentiation","3/146","30/1372",0.1,0.93972602739726,-0.115150043405084,0.635230927475869,0.999999950389579,0.999999950389579,"TGFBR2/SFRP1/BMP4",3
"GO:0055074","calcium ion homeostasis","3/146","30/1372",0.1,0.93972602739726,-0.115150043405084,0.635230927475869,0.999999950389579,0.999999950389579,"NPPC/CCL14/FGF23",3
"GO:0110053","regulation of actin filament organization","3/146","30/1372",0.1,0.93972602739726,-0.115150043405084,0.635230927475869,0.999999950389579,0.999999950389579,"EPHA1/SFRP1/CCL24",3
"GO:0051604","protein maturation","10/146","100/1372",0.1,0.93972602739726,-0.215941533367361,0.637187317904776,0.999999950389579,0.999999950389579,"KLK13/NPPC/NPPB/KLK11/KLK4/TMPRSS15/CPM/KLK8/HSPB6/KLK1",10
"GO:0060429","epithelium development","12/146","120/1372",0.1,0.93972602739726,-0.23843400577827,0.642101538373164,0.999999950389579,0.999999950389579,"LCN2/ACVRL1/NPPC/MMP12/ACTA2/TGFBR2/CTSB/CDH3/SFRP1/BMP4/WFDC2/REG3A",12
"GO:0000165","MAPK cascade","16/146","159/1372",0.10062893081761,0.945636253984664,-0.251493900605491,0.642148674123311,0.999999950389579,0.999999950389579,"FAS/ACTA2/GH1/CLEC7A/TNFRSF19/FGF23/BMP4/GHRL/TGFA/FGF21/DSC2/CCN1/GPNMB/EDA2R/TNFRSF11A/DSG3",16
"GO:0001678","intracellular glucose homeostasis","2/146","20/1372",0.1,0.93972602739726,-0.0936712657150322,0.645660594056104,0.999999950389579,0.999999950389579,"PTPRN2/GHRL",2
"GO:0001776","leukocyte homeostasis","2/146","20/1372",0.1,0.93972602739726,-0.0936712657150322,0.645660594056104,0.999999950389579,0.999999950389579,"FAS/IL7R",2
"GO:0002720","positive regulation of cytokine production involved in immune response","2/146","20/1372",0.1,0.93972602739726,-0.0936712657150322,0.645660594056104,0.999999950389579,0.999999950389579,"CD160/CLEC7A",2
"GO:0005996","monosaccharide metabolic process","2/146","20/1372",0.1,0.93972602739726,-0.0936712657150322,0.645660594056104,0.999999950389579,0.999999950389579,"TFF3/GHRL",2
"GO:0030183","B cell differentiation","2/146","20/1372",0.1,0.93972602739726,-0.0936712657150322,0.645660594056104,0.999999950389579,0.999999950389579,"CR2/SFRP1",2
"GO:0043009","chordate embryonic development","2/146","20/1372",0.1,0.93972602739726,-0.0936712657150322,0.645660594056104,0.999999950389579,0.999999950389579,"TGFBR2/BMP4",2
"GO:0045165","cell fate commitment","2/146","20/1372",0.1,0.93972602739726,-0.0936712657150322,0.645660594056104,0.999999950389579,0.999999950389579,"BMP4/TNXB",2
"GO:0071383","cellular response to steroid hormone stimulus","2/146","20/1372",0.1,0.93972602739726,-0.0936712657150322,0.645660594056104,0.999999950389579,0.999999950389579,"USP8/SFRP1",2
"GO:0090288","negative regulation of cellular response to growth factor stimulus","2/146","20/1372",0.1,0.93972602739726,-0.0936712657150322,0.645660594056104,0.999999950389579,0.999999950389579,"MICOS10-NBL1/NBL1",2
"GO:1901222","regulation of non-canonical NF-kappaB signal transduction","2/146","20/1372",0.1,0.93972602739726,-0.0936712657150322,0.645660594056104,0.999999950389579,0.999999950389579,"CCN3/TNFRSF11A",2
"GO:0007417","central nervous system development","9/146","91/1372",0.0989010989010989,0.929399367755532,-0.240438849807403,0.648715184931471,0.999999950389579,0.999999950389579,"MOG/HSPG2/TGFBR2/ADAM22/SFRP1/BMP4/TNFRSF21/ADAM23/MDGA1",9
"GO:0040007","growth","10/146","101/1372",0.099009900990099,0.930421809304218,-0.250617251625743,0.650284802836814,0.999999950389579,0.999999950389579,"CCN3/ACVRL1/NPPC/NPPB/GH1/IGFBP1/TGFBR3/SFRP1/BMP4/GHRL",10
"GO:0006629","lipid metabolic process","12/146","121/1372",0.0991735537190083,0.931959696592324,-0.270383504090217,0.654122371852548,0.999999950389579,0.999999950389579,"HSPG2/FABP1/SUMF2/PLTP/CGA/PTGDS/RBP2/FGF23/PTPRN2/ALDH3A1/FABP2/ADM",12
"GO:0034330","cell junction organization","12/146","121/1372",0.0991735537190083,0.931959696592324,-0.270383504090217,0.654122371852548,0.999999950389579,0.999999950389579,"ACVRL1/CRTAC1/CDH3/SNCG/CDH6/ICAM5/SFRP1/KLK8/GHRL/CLSTN2/MDGA1/DSG3",12
"GO:0044419","biological process involved in interspecies interaction between organisms","34/146","334/1372",0.101796407185629,0.956607333278648,-0.314514605136496,0.657252424441913,0.999999950389579,0.999999950389579,"MOG/LCN2/MMP12/NPPB/IL10RB/CCL17/ACTA2/ITGB7/CR2/WFDC12/CTSB/CCL16/CD300LF/IL7R/CCL14/CD160/CLEC7A/SCGB1A1/COLEC12/FCER2/ADM/WFDC2/REG3A/CCL24/CLEC4D/NECTIN4/SFTPD/CLEC4A/TNFRSF4/REG1A/CD207/TNFRSF11A/REG1B/HAVCR1",34
"GO:0007584","response to nutrient","3/146","31/1372",0.0967741935483871,0.909412284577994,-0.175989065536739,0.657914363767617,0.999999950389579,0.999999950389579,"CDON/FGF23/SFRP1",3
"GO:0043534","blood vessel endothelial cell migration","3/146","31/1372",0.0967741935483871,0.909412284577994,-0.175989065536739,0.657914363767617,0.999999950389579,0.999999950389579,"ACVRL1/TGFBR3/ANGPT2",3
"GO:0050890","cognition","3/146","31/1372",0.0967741935483871,0.909412284577994,-0.175989065536739,0.657914363767617,0.999999950389579,0.999999950389579,"LCN2/KLK8/CLSTN2",3
"GO:0070555","response to interleukin-1","3/146","31/1372",0.0967741935483871,0.909412284577994,-0.175989065536739,0.657914363767617,0.999999950389579,0.999999950389579,"LCN2/SFRP1/TNFRSF11A",3
"GO:1901654","response to ketone","3/146","31/1372",0.0967741935483871,0.909412284577994,-0.175989065536739,0.657914363767617,0.999999950389579,0.999999950389579,"USP8/TGFBR3/SFRP1",3
"GO:0040008","regulation of growth","8/146","82/1372",0.0975609756097561,0.916805880387571,-0.268012235665151,0.661713840735348,0.999999950389579,0.999999950389579,"CCN3/ACVRL1/NPPB/GH1/IGFBP1/TGFBR3/SFRP1/GHRL",8
"GO:0019058","viral life cycle","7/146","72/1372",0.0972222222222222,0.913622526636225,-0.259743679593177,0.661883639321847,0.999999950389579,0.999999950389579,"MOG/ITGB7/CR2/CTSB/NECTIN4/TNFRSF4/HAVCR1",7
"GO:0007610","behavior","6/146","62/1372",0.0967741935483871,0.909412284577994,-0.25181374051897,0.662992088639662,0.999999950389579,0.999999950389579,"LCN2/THBS4/PTGDS/KLK8/GHRL/CLSTN2",6
"GO:0050866","negative regulation of cell activation","6/146","62/1372",0.0967741935483871,0.909412284577994,-0.25181374051897,0.662992088639662,0.999999950389579,0.999999950389579,"CD300LF/SFRP1/BMP4/SFTPD/TNFRSF21/GPNMB",6
"GO:0007399","nervous system development","24/146","239/1372",0.100418410041841,0.943657935461684,-0.330648588050714,0.666375255885155,0.999999950389579,0.999999950389579,"MOG/CDON/BOC/HSPG2/TGFBR2/GFRA3/CRTAC1/MICOS10-NBL1/NCS1/JAM2/NBL1/FGF23/ICAM5/ADAM22/SFRP1/KLK8/BMP4/GHRL/TNXB/FGF21/CLSTN2/TNFRSF21/ADAM23/MDGA1",24
"GO:0006897","endocytosis","13/146","132/1372",0.0984848484848485,0.925487754254878,-0.310637366794497,0.667654393655165,0.999999950389579,0.999999950389579,"HSPG2/CD93/CD302/SCARA5/CD300LF/CLEC7A/COLEC12/MEGF10/SNCG/FCER2/ADM/SFTPD/HAVCR1",13
"GO:0010810","regulation of cell-substrate adhesion","4/146","42/1372",0.0952380952380952,0.894977168949772,-0.238469294073253,0.670429648772426,0.999999950389579,0.999999950389579,"ACVRL1/MMP12/EPHA1/SFRP1",4
"GO:0140546","defense response to symbiont","23/146","230/1372",0.1,0.93972602739726,-0.345629340462812,0.67234866940979,0.999999950389579,0.999999950389579,"LCN2/MMP12/NPPB/IL10RB/CCL17/CR2/WFDC12/CCL16/CD300LF/CCL14/CD160/CLEC7A/COLEC12/ADM/WFDC2/REG3A/CCL24/CLEC4D/NECTIN4/SFTPD/CLEC4A/REG1A/REG1B",23
"GO:0008154","actin polymerization or depolymerization","2/146","21/1372",0.0952380952380952,0.894977168949772,-0.167307578756401,0.672548634080565,0.999999950389579,0.999999950389579,"GHRL/CCL24",2
"GO:0008406","gonad development","2/146","21/1372",0.0952380952380952,0.894977168949772,-0.167307578756401,0.672548634080565,0.999999950389579,0.999999950389579,"NPPC/CGA",2
"GO:0030307","positive regulation of cell growth","2/146","21/1372",0.0952380952380952,0.894977168949772,-0.167307578756401,0.672548634080565,0.999999950389579,0.999999950389579,"IGFBP1/SFRP1",2
"GO:0030888","regulation of B cell proliferation","2/146","21/1372",0.0952380952380952,0.894977168949772,-0.167307578756401,0.672548634080565,0.999999950389579,0.999999950389579,"TNFRSF21/TNFRSF4",2
"GO:0032355","response to estradiol","2/146","21/1372",0.0952380952380952,0.894977168949772,-0.167307578756401,0.672548634080565,0.999999950389579,0.999999950389579,"GH1/SFRP1",2
"GO:0061756","leukocyte adhesion to vascular endothelial cell","2/146","21/1372",0.0952380952380952,0.894977168949772,-0.167307578756401,0.672548634080565,0.999999950389579,0.999999950389579,"ITGB7/JAM2",2
"GO:0120254","olefinic compound metabolic process","2/146","21/1372",0.0952380952380952,0.894977168949772,-0.167307578756401,0.672548634080565,0.999999950389579,0.999999950389579,"PTGDS/ADM",2
"GO:0046651","lymphocyte proliferation","8/146","83/1372",0.0963855421686747,0.905760026406998,-0.305560817629528,0.675592746721174,0.999999950389579,0.999999950389579,"CR2/TGFBR2/BMP4/SFTPD/CLC/TNFRSF21/TNFRSF4/GPNMB",8
"GO:0034097","response to cytokine","21/146","211/1372",0.0995260663507109,0.935272349542297,-0.352585851373947,0.675963527807432,0.999999950389579,0.999999950389579,"LCN2/MMP12/FAS/IL10RB/TFF2/CR2/GH1/PRL/CCL16/CD300LF/IL7R/CCL14/SCGB1A1/TNFRSF19/FGF23/SFRP1/CCL24/TNFRSF21/TNFRSF4/EDA2R/TNFRSF11A",21
"GO:0000018","regulation of DNA recombination","1/146","10/1372",0.1,0.93972602739726,-0.0659919836161069,0.676660370665011,0.999999950389579,0.999999950389579,"IL7R",1
"GO:0000910","cytokinesis","1/146","10/1372",0.1,0.93972602739726,-0.0659919836161069,0.676660370665011,0.999999950389579,0.999999950389579,"USP8",1
"GO:0001569","branching involved in blood vessel morphogenesis","1/146","10/1372",0.1,0.93972602739726,-0.0659919836161069,0.676660370665011,0.999999950389579,0.999999950389579,"TGFBR2",1
"GO:0001676","long-chain fatty acid metabolic process","1/146","10/1372",0.1,0.93972602739726,-0.0659919836161069,0.676660370665011,0.999999950389579,0.999999950389579,"PTGDS",1
"GO:0001704","formation of primary germ layer","1/146","10/1372",0.1,0.93972602739726,-0.0659919836161069,0.676660370665011,0.999999950389579,0.999999950389579,"BMP4",1
"GO:0002478","antigen processing and presentation of exogenous peptide antigen","1/146","10/1372",0.1,0.93972602739726,-0.0659919836161069,0.676660370665011,0.999999950389579,0.999999950389579,"CLEC4A",1
"GO:0002793","positive regulation of peptide secretion","1/146","10/1372",0.1,0.93972602739726,-0.0659919836161069,0.676660370665011,0.999999950389579,0.999999950389579,"GHRL",1
"GO:0006081","aldehyde metabolic process","1/146","10/1372",0.1,0.93972602739726,-0.0659919836161069,0.676660370665011,0.999999950389579,0.999999950389579,"ALDH3A1",1
"GO:0006275","regulation of DNA replication","1/146","10/1372",0.1,0.93972602739726,-0.0659919836161069,0.676660370665011,0.999999950389579,0.999999950389579,"ACVRL1",1
"GO:0006516","glycoprotein catabolic process","1/146","10/1372",0.1,0.93972602739726,-0.0659919836161069,0.676660370665011,0.999999950389579,0.999999950389579,"MMP12",1
"GO:0006941","striated muscle contraction","1/146","10/1372",0.1,0.93972602739726,-0.0659919836161069,0.676660370665011,0.999999950389579,0.999999950389579,"DSC2",1
"GO:0007009","plasma membrane organization","1/146","10/1372",0.1,0.93972602739726,-0.0659919836161069,0.676660370665011,0.999999950389579,0.999999950389579,"COLEC12",1
"GO:0009593","detection of chemical stimulus","1/146","10/1372",0.1,0.93972602739726,-0.0659919836161069,0.676660370665011,0.999999950389579,0.999999950389579,"CLEC7A",1
"GO:0030224","monocyte differentiation","1/146","10/1372",0.1,0.93972602739726,-0.0659919836161069,0.676660370665011,0.999999950389579,0.999999950389579,"BMP4",1
"GO:0030518","nuclear receptor-mediated steroid hormone signaling pathway","1/146","10/1372",0.1,0.93972602739726,-0.0659919836161069,0.676660370665011,0.999999950389579,0.999999950389579,"SFRP1",1
"GO:0030879","mammary gland development","1/146","10/1372",0.1,0.93972602739726,-0.0659919836161069,0.676660370665011,0.999999950389579,0.999999950389579,"PRL",1
"GO:0031047","regulatory ncRNA-mediated gene silencing","1/146","10/1372",0.1,0.93972602739726,-0.0659919836161069,0.676660370665011,0.999999950389579,0.999999950389579,"BMP4",1
"GO:0032309","icosanoid secretion","1/146","10/1372",0.1,0.93972602739726,-0.0659919836161069,0.676660370665011,0.999999950389579,0.999999950389579,"TNFRSF11A",1
"GO:0032693","negative regulation of interleukin-10 production","1/146","10/1372",0.1,0.93972602739726,-0.0659919836161069,0.676660370665011,0.999999950389579,0.999999950389579,"TNFRSF21",1
"GO:0032736","positive regulation of interleukin-13 production","1/146","10/1372",0.1,0.93972602739726,-0.0659919836161069,0.676660370665011,0.999999950389579,0.999999950389579,"IL19",1
"GO:0033013","tetrapyrrole metabolic process","1/146","10/1372",0.1,0.93972602739726,-0.0659919836161069,0.676660370665011,0.999999950389579,0.999999950389579,"FABP1",1
"GO:0042311","vasodilation","1/146","10/1372",0.1,0.93972602739726,-0.0659919836161069,0.676660370665011,0.999999950389579,0.999999950389579,"NPPB",1
"GO:0042446","hormone biosynthetic process","1/146","10/1372",0.1,0.93972602739726,-0.0659919836161069,0.676660370665011,0.999999950389579,0.999999950389579,"ADM",1
"GO:0042554","superoxide anion generation","1/146","10/1372",0.1,0.93972602739726,-0.0659919836161069,0.676660370665011,0.999999950389579,0.999999950389579,"CLEC7A",1
"GO:0043124","negative regulation of canonical NF-kappaB signal transduction","1/146","10/1372",0.1,0.93972602739726,-0.0659919836161069,0.676660370665011,0.999999950389579,0.999999950389579,"TGFBR3",1
"GO:0043401","steroid hormone receptor signaling pathway","1/146","10/1372",0.1,0.93972602739726,-0.0659919836161069,0.676660370665011,0.999999950389579,0.999999950389579,"SFRP1",1
"GO:0045921","positive regulation of exocytosis","1/146","10/1372",0.1,0.93972602739726,-0.0659919836161069,0.676660370665011,0.999999950389579,0.999999950389579,"CD160",1
"GO:0046637","regulation of alpha-beta T cell differentiation","1/146","10/1372",0.1,0.93972602739726,-0.0659919836161069,0.676660370665011,0.999999950389579,0.999999950389579,"TGFBR2",1
"GO:0048709","oligodendrocyte differentiation","1/146","10/1372",0.1,0.93972602739726,-0.0659919836161069,0.676660370665011,0.999999950389579,0.999999950389579,"TNFRSF21",1
"GO:0050688","regulation of defense response to virus","1/146","10/1372",0.1,0.93972602739726,-0.0659919836161069,0.676660370665011,0.999999950389579,0.999999950389579,"MMP12",1
"GO:0050691","regulation of defense response to virus by host","1/146","10/1372",0.1,0.93972602739726,-0.0659919836161069,0.676660370665011,0.999999950389579,0.999999950389579,"MMP12",1
"GO:0050820","positive regulation of coagulation","1/146","10/1372",0.1,0.93972602739726,-0.0659919836161069,0.676660370665011,0.999999950389579,0.999999950389579,"ANGPT2",1
"GO:0051145","smooth muscle cell differentiation","1/146","10/1372",0.1,0.93972602739726,-0.0659919836161069,0.676660370665011,0.999999950389579,0.999999950389579,"ADM",1
"GO:0051894","positive regulation of focal adhesion assembly","1/146","10/1372",0.1,0.93972602739726,-0.0659919836161069,0.676660370665011,0.999999950389579,0.999999950389579,"SFRP1",1
"GO:0070232","regulation of T cell apoptotic process","1/146","10/1372",0.1,0.93972602739726,-0.0659919836161069,0.676660370665011,0.999999950389579,0.999999950389579,"BMP4",1
"GO:0070670","response to interleukin-4","1/146","10/1372",0.1,0.93972602739726,-0.0659919836161069,0.676660370665011,0.999999950389579,0.999999950389579,"CD300LF",1
"GO:0071715","icosanoid transport","1/146","10/1372",0.1,0.93972602739726,-0.0659919836161069,0.676660370665011,0.999999950389579,0.999999950389579,"TNFRSF11A",1
"GO:0072175","epithelial tube formation","1/146","10/1372",0.1,0.93972602739726,-0.0659919836161069,0.676660370665011,0.999999950389579,0.999999950389579,"BMP4",1
"GO:0090277","positive regulation of peptide hormone secretion","1/146","10/1372",0.1,0.93972602739726,-0.0659919836161069,0.676660370665011,0.999999950389579,0.999999950389579,"GHRL",1
"GO:0090713","immunological memory process","1/146","10/1372",0.1,0.93972602739726,-0.0659919836161069,0.676660370665011,0.999999950389579,0.999999950389579,"CD160",1
"GO:0098773","skin epidermis development","1/146","10/1372",0.1,0.93972602739726,-0.0659919836161069,0.676660370665011,0.999999950389579,0.999999950389579,"CDH3",1
"GO:1901991","negative regulation of mitotic cell cycle phase transition","1/146","10/1372",0.1,0.93972602739726,-0.0659919836161069,0.676660370665011,0.999999950389579,0.999999950389579,"GPNMB",1
"GO:1903670","regulation of sprouting angiogenesis","1/146","10/1372",0.1,0.93972602739726,-0.0659919836161069,0.676660370665011,0.999999950389579,0.999999950389579,"GHRL",1
"GO:1904950","negative regulation of establishment of protein localization","1/146","10/1372",0.1,0.93972602739726,-0.0659919836161069,0.676660370665011,0.999999950389579,0.999999950389579,"CCN3",1
"GO:2000241","regulation of reproductive process","1/146","10/1372",0.1,0.93972602739726,-0.0659919836161069,0.676660370665011,0.999999950389579,0.999999950389579,"NPPC",1
"GO:0001818","negative regulation of cytokine production","6/146","63/1372",0.0952380952380952,0.894977168949772,-0.294397483146335,0.678699523852286,0.999999950389579,0.999999950389579,"IL19/GHRL/SFTPD/TNFRSF21/CLEC4A/GPNMB",6
"GO:0030036","actin cytoskeleton organization","6/146","63/1372",0.0952380952380952,0.894977168949772,-0.294397483146335,0.678699523852286,0.999999950389579,0.999999950389579,"EPHA1/SFRP1/GHRL/CCL24/TNXB/DSG3",6
"GO:0043542","endothelial cell migration","6/146","63/1372",0.0952380952380952,0.894977168949772,-0.294397483146335,0.678699523852286,0.999999950389579,0.999999950389579,"CCN3/LCN2/ACVRL1/S100P/TGFBR3/ANGPT2",6
"GO:0046328","regulation of JNK cascade","3/146","32/1372",0.09375,0.880993150684931,-0.234987341336308,0.679576465055974,0.999999950389579,0.999999950389579,"TNFRSF19/EDA2R/TNFRSF11A",3
"GO:0098542","defense response to other organism","23/146","231/1372",0.0995670995670996,0.93565794935658,-0.369920147953107,0.681192880981981,0.999999950389579,0.999999950389579,"LCN2/MMP12/NPPB/IL10RB/CCL17/CR2/WFDC12/CCL16/CD300LF/CCL14/CD160/CLEC7A/COLEC12/ADM/WFDC2/REG3A/CCL24/CLEC4D/NECTIN4/SFTPD/CLEC4A/REG1A/REG1B",23
"GO:1901700","response to oxygen-containing compound","25/146","251/1372",0.099601593625498,0.935982099001255,-0.387066339320705,0.686474525541248,0.999999950389579,0.999999950389579,"CDON/LCN2/NPPC/MMP12/FABP1/TFF1/USP8/TGFBR2/GH1/MMP13/CLEC7A/SCGB1A1/COLEC12/IGFBP1/FGF23/TGFBR3/PTPRN2/SFRP1/GHRL/REG3A/COL6A3/REG1A/ANGPT2/TNFRSF11A/REG1B",25
"GO:0032943","mononuclear cell proliferation","8/146","84/1372",0.0952380952380952,0.894977168949772,-0.342700985158014,0.689127244348301,0.999999950389579,0.999999950389579,"CR2/TGFBR2/BMP4/SFTPD/CLC/TNFRSF21/TNFRSF4/GPNMB",8
"GO:0007162","negative regulation of cell adhesion","7/146","74/1372",0.0945945945945946,0.888930025916327,-0.338863743567405,0.690901381476021,0.999999950389579,0.999999950389579,"ACVRL1/MMP12/ADAM22/BMP4/SFTPD/TNFRSF21/GPNMB",7
"GO:0002429","immune response-activating cell surface receptor signaling pathway","6/146","64/1372",0.09375,0.880993150684931,-0.336362826047533,0.693936286333571,0.999999950389579,0.999999950389579,"MOG/CR2/CD160/CLEC7A/FCER2/TNFRSF21",6
"GO:0009165","nucleotide biosynthetic process","2/146","22/1372",0.0909090909090909,0.854296388542964,-0.237664706266306,0.697771844683823,0.999999950389579,0.999999950389579,"NPPC/NPPB",2
"GO:0009792","embryo development ending in birth or egg hatching","2/146","22/1372",0.0909090909090909,0.854296388542964,-0.237664706266306,0.697771844683823,0.999999950389579,0.999999950389579,"TGFBR2/BMP4",2
"GO:0031400","negative regulation of protein modification process","2/146","22/1372",0.0909090909090909,0.854296388542964,-0.237664706266306,0.697771844683823,0.999999950389579,0.999999950389579,"IL7R/SFRP1",2
"GO:0032613","interleukin-10 production","2/146","22/1372",0.0909090909090909,0.854296388542964,-0.237664706266306,0.697771844683823,0.999999950389579,0.999999950389579,"CLEC7A/TNFRSF21",2
"GO:0032653","regulation of interleukin-10 production","2/146","22/1372",0.0909090909090909,0.854296388542964,-0.237664706266306,0.697771844683823,0.999999950389579,0.999999950389579,"CLEC7A/TNFRSF21",2
"GO:0043588","skin development","2/146","22/1372",0.0909090909090909,0.854296388542964,-0.237664706266306,0.697771844683823,0.999999950389579,0.999999950389579,"CDH3/REG3A",2
"GO:0045137","development of primary sexual characteristics","2/146","22/1372",0.0909090909090909,0.854296388542964,-0.237664706266306,0.697771844683823,0.999999950389579,0.999999950389579,"NPPC/CGA",2
"GO:0045621","positive regulation of lymphocyte differentiation","2/146","22/1372",0.0909090909090909,0.854296388542964,-0.237664706266306,0.697771844683823,0.999999950389579,0.999999950389579,"TGFBR2/IL7R",2
"GO:0045824","negative regulation of innate immune response","2/146","22/1372",0.0909090909090909,0.854296388542964,-0.237664706266306,0.697771844683823,0.999999950389579,0.999999950389579,"MMP12/NECTIN4",2
"GO:0048608","reproductive structure development","2/146","22/1372",0.0909090909090909,0.854296388542964,-0.237664706266306,0.697771844683823,0.999999950389579,0.999999950389579,"NPPC/CGA",2
"GO:0048754","branching morphogenesis of an epithelial tube","2/146","22/1372",0.0909090909090909,0.854296388542964,-0.237664706266306,0.697771844683823,0.999999950389579,0.999999950389579,"TGFBR2/BMP4",2
"GO:0071347","cellular response to interleukin-1","2/146","22/1372",0.0909090909090909,0.854296388542964,-0.237664706266306,0.697771844683823,0.999999950389579,0.999999950389579,"LCN2/SFRP1",2
"GO:0090276","regulation of peptide hormone secretion","2/146","22/1372",0.0909090909090909,0.854296388542964,-0.237664706266306,0.697771844683823,0.999999950389579,0.999999950389579,"CCN3/GHRL",2
"GO:1901698","response to nitrogen compound","12/146","125/1372",0.096,0.90213698630137,-0.395904361058189,0.699998422313892,0.999999950389579,0.999999950389579,"LCN2/MMP12/TFF1/GH1/MMP13/IGFBP1/TGFBR3/GHRL/REG3A/REG1A/TNFRSF11A/REG1B",12
"GO:0008202","steroid metabolic process","3/146","33/1372",0.0909090909090909,0.854296388542964,-0.292271802591872,0.700216891119388,0.999999950389579,0.999999950389579,"CGA/FGF23/ADM",3
"GO:0046883","regulation of hormone secretion","3/146","33/1372",0.0909090909090909,0.854296388542964,-0.292271802591872,0.700216891119388,0.999999950389579,0.999999950389579,"CCN3/FGF23/GHRL",3
"GO:0051607","defense response to virus","3/146","33/1372",0.0909090909090909,0.854296388542964,-0.292271802591872,0.700216891119388,0.999999950389579,0.999999950389579,"MMP12/IL10RB/CD207",3
"GO:0002694","regulation of leukocyte activation","14/146","145/1372",0.096551724137931,0.907321681624941,-0.407089391401952,0.701347342314792,0.999999950389579,0.999999950389579,"TGFBR2/CD300LF/IL7R/CD160/CLEC7A/SFRP1/BMP4/CLEC4D/SFTPD/CLC/TNFRSF21/TNFRSF4/GPNMB/HAVCR1",14
"GO:1901652","response to peptide","21/146","214/1372",0.0981308411214953,0.922161054922545,-0.42756236302973,0.702857550463125,0.999999950389579,0.999999950389579,"LCN2/MMP12/FAS/IL10RB/TFF2/CR2/GH1/PRL/CCL16/CD300LF/IL7R/CCL14/SCGB1A1/TNFRSF19/FGF23/SFRP1/CCL24/TNFRSF21/TNFRSF4/EDA2R/TNFRSF11A",21
"GO:0002685","regulation of leukocyte migration","7/146","75/1372",0.0933333333333333,0.877077625570776,-0.377695233917217,0.704806440649256,0.999999950389579,0.999999950389579,"CCN3/THBS4/MICOS10-NBL1/CD99/JAM2/NBL1/XG",7
"GO:0002688","regulation of leukocyte chemotaxis","4/146","44/1372",0.0909090909090909,0.854296388542964,-0.338881247673153,0.706746085370077,0.999999950389579,0.999999950389579,"CCN3/THBS4/MICOS10-NBL1/NBL1",4
"GO:0002700","regulation of production of molecular mediator of immune response","4/146","44/1372",0.0909090909090909,0.854296388542964,-0.338881247673153,0.706746085370077,0.999999950389579,0.999999950389579,"CD160/CLEC7A/CLC/TNFRSF4",4
"GO:1902107","positive regulation of leukocyte differentiation","4/146","44/1372",0.0909090909090909,0.854296388542964,-0.338881247673153,0.706746085370077,0.999999950389579,0.999999950389579,"DLK1/TGFBR2/IL7R/TNFRSF11A",4
"GO:1903708","positive regulation of hemopoiesis","4/146","44/1372",0.0909090909090909,0.854296388542964,-0.338881247673153,0.706746085370077,0.999999950389579,0.999999950389579,"DLK1/TGFBR2/IL7R/TNFRSF11A",4
"GO:1902105","regulation of leukocyte differentiation","6/146","65/1372",0.0923076923076923,0.867439409905163,-0.377731526213513,0.708695246435694,0.999999950389579,0.999999950389579,"DLK1/TGFBR2/IL7R/SFRP1/BMP4/TNFRSF11A",6
"GO:0001755","neural crest cell migration","1/146","11/1372",0.0909090909090909,0.854296388542964,-0.167373815538599,0.711320859565825,0.999999950389579,0.999999950389579,"BMP4",1
"GO:0002385","mucosal immune response","1/146","11/1372",0.0909090909090909,0.854296388542964,-0.167373815538599,0.711320859565825,0.999999950389579,0.999999950389579,"CD160",1
"GO:0002675","positive regulation of acute inflammatory response","1/146","11/1372",0.0909090909090909,0.854296388542964,-0.167373815538599,0.711320859565825,0.999999950389579,0.999999950389579,"TNFRSF11A",1
"GO:0002716","negative regulation of natural killer cell mediated immunity","1/146","11/1372",0.0909090909090909,0.854296388542964,-0.167373815538599,0.711320859565825,0.999999950389579,0.999999950389579,"NECTIN4",1
"GO:0006470","protein dephosphorylation","1/146","11/1372",0.0909090909090909,0.854296388542964,-0.167373815538599,0.711320859565825,0.999999950389579,0.999999950389579,"PTPRN2",1
"GO:0006665","sphingolipid metabolic process","1/146","11/1372",0.0909090909090909,0.854296388542964,-0.167373815538599,0.711320859565825,0.999999950389579,0.999999950389579,"SUMF2",1
"GO:0007032","endosome organization","1/146","11/1372",0.0909090909090909,0.854296388542964,-0.167373815538599,0.711320859565825,0.999999950389579,0.999999950389579,"USP8",1
"GO:0007605","sensory perception of sound","1/146","11/1372",0.0909090909090909,0.854296388542964,-0.167373815538599,0.711320859565825,0.999999950389579,0.999999950389579,"ROR1",1
"GO:0007612","learning","1/146","11/1372",0.0909090909090909,0.854296388542964,-0.167373815538599,0.711320859565825,0.999999950389579,0.999999950389579,"CLSTN2",1
"GO:0019884","antigen processing and presentation of exogenous antigen","1/146","11/1372",0.0909090909090909,0.854296388542964,-0.167373815538599,0.711320859565825,0.999999950389579,0.999999950389579,"CLEC4A",1
"GO:0032633","interleukin-4 production","1/146","11/1372",0.0909090909090909,0.854296388542964,-0.167373815538599,0.711320859565825,0.999999950389579,0.999999950389579,"IL19",1
"GO:0032673","regulation of interleukin-4 production","1/146","11/1372",0.0909090909090909,0.854296388542964,-0.167373815538599,0.711320859565825,0.999999950389579,0.999999950389579,"IL19",1
"GO:0032753","positive regulation of interleukin-4 production","1/146","11/1372",0.0909090909090909,0.854296388542964,-0.167373815538599,0.711320859565825,0.999999950389579,0.999999950389579,"IL19",1
"GO:0035270","endocrine system development","1/146","11/1372",0.0909090909090909,0.854296388542964,-0.167373815538599,0.711320859565825,0.999999950389579,0.999999950389579,"BMP4",1
"GO:0035767","endothelial cell chemotaxis","1/146","11/1372",0.0909090909090909,0.854296388542964,-0.167373815538599,0.711320859565825,0.999999950389579,0.999999950389579,"CCN3",1
"GO:0038094","Fc-gamma receptor signaling pathway","1/146","11/1372",0.0909090909090909,0.854296388542964,-0.167373815538599,0.711320859565825,0.999999950389579,0.999999950389579,"FCER2",1
"GO:0043113","receptor clustering","1/146","11/1372",0.0909090909090909,0.854296388542964,-0.167373815538599,0.711320859565825,0.999999950389579,0.999999950389579,"ITGB7",1
"GO:0043467","regulation of generation of precursor metabolites and energy","1/146","11/1372",0.0909090909090909,0.854296388542964,-0.167373815538599,0.711320859565825,0.999999950389579,0.999999950389579,"IL10RB",1
"GO:0045428","regulation of nitric oxide biosynthetic process","1/146","11/1372",0.0909090909090909,0.854296388542964,-0.167373815538599,0.711320859565825,0.999999950389579,0.999999950389579,"CLEC7A",1
"GO:0045776","negative regulation of blood pressure","1/146","11/1372",0.0909090909090909,0.854296388542964,-0.167373815538599,0.711320859565825,0.999999950389579,0.999999950389579,"NPPB",1
"GO:0045840","positive regulation of mitotic nuclear division","1/146","11/1372",0.0909090909090909,0.854296388542964,-0.167373815538599,0.711320859565825,0.999999950389579,0.999999950389579,"TGFA",1
"GO:0045953","negative regulation of natural killer cell mediated cytotoxicity","1/146","11/1372",0.0909090909090909,0.854296388542964,-0.167373815538599,0.711320859565825,0.999999950389579,0.999999950389579,"NECTIN4",1
"GO:0046633","alpha-beta T cell proliferation","1/146","11/1372",0.0909090909090909,0.854296388542964,-0.167373815538599,0.711320859565825,0.999999950389579,0.999999950389579,"TGFBR2",1
"GO:0046640","regulation of alpha-beta T cell proliferation","1/146","11/1372",0.0909090909090909,0.854296388542964,-0.167373815538599,0.711320859565825,0.999999950389579,0.999999950389579,"TGFBR2",1
"GO:0046822","regulation of nucleocytoplasmic transport","1/146","11/1372",0.0909090909090909,0.854296388542964,-0.167373815538599,0.711320859565825,0.999999950389579,0.999999950389579,"BMP4",1
"GO:0050919","negative chemotaxis","1/146","11/1372",0.0909090909090909,0.854296388542964,-0.167373815538599,0.711320859565825,0.999999950389579,0.999999950389579,"FLRT2",1
"GO:0051053","negative regulation of DNA metabolic process","1/146","11/1372",0.0909090909090909,0.854296388542964,-0.167373815538599,0.711320859565825,0.999999950389579,0.999999950389579,"NPPC",1
"GO:0051898","negative regulation of phosphatidylinositol 3-kinase/protein kinase B signal transduction","1/146","11/1372",0.0909090909090909,0.854296388542964,-0.167373815538599,0.711320859565825,0.999999950389579,0.999999950389579,"PIK3IP1",1
"GO:0060041","retina development in camera-type eye","1/146","11/1372",0.0909090909090909,0.854296388542964,-0.167373815538599,0.711320859565825,0.999999950389579,0.999999950389579,"ACVRL1",1
"GO:0080164","regulation of nitric oxide metabolic process","1/146","11/1372",0.0909090909090909,0.854296388542964,-0.167373815538599,0.711320859565825,0.999999950389579,0.999999950389579,"CLEC7A",1
"GO:0090049","regulation of cell migration involved in sprouting angiogenesis","1/146","11/1372",0.0909090909090909,0.854296388542964,-0.167373815538599,0.711320859565825,0.999999950389579,0.999999950389579,"TGFBR3",1
"GO:0090130","tissue migration","1/146","11/1372",0.0909090909090909,0.854296388542964,-0.167373815538599,0.711320859565825,0.999999950389579,0.999999950389579,"ACTA2",1
"GO:0090497","mesenchymal cell migration","1/146","11/1372",0.0909090909090909,0.854296388542964,-0.167373815538599,0.711320859565825,0.999999950389579,0.999999950389579,"BMP4",1
"GO:1902904","negative regulation of supramolecular fiber organization","1/146","11/1372",0.0909090909090909,0.854296388542964,-0.167373815538599,0.711320859565825,0.999999950389579,0.999999950389579,"HSPG2",1
"GO:2000027","regulation of animal organ morphogenesis","1/146","11/1372",0.0909090909090909,0.854296388542964,-0.167373815538599,0.711320859565825,0.999999950389579,0.999999950389579,"BMP4",1
"GO:2000278","regulation of DNA biosynthetic process","1/146","11/1372",0.0909090909090909,0.854296388542964,-0.167373815538599,0.711320859565825,0.999999950389579,0.999999950389579,"NPPC",1
"GO:0050808","synapse organization","8/146","86/1372",0.0930232558139535,0.874163746416056,-0.415799958308822,0.715135819975763,0.999999950389579,0.999999950389579,"CRTAC1/SNCG/CDH6/ICAM5/KLK8/GHRL/CLSTN2/MDGA1",8
"GO:0002274","myeloid leukocyte activation","7/146","76/1372",0.0921052631578947,0.865537130497476,-0.416060599624124,0.718300841207907,0.999999950389579,0.999999950389579,"CD93/TGFBR2/CD300LF/PTGDS/FCER2/CLEC4D/HAVCR1",7
"GO:0006457","protein folding","3/146","34/1372",0.0882352941176471,0.829170024174053,-0.347956858687475,0.719842426205052,0.999999950389579,0.999999950389579,"NPPC/NPPB/HSPB6",3
"GO:0010038","response to metal ion","3/146","34/1372",0.0882352941176471,0.829170024174053,-0.347956858687475,0.719842426205052,0.999999950389579,0.999999950389579,"LCN2/TFF1/FGF23",3
"GO:1905952","regulation of lipid localization","3/146","34/1372",0.0882352941176471,0.829170024174053,-0.347956858687475,0.719842426205052,0.999999950389579,0.999999950389579,"PLTP/GHRL/TNFRSF11A",3
"GO:2001236","regulation of extrinsic apoptotic signaling pathway","3/146","34/1372",0.0882352941176471,0.829170024174053,-0.347956858687475,0.719842426205052,0.999999950389579,0.999999950389579,"SFRP1/BMP4/TNFRSF12A",3
"GO:0043207","response to external biotic stimulus","29/146","294/1372",0.0986394557823129,0.926940639269406,-0.487517346187294,0.720287890683796,0.999999950389579,0.999999950389579,"LCN2/MMP12/NPPB/IL10RB/CCL17/ACTA2/CR2/WFDC12/CCL16/CD300LF/IL7R/CCL14/CD160/CLEC7A/SCGB1A1/COLEC12/FCER2/ADM/WFDC2/REG3A/CCL24/CLEC4D/NECTIN4/SFTPD/CLEC4A/REG1A/CD207/TNFRSF11A/REG1B",29
"GO:0051707","response to other organism","29/146","294/1372",0.0986394557823129,0.926940639269406,-0.487517346187294,0.720287890683796,0.999999950389579,0.999999950389579,"LCN2/MMP12/NPPB/IL10RB/CCL17/ACTA2/CR2/WFDC12/CCL16/CD300LF/IL7R/CCL14/CD160/CLEC7A/SCGB1A1/COLEC12/FCER2/ADM/WFDC2/REG3A/CCL24/CLEC4D/NECTIN4/SFTPD/CLEC4A/REG1A/CD207/TNFRSF11A/REG1B",29
"GO:0002228","natural killer cell mediated immunity","2/146","23/1372",0.0869565217391304,0.817153067301965,-0.305067218771424,0.721377566861093,0.999999950389579,0.999999950389579,"CD160/NECTIN4",2
"GO:0002707","negative regulation of lymphocyte mediated immunity","2/146","23/1372",0.0869565217391304,0.817153067301965,-0.305067218771424,0.721377566861093,0.999999950389579,0.999999950389579,"CR2/NECTIN4",2
"GO:0002791","regulation of peptide secretion","2/146","23/1372",0.0869565217391304,0.817153067301965,-0.305067218771424,0.721377566861093,0.999999950389579,0.999999950389579,"CCN3/GHRL",2
"GO:0007548","sex differentiation","2/146","23/1372",0.0869565217391304,0.817153067301965,-0.305067218771424,0.721377566861093,0.999999950389579,0.999999950389579,"NPPC/CGA",2
"GO:0019882","antigen processing and presentation","2/146","23/1372",0.0869565217391304,0.817153067301965,-0.305067218771424,0.721377566861093,0.999999950389579,0.999999950389579,"FCER2/CLEC4A",2
"GO:0042267","natural killer cell mediated cytotoxicity","2/146","23/1372",0.0869565217391304,0.817153067301965,-0.305067218771424,0.721377566861093,0.999999950389579,0.999999950389579,"CD160/NECTIN4",2
"GO:0043299","leukocyte degranulation","2/146","23/1372",0.0869565217391304,0.817153067301965,-0.305067218771424,0.721377566861093,0.999999950389579,0.999999950389579,"CD160/PTGDS",2
"GO:0046634","regulation of alpha-beta T cell activation","2/146","23/1372",0.0869565217391304,0.817153067301965,-0.305067218771424,0.721377566861093,0.999999950389579,0.999999950389579,"TGFBR2/CD160",2
"GO:0046890","regulation of lipid biosynthetic process","2/146","23/1372",0.0869565217391304,0.817153067301965,-0.305067218771424,0.721377566861093,0.999999950389579,0.999999950389579,"CGA/ADM",2
"GO:0048469","cell maturation","2/146","23/1372",0.0869565217391304,0.817153067301965,-0.305067218771424,0.721377566861093,0.999999950389579,0.999999950389579,"NPPC/CLEC7A",2
"GO:0050731","positive regulation of peptidyl-tyrosine phosphorylation","2/146","23/1372",0.0869565217391304,0.817153067301965,-0.305067218771424,0.721377566861093,0.999999950389579,0.999999950389579,"THBS4/IL10RB",2
"GO:0061458","reproductive system development","2/146","23/1372",0.0869565217391304,0.817153067301965,-0.305067218771424,0.721377566861093,0.999999950389579,0.999999950389579,"NPPC/CGA",2
"GO:0072073","kidney epithelium development","2/146","23/1372",0.0869565217391304,0.817153067301965,-0.305067218771424,0.721377566861093,0.999999950389579,0.999999950389579,"SFRP1/BMP4",2
"GO:0006810","transport","38/146","381/1372",0.0997375328083989,0.937259554884407,-0.497076436541386,0.721521620085783,0.999999950389579,0.999999950389579,"FAM3B/CCN3/LCN2/MMP12/HSPG2/FABP1/NPPB/CD93/TFF2/CD302/TGFBR2/PLTP/GH1/SCARA5/PRL/CD300LF/CDH3/CD160/CLEC7A/COLEC12/MEGF10/PTGDS/RBP2/NCS1/SNCG/FGF23/PTPRN2/RBP5/FCER2/FABP2/BMP4/GHRL/ADM/FGF21/SFTPD/SCARF2/TNFRSF11A/HAVCR1",38
"GO:0001822","kidney development","4/146","45/1372",0.0888888888888889,0.83531202435312,-0.387509725683387,0.72379536171091,0.999999950389579,0.999999950389579,"ACTA2/SFRP1/BMP4/ANGPT2",4
"GO:0048545","response to steroid hormone","4/146","45/1372",0.0888888888888889,0.83531202435312,-0.387509725683387,0.72379536171091,0.999999950389579,0.999999950389579,"USP8/SCGB1A1/PTGDS/SFRP1",4
"GO:0030595","leukocyte chemotaxis","8/146","87/1372",0.0919540229885057,0.864115887261848,-0.451779651060325,0.727599628334215,0.999999950389579,0.999999950389579,"CCN3/THBS4/CCL16/MICOS10-NBL1/NBL1/CCL24/SFTPD/TNFRSF11A",8
"GO:0007169","cell surface receptor protein tyrosine kinase signaling pathway","14/146","148/1372",0.0945945945945946,0.888930025916327,-0.493499525601321,0.731320710461415,0.999999950389579,0.999999950389579,"EFEMP1/EPHA1/GH1/GFRA3/CDH3/ROR1/IGFBP1/FGF23/IGFBP4/FLRT2/GHRL/TGFA/FGF21/ANGPT2",14
"GO:0002702","positive regulation of production of molecular mediator of immune response","3/146","35/1372",0.0857142857142857,0.805479452054794,-0.402145971953814,0.738465966249207,0.999999950389579,0.999999950389579,"CD160/CLEC7A/TNFRSF4",3
"GO:0002440","production of molecular mediator of immune response","4/146","46/1372",0.0869565217391304,0.817153067301965,-0.435155776878768,0.740107714330045,0.999999950389579,0.999999950389579,"CD160/CLEC7A/CLC/TNFRSF4",4
"GO:0007259","cell surface receptor signaling pathway via JAK-STAT","4/146","46/1372",0.0869565217391304,0.817153067301965,-0.435155776878768,0.740107714330045,0.999999950389579,0.999999950389579,"IL10RB/GH1/PRL/IL7R",4
"GO:0019953","sexual reproduction","4/146","46/1372",0.0869565217391304,0.817153067301965,-0.435155776878768,0.740107714330045,0.999999950389579,0.999999950389579,"NPPC/JAM2/WFDC2/ANGPT2",4
"GO:0072001","renal system development","4/146","46/1372",0.0869565217391304,0.817153067301965,-0.435155776878768,0.740107714330045,0.999999950389579,0.999999950389579,"ACTA2/SFRP1/BMP4/ANGPT2",4
"GO:1903034","regulation of response to wounding","4/146","46/1372",0.0869565217391304,0.817153067301965,-0.435155776878768,0.740107714330045,0.999999950389579,0.999999950389579,"CLEC7A/TNFRSF12A/REG3A/DSC2",4
"GO:0001101","response to acid chemical","1/146","12/1372",0.0833333333333333,0.78310502283105,-0.260327821341225,0.742288643918058,0.999999950389579,0.999999950389579,"LCN2",1
"GO:0001656","metanephros development","1/146","12/1372",0.0833333333333333,0.78310502283105,-0.260327821341225,0.742288643918058,0.999999950389579,0.999999950389579,"BMP4",1
"GO:0001911","negative regulation of leukocyte mediated cytotoxicity","1/146","12/1372",0.0833333333333333,0.78310502283105,-0.260327821341225,0.742288643918058,0.999999950389579,0.999999950389579,"NECTIN4",1
"GO:0002224","toll-like receptor signaling pathway","1/146","12/1372",0.0833333333333333,0.78310502283105,-0.260327821341225,0.742288643918058,0.999999950389579,0.999999950389579,"CD300LF",1
"GO:0002260","lymphocyte homeostasis","1/146","12/1372",0.0833333333333333,0.78310502283105,-0.260327821341225,0.742288643918058,0.999999950389579,0.999999950389579,"FAS",1
"GO:0002712","regulation of B cell mediated immunity","1/146","12/1372",0.0833333333333333,0.78310502283105,-0.260327821341225,0.742288643918058,0.999999950389579,0.999999950389579,"CR2",1
"GO:0002834","regulation of response to tumor cell","1/146","12/1372",0.0833333333333333,0.78310502283105,-0.260327821341225,0.742288643918058,0.999999950389579,0.999999950389579,"CD160",1
"GO:0002837","regulation of immune response to tumor cell","1/146","12/1372",0.0833333333333333,0.78310502283105,-0.260327821341225,0.742288643918058,0.999999950389579,0.999999950389579,"CD160",1
"GO:0002889","regulation of immunoglobulin mediated immune response","1/146","12/1372",0.0833333333333333,0.78310502283105,-0.260327821341225,0.742288643918058,0.999999950389579,0.999999950389579,"CR2",1
"GO:0006836","neurotransmitter transport","1/146","12/1372",0.0833333333333333,0.78310502283105,-0.260327821341225,0.742288643918058,0.999999950389579,0.999999950389579,"PTPRN2",1
"GO:0006956","complement activation","1/146","12/1372",0.0833333333333333,0.78310502283105,-0.260327821341225,0.742288643918058,0.999999950389579,0.999999950389579,"CR2",1
"GO:0009595","detection of biotic stimulus","1/146","12/1372",0.0833333333333333,0.78310502283105,-0.260327821341225,0.742288643918058,0.999999950389579,0.999999950389579,"CLEC7A",1
"GO:0015748","organophosphate ester transport","1/146","12/1372",0.0833333333333333,0.78310502283105,-0.260327821341225,0.742288643918058,0.999999950389579,0.999999950389579,"PLTP",1
"GO:0015914","phospholipid transport","1/146","12/1372",0.0833333333333333,0.78310502283105,-0.260327821341225,0.742288643918058,0.999999950389579,0.999999950389579,"PLTP",1
"GO:0030833","regulation of actin filament polymerization","1/146","12/1372",0.0833333333333333,0.78310502283105,-0.260327821341225,0.742288643918058,0.999999950389579,0.999999950389579,"CCL24",1
"GO:0030890","positive regulation of B cell proliferation","1/146","12/1372",0.0833333333333333,0.78310502283105,-0.260327821341225,0.742288643918058,0.999999950389579,0.999999950389579,"TNFRSF4",1
"GO:0032418","lysosome localization","1/146","12/1372",0.0833333333333333,0.78310502283105,-0.260327821341225,0.742288643918058,0.999999950389579,0.999999950389579,"PTGDS",1
"GO:0032715","negative regulation of interleukin-6 production","1/146","12/1372",0.0833333333333333,0.78310502283105,-0.260327821341225,0.742288643918058,0.999999950389579,0.999999950389579,"GHRL",1
"GO:0032735","positive regulation of interleukin-12 production","1/146","12/1372",0.0833333333333333,0.78310502283105,-0.260327821341225,0.742288643918058,0.999999950389579,0.999999950389579,"CLEC7A",1
"GO:0032890","regulation of organic acid transport","1/146","12/1372",0.0833333333333333,0.78310502283105,-0.260327821341225,0.742288643918058,0.999999950389579,0.999999950389579,"TNFRSF11A",1
"GO:0033157","regulation of intracellular protein transport","1/146","12/1372",0.0833333333333333,0.78310502283105,-0.260327821341225,0.742288643918058,0.999999950389579,0.999999950389579,"BMP4",1
"GO:0034367","protein-containing complex remodeling","1/146","12/1372",0.0833333333333333,0.78310502283105,-0.260327821341225,0.742288643918058,0.999999950389579,0.999999950389579,"PLTP",1
"GO:0034368","protein-lipid complex remodeling","1/146","12/1372",0.0833333333333333,0.78310502283105,-0.260327821341225,0.742288643918058,0.999999950389579,0.999999950389579,"PLTP",1
"GO:0034369","plasma lipoprotein particle remodeling","1/146","12/1372",0.0833333333333333,0.78310502283105,-0.260327821341225,0.742288643918058,0.999999950389579,0.999999950389579,"PLTP",1
"GO:0035148","tube formation","1/146","12/1372",0.0833333333333333,0.78310502283105,-0.260327821341225,0.742288643918058,0.999999950389579,0.999999950389579,"BMP4",1
"GO:0038128","ERBB2 signaling pathway","1/146","12/1372",0.0833333333333333,0.78310502283105,-0.260327821341225,0.742288643918058,0.999999950389579,0.999999950389579,"TGFA",1
"GO:0043303","mast cell degranulation","1/146","12/1372",0.0833333333333333,0.78310502283105,-0.260327821341225,0.742288643918058,0.999999950389579,0.999999950389579,"PTGDS",1
"GO:0044060","regulation of endocrine process","1/146","12/1372",0.0833333333333333,0.78310502283105,-0.260327821341225,0.742288643918058,0.999999950389579,0.999999950389579,"GHRL",1
"GO:0045685","regulation of glial cell differentiation","1/146","12/1372",0.0833333333333333,0.78310502283105,-0.260327821341225,0.742288643918058,0.999999950389579,0.999999950389579,"TNFRSF21",1
"GO:0050848","regulation of calcium-mediated signaling","1/146","12/1372",0.0833333333333333,0.78310502283105,-0.260327821341225,0.742288643918058,0.999999950389579,0.999999950389579,"CLEC7A",1
"GO:0051098","regulation of binding","1/146","12/1372",0.0833333333333333,0.78310502283105,-0.260327821341225,0.742288643918058,0.999999950389579,0.999999950389579,"BMP4",1
"GO:0051785","positive regulation of nuclear division","1/146","12/1372",0.0833333333333333,0.78310502283105,-0.260327821341225,0.742288643918058,0.999999950389579,0.999999950389579,"TGFA",1
"GO:0060688","regulation of morphogenesis of a branching structure","1/146","12/1372",0.0833333333333333,0.78310502283105,-0.260327821341225,0.742288643918058,0.999999950389579,0.999999950389579,"BMP4",1
"GO:0060986","endocrine hormone secretion","1/146","12/1372",0.0833333333333333,0.78310502283105,-0.260327821341225,0.742288643918058,0.999999950389579,0.999999950389579,"GHRL",1
"GO:0070266","necroptotic process","1/146","12/1372",0.0833333333333333,0.78310502283105,-0.260327821341225,0.742288643918058,0.999999950389579,0.999999950389579,"FAS",1
"GO:0071827","plasma lipoprotein particle organization","1/146","12/1372",0.0833333333333333,0.78310502283105,-0.260327821341225,0.742288643918058,0.999999950389579,0.999999950389579,"PLTP",1
"GO:0072080","nephron tubule development","1/146","12/1372",0.0833333333333333,0.78310502283105,-0.260327821341225,0.742288643918058,0.999999950389579,0.999999950389579,"BMP4",1
"GO:0150117","positive regulation of cell-substrate junction organization","1/146","12/1372",0.0833333333333333,0.78310502283105,-0.260327821341225,0.742288643918058,0.999999950389579,0.999999950389579,"SFRP1",1
"GO:1900017","positive regulation of cytokine production involved in inflammatory response","1/146","12/1372",0.0833333333333333,0.78310502283105,-0.260327821341225,0.742288643918058,0.999999950389579,0.999999950389579,"CLEC7A",1
"GO:1900182","positive regulation of protein localization to nucleus","1/146","12/1372",0.0833333333333333,0.78310502283105,-0.260327821341225,0.742288643918058,0.999999950389579,0.999999950389579,"BMP4",1
"GO:1990849","vacuolar localization","1/146","12/1372",0.0833333333333333,0.78310502283105,-0.260327821341225,0.742288643918058,0.999999950389579,0.999999950389579,"PTGDS",1
"GO:0007173","epidermal growth factor receptor signaling pathway","2/146","24/1372",0.0833333333333333,0.78310502283105,-0.369794195323914,0.743421929356648,0.999999950389579,0.999999950389579,"EFEMP1/TGFA",2
"GO:0010563","negative regulation of phosphorus metabolic process","2/146","24/1372",0.0833333333333333,0.78310502283105,-0.369794195323914,0.743421929356648,0.999999950389579,0.999999950389579,"IL7R/SFRP1",2
"GO:0032729","positive regulation of type II interferon production","2/146","24/1372",0.0833333333333333,0.78310502283105,-0.369794195323914,0.743421929356648,0.999999950389579,0.999999950389579,"CD160/CLEC7A",2
"GO:0034504","protein localization to nucleus","2/146","24/1372",0.0833333333333333,0.78310502283105,-0.369794195323914,0.743421929356648,0.999999950389579,0.999999950389579,"MMP12/BMP4",2
"GO:0045446","endothelial cell differentiation","2/146","24/1372",0.0833333333333333,0.78310502283105,-0.369794195323914,0.743421929356648,0.999999950389579,0.999999950389579,"ACVRL1/BMP4",2
"GO:0045936","negative regulation of phosphate metabolic process","2/146","24/1372",0.0833333333333333,0.78310502283105,-0.369794195323914,0.743421929356648,0.999999950389579,0.999999950389579,"IL7R/SFRP1",2
"GO:0051781","positive regulation of cell division","2/146","24/1372",0.0833333333333333,0.78310502283105,-0.369794195323914,0.743421929356648,0.999999950389579,0.999999950389579,"THBS4/TGFA",2
"GO:0061138","morphogenesis of a branching epithelium","2/146","24/1372",0.0833333333333333,0.78310502283105,-0.369794195323914,0.743421929356648,0.999999950389579,0.999999950389579,"TGFBR2/BMP4",2
"GO:0072522","purine-containing compound biosynthetic process","2/146","24/1372",0.0833333333333333,0.78310502283105,-0.369794195323914,0.743421929356648,0.999999950389579,0.999999950389579,"NPPC/NPPB",2
"GO:0090087","regulation of peptide transport","2/146","24/1372",0.0833333333333333,0.78310502283105,-0.369794195323914,0.743421929356648,0.999999950389579,0.999999950389579,"CCN3/GHRL",2
"GO:0140014","mitotic nuclear division","2/146","24/1372",0.0833333333333333,0.78310502283105,-0.369794195323914,0.743421929356648,0.999999950389579,0.999999950389579,"BMP4/TGFA",2
"GO:1903531","negative regulation of secretion by cell","2/146","24/1372",0.0833333333333333,0.78310502283105,-0.369794195323914,0.743421929356648,0.999999950389579,0.999999950389579,"CCN3/FGF23",2
"GO:0010648","negative regulation of cell communication","20/146","209/1372",0.0956937799043062,0.899259356361015,-0.54567986258218,0.743762150089433,0.999999950389579,0.999999950389579,"CCN3/CDON/MMP12/HSPG2/DLK1/PIK3IP1/CD300LF/IL7R/CDH3/MICOS10-NBL1/CD160/IGFBP1/NBL1/FGF23/IGFBP4/TGFBR3/SFRP1/BMP4/ADM/DSG3",20
"GO:0050670","regulation of lymphocyte proliferation","7/146","78/1372",0.0897435897435897,0.843343870741131,-0.491447890166994,0.74404298889143,0.999999950389579,0.999999950389579,"TGFBR2/BMP4/SFTPD/CLC/TNFRSF21/TNFRSF4/GPNMB",7
"GO:0070374","positive regulation of ERK1 and ERK2 cascade","5/146","57/1372",0.087719298245614,0.824321076664263,-0.467352029293707,0.744456598751705,0.999999950389579,0.999999950389579,"ACTA2/FGF23/FGF21/GPNMB/TNFRSF11A",5
"GO:0032940","secretion by cell","9/146","99/1372",0.0909090909090909,0.854296388542964,-0.519186787887939,0.747848637310123,0.999999950389579,0.999999950389579,"FAM3B/CCN3/CD160/PTGDS/SNCG/FGF23/PTPRN2/GHRL/TNFRSF11A",9
"GO:0042060","wound healing","8/146","89/1372",0.0898876404494382,0.844697552716638,-0.522648724433464,0.751429981814879,0.999999950389579,0.999999950389579,"ACVRL1/MMP12/CLEC7A/TNFRSF12A/REG3A/ANGPTL7/DSC2/ANGPT2",8
"GO:0071675","regulation of mononuclear cell migration","4/146","47/1372",0.0851063829787234,0.799766831827456,-0.481866715705393,0.755689389819339,0.999999950389579,0.999999950389579,"CCN3/MICOS10-NBL1/JAM2/NBL1",4
"GO:0000302","response to reactive oxygen species","3/146","36/1372",0.0833333333333333,0.78310502283105,-0.454932995183302,0.756105587709401,0.999999950389579,0.999999950389579,"LCN2/FABP1/SCGB1A1",3
"GO:0007229","integrin-mediated signaling pathway","3/146","36/1372",0.0833333333333333,0.78310502283105,-0.454932995183302,0.756105587709401,0.999999950389579,0.999999950389579,"ITGB7/ITGA11/CCN1",3
"GO:0019216","regulation of lipid metabolic process","3/146","36/1372",0.0833333333333333,0.78310502283105,-0.454932995183302,0.756105587709401,0.999999950389579,0.999999950389579,"FABP1/CGA/ADM",3
"GO:0048638","regulation of developmental growth","3/146","36/1372",0.0833333333333333,0.78310502283105,-0.454932995183302,0.756105587709401,0.999999950389579,0.999999950389579,"GH1/TGFBR3/GHRL",3
"GO:0051052","regulation of DNA metabolic process","3/146","36/1372",0.0833333333333333,0.78310502283105,-0.454932995183302,0.756105587709401,0.999999950389579,0.999999950389579,"ACVRL1/NPPC/IL7R",3
"GO:0016032","viral process","7/146","79/1372",0.0886075949367089,0.83266863187099,-0.528495830484533,0.756287114134524,0.999999950389579,0.999999950389579,"MOG/ITGB7/CR2/CTSB/NECTIN4/TNFRSF4/HAVCR1",7
"GO:0032944","regulation of mononuclear cell proliferation","7/146","79/1372",0.0886075949367089,0.83266863187099,-0.528495830484533,0.756287114134524,0.999999950389579,0.999999950389579,"TGFBR2/BMP4/SFTPD/CLC/TNFRSF21/TNFRSF4/GPNMB",7
"GO:0097530","granulocyte migration","5/146","58/1372",0.0862068965517241,0.810108644307983,-0.509766661527456,0.758491916648316,0.999999950389579,0.999999950389579,"THBS4/CCL16/CD99/CCL24/XG",5
"GO:0022414","reproductive process","9/146","100/1372",0.09,0.845753424657534,-0.552614014935564,0.758793163405157,0.999999950389579,0.999999950389579,"NPPC/PSG1/CGA/PRL/SCGB1A1/JAM2/GHRL/WFDC2/ANGPT2",9
"GO:0023057","negative regulation of signaling","20/146","211/1372",0.0947867298578199,0.890735570992664,-0.595187550513895,0.759819018605651,0.999999950389579,0.999999950389579,"CCN3/CDON/MMP12/HSPG2/DLK1/PIK3IP1/CD300LF/IL7R/CDH3/MICOS10-NBL1/CD160/IGFBP1/NBL1/FGF23/IGFBP4/TGFBR3/SFRP1/BMP4/ADM/DSG3",20
"GO:0051050","positive regulation of transport","12/146","131/1372",0.0916030534351145,0.860817735020391,-0.577808035162864,0.761645456544671,0.999999950389579,0.999999950389579,"LCN2/NPPB/PLTP/GH1/PRL/CD300LF/CD160/CLEC7A/GHRL/FGF21/SFTPD/TNFRSF11A",12
"GO:0009607","response to biotic stimulus","29/146","300/1372",0.0966666666666667,0.908401826484018,-0.61915583300142,0.763512328259543,0.999999950389579,0.999999950389579,"LCN2/MMP12/NPPB/IL10RB/CCL17/ACTA2/CR2/WFDC12/CCL16/CD300LF/IL7R/CCL14/CD160/CLEC7A/SCGB1A1/COLEC12/FCER2/ADM/WFDC2/REG3A/CCL24/CLEC4D/NECTIN4/SFTPD/CLEC4A/REG1A/CD207/TNFRSF11A/REG1B",29
"GO:0051249","regulation of lymphocyte activation","11/146","121/1372",0.0909090909090909,0.854296388542964,-0.579007603600847,0.76352976515713,0.999999950389579,0.999999950389579,"TGFBR2/IL7R/CD160/CLEC7A/SFRP1/BMP4/SFTPD/CLC/TNFRSF21/TNFRSF4/GPNMB",11
"GO:0001763","morphogenesis of a branching structure","2/146","25/1372",0.08,0.751780821917808,-0.432087258477876,0.763967468599053,0.999999950389579,0.999999950389579,"TGFBR2/BMP4",2
"GO:0002704","negative regulation of leukocyte mediated immunity","2/146","25/1372",0.08,0.751780821917808,-0.432087258477876,0.763967468599053,0.999999950389579,0.999999950389579,"CR2/NECTIN4",2
"GO:0002820","negative regulation of adaptive immune response","2/146","25/1372",0.08,0.751780821917808,-0.432087258477876,0.763967468599053,0.999999950389579,0.999999950389579,"CR2/CD160",2
"GO:0008625","extrinsic apoptotic signaling pathway via death domain receptors","2/146","25/1372",0.08,0.751780821917808,-0.432087258477876,0.763967468599053,0.999999950389579,0.999999950389579,"FAS/SFRP1",2
"GO:0030316","osteoclast differentiation","2/146","25/1372",0.08,0.751780821917808,-0.432087258477876,0.763967468599053,0.999999950389579,0.999999950389579,"DLK1/TNFRSF11A",2
"GO:0034113","heterotypic cell-cell adhesion","2/146","25/1372",0.08,0.751780821917808,-0.432087258477876,0.763967468599053,0.999999950389579,0.999999950389579,"ITGB7/DSC2",2
"GO:0090257","regulation of muscle system process","2/146","25/1372",0.08,0.751780821917808,-0.432087258477876,0.763967468599053,0.999999950389579,0.999999950389579,"GHRL/DSC2",2
"GO:0140352","export from cell","9/146","101/1372",0.0891089108910891,0.837379628373796,-0.585750652435216,0.769408111721625,0.999999950389579,0.999999950389579,"FAM3B/CCN3/CD160/PTGDS/SNCG/FGF23/PTPRN2/GHRL/TNFRSF11A",9
"GO:0001523","retinoid metabolic process","1/146","13/1372",0.0769230769230769,0.722866174920969,-0.346339004297625,0.769954715968031,0.999999950389579,0.999999950389579,"RBP2",1
"GO:0002251","organ or tissue specific immune response","1/146","13/1372",0.0769230769230769,0.722866174920969,-0.346339004297625,0.769954715968031,0.999999950389579,0.999999950389579,"CD160",1
"GO:0002279","mast cell activation involved in immune response","1/146","13/1372",0.0769230769230769,0.722866174920969,-0.346339004297625,0.769954715968031,0.999999950389579,0.999999950389579,"PTGDS",1
"GO:0002418","immune response to tumor cell","1/146","13/1372",0.0769230769230769,0.722866174920969,-0.346339004297625,0.769954715968031,0.999999950389579,0.999999950389579,"CD160",1
"GO:0002448","mast cell mediated immunity","1/146","13/1372",0.0769230769230769,0.722866174920969,-0.346339004297625,0.769954715968031,0.999999950389579,0.999999950389579,"PTGDS",1
"GO:0002673","regulation of acute inflammatory response","1/146","13/1372",0.0769230769230769,0.722866174920969,-0.346339004297625,0.769954715968031,0.999999950389579,0.999999950389579,"TNFRSF11A",1
"GO:0006310","DNA recombination","1/146","13/1372",0.0769230769230769,0.722866174920969,-0.346339004297625,0.769954715968031,0.999999950389579,0.999999950389579,"IL7R",1
"GO:0006809","nitric oxide biosynthetic process","1/146","13/1372",0.0769230769230769,0.722866174920969,-0.346339004297625,0.769954715968031,0.999999950389579,0.999999950389579,"CLEC7A",1
"GO:0006986","response to unfolded protein","1/146","13/1372",0.0769230769230769,0.722866174920969,-0.346339004297625,0.769954715968031,0.999999950389579,0.999999950389579,"THBS4",1
"GO:0007369","gastrulation","1/146","13/1372",0.0769230769230769,0.722866174920969,-0.346339004297625,0.769954715968031,0.999999950389579,0.999999950389579,"BMP4",1
"GO:0007422","peripheral nervous system development","1/146","13/1372",0.0769230769230769,0.722866174920969,-0.346339004297625,0.769954715968031,0.999999950389579,0.999999950389579,"GFRA3",1
"GO:0007566","embryo implantation","1/146","13/1372",0.0769230769230769,0.722866174920969,-0.346339004297625,0.769954715968031,0.999999950389579,0.999999950389579,"SCGB1A1",1
"GO:0010657","muscle cell apoptotic process","1/146","13/1372",0.0769230769230769,0.722866174920969,-0.346339004297625,0.769954715968031,0.999999950389579,0.999999950389579,"HSPB6",1
"GO:0010660","regulation of muscle cell apoptotic process","1/146","13/1372",0.0769230769230769,0.722866174920969,-0.346339004297625,0.769954715968031,0.999999950389579,0.999999950389579,"HSPB6",1
"GO:0014032","neural crest cell development","1/146","13/1372",0.0769230769230769,0.722866174920969,-0.346339004297625,0.769954715968031,0.999999950389579,0.999999950389579,"BMP4",1
"GO:0032273","positive regulation of protein polymerization","1/146","13/1372",0.0769230769230769,0.722866174920969,-0.346339004297625,0.769954715968031,0.999999950389579,0.999999950389579,"CCL24",1
"GO:0032692","negative regulation of interleukin-1 production","1/146","13/1372",0.0769230769230769,0.722866174920969,-0.346339004297625,0.769954715968031,0.999999950389579,0.999999950389579,"GHRL",1
"GO:0035966","response to topologically incorrect protein","1/146","13/1372",0.0769230769230769,0.722866174920969,-0.346339004297625,0.769954715968031,0.999999950389579,0.999999950389579,"THBS4",1
"GO:0043300","regulation of leukocyte degranulation","1/146","13/1372",0.0769230769230769,0.722866174920969,-0.346339004297625,0.769954715968031,0.999999950389579,0.999999950389579,"CD160",1
"GO:0045598","regulation of fat cell differentiation","1/146","13/1372",0.0769230769230769,0.722866174920969,-0.346339004297625,0.769954715968031,0.999999950389579,0.999999950389579,"SFRP1",1
"GO:0046209","nitric oxide metabolic process","1/146","13/1372",0.0769230769230769,0.722866174920969,-0.346339004297625,0.769954715968031,0.999999950389579,0.999999950389579,"CLEC7A",1
"GO:0046456","icosanoid biosynthetic process","1/146","13/1372",0.0769230769230769,0.722866174920969,-0.346339004297625,0.769954715968031,0.999999950389579,0.999999950389579,"PTGDS",1
"GO:0048002","antigen processing and presentation of peptide antigen","1/146","13/1372",0.0769230769230769,0.722866174920969,-0.346339004297625,0.769954715968031,0.999999950389579,0.999999950389579,"CLEC4A",1
"GO:0048246","macrophage chemotaxis","1/146","13/1372",0.0769230769230769,0.722866174920969,-0.346339004297625,0.769954715968031,0.999999950389579,0.999999950389579,"SFTPD",1
"GO:0050860","negative regulation of T cell receptor signaling pathway","1/146","13/1372",0.0769230769230769,0.722866174920969,-0.346339004297625,0.769954715968031,0.999999950389579,0.999999950389579,"CD160",1
"GO:0050954","sensory perception of mechanical stimulus","1/146","13/1372",0.0769230769230769,0.722866174920969,-0.346339004297625,0.769954715968031,0.999999950389579,0.999999950389579,"ROR1",1
"GO:0061326","renal tubule development","1/146","13/1372",0.0769230769230769,0.722866174920969,-0.346339004297625,0.769954715968031,0.999999950389579,0.999999950389579,"BMP4",1
"GO:0071825","protein-lipid complex organization","1/146","13/1372",0.0769230769230769,0.722866174920969,-0.346339004297625,0.769954715968031,0.999999950389579,0.999999950389579,"PLTP",1
"GO:0097306","cellular response to alcohol","1/146","13/1372",0.0769230769230769,0.722866174920969,-0.346339004297625,0.769954715968031,0.999999950389579,0.999999950389579,"SFRP1",1
"GO:1902895","positive regulation of miRNA transcription","1/146","13/1372",0.0769230769230769,0.722866174920969,-0.346339004297625,0.769954715968031,0.999999950389579,0.999999950389579,"PRL",1
"GO:1904646","cellular response to amyloid-beta","1/146","13/1372",0.0769230769230769,0.722866174920969,-0.346339004297625,0.769954715968031,0.999999950389579,0.999999950389579,"LCN2",1
"GO:0010594","regulation of endothelial cell migration","4/146","48/1372",0.0833333333333333,0.78310502283105,-0.527686569882595,0.770549711240956,0.999999950389579,0.999999950389579,"LCN2/ACVRL1/TGFBR3/ANGPT2",4
"GO:0048872","homeostasis of number of cells","4/146","48/1372",0.0833333333333333,0.78310502283105,-0.527686569882595,0.770549711240956,0.999999950389579,0.999999950389579,"CCN3/FAS/IL7R/TGFBR3",4
"GO:0010646","regulation of cell communication","47/146","475/1372",0.0989473684210526,0.929834174477289,-0.652418312610225,0.770708168794619,0.999999950389579,0.999999950389579,"CCN3/CDON/ACVRL1/MMP12/HSPG2/FAS/IL10RB/DLK1/ACTA2/USP8/TGFBR2/PIK3IP1/GH1/CGA/PRL/CD300LF/IL7R/CDH3/MICOS10-NBL1/CD160/CLEC7A/ROR1/TNFRSF19/IGFBP1/NCS1/CLMP/NBL1/FGF23/IGFBP4/TGFBR3/ADAM22/SFRP1/BMP4/GHRL/ADM/TNFRSF12A/CLEC4D/TGFA/FGF21/CLSTN2/DTX3/DSC2/CCN1/GPNMB/EDA2R/TNFRSF11A/DSG3",47
"GO:0042110","T cell activation","12/146","132/1372",0.0909090909090909,0.854296388542964,-0.607430171280604,0.771044562833622,0.999999950389579,0.999999950389579,"TGFBR2/IL7R/CD160/CLEC7A/CEACAM21/BMP4/SFTPD/CLC/TNFRSF21/CLEC4A/TNFRSF4/GPNMB",12
"GO:0051240","positive regulation of multicellular organismal process","30/146","311/1372",0.0964630225080386,0.906488129322116,-0.646903003872699,0.771856154095486,0.999999950389579,0.999999950389579,"CCN3/LCN2/ACVRL1/MMP12/NPPB/EPHA1/DLK1/ACTA2/TGFBR2/GH1/PRL/IL7R/IL19/CD160/CLEC7A/TGFBR3/BMP4/GHRL/ADM/WFDC2/CCL24/CLEC4D/FGF21/CLSTN2/HSPB6/TNFRSF4/CCN1/ANGPT2/TNFRSF11A/HAVCR1",30
"GO:0051402","neuron apoptotic process","5/146","59/1372",0.0847457627118644,0.796377989319712,-0.551528913032515,0.771949253840069,0.999999950389579,0.999999950389579,"LCN2/NPPC/HSPG2/FAS/TNFRSF21",5
"GO:1990266","neutrophil migration","3/146","37/1372",0.0810810810810811,0.761940022213995,-0.506403312823607,0.772783697573623,0.999999950389579,0.999999950389579,"THBS4/CD99/XG",3
"GO:0031175","neuron projection development","11/146","122/1372",0.0901639344262295,0.847293959128677,-0.609580473034879,0.77320192047941,0.999999950389579,0.999999950389579,"BOC/GFRA3/CRTAC1/MICOS10-NBL1/NCS1/NBL1/SFRP1/KLK8/GHRL/TNXB/TNFRSF21",11
"GO:0031589","cell-substrate adhesion","6/146","70/1372",0.0857142857142857,0.805479452054794,-0.576313684997271,0.775218868373518,0.999999950389579,0.999999950389579,"ACVRL1/MMP12/EPHA1/ITGB7/SFRP1/ITGA11",6
"GO:0006955","immune response","39/146","399/1372",0.0977443609022556,0.918529199711608,-0.666625512100226,0.775974854832494,0.999999950389579,0.999999950389579,"MOG/LCN2/MMP12/FAS/NPPB/IL10RB/CCL17/ITGB7/CR2/WFDC12/CCL16/CD300LF/IL7R/CCL14/IL19/CD160/CLEC7A/COLEC12/PTGDS/CEACAM21/LAIR1/TGFBR3/FCER2/ADM/CEACAM8/WFDC2/REG3A/CCL24/CLEC4D/NECTIN4/SFTPD/CLC/TNFRSF21/CLEC4A/TNFRSF4/REG1A/CD207/TNFRSF11A/REG1B",39
"GO:0023051","regulation of signaling","47/146","476/1372",0.0987394957983193,0.927880741337631,-0.671661794656914,0.776560319158824,0.999999950389579,0.999999950389579,"CCN3/CDON/ACVRL1/MMP12/HSPG2/FAS/IL10RB/DLK1/ACTA2/USP8/TGFBR2/PIK3IP1/GH1/CGA/PRL/CD300LF/IL7R/CDH3/MICOS10-NBL1/CD160/CLEC7A/ROR1/TNFRSF19/IGFBP1/NCS1/CLMP/NBL1/FGF23/IGFBP4/TGFBR3/ADAM22/SFRP1/BMP4/GHRL/ADM/TNFRSF12A/CLEC4D/TGFA/FGF21/CLSTN2/DTX3/DSC2/CCN1/GPNMB/EDA2R/TNFRSF11A/DSG3",47
"GO:0000280","nuclear division","2/146","26/1372",0.0769230769230769,0.722866174920969,-0.492156924978375,0.783081150011925,0.999999950389579,0.999999950389579,"BMP4/TGFA",2
"GO:0002064","epithelial cell development","2/146","26/1372",0.0769230769230769,0.722866174920969,-0.492156924978375,0.783081150011925,0.999999950389579,0.999999950389579,"ACTA2/BMP4",2
"GO:0019724","B cell mediated immunity","2/146","26/1372",0.0769230769230769,0.722866174920969,-0.492156924978375,0.783081150011925,0.999999950389579,0.999999950389579,"CR2/FCER2",2
"GO:0033500","carbohydrate homeostasis","2/146","26/1372",0.0769230769230769,0.722866174920969,-0.492156924978375,0.783081150011925,0.999999950389579,0.999999950389579,"PTPRN2/GHRL",2
"GO:0038127","ERBB signaling pathway","2/146","26/1372",0.0769230769230769,0.722866174920969,-0.492156924978375,0.783081150011925,0.999999950389579,0.999999950389579,"EFEMP1/TGFA",2
"GO:0042593","glucose homeostasis","2/146","26/1372",0.0769230769230769,0.722866174920969,-0.492156924978375,0.783081150011925,0.999999950389579,0.999999950389579,"PTPRN2/GHRL",2
"GO:0050865","regulation of cell activation","15/146","164/1372",0.0914634146341463,0.859505512863348,-0.661450974108884,0.784257400185208,0.999999950389579,0.999999950389579,"ACTA2/TGFBR2/CD300LF/IL7R/CD160/CLEC7A/SFRP1/BMP4/CLEC4D/SFTPD/CLC/TNFRSF21/TNFRSF4/GPNMB/HAVCR1",15
"GO:0002706","regulation of lymphocyte mediated immunity","4/146","49/1372",0.0816326530612245,0.767123287671233,-0.572656374449623,0.784700688014653,0.999999950389579,0.999999950389579,"CR2/CD160/NECTIN4/CLC",4
"GO:0032640","tumor necrosis factor production","4/146","49/1372",0.0816326530612245,0.767123287671233,-0.572656374449623,0.784700688014653,0.999999950389579,0.999999950389579,"CLEC7A/GHRL/CLEC4A/GPNMB",4
"GO:0032680","regulation of tumor necrosis factor production","4/146","49/1372",0.0816326530612245,0.767123287671233,-0.572656374449623,0.784700688014653,0.999999950389579,0.999999950389579,"CLEC7A/GHRL/CLEC4A/GPNMB",4
"GO:0018193","peptidyl-amino acid modification","5/146","60/1372",0.0833333333333333,0.78310502283105,-0.592663419778947,0.784835052526427,0.999999950389579,0.999999950389579,"THBS4/EFEMP1/IL10RB/IL7R/SFRP1",5
"GO:0060326","cell chemotaxis","10/146","113/1372",0.0884955752212389,0.831615953448903,-0.644580583145658,0.785698133249025,0.999999950389579,0.999999950389579,"CCN3/THBS4/CCL17/CCL16/MICOS10-NBL1/CCL14/NBL1/CCL24/SFTPD/TNFRSF11A",10
"GO:0003012","muscle system process","3/146","38/1372",0.0789473684210526,0.741888968997837,-0.556634819195851,0.788526262741127,0.999999950389579,0.999999950389579,"ACTA2/GHRL/DSC2",3
"GO:0003018","vascular process in circulatory system","3/146","38/1372",0.0789473684210526,0.741888968997837,-0.556634819195851,0.788526262741127,0.999999950389579,0.999999950389579,"NPPC/NPPB/ADM",3
"GO:0007254","JNK cascade","3/146","38/1372",0.0789473684210526,0.741888968997837,-0.556634819195851,0.788526262741127,0.999999950389579,0.999999950389579,"TNFRSF19/EDA2R/TNFRSF11A",3
"GO:0032609","type II interferon production","3/146","38/1372",0.0789473684210526,0.741888968997837,-0.556634819195851,0.788526262741127,0.999999950389579,0.999999950389579,"IL19/CD160/CLEC7A",3
"GO:0032649","regulation of type II interferon production","3/146","38/1372",0.0789473684210526,0.741888968997837,-0.556634819195851,0.788526262741127,0.999999950389579,0.999999950389579,"IL19/CD160/CLEC7A",3
"GO:0032956","regulation of actin cytoskeleton organization","3/146","38/1372",0.0789473684210526,0.741888968997837,-0.556634819195851,0.788526262741127,0.999999950389579,0.999999950389579,"EPHA1/SFRP1/CCL24",3
"GO:0072676","lymphocyte migration","3/146","38/1372",0.0789473684210526,0.741888968997837,-0.556634819195851,0.788526262741127,0.999999950389579,0.999999950389579,"CD99/JAM2/XG",3
"GO:0001764","neuron migration","1/146","14/1372",0.0714285714285714,0.671232876712329,-0.426532800981675,0.794668926025917,0.999999950389579,0.999999950389579,"MDGA1",1
"GO:0001889","liver development","1/146","14/1372",0.0714285714285714,0.671232876712329,-0.426532800981675,0.794668926025917,0.999999950389579,0.999999950389579,"TGFBR3",1
"GO:0001890","placenta development","1/146","14/1372",0.0714285714285714,0.671232876712329,-0.426532800981675,0.794668926025917,0.999999950389579,0.999999950389579,"GHRL",1
"GO:0002369","T cell cytokine production","1/146","14/1372",0.0714285714285714,0.671232876712329,-0.426532800981675,0.794668926025917,0.999999950389579,0.999999950389579,"CLC",1
"GO:0002724","regulation of T cell cytokine production","1/146","14/1372",0.0714285714285714,0.671232876712329,-0.426532800981675,0.794668926025917,0.999999950389579,0.999999950389579,"CLC",1
"GO:0002752","cell surface pattern recognition receptor signaling pathway","1/146","14/1372",0.0714285714285714,0.671232876712329,-0.426532800981675,0.794668926025917,0.999999950389579,0.999999950389579,"CLEC7A",1
"GO:0002767","immune response-inhibiting cell surface receptor signaling pathway","1/146","14/1372",0.0714285714285714,0.671232876712329,-0.426532800981675,0.794668926025917,0.999999950389579,0.999999950389579,"LAIR1",1
"GO:0002920","regulation of humoral immune response","1/146","14/1372",0.0714285714285714,0.671232876712329,-0.426532800981675,0.794668926025917,0.999999950389579,0.999999950389579,"CR2",1
"GO:0006518","peptide metabolic process","1/146","14/1372",0.0714285714285714,0.671232876712329,-0.426532800981675,0.794668926025917,0.999999950389579,0.999999950389579,"CPM",1
"GO:0006692","prostanoid metabolic process","1/146","14/1372",0.0714285714285714,0.671232876712329,-0.426532800981675,0.794668926025917,0.999999950389579,0.999999950389579,"PTGDS",1
"GO:0006693","prostaglandin metabolic process","1/146","14/1372",0.0714285714285714,0.671232876712329,-0.426532800981675,0.794668926025917,0.999999950389579,0.999999950389579,"PTGDS",1
"GO:0006805","xenobiotic metabolic process","1/146","14/1372",0.0714285714285714,0.671232876712329,-0.426532800981675,0.794668926025917,0.999999950389579,0.999999950389579,"ALDH3A1",1
"GO:0007631","feeding behavior","1/146","14/1372",0.0714285714285714,0.671232876712329,-0.426532800981675,0.794668926025917,0.999999950389579,0.999999950389579,"GHRL",1
"GO:0008064","regulation of actin polymerization or depolymerization","1/146","14/1372",0.0714285714285714,0.671232876712329,-0.426532800981675,0.794668926025917,0.999999950389579,0.999999950389579,"CCL24",1
"GO:0014033","neural crest cell differentiation","1/146","14/1372",0.0714285714285714,0.671232876712329,-0.426532800981675,0.794668926025917,0.999999950389579,0.999999950389579,"BMP4",1
"GO:0014823","response to activity","1/146","14/1372",0.0714285714285714,0.671232876712329,-0.426532800981675,0.794668926025917,0.999999950389579,0.999999950389579,"ANGPT2",1
"GO:0016101","diterpenoid metabolic process","1/146","14/1372",0.0714285714285714,0.671232876712329,-0.426532800981675,0.794668926025917,0.999999950389579,0.999999950389579,"RBP2",1
"GO:0016311","dephosphorylation","1/146","14/1372",0.0714285714285714,0.671232876712329,-0.426532800981675,0.794668926025917,0.999999950389579,0.999999950389579,"PTPRN2",1
"GO:0016358","dendrite development","1/146","14/1372",0.0714285714285714,0.671232876712329,-0.426532800981675,0.794668926025917,0.999999950389579,0.999999950389579,"GHRL",1
"GO:0030832","regulation of actin filament length","1/146","14/1372",0.0714285714285714,0.671232876712329,-0.426532800981675,0.794668926025917,0.999999950389579,0.999999950389579,"CCL24",1
"GO:0031342","negative regulation of cell killing","1/146","14/1372",0.0714285714285714,0.671232876712329,-0.426532800981675,0.794668926025917,0.999999950389579,0.999999950389579,"NECTIN4",1
"GO:0032733","positive regulation of interleukin-10 production","1/146","14/1372",0.0714285714285714,0.671232876712329,-0.426532800981675,0.794668926025917,0.999999950389579,0.999999950389579,"CLEC7A",1
"GO:0033631","cell-cell adhesion mediated by integrin","1/146","14/1372",0.0714285714285714,0.671232876712329,-0.426532800981675,0.794668926025917,0.999999950389579,0.999999950389579,"ICAM5",1
"GO:0045744","negative regulation of G protein-coupled receptor signaling pathway","1/146","14/1372",0.0714285714285714,0.671232876712329,-0.426532800981675,0.794668926025917,0.999999950389579,0.999999950389579,"ADM",1
"GO:0048013","ephrin receptor signaling pathway","1/146","14/1372",0.0714285714285714,0.671232876712329,-0.426532800981675,0.794668926025917,0.999999950389579,0.999999950389579,"EPHA1",1
"GO:0048565","digestive tract development","1/146","14/1372",0.0714285714285714,0.671232876712329,-0.426532800981675,0.794668926025917,0.999999950389579,0.999999950389579,"CLMP",1
"GO:0048864","stem cell development","1/146","14/1372",0.0714285714285714,0.671232876712329,-0.426532800981675,0.794668926025917,0.999999950389579,0.999999950389579,"BMP4",1
"GO:0055123","digestive system development","1/146","14/1372",0.0714285714285714,0.671232876712329,-0.426532800981675,0.794668926025917,0.999999950389579,0.999999950389579,"CLMP",1
"GO:0061008","hepaticobiliary system development","1/146","14/1372",0.0714285714285714,0.671232876712329,-0.426532800981675,0.794668926025917,0.999999950389579,0.999999950389579,"TGFBR3",1
"GO:0070228","regulation of lymphocyte apoptotic process","1/146","14/1372",0.0714285714285714,0.671232876712329,-0.426532800981675,0.794668926025917,0.999999950389579,0.999999950389579,"BMP4",1
"GO:0071897","DNA biosynthetic process","1/146","14/1372",0.0714285714285714,0.671232876712329,-0.426532800981675,0.794668926025917,0.999999950389579,0.999999950389579,"NPPC",1
"GO:0097300","programmed necrotic cell death","1/146","14/1372",0.0714285714285714,0.671232876712329,-0.426532800981675,0.794668926025917,0.999999950389579,0.999999950389579,"FAS",1
"GO:0099003","vesicle-mediated transport in synapse","1/146","14/1372",0.0714285714285714,0.671232876712329,-0.426532800981675,0.794668926025917,0.999999950389579,0.999999950389579,"SNCG",1
"GO:0099504","synaptic vesicle cycle","1/146","14/1372",0.0714285714285714,0.671232876712329,-0.426532800981675,0.794668926025917,0.999999950389579,0.999999950389579,"SNCG",1
"GO:0141193","nuclear receptor-mediated signaling pathway","1/146","14/1372",0.0714285714285714,0.671232876712329,-0.426532800981675,0.794668926025917,0.999999950389579,0.999999950389579,"SFRP1",1
"GO:1900180","regulation of protein localization to nucleus","1/146","14/1372",0.0714285714285714,0.671232876712329,-0.426532800981675,0.794668926025917,0.999999950389579,0.999999950389579,"BMP4",1
"GO:1901988","negative regulation of cell cycle phase transition","1/146","14/1372",0.0714285714285714,0.671232876712329,-0.426532800981675,0.794668926025917,0.999999950389579,0.999999950389579,"GPNMB",1
"GO:2000630","positive regulation of miRNA metabolic process","1/146","14/1372",0.0714285714285714,0.671232876712329,-0.426532800981675,0.794668926025917,0.999999950389579,0.999999950389579,"PRL",1
"GO:2001057","reactive nitrogen species metabolic process","1/146","14/1372",0.0714285714285714,0.671232876712329,-0.426532800981675,0.794668926025917,0.999999950389579,0.999999950389579,"CLEC7A",1
"GO:0070661","leukocyte proliferation","8/146","93/1372",0.0860215053763441,0.808366475180439,-0.660279190423336,0.794681134501519,0.999999950389579,0.999999950389579,"CR2/TGFBR2/BMP4/SFTPD/CLC/TNFRSF21/TNFRSF4/GPNMB",8
"GO:0051049","regulation of transport","18/146","196/1372",0.0918367346938776,0.863013698630137,-0.714580951170055,0.79759074685598,0.999999950389579,0.999999950389579,"CCN3/LCN2/NPPB/TFF2/PLTP/GH1/PRL/CD300LF/CDH3/CD160/CLEC7A/FGF23/PTPRN2/BMP4/GHRL/FGF21/SFTPD/TNFRSF11A",18
"GO:0010564","regulation of cell cycle process","4/146","50/1372",0.08,0.751780821917808,-0.616814433964258,0.798156649020881,0.999999950389579,0.999999950389579,"SFRP1/BMP4/TGFA/GPNMB",4
"GO:0016042","lipid catabolic process","4/146","50/1372",0.08,0.751780821917808,-0.616814433964258,0.798156649020881,0.999999950389579,0.999999950389579,"FABP1/SUMF2/FGF23/FABP2",4
"GO:0042113","B cell activation","4/146","50/1372",0.08,0.751780821917808,-0.616814433964258,0.798156649020881,0.999999950389579,0.999999950389579,"CR2/SFRP1/TNFRSF21/TNFRSF4",4
"GO:0070372","regulation of ERK1 and ERK2 cascade","6/146","72/1372",0.0833333333333333,0.78310502283105,-0.652219812194321,0.79845502374883,0.999999950389579,0.999999950389579,"ACTA2/FGF23/FGF21/CCN1/GPNMB/TNFRSF11A",6
"GO:0002761","regulation of myeloid leukocyte differentiation","2/146","27/1372",0.0740740740740741,0.6960933536276,-0.550187676112397,0.800832733117871,0.999999950389579,0.999999950389579,"DLK1/TNFRSF11A",2
"GO:0045055","regulated exocytosis","2/146","27/1372",0.0740740740740741,0.6960933536276,-0.550187676112397,0.800832733117871,0.999999950389579,0.999999950389579,"CD160/PTGDS",2
"GO:0051302","regulation of cell division","2/146","27/1372",0.0740740740740741,0.6960933536276,-0.550187676112397,0.800832733117871,0.999999950389579,0.999999950389579,"THBS4/TGFA",2
"GO:0072594","establishment of protein localization to organelle","2/146","27/1372",0.0740740740740741,0.6960933536276,-0.550187676112397,0.800832733117871,0.999999950389579,0.999999950389579,"MMP12/BMP4",2
"GO:1901293","nucleoside phosphate biosynthetic process","2/146","27/1372",0.0740740740740741,0.6960933536276,-0.550187676112397,0.800832733117871,0.999999950389579,0.999999950389579,"NPPC/NPPB",2
"GO:0010721","negative regulation of cell development","3/146","39/1372",0.0769230769230769,0.722866174920969,-0.605698760694118,0.803362115946835,0.999999950389579,0.999999950389579,"NPPC/SFRP1/BMP4",3
"GO:0043687","post-translational protein modification","3/146","39/1372",0.0769230769230769,0.722866174920969,-0.605698760694118,0.803362115946835,0.999999950389579,0.999999950389579,"USP8/SUMF2/DTX3",3
"GO:0046631","alpha-beta T cell activation","3/146","39/1372",0.0769230769230769,0.722866174920969,-0.605698760694118,0.803362115946835,0.999999950389579,0.999999950389579,"TGFBR2/CD160/CLEC4A",3
"GO:0071375","cellular response to peptide hormone stimulus","3/146","39/1372",0.0769230769230769,0.722866174920969,-0.605698760694118,0.803362115946835,0.999999950389579,0.999999950389579,"GH1/IGFBP1/GHRL",3
"GO:0009968","negative regulation of signal transduction","18/146","197/1372",0.0913705583756345,0.858632918434045,-0.739626379545663,0.80481329537009,0.999999950389579,0.999999950389579,"CCN3/CDON/MMP12/DLK1/PIK3IP1/CD300LF/IL7R/CDH3/MICOS10-NBL1/CD160/IGFBP1/NBL1/IGFBP4/TGFBR3/SFRP1/BMP4/ADM/DSG3",18
"GO:0050900","leukocyte migration","12/146","136/1372",0.0882352941176471,0.829170024174053,-0.724059437272282,0.806106490782691,0.999999950389579,0.999999950389579,"CCN3/THBS4/ITGB7/CCL16/MICOS10-NBL1/CD99/JAM2/NBL1/CCL24/SFTPD/XG/TNFRSF11A",12
"GO:0009966","regulation of signal transduction","43/146","443/1372",0.0970654627539503,0.912149417112465,-0.775155037431988,0.806987055209714,0.999999950389579,0.999999950389579,"CCN3/CDON/ACVRL1/MMP12/FAS/IL10RB/DLK1/ACTA2/USP8/TGFBR2/PIK3IP1/GH1/CGA/PRL/CD300LF/IL7R/CDH3/MICOS10-NBL1/CD160/CLEC7A/ROR1/TNFRSF19/IGFBP1/NCS1/NBL1/FGF23/IGFBP4/TGFBR3/SFRP1/BMP4/GHRL/ADM/TNFRSF12A/CLEC4D/TGFA/FGF21/DTX3/DSC2/CCN1/GPNMB/EDA2R/TNFRSF11A/DSG3",43
"GO:0048878","chemical homeostasis","9/146","105/1372",0.0857142857142857,0.805479452054794,-0.715519948954644,0.808585519692097,0.999999950389579,0.999999950389579,"LCN2/NPPC/NPPB/SCARA5/CCL14/FGF23/PTPRN2/GHRL/SFTPD",9
"GO:0051234","establishment of localization","38/146","395/1372",0.0962025316455696,0.904040228888504,-0.779633316062294,0.808954573558061,0.999999950389579,0.999999950389579,"FAM3B/CCN3/LCN2/MMP12/HSPG2/FABP1/NPPB/CD93/TFF2/CD302/TGFBR2/PLTP/GH1/SCARA5/PRL/CD300LF/CDH3/CD160/CLEC7A/COLEC12/MEGF10/PTGDS/RBP2/NCS1/SNCG/FGF23/PTPRN2/RBP5/FCER2/FABP2/BMP4/GHRL/ADM/FGF21/SFTPD/SCARF2/TNFRSF11A/HAVCR1",38
"GO:0055082","intracellular chemical homeostasis","6/146","73/1372",0.0821917808219178,0.772377556764871,-0.689480289560533,0.809368190633007,0.999999950389579,0.999999950389579,"LCN2/NPPC/SCARA5/CCL14/PTPRN2/GHRL",6
"GO:0002639","positive regulation of immunoglobulin production","1/146","15/1372",0.0666666666666667,0.62648401826484,-0.501781695604677,0.816744284494412,0.999999950389579,0.999999950389579,"TNFRSF4",1
"GO:0002765","immune response-inhibiting signal transduction","1/146","15/1372",0.0666666666666667,0.62648401826484,-0.501781695604677,0.816744284494412,0.999999950389579,0.999999950389579,"LAIR1",1
"GO:0006260","DNA replication","1/146","15/1372",0.0666666666666667,0.62648401826484,-0.501781695604677,0.816744284494412,0.999999950389579,0.999999950389579,"ACVRL1",1
"GO:0007265","Ras protein signal transduction","1/146","15/1372",0.0666666666666667,0.62648401826484,-0.501781695604677,0.816744284494412,0.999999950389579,0.999999950389579,"USP8",1
"GO:0010565","regulation of ketone metabolic process","1/146","15/1372",0.0666666666666667,0.62648401826484,-0.501781695604677,0.816744284494412,0.999999950389579,0.999999950389579,"ADM",1
"GO:0014910","regulation of smooth muscle cell migration","1/146","15/1372",0.0666666666666667,0.62648401826484,-0.501781695604677,0.816744284494412,0.999999950389579,0.999999950389579,"BMP4",1
"GO:0015918","sterol transport","1/146","15/1372",0.0666666666666667,0.62648401826484,-0.501781695604677,0.816744284494412,0.999999950389579,0.999999950389579,"PLTP",1
"GO:0030301","cholesterol transport","1/146","15/1372",0.0666666666666667,0.62648401826484,-0.501781695604677,0.816744284494412,0.999999950389579,0.999999950389579,"PLTP",1
"GO:0030534","adult behavior","1/146","15/1372",0.0666666666666667,0.62648401826484,-0.501781695604677,0.816744284494412,0.999999950389579,0.999999950389579,"GHRL",1
"GO:0032689","negative regulation of type II interferon production","1/146","15/1372",0.0666666666666667,0.62648401826484,-0.501781695604677,0.816744284494412,0.999999950389579,0.999999950389579,"IL19",1
"GO:0042177","negative regulation of protein catabolic process","1/146","15/1372",0.0666666666666667,0.62648401826484,-0.501781695604677,0.816744284494412,0.999999950389579,0.999999950389579,"USP8",1
"GO:0042531","positive regulation of tyrosine phosphorylation of STAT protein","1/146","15/1372",0.0666666666666667,0.62648401826484,-0.501781695604677,0.816744284494412,0.999999950389579,0.999999950389579,"IL10RB",1
"GO:0048678","response to axon injury","1/146","15/1372",0.0666666666666667,0.62648401826484,-0.501781695604677,0.816744284494412,0.999999950389579,0.999999950389579,"NPPC",1
"GO:0050926","regulation of positive chemotaxis","1/146","15/1372",0.0666666666666667,0.62648401826484,-0.501781695604677,0.816744284494412,0.999999950389579,0.999999950389579,"ANGPT2",1
"GO:0071622","regulation of granulocyte chemotaxis","1/146","15/1372",0.0666666666666667,0.62648401826484,-0.501781695604677,0.816744284494412,0.999999950389579,0.999999950389579,"THBS4",1
"GO:0072009","nephron epithelium development","1/146","15/1372",0.0666666666666667,0.62648401826484,-0.501781695604677,0.816744284494412,0.999999950389579,0.999999950389579,"BMP4",1
"GO:0090594","inflammatory response to wounding","1/146","15/1372",0.0666666666666667,0.62648401826484,-0.501781695604677,0.816744284494412,0.999999950389579,0.999999950389579,"REG3A",1
"GO:1903828","negative regulation of protein localization","1/146","15/1372",0.0666666666666667,0.62648401826484,-0.501781695604677,0.816744284494412,0.999999950389579,0.999999950389579,"CCN3",1
"GO:2000045","regulation of G1/S transition of mitotic cell cycle","1/146","15/1372",0.0666666666666667,0.62648401826484,-0.501781695604677,0.816744284494412,0.999999950389579,0.999999950389579,"GPNMB",1
"GO:2000107","negative regulation of leukocyte apoptotic process","1/146","15/1372",0.0666666666666667,0.62648401826484,-0.501781695604677,0.816744284494412,0.999999950389579,0.999999950389579,"BMP4",1
"GO:0006874","intracellular calcium ion homeostasis","2/146","28/1372",0.0714285714285714,0.671232876712329,-0.606342043534895,0.81729343044062,0.999999950389579,0.999999950389579,"NPPC/CCL14",2
"GO:0032611","interleukin-1 beta production","2/146","28/1372",0.0714285714285714,0.671232876712329,-0.606342043534895,0.81729343044062,0.999999950389579,0.999999950389579,"CLEC7A/GHRL",2
"GO:0032651","regulation of interleukin-1 beta production","2/146","28/1372",0.0714285714285714,0.671232876712329,-0.606342043534895,0.81729343044062,0.999999950389579,0.999999950389579,"CLEC7A/GHRL",2
"GO:0045639","positive regulation of myeloid cell differentiation","2/146","28/1372",0.0714285714285714,0.671232876712329,-0.606342043534895,0.81729343044062,0.999999950389579,0.999999950389579,"DLK1/TNFRSF11A",2
"GO:0072678","T cell migration","2/146","28/1372",0.0714285714285714,0.671232876712329,-0.606342043534895,0.81729343044062,0.999999950389579,0.999999950389579,"CD99/XG",2
"GO:0045807","positive regulation of endocytosis","3/146","40/1372",0.075,0.704794520547945,-0.653660463889231,0.817322334662532,0.999999950389579,0.999999950389579,"CD300LF/CLEC7A/SFTPD",3
"GO:0050851","antigen receptor-mediated signaling pathway","3/146","40/1372",0.075,0.704794520547945,-0.653660463889231,0.817322334662532,0.999999950389579,0.999999950389579,"MOG/CD160/TNFRSF21",3
"GO:0048666","neuron development","11/146","127/1372",0.0866141732283465,0.813935929241721,-0.759328364780049,0.817461925930414,0.999999950389579,0.999999950389579,"BOC/GFRA3/CRTAC1/MICOS10-NBL1/NCS1/NBL1/SFRP1/KLK8/GHRL/TNXB/TNFRSF21",11
"GO:0001558","regulation of cell growth","5/146","63/1372",0.0793650793650794,0.745814307458143,-0.712527241817942,0.820152871994143,0.999999950389579,0.999999950389579,"CCN3/ACVRL1/NPPB/IGFBP1/SFRP1",5
"GO:0051248","negative regulation of protein metabolic process","5/146","63/1372",0.0793650793650794,0.745814307458143,-0.712527241817942,0.820152871994143,0.999999950389579,0.999999950389579,"HSPG2/USP8/SPINK6/IL7R/SFRP1",5
"GO:0002768","immune response-regulating cell surface receptor signaling pathway","7/146","85/1372",0.0823529411764706,0.77389202256245,-0.742482111610996,0.821062551309926,0.999999950389579,0.999999950389579,"MOG/CR2/CD160/CLEC7A/LAIR1/FCER2/TNFRSF21",7
"GO:0070663","regulation of leukocyte proliferation","7/146","85/1372",0.0823529411764706,0.77389202256245,-0.742482111610996,0.821062551309926,0.999999950389579,0.999999950389579,"TGFBR2/BMP4/SFTPD/CLC/TNFRSF21/TNFRSF4/GPNMB",7
"GO:0002687","positive regulation of leukocyte migration","4/146","52/1372",0.0769230769230769,0.722866174920969,-0.702836265503343,0.823050404200383,0.999999950389579,0.999999950389579,"THBS4/CD99/JAM2/XG",4
"GO:0022408","negative regulation of cell-cell adhesion","4/146","52/1372",0.0769230769230769,0.722866174920969,-0.702836265503343,0.823050404200383,0.999999950389579,0.999999950389579,"BMP4/SFTPD/TNFRSF21/GPNMB",4
"GO:0071706","tumor necrosis factor superfamily cytokine production","4/146","52/1372",0.0769230769230769,0.722866174920969,-0.702836265503343,0.823050404200383,0.999999950389579,0.999999950389579,"CLEC7A/GHRL/CLEC4A/GPNMB",4
"GO:0090066","regulation of anatomical structure size","4/146","52/1372",0.0769230769230769,0.722866174920969,-0.702836265503343,0.823050404200383,0.999999950389579,0.999999950389579,"NPPC/NPPB/ADM/CCL24",4
"GO:1903555","regulation of tumor necrosis factor superfamily cytokine production","4/146","52/1372",0.0769230769230769,0.722866174920969,-0.702836265503343,0.823050404200383,0.999999950389579,0.999999950389579,"CLEC7A/GHRL/CLEC4A/GPNMB",4
"GO:0009611","response to wounding","10/146","118/1372",0.0847457627118644,0.796377989319712,-0.798117580294998,0.829604353024459,0.999999950389579,0.999999950389579,"ACVRL1/NPPC/MMP12/CLEC7A/KLK8/TNFRSF12A/REG3A/ANGPTL7/DSC2/ANGPT2",10
"GO:0031348","negative regulation of defense response","6/146","75/1372",0.08,0.751780821917808,-0.762686215294946,0.829822422967622,0.999999950389579,0.999999950389579,"CCN3/MMP12/IL10RB/GHRL/REG3A/NECTIN4",6
"GO:0002703","regulation of leukocyte mediated immunity","5/146","64/1372",0.078125,0.73416095890411,-0.751371636602582,0.830849192812836,0.999999950389579,0.999999950389579,"CR2/CD160/CLEC7A/NECTIN4/CLC",5
"GO:0050878","regulation of body fluid levels","5/146","64/1372",0.078125,0.73416095890411,-0.751371636602582,0.830849192812836,0.999999950389579,0.999999950389579,"NPPB/PRL/ADM/ANGPTL7/ANGPT2",5
"GO:0002682","regulation of immune system process","30/146","321/1372",0.0934579439252336,0.878248623735757,-0.859755489623271,0.832128669519142,0.999999950389579,0.999999950389579,"CCN3/MOG/THBS4/MMP12/DLK1/CR2/TGFBR2/CD300LF/IL7R/MICOS10-NBL1/CD160/CD99/CLEC7A/COLEC12/JAM2/NBL1/LAIR1/SFRP1/FCER2/BMP4/CLEC4D/NECTIN4/SFTPD/CLC/TNFRSF21/TNFRSF4/XG/GPNMB/TNFRSF11A/HAVCR1",30
"GO:0050863","regulation of T cell activation","8/146","97/1372",0.0824742268041237,0.775031775172998,-0.7928698004451,0.83215373616512,0.999999950389579,0.999999950389579,"TGFBR2/IL7R/CD160/BMP4/SFTPD/CLC/TNFRSF21/GPNMB",8
"GO:0001910","regulation of leukocyte mediated cytotoxicity","2/146","29/1372",0.0689655172413793,0.648086915446386,-0.660763929986687,0.832534816850572,0.999999950389579,0.999999950389579,"CD160/NECTIN4",2
"GO:0002832","negative regulation of response to biotic stimulus","2/146","29/1372",0.0689655172413793,0.648086915446386,-0.660763929986687,0.832534816850572,0.999999950389579,0.999999950389579,"MMP12/NECTIN4",2
"GO:0010811","positive regulation of cell-substrate adhesion","2/146","29/1372",0.0689655172413793,0.648086915446386,-0.660763929986687,0.832534816850572,0.999999950389579,0.999999950389579,"EPHA1/SFRP1",2
"GO:0031647","regulation of protein stability","2/146","29/1372",0.0689655172413793,0.648086915446386,-0.660763929986687,0.832534816850572,0.999999950389579,0.999999950389579,"USP8/DSG3",2
"GO:0035710","CD4-positive, alpha-beta T cell activation","2/146","29/1372",0.0689655172413793,0.648086915446386,-0.660763929986687,0.832534816850572,0.999999950389579,0.999999950389579,"TGFBR2/CD160",2
"GO:0045471","response to ethanol","2/146","29/1372",0.0689655172413793,0.648086915446386,-0.660763929986687,0.832534816850572,0.999999950389579,0.999999950389579,"NPPC/TNFRSF11A",2
"GO:0006873","intracellular monoatomic ion homeostasis","4/146","53/1372",0.0754716981132075,0.709227190488498,-0.744764984618609,0.83452549068901,0.999999950389579,0.999999950389579,"LCN2/NPPC/SCARA5/CCL14",4
"GO:0030003","intracellular monoatomic cation homeostasis","4/146","53/1372",0.0754716981132075,0.709227190488498,-0.744764984618609,0.83452549068901,0.999999950389579,0.999999950389579,"LCN2/NPPC/SCARA5/CCL14",4
"GO:0000082","G1/S transition of mitotic cell cycle","1/146","16/1372",0.0625,0.587328767123288,-0.57277527462218,0.836460816892213,0.999999950389579,0.999999950389579,"GPNMB",1
"GO:0001912","positive regulation of leukocyte mediated cytotoxicity","1/146","16/1372",0.0625,0.587328767123288,-0.57277527462218,0.836460816892213,0.999999950389579,0.999999950389579,"CD160",1
"GO:0002042","cell migration involved in sprouting angiogenesis","1/146","16/1372",0.0625,0.587328767123288,-0.57277527462218,0.836460816892213,0.999999950389579,0.999999950389579,"TGFBR3",1
"GO:0002347","response to tumor cell","1/146","16/1372",0.0625,0.587328767123288,-0.57277527462218,0.836460816892213,0.999999950389579,0.999999950389579,"CD160",1
"GO:0006109","regulation of carbohydrate metabolic process","1/146","16/1372",0.0625,0.587328767123288,-0.57277527462218,0.836460816892213,0.999999950389579,0.999999950389579,"TFF3",1
"GO:0006721","terpenoid metabolic process","1/146","16/1372",0.0625,0.587328767123288,-0.57277527462218,0.836460816892213,0.999999950389579,0.999999950389579,"RBP2",1
"GO:0008286","insulin receptor signaling pathway","1/146","16/1372",0.0625,0.587328767123288,-0.57277527462218,0.836460816892213,0.999999950389579,0.999999950389579,"IGFBP1",1
"GO:0030041","actin filament polymerization","1/146","16/1372",0.0625,0.587328767123288,-0.57277527462218,0.836460816892213,0.999999950389579,0.999999950389579,"CCL24",1
"GO:0031343","positive regulation of cell killing","1/146","16/1372",0.0625,0.587328767123288,-0.57277527462218,0.836460816892213,0.999999950389579,0.999999950389579,"CD160",1
"GO:0032615","interleukin-12 production","1/146","16/1372",0.0625,0.587328767123288,-0.57277527462218,0.836460816892213,0.999999950389579,0.999999950389579,"CLEC7A",1
"GO:0032655","regulation of interleukin-12 production","1/146","16/1372",0.0625,0.587328767123288,-0.57277527462218,0.836460816892213,0.999999950389579,0.999999950389579,"CLEC7A",1
"GO:0043536","positive regulation of blood vessel endothelial cell migration","1/146","16/1372",0.0625,0.587328767123288,-0.57277527462218,0.836460816892213,0.999999950389579,0.999999950389579,"TGFBR3",1
"GO:0045861","negative regulation of proteolysis","1/146","16/1372",0.0625,0.587328767123288,-0.57277527462218,0.836460816892213,0.999999950389579,0.999999950389579,"SPINK6",1
"GO:0050856","regulation of T cell receptor signaling pathway","1/146","16/1372",0.0625,0.587328767123288,-0.57277527462218,0.836460816892213,0.999999950389579,0.999999950389579,"CD160",1
"GO:0050871","positive regulation of B cell activation","1/146","16/1372",0.0625,0.587328767123288,-0.57277527462218,0.836460816892213,0.999999950389579,0.999999950389579,"TNFRSF4",1
"GO:1902806","regulation of cell cycle G1/S phase transition","1/146","16/1372",0.0625,0.587328767123288,-0.57277527462218,0.836460816892213,0.999999950389579,0.999999950389579,"GPNMB",1
"GO:1903305","regulation of regulated secretory pathway","1/146","16/1372",0.0625,0.587328767123288,-0.57277527462218,0.836460816892213,0.999999950389579,0.999999950389579,"CD160",1
"GO:0070371","ERK1 and ERK2 cascade","6/146","76/1372",0.0789473684210526,0.741888968997837,-0.798657880243627,0.839381415689883,0.999999950389579,0.999999950389579,"ACTA2/FGF23/FGF21/CCN1/GPNMB/TNFRSF11A",6
"GO:1903706","regulation of hemopoiesis","6/146","76/1372",0.0789473684210526,0.741888968997837,-0.798657880243627,0.839381415689883,0.999999950389579,0.999999950389579,"DLK1/TGFBR2/IL7R/SFRP1/BMP4/TNFRSF11A",6
"GO:0032879","regulation of localization","21/146","233/1372",0.0901287553648069,0.846963372332295,-0.884425805157187,0.841813731336437,0.999999950389579,0.999999950389579,"CCN3/LCN2/NPPB/TFF2/USP8/PLTP/GH1/PRL/CD300LF/CDH3/CD160/CLEC7A/FGF23/PTPRN2/BMP4/GHRL/FGF21/SFTPD/DSC2/TNFRSF11A/DSG3",21
"GO:0009612","response to mechanical stimulus","3/146","42/1372",0.0714285714285714,0.671232876712329,-0.746512572751052,0.84274815352594,0.999999950389579,0.999999950389579,"FAS/ANGPT2/TNFRSF11A",3
"GO:1903532","positive regulation of secretion by cell","3/146","42/1372",0.0714285714285714,0.671232876712329,-0.746512572751052,0.84274815352594,0.999999950389579,0.999999950389579,"CD160/GHRL/TNFRSF11A",3
"GO:0048584","positive regulation of response to stimulus","38/146","402/1372",0.0945273631840796,0.888298234853132,-0.918834123626739,0.845145907826454,0.999999950389579,0.999999950389579,"CCN3/MOG/ACVRL1/THBS4/MMP12/FAS/IL10RB/ACTA2/USP8/CR2/TGFBR2/GH1/PRL/CD300LF/IL7R/CDH3/CD160/CLEC7A/ROR1/TNFRSF19/FGF23/TGFBR3/SFRP1/FCER2/BMP4/GHRL/TNFRSF12A/REG3A/CCL24/CLEC4D/TGFA/FGF21/TNFRSF21/DSC2/CCN1/GPNMB/EDA2R/TNFRSF11A",38
"GO:0051051","negative regulation of transport","4/146","54/1372",0.0740740740740741,0.6960933536276,-0.786012211118755,0.845379582732181,0.999999950389579,0.999999950389579,"CCN3/TFF2/CD300LF/FGF23",4
"GO:0097696","cell surface receptor signaling pathway via STAT","4/146","54/1372",0.0740740740740741,0.6960933536276,-0.786012211118755,0.845379582732181,0.999999950389579,0.999999950389579,"IL10RB/GH1/PRL/IL7R",4
"GO:0015850","organic hydroxy compound transport","2/146","30/1372",0.0666666666666667,0.62648401826484,-0.713581329586052,0.846627951805908,0.999999950389579,0.999999950389579,"PLTP/GHRL",2
"GO:0034614","cellular response to reactive oxygen species","2/146","30/1372",0.0666666666666667,0.62648401826484,-0.713581329586052,0.846627951805908,0.999999950389579,0.999999950389579,"LCN2/FABP1",2
"GO:0038061","non-canonical NF-kappaB signal transduction","2/146","30/1372",0.0666666666666667,0.62648401826484,-0.713581329586052,0.846627951805908,0.999999950389579,0.999999950389579,"CCN3/TNFRSF11A",2
"GO:0048285","organelle fission","2/146","30/1372",0.0666666666666667,0.62648401826484,-0.713581329586052,0.846627951805908,0.999999950389579,0.999999950389579,"BMP4/TGFA",2
"GO:0050830","defense response to Gram-positive bacterium","2/146","30/1372",0.0666666666666667,0.62648401826484,-0.713581329586052,0.846627951805908,0.999999950389579,0.999999950389579,"IL7R/ADM",2
"GO:0045321","leukocyte activation","20/146","224/1372",0.0892857142857143,0.839041095890411,-0.908485482706353,0.848291217866163,0.999999950389579,0.999999950389579,"CD93/CR2/TGFBR2/CD300LF/IL7R/CD160/CLEC7A/PTGDS/CEACAM21/SFRP1/FCER2/BMP4/CLEC4D/SFTPD/CLC/TNFRSF21/CLEC4A/TNFRSF4/GPNMB/HAVCR1",20
"GO:0022402","cell cycle process","6/146","77/1372",0.0779220779220779,0.73225404732254,-0.834225216284626,0.848508250855583,0.999999950389579,0.999999950389579,"NPPC/USP8/SFRP1/BMP4/TGFA/GPNMB",6
"GO:1902533","positive regulation of intracellular signal transduction","19/146","214/1372",0.088785046728972,0.834336192548969,-0.909976476579722,0.84922799374068,0.999999950389579,0.999999950389579,"ACVRL1/ACTA2/TGFBR2/GH1/PRL/CLEC7A/ROR1/TNFRSF19/FGF23/TGFBR3/BMP4/GHRL/CLEC4D/TGFA/FGF21/DSC2/GPNMB/EDA2R/TNFRSF11A",19
"GO:0002250","adaptive immune response","10/146","121/1372",0.0826446280991736,0.776633080493603,-0.887631703111477,0.852499370364276,0.999999950389579,0.999999950389579,"CR2/CD160/CLEC7A/LAIR1/FCER2/CLEC4D/CLC/TNFRSF21/CLEC4A/TNFRSF11A",10
"GO:0002220","innate immune response activating cell surface receptor signaling pathway","1/146","17/1372",0.0588235294117647,0.552780016116035,-0.640067734098419,0.854069018023287,0.999999950389579,0.999999950389579,"CLEC7A",1
"GO:0002534","cytokine production involved in inflammatory response","1/146","17/1372",0.0588235294117647,0.552780016116035,-0.640067734098419,0.854069018023287,0.999999950389579,0.999999950389579,"CLEC7A",1
"GO:0006720","isoprenoid metabolic process","1/146","17/1372",0.0588235294117647,0.552780016116035,-0.640067734098419,0.854069018023287,0.999999950389579,0.999999950389579,"RBP2",1
"GO:0006801","superoxide metabolic process","1/146","17/1372",0.0588235294117647,0.552780016116035,-0.640067734098419,0.854069018023287,0.999999950389579,0.999999950389579,"CLEC7A",1
"GO:0007189","adenylate cyclase-activating G protein-coupled receptor signaling pathway","1/146","17/1372",0.0588235294117647,0.552780016116035,-0.640067734098419,0.854069018023287,0.999999950389579,0.999999950389579,"ADM",1
"GO:0021537","telencephalon development","1/146","17/1372",0.0588235294117647,0.552780016116035,-0.640067734098419,0.854069018023287,0.999999950389579,0.999999950389579,"BMP4",1
"GO:0031638","zymogen activation","1/146","17/1372",0.0588235294117647,0.552780016116035,-0.640067734098419,0.854069018023287,0.999999950389579,0.999999950389579,"KLK1",1
"GO:0032731","positive regulation of interleukin-1 beta production","1/146","17/1372",0.0588235294117647,0.552780016116035,-0.640067734098419,0.854069018023287,0.999999950389579,0.999999950389579,"CLEC7A",1
"GO:0033559","unsaturated fatty acid metabolic process","1/146","17/1372",0.0588235294117647,0.552780016116035,-0.640067734098419,0.854069018023287,0.999999950389579,0.999999950389579,"PTGDS",1
"GO:0038093","Fc receptor signaling pathway","1/146","17/1372",0.0588235294117647,0.552780016116035,-0.640067734098419,0.854069018023287,0.999999950389579,0.999999950389579,"FCER2",1
"GO:0044843","cell cycle G1/S phase transition","1/146","17/1372",0.0588235294117647,0.552780016116035,-0.640067734098419,0.854069018023287,0.999999950389579,0.999999950389579,"GPNMB",1
"GO:0046887","positive regulation of hormone secretion","1/146","17/1372",0.0588235294117647,0.552780016116035,-0.640067734098419,0.854069018023287,0.999999950389579,0.999999950389579,"GHRL",1
"GO:0048144","fibroblast proliferation","1/146","17/1372",0.0588235294117647,0.552780016116035,-0.640067734098419,0.854069018023287,0.999999950389579,0.999999950389579,"SFRP1",1
"GO:0048145","regulation of fibroblast proliferation","1/146","17/1372",0.0588235294117647,0.552780016116035,-0.640067734098419,0.854069018023287,0.999999950389579,0.999999950389579,"SFRP1",1
"GO:0097028","dendritic cell differentiation","1/146","17/1372",0.0588235294117647,0.552780016116035,-0.640067734098419,0.854069018023287,0.999999950389579,0.999999950389579,"TGFBR2",1
"GO:0099175","regulation of postsynapse organization","1/146","17/1372",0.0588235294117647,0.552780016116035,-0.640067734098419,0.854069018023287,0.999999950389579,0.999999950389579,"GHRL",1
"GO:1900015","regulation of cytokine production involved in inflammatory response","1/146","17/1372",0.0588235294117647,0.552780016116035,-0.640067734098419,0.854069018023287,0.999999950389579,0.999999950389579,"CLEC7A",1
"GO:1901224","positive regulation of non-canonical NF-kappaB signal transduction","1/146","17/1372",0.0588235294117647,0.552780016116035,-0.640067734098419,0.854069018023287,0.999999950389579,0.999999950389579,"TNFRSF11A",1
"GO:1905517","macrophage migration","1/146","17/1372",0.0588235294117647,0.552780016116035,-0.640067734098419,0.854069018023287,0.999999950389579,0.999999950389579,"SFTPD",1
"GO:2001237","negative regulation of extrinsic apoptotic signaling pathway","1/146","17/1372",0.0588235294117647,0.552780016116035,-0.640067734098419,0.854069018023287,0.999999950389579,0.999999950389579,"BMP4",1
"GO:0051179","localization","42/146","443/1372",0.0948081264108352,0.890936639970314,-0.962327285118839,0.854856121000596,0.999999950389579,0.999999950389579,"FAM3B/CCN3/LCN2/MMP12/HSPG2/FABP1/NPPB/CD93/TFF2/ITGB7/USP8/CD302/TGFBR2/PLTP/GH1/SCARA5/PRL/CD300LF/CDH3/CD160/CLEC7A/COLEC12/MEGF10/PTGDS/RBP2/NCS1/SNCG/FGF23/PTPRN2/RBP5/FCER2/FABP2/BMP4/GHRL/ADM/FGF21/SFTPD/DSC2/SCARF2/TNFRSF11A/DSG3/HAVCR1",42
"GO:0002573","myeloid leukocyte differentiation","4/146","55/1372",0.0727272727272727,0.683437110834371,-0.826605667060853,0.855633953006653,0.999999950389579,0.999999950389579,"DLK1/TGFBR2/BMP4/TNFRSF11A",4
"GO:0002819","regulation of adaptive immune response","4/146","55/1372",0.0727272727272727,0.683437110834371,-0.826605667060853,0.855633953006653,0.999999950389579,0.999999950389579,"CR2/CD160/CLEC7A/CLC",4
"GO:0050728","negative regulation of inflammatory response","4/146","55/1372",0.0727272727272727,0.683437110834371,-0.826605667060853,0.855633953006653,0.999999950389579,0.999999950389579,"CCN3/IL10RB/GHRL/REG3A",4
"GO:0097191","extrinsic apoptotic signaling pathway","4/146","55/1372",0.0727272727272727,0.683437110834371,-0.826605667060853,0.855633953006653,0.999999950389579,0.999999950389579,"FAS/SFRP1/BMP4/TNFRSF12A",4
"GO:0002757","immune response-activating signaling pathway","7/146","89/1372",0.0786516853932584,0.739110358627059,-0.877987698627077,0.85631764419609,0.999999950389579,0.999999950389579,"MOG/CR2/CD300LF/CD160/CLEC7A/FCER2/TNFRSF21",7
"GO:0009314","response to radiation","2/146","31/1372",0.0645161290322581,0.606274856385329,-0.764908572649926,0.859642682015446,0.999999950389579,0.999999950389579,"LCN2/SFRP1",2
"GO:0010256","endomembrane system organization","2/146","31/1372",0.0645161290322581,0.606274856385329,-0.764908572649926,0.859642682015446,0.999999950389579,0.999999950389579,"USP8/COLEC12",2
"GO:0061024","membrane organization","5/146","67/1372",0.0746268656716418,0.701288080147209,-0.864837711353986,0.859894499148673,0.999999950389579,0.999999950389579,"FABP1/PLTP/COLEC12/MEGF10/HAVCR1",5
"GO:0019725","cellular homeostasis","7/146","90/1372",0.0777777777777778,0.73089802130898,-0.911053861964855,0.864205223198135,0.999999950389579,0.999999950389579,"LCN2/NPPC/SCARA5/IL7R/CCL14/PTPRN2/GHRL",7
"GO:0030182","neuron differentiation","12/146","144/1372",0.0833333333333333,0.78310502283105,-0.949033357383932,0.864338344803099,0.999999950389579,0.999999950389579,"BOC/GFRA3/CRTAC1/MICOS10-NBL1/NCS1/NBL1/SFRP1/KLK8/GHRL/TNXB/TNFRSF21/MDGA1",12
"GO:0032102","negative regulation of response to external stimulus","9/146","112/1372",0.0803571428571429,0.75513698630137,-0.932817852917753,0.864948434957698,0.999999950389579,0.999999950389579,"CCN3/MMP12/IL10RB/MICOS10-NBL1/NBL1/GHRL/REG3A/NECTIN4/ANGPT2",9
"GO:0007346","regulation of mitotic cell cycle","3/146","44/1372",0.0681818181818182,0.640722291407223,-0.835617435501749,0.865077826493333,0.999999950389579,0.999999950389579,"BMP4/TGFA/GPNMB",3
"GO:0022411","cellular component disassembly","4/146","56/1372",0.0714285714285714,0.671232876712329,-0.86657143793098,0.865310500506621,0.999999950389579,0.999999950389579,"MMP12/TPSAB1/MMP13/KLK4",4
"GO:0060341","regulation of cellular localization","4/146","56/1372",0.0714285714285714,0.671232876712329,-0.86657143793098,0.865310500506621,0.999999950389579,0.999999950389579,"LCN2/BMP4/GHRL/DSG3",4
"GO:0141124","intracellular signaling cassette","26/146","288/1372",0.0902777777777778,0.848363774733638,-0.998698707497519,0.866710365545787,0.999999950389579,0.999999950389579,"CCN3/ACVRL1/FAS/ACTA2/USP8/TGFBR2/PIK3IP1/GH1/PRL/CD160/CLEC7A/ROR1/TNFRSF19/FGF23/TGFBR3/BMP4/GHRL/CLEC4D/TGFA/FGF21/DSC2/CCN1/GPNMB/EDA2R/TNFRSF11A/DSG3",26
"GO:0002637","regulation of immunoglobulin production","1/146","18/1372",0.0555555555555556,0.5220700152207,-0.704110983679475,0.869792946708601,0.999999950389579,0.999999950389579,"TNFRSF4",1
"GO:0031294","lymphocyte costimulation","1/146","18/1372",0.0555555555555556,0.5220700152207,-0.704110983679475,0.869792946708601,0.999999950389579,0.999999950389579,"CD160",1
"GO:0031295","T cell costimulation","1/146","18/1372",0.0555555555555556,0.5220700152207,-0.704110983679475,0.869792946708601,0.999999950389579,0.999999950389579,"CD160",1
"GO:0045444","fat cell differentiation","1/146","18/1372",0.0555555555555556,0.5220700152207,-0.704110983679475,0.869792946708601,0.999999950389579,0.999999950389579,"SFRP1",1
"GO:0046006","regulation of activated T cell proliferation","1/146","18/1372",0.0555555555555556,0.5220700152207,-0.704110983679475,0.869792946708601,0.999999950389579,0.999999950389579,"CLC",1
"GO:0050798","activated T cell proliferation","1/146","18/1372",0.0555555555555556,0.5220700152207,-0.704110983679475,0.869792946708601,0.999999950389579,0.999999950389579,"CLC",1
"GO:1905477","positive regulation of protein localization to membrane","1/146","18/1372",0.0555555555555556,0.5220700152207,-0.704110983679475,0.869792946708601,0.999999950389579,0.999999950389579,"DSG3",1
"GO:0051130","positive regulation of cellular component organization","14/146","166/1372",0.0843373493975904,0.792540023106123,-0.983477968588118,0.87006724275198,0.999999950389579,0.999999950389579,"LCN2/ACVRL1/EPHA1/USP8/CD300LF/CLEC7A/SFRP1/GHRL/CCL24/TNXB/TGFA/CLSTN2/SFTPD/DSG3",14
"GO:0010595","positive regulation of endothelial cell migration","2/146","32/1372",0.0625,0.587328767123288,-0.814848190820865,0.87164709647941,0.999999950389579,0.999999950389579,"LCN2/TGFBR3",2
"GO:0031341","regulation of cell killing","2/146","32/1372",0.0625,0.587328767123288,-0.814848190820865,0.87164709647941,0.999999950389579,0.999999950389579,"CD160/NECTIN4",2
"GO:0032868","response to insulin","2/146","32/1372",0.0625,0.587328767123288,-0.814848190820865,0.87164709647941,0.999999950389579,0.999999950389579,"IGFBP1/TNFRSF11A",2
"GO:0046486","glycerolipid metabolic process","2/146","32/1372",0.0625,0.587328767123288,-0.814848190820865,0.87164709647941,0.999999950389579,0.999999950389579,"FABP1/FABP2",2
"GO:0010720","positive regulation of cell development","6/146","80/1372",0.075,0.704794520547945,-0.938616255356286,0.873405986892051,0.999999950389579,0.999999950389579,"DLK1/TGFBR2/IL7R/CLEC7A/BMP4/TNFRSF11A",6
"GO:0010638","positive regulation of organelle organization","4/146","57/1372",0.0701754385964912,0.659456861331411,-0.90593409782378,0.874431549695671,0.999999950389579,0.999999950389579,"EPHA1/SFRP1/CCL24/TGFA",4
"GO:0050777","negative regulation of immune response","4/146","57/1372",0.0701754385964912,0.659456861331411,-0.90593409782378,0.874431549695671,0.999999950389579,0.999999950389579,"MMP12/CR2/CD160/NECTIN4",4
"GO:1903047","mitotic cell cycle process","4/146","57/1372",0.0701754385964912,0.659456861331411,-0.90593409782378,0.874431549695671,0.999999950389579,0.999999950389579,"USP8/BMP4/TGFA/GPNMB",4
"GO:0051223","regulation of protein transport","3/146","45/1372",0.0666666666666667,0.62648401826484,-0.878880653259733,0.875169431120648,0.999999950389579,0.999999950389579,"CCN3/BMP4/GHRL",3
"GO:0016049","cell growth","5/146","69/1372",0.072463768115942,0.680960889418305,-0.938093622785557,0.876870959634039,0.999999950389579,0.999999950389579,"CCN3/ACVRL1/NPPB/IGFBP1/SFRP1",5
"GO:0050920","regulation of chemotaxis","5/146","69/1372",0.072463768115942,0.680960889418305,-0.938093622785557,0.876870959634039,0.999999950389579,0.999999950389579,"CCN3/THBS4/MICOS10-NBL1/NBL1/ANGPT2",5
"GO:0048699","generation of neurons","12/146","147/1372",0.0816326530612245,0.767123287671233,-1.03078147400932,0.882314891742094,0.999999950389579,0.999999950389579,"BOC/GFRA3/CRTAC1/MICOS10-NBL1/NCS1/NBL1/SFRP1/KLK8/GHRL/TNXB/TNFRSF21/MDGA1",12
"GO:0042445","hormone metabolic process","2/146","33/1372",0.0606060606060606,0.569530925695309,-0.863492476603338,0.882707109728444,0.999999950389579,0.999999950389579,"CTSB/ADM",2
"GO:0048732","gland development","2/146","33/1372",0.0606060606060606,0.569530925695309,-0.863492476603338,0.882707109728444,0.999999950389579,0.999999950389579,"PRL/TGFBR3",2
"GO:0050708","regulation of protein secretion","2/146","33/1372",0.0606060606060606,0.569530925695309,-0.863492476603338,0.882707109728444,0.999999950389579,0.999999950389579,"CCN3/GHRL",2
"GO:0006898","receptor-mediated endocytosis","4/146","58/1372",0.0689655172413793,0.648086915446386,-0.944716822979987,0.883019670662142,0.999999950389579,0.999999950389579,"HSPG2/FCER2/ADM/SFTPD",4
"GO:0006633","fatty acid biosynthetic process","1/146","19/1372",0.0526315789473684,0.494592645998558,-0.76527826561345,0.883832998245192,0.999999950389579,0.999999950389579,"PTGDS",1
"GO:0030225","macrophage differentiation","1/146","19/1372",0.0526315789473684,0.494592645998558,-0.76527826561345,0.883832998245192,0.999999950389579,0.999999950389579,"BMP4",1
"GO:0032386","regulation of intracellular transport","1/146","19/1372",0.0526315789473684,0.494592645998558,-0.76527826561345,0.883832998245192,0.999999950389579,0.999999950389579,"BMP4",1
"GO:0032479","regulation of type I interferon production","1/146","19/1372",0.0526315789473684,0.494592645998558,-0.76527826561345,0.883832998245192,0.999999950389579,0.999999950389579,"MMP12",1
"GO:0032606","type I interferon production","1/146","19/1372",0.0526315789473684,0.494592645998558,-0.76527826561345,0.883832998245192,0.999999950389579,0.999999950389579,"MMP12",1
"GO:0034767","positive regulation of monoatomic ion transmembrane transport","1/146","19/1372",0.0526315789473684,0.494592645998558,-0.76527826561345,0.883832998245192,0.999999950389579,0.999999950389579,"LCN2",1
"GO:0043525","positive regulation of neuron apoptotic process","1/146","19/1372",0.0526315789473684,0.494592645998558,-0.76527826561345,0.883832998245192,0.999999950389579,0.999999950389579,"LCN2",1
"GO:0050858","negative regulation of antigen receptor-mediated signaling pathway","1/146","19/1372",0.0526315789473684,0.494592645998558,-0.76527826561345,0.883832998245192,0.999999950389579,0.999999950389579,"CD160",1
"GO:0072538","T-helper 17 type immune response","1/146","19/1372",0.0526315789473684,0.494592645998558,-0.76527826561345,0.883832998245192,0.999999950389579,0.999999950389579,"CLEC7A",1
"GO:0098869","cellular oxidant detoxification","1/146","19/1372",0.0526315789473684,0.494592645998558,-0.76527826561345,0.883832998245192,0.999999950389579,0.999999950389579,"FABP1",1
"GO:1904064","positive regulation of cation transmembrane transport","1/146","19/1372",0.0526315789473684,0.494592645998558,-0.76527826561345,0.883832998245192,0.999999950389579,0.999999950389579,"LCN2",1
"GO:2000403","positive regulation of lymphocyte migration","1/146","19/1372",0.0526315789473684,0.494592645998558,-0.76527826561345,0.883832998245192,0.999999950389579,0.999999950389579,"JAM2",1
"GO:0034762","regulation of transmembrane transport","3/146","46/1372",0.0652173913043478,0.612864800476474,-0.921339592740062,0.884592341594412,0.999999950389579,0.999999950389579,"LCN2/GH1/FGF21",3
"GO:0002449","lymphocyte mediated immunity","5/146","70/1372",0.0714285714285714,0.671232876712329,-0.974051298586937,0.884690351269464,0.999999950389579,0.999999950389579,"CR2/CD160/FCER2/NECTIN4/CLC",5
"GO:0050867","positive regulation of cell activation","8/146","104/1372",0.0769230769230769,0.722866174920969,-1.01413669931173,0.884780359292803,0.999999950389579,0.999999950389579,"ACTA2/TGFBR2/IL7R/CD160/CLEC7A/CLEC4D/TNFRSF4/HAVCR1",8
"GO:0001775","cell activation","22/146","253/1372",0.0869565217391304,0.817153067301965,-1.1109200802535,0.89161608817919,0.999999950389579,0.999999950389579,"CD93/ACTA2/CR2/TGFBR2/CD300LF/IL7R/CD160/CLEC7A/MEGF10/PTGDS/CEACAM21/SFRP1/FCER2/BMP4/CLEC4D/SFTPD/CLC/TNFRSF21/CLEC4A/TNFRSF4/GPNMB/HAVCR1",22
"GO:0030098","lymphocyte differentiation","5/146","71/1372",0.0704225352112676,0.661778892533282,-1.00958096475537,0.892085523710591,0.999999950389579,0.999999950389579,"CR2/TGFBR2/IL7R/SFRP1/BMP4",5
"GO:0070647","protein modification by small protein conjugation or removal","2/146","34/1372",0.0588235294117647,0.552780016116035,-0.910924795148815,0.892886152448656,0.999999950389579,0.999999950389579,"USP8/DTX3",2
"GO:0071214","cellular response to abiotic stimulus","3/146","47/1372",0.0638297872340425,0.599825123870592,-0.963032024255465,0.893381179215439,0.999999950389579,0.999999950389579,"LCN2/FAS/SFRP1",3
"GO:0071621","granulocyte chemotaxis","3/146","47/1372",0.0638297872340425,0.599825123870592,-0.963032024255465,0.893381179215439,0.999999950389579,0.999999950389579,"THBS4/CCL16/CCL24",3
"GO:0104004","cellular response to environmental stimulus","3/146","47/1372",0.0638297872340425,0.599825123870592,-0.963032024255465,0.893381179215439,0.999999950389579,0.999999950389579,"LCN2/FAS/SFRP1",3
"GO:0001960","negative regulation of cytokine-mediated signaling pathway","1/146","20/1372",0.05,0.46986301369863,-0.823881359811761,0.896368387939355,0.999999950389579,0.999999950389579,"MMP12",1
"GO:0002377","immunoglobulin production","1/146","20/1372",0.05,0.46986301369863,-0.823881359811761,0.896368387939355,0.999999950389579,0.999999950389579,"TNFRSF4",1
"GO:0007204","positive regulation of cytosolic calcium ion concentration","1/146","20/1372",0.05,0.46986301369863,-0.823881359811761,0.896368387939355,0.999999950389579,0.999999950389579,"GHRL",1
"GO:0009408","response to heat","1/146","20/1372",0.05,0.46986301369863,-0.823881359811761,0.896368387939355,0.999999950389579,0.999999950389579,"HSPB6",1
"GO:0032271","regulation of protein polymerization","1/146","20/1372",0.05,0.46986301369863,-0.823881359811761,0.896368387939355,0.999999950389579,0.999999950389579,"CCL24",1
"GO:0032732","positive regulation of interleukin-1 production","1/146","20/1372",0.05,0.46986301369863,-0.823881359811761,0.896368387939355,0.999999950389579,0.999999950389579,"CLEC7A",1
"GO:0043409","negative regulation of MAPK cascade","1/146","20/1372",0.05,0.46986301369863,-0.823881359811761,0.896368387939355,0.999999950389579,0.999999950389579,"DSG3",1
"GO:0045333","cellular respiration","1/146","20/1372",0.05,0.46986301369863,-0.823881359811761,0.896368387939355,0.999999950389579,0.999999950389579,"IL10RB",1
"GO:0050714","positive regulation of protein secretion","1/146","20/1372",0.05,0.46986301369863,-0.823881359811761,0.896368387939355,0.999999950389579,0.999999950389579,"GHRL",1
"GO:0060761","negative regulation of response to cytokine stimulus","1/146","20/1372",0.05,0.46986301369863,-0.823881359811761,0.896368387939355,0.999999950389579,0.999999950389579,"MMP12",1
"GO:2000351","regulation of endothelial cell apoptotic process","1/146","20/1372",0.05,0.46986301369863,-0.823881359811761,0.896368387939355,0.999999950389579,0.999999950389579,"CD160",1
"GO:0045089","positive regulation of innate immune response","4/146","60/1372",0.0666666666666667,0.62648401826484,-1.02062879448248,0.898687695346283,0.999999950389579,0.999999950389579,"MMP12/CD300LF/CD160/CLEC7A",4
"GO:1903829","positive regulation of protein localization","4/146","60/1372",0.0666666666666667,0.62648401826484,-1.02062879448248,0.898687695346283,0.999999950389579,0.999999950389579,"BMP4/GHRL/DSC2/DSG3",4
"GO:0051301","cell division","3/146","48/1372",0.0625,0.587328767123288,-1.00399313164504,0.901569943747071,0.999999950389579,0.999999950389579,"THBS4/USP8/TGFA",3
"GO:0051493","regulation of cytoskeleton organization","3/146","48/1372",0.0625,0.587328767123288,-1.00399313164504,0.901569943747071,0.999999950389579,0.999999950389579,"EPHA1/SFRP1/CCL24",3
"GO:0002705","positive regulation of leukocyte mediated immunity","2/146","35/1372",0.0571428571428571,0.536986301369863,-0.957220693805557,0.902244951612259,0.999999950389579,0.999999950389579,"CD160/CLEC7A",2
"GO:0009150","purine ribonucleotide metabolic process","2/146","35/1372",0.0571428571428571,0.536986301369863,-0.957220693805557,0.902244951612259,0.999999950389579,0.999999950389579,"NPPC/NPPB",2
"GO:0032612","interleukin-1 production","2/146","35/1372",0.0571428571428571,0.536986301369863,-0.957220693805557,0.902244951612259,0.999999950389579,0.999999950389579,"CLEC7A/GHRL",2
"GO:0032652","regulation of interleukin-1 production","2/146","35/1372",0.0571428571428571,0.536986301369863,-0.957220693805557,0.902244951612259,0.999999950389579,0.999999950389579,"CLEC7A/GHRL",2
"GO:0048812","neuron projection morphogenesis","5/146","73/1372",0.0684931506849315,0.643647963970726,-1.07940896115041,0.905668807087903,0.999999950389579,0.999999950389579,"BOC/GFRA3/MICOS10-NBL1/NBL1/KLK8",5
"GO:0009615","response to virus","4/146","61/1372",0.0655737704918033,0.61621378845722,-1.05779828714414,0.905812620041364,0.999999950389579,0.999999950389579,"MMP12/IL10RB/ACTA2/CD207",4
"GO:0051960","regulation of nervous system development","4/146","61/1372",0.0655737704918033,0.61621378845722,-1.05779828714414,0.905812620041364,0.999999950389579,0.999999950389579,"JAM2/GHRL/CLSTN2/TNFRSF21",4
"GO:0007188","adenylate cyclase-modulating G protein-coupled receptor signaling pathway","1/146","21/1372",0.0476190476190476,0.447488584474886,-0.880183349109762,0.907559375632294,0.999999950389579,0.999999950389579,"ADM",1
"GO:0008277","regulation of G protein-coupled receptor signaling pathway","1/146","21/1372",0.0476190476190476,0.447488584474886,-0.880183349109762,0.907559375632294,0.999999950389579,0.999999950389579,"ADM",1
"GO:0008360","regulation of cell shape","1/146","21/1372",0.0476190476190476,0.447488584474886,-0.880183349109762,0.907559375632294,0.999999950389579,0.999999950389579,"CCL24",1
"GO:0017157","regulation of exocytosis","1/146","21/1372",0.0476190476190476,0.447488584474886,-0.880183349109762,0.907559375632294,0.999999950389579,0.999999950389579,"CD160",1
"GO:0030218","erythrocyte differentiation","1/146","21/1372",0.0476190476190476,0.447488584474886,-0.880183349109762,0.907559375632294,0.999999950389579,0.999999950389579,"TGFBR3",1
"GO:0050886","endocrine process","1/146","21/1372",0.0476190476190476,0.447488584474886,-0.880183349109762,0.907559375632294,0.999999950389579,0.999999950389579,"GHRL",1
"GO:0051606","detection of stimulus","1/146","21/1372",0.0476190476190476,0.447488584474886,-0.880183349109762,0.907559375632294,0.999999950389579,0.999999950389579,"CLEC7A",1
"GO:0072577","endothelial cell apoptotic process","1/146","21/1372",0.0476190476190476,0.447488584474886,-0.880183349109762,0.907559375632294,0.999999950389579,0.999999950389579,"CD160",1
"GO:0090068","positive regulation of cell cycle process","1/146","21/1372",0.0476190476190476,0.447488584474886,-0.880183349109762,0.907559375632294,0.999999950389579,0.999999950389579,"TGFA",1
"GO:0051128","regulation of cellular component organization","26/146","298/1372",0.087248322147651,0.819895191688885,-1.21221936919691,0.908611414083662,0.999999950389579,0.999999950389579,"CCN3/LCN2/ACVRL1/HSPG2/NPPB/EPHA1/USP8/CRTAC1/CD300LF/CLEC7A/IGFBP1/NCS1/ICAM5/TGFBR3/SFRP1/KLK8/BMP4/GHRL/CCL24/TNXB/TGFA/CLSTN2/SFTPD/ANGPTL7/MDGA1/DSG3",26
"GO:0016485","protein processing","3/146","49/1372",0.0612244897959184,0.575342465753425,-1.04425574164343,0.90919185172962,0.999999950389579,0.999999950389579,"TMPRSS15/CPM/KLK1",3
"GO:0002696","positive regulation of leukocyte activation","7/146","97/1372",0.0721649484536082,0.678152803276373,-1.13430651300338,0.910083411783969,0.999999950389579,0.999999950389579,"TGFBR2/IL7R/CD160/CLEC7A/CLEC4D/TNFRSF4/HAVCR1",7
"GO:0046649","lymphocyte activation","14/146","174/1372",0.0804597701149425,0.756101401354117,-1.18769640064812,0.910350597235929,0.999999950389579,0.999999950389579,"CR2/TGFBR2/IL7R/CD160/CLEC7A/CEACAM21/SFRP1/BMP4/SFTPD/CLC/TNFRSF21/CLEC4A/TNFRSF4/GPNMB",14
"GO:0031334","positive regulation of protein-containing complex assembly","2/146","36/1372",0.0555555555555556,0.5220700152207,-1.00244884552671,0.910841384783016,0.999999950389579,0.999999950389579,"CLEC7A/CCL24",2
"GO:0062012","regulation of small molecule metabolic process","2/146","36/1372",0.0555555555555556,0.5220700152207,-1.00244884552671,0.910841384783016,0.999999950389579,0.999999950389579,"TFF3/ADM",2
"GO:1903530","regulation of secretion by cell","5/146","74/1372",0.0675675675675676,0.634950018511662,-1.11373217052487,0.911889652211508,0.999999950389579,0.999999950389579,"CCN3/CD160/FGF23/GHRL/TNFRSF11A",5
"GO:0007159","leukocyte cell-cell adhesion","9/146","120/1372",0.075,0.704794520547945,-1.16778473284584,0.912341989539016,0.999999950389579,0.999999950389579,"ITGB7/TGFBR2/IL7R/CD160/JAM2/BMP4/SFTPD/TNFRSF21/GPNMB",9
"GO:0009605","response to external stimulus","40/146","439/1372",0.0911161731207289,0.856242393983836,-1.2600047732042,0.913510222203238,0.999999950389579,0.999999950389579,"CCN3/LCN2/THBS4/MMP12/FAS/NPPB/IL10RB/CCL17/ACTA2/CR2/WFDC12/CCL16/CD300LF/IL7R/MICOS10-NBL1/CCL14/CD160/CLEC7A/SCGB1A1/COLEC12/NBL1/FLRT2/FCER2/BMP4/GHRL/ADM/WFDC2/REG3A/CCL24/CLEC4D/NECTIN4/SFTPD/CLEC4A/CCN1/GPNMB/REG1A/CD207/ANGPT2/TNFRSF11A/REG1B",40
"GO:0030154","cell differentiation","41/146","449/1372",0.0913140311804009,0.858101717667877,-1.2645889382103,0.914101408007444,0.999999950389579,0.999999950389579,"CCN3/ACVRL1/EFEMP1/MFAP5/BOC/NPPC/HSPG2/DLK1/ACTA2/CR2/TGFBR2/GFRA3/CTSB/CRTAC1/IL7R/CDH3/MICOS10-NBL1/CLEC7A/MEGF10/NCS1/JAM2/NBL1/FGF23/TGFBR3/SFRP1/KLK8/BMP4/GHRL/ADM/TNFRSF12A/WFDC2/REG3A/TNXB/FGF21/TNFRSF21/ITGA11/CCN1/EDA2R/ANGPT2/TNFRSF11A/MDGA1",41
"GO:0048869","cellular developmental process","41/146","449/1372",0.0913140311804009,0.858101717667877,-1.2645889382103,0.914101408007444,0.999999950389579,0.999999950389579,"CCN3/ACVRL1/EFEMP1/MFAP5/BOC/NPPC/HSPG2/DLK1/ACTA2/CR2/TGFBR2/GFRA3/CTSB/CRTAC1/IL7R/CDH3/MICOS10-NBL1/CLEC7A/MEGF10/NCS1/JAM2/NBL1/FGF23/TGFBR3/SFRP1/KLK8/BMP4/GHRL/ADM/TNFRSF12A/WFDC2/REG3A/TNXB/FGF21/TNFRSF21/ITGA11/CCN1/EDA2R/ANGPT2/TNFRSF11A/MDGA1",41
"GO:0002443","leukocyte mediated immunity","7/146","98/1372",0.0714285714285714,0.671232876712329,-1.16510918406776,0.915424474318088,0.999999950389579,0.999999950389579,"CR2/CD160/CLEC7A/PTGDS/FCER2/NECTIN4/CLC",7
"GO:0030155","regulation of cell adhesion","15/146","186/1372",0.0806451612903226,0.757843570481662,-1.2253497099666,0.91593402700786,0.999999950389579,0.999999950389579,"ACVRL1/MMP12/EPHA1/TGFBR2/IL7R/CD160/MEGF10/ADAM22/SFRP1/BMP4/TNXB/SFTPD/TNFRSF21/GPNMB/MDGA1",15
"GO:1902531","regulation of intracellular signal transduction","25/146","290/1372",0.0862068965517241,0.810108644307983,-1.25614705306508,0.916200914823563,0.999999950389579,0.999999950389579,"CCN3/ACVRL1/FAS/ACTA2/TGFBR2/PIK3IP1/GH1/PRL/CLEC7A/ROR1/TNFRSF19/FGF23/TGFBR3/SFRP1/BMP4/GHRL/CLEC4D/TGFA/FGF21/DSC2/CCN1/GPNMB/EDA2R/TNFRSF11A/DSG3",25
"GO:0070201","regulation of establishment of protein localization","3/146","50/1372",0.06,0.563835616438356,-1.0838505285553,0.916279205094008,0.999999950389579,0.999999950389579,"CCN3/BMP4/GHRL",3
"GO:0009617","response to bacterium","10/146","132/1372",0.0757575757575758,0.711913657119137,-1.20101578025282,0.916587210130233,0.999999950389579,0.999999950389579,"LCN2/WFDC12/IL7R/SCGB1A1/COLEC12/FCER2/ADM/WFDC2/SFTPD/TNFRSF11A",10
"GO:0009416","response to light stimulus","1/146","22/1372",0.0454545454545455,0.427148194271482,-0.93440824685898,0.917549258058412,0.999999950389579,0.999999950389579,"LCN2",1
"GO:0034101","erythrocyte homeostasis","1/146","22/1372",0.0454545454545455,0.427148194271482,-0.93440824685898,0.917549258058412,0.999999950389579,0.999999950389579,"TGFBR3",1
"GO:0050854","regulation of antigen receptor-mediated signaling pathway","1/146","22/1372",0.0454545454545455,0.427148194271482,-0.93440824685898,0.917549258058412,0.999999950389579,0.999999950389579,"CD160",1
"GO:0062013","positive regulation of small molecule metabolic process","1/146","22/1372",0.0454545454545455,0.427148194271482,-0.93440824685898,0.917549258058412,0.999999950389579,0.999999950389579,"ADM",1
"GO:1901990","regulation of mitotic cell cycle phase transition","1/146","22/1372",0.0454545454545455,0.427148194271482,-0.93440824685898,0.917549258058412,0.999999950389579,0.999999950389579,"GPNMB",1
"GO:1990748","cellular detoxification","1/146","22/1372",0.0454545454545455,0.427148194271482,-0.93440824685898,0.917549258058412,0.999999950389579,0.999999950389579,"FABP1",1
"GO:0070887","cellular response to chemical stimulus","29/146","331/1372",0.0876132930513595,0.823324918263461,-1.27295735066416,0.917725938244289,0.999999950389579,0.999999950389579,"CCN3/CDON/LCN2/THBS4/NPPC/FABP1/FAS/CCL17/USP8/GH1/CGA/PRL/CTSB/CCL16/MICOS10-NBL1/CCL14/CLEC7A/COLEC12/TSHB/IGFBP1/NBL1/FGF23/PTPRN2/ALDH3A1/SFRP1/GHRL/CCL24/SFTPD/TNFRSF11A",29
"GO:0009259","ribonucleotide metabolic process","2/146","37/1372",0.0540540540540541,0.50796001480933,-1.04667185496512,0.918730395480695,0.999999950389579,0.999999950389579,"NPPC/NPPB",2
"GO:0019693","ribose phosphate metabolic process","2/146","37/1372",0.0540540540540541,0.50796001480933,-1.04667185496512,0.918730395480695,0.999999950389579,0.999999950389579,"NPPC/NPPB",2
"GO:0045637","regulation of myeloid cell differentiation","2/146","37/1372",0.0540540540540541,0.50796001480933,-1.04667185496512,0.918730395480695,0.999999950389579,0.999999950389579,"DLK1/TNFRSF11A",2
"GO:0000902","cell morphogenesis","8/146","111/1372",0.0720720720720721,0.677280019745773,-1.22343167579336,0.923094036754822,0.999999950389579,0.999999950389579,"BOC/GFRA3/CDH3/MICOS10-NBL1/CDH6/NBL1/KLK8/CCL24",8
"GO:0002764","immune response-regulating signaling pathway","8/146","111/1372",0.0720720720720721,0.677280019745773,-1.22343167579336,0.923094036754822,0.999999950389579,0.999999950389579,"MOG/CR2/CD300LF/CD160/CLEC7A/LAIR1/FCER2/TNFRSF21",8
"GO:0120039","plasma membrane bounded cell projection morphogenesis","5/146","76/1372",0.0657894736842105,0.618240807498197,-1.18125516086313,0.923270624021417,0.999999950389579,0.999999950389579,"BOC/GFRA3/MICOS10-NBL1/NBL1/KLK8",5
"GO:0048585","negative regulation of response to stimulus","24/146","282/1372",0.0851063829787234,0.799766831827456,-1.30135937291712,0.923547560537649,0.999999950389579,0.999999950389579,"CCN3/CDON/MMP12/IL10RB/DLK1/CR2/PIK3IP1/CD300LF/IL7R/CDH3/MICOS10-NBL1/CD160/IGFBP1/NBL1/IGFBP4/TGFBR3/SFRP1/BMP4/GHRL/ADM/REG3A/NECTIN4/ANGPT2/DSG3",24
"GO:0002253","activation of immune response","7/146","100/1372",0.07,0.657808219178082,-1.22595897807197,0.925299628064449,0.999999950389579,0.999999950389579,"MOG/CR2/CD300LF/CD160/CLEC7A/FCER2/TNFRSF21",7
"GO:0001909","leukocyte mediated cytotoxicity","2/146","38/1372",0.0526315789473684,0.494592645998558,-1.08994695043657,0.925963958410671,0.999999950389579,0.999999950389579,"CD160/NECTIN4",2
"GO:0002456","T cell mediated immunity","2/146","38/1372",0.0526315789473684,0.494592645998558,-1.08994695043657,0.925963958410671,0.999999950389579,0.999999950389579,"CR2/CLC",2
"GO:0006887","exocytosis","2/146","38/1372",0.0526315789473684,0.494592645998558,-1.08994695043657,0.925963958410671,0.999999950389579,0.999999950389579,"CD160/PTGDS",2
"GO:0031640","killing of cells of another organism","2/146","38/1372",0.0526315789473684,0.494592645998558,-1.08994695043657,0.925963958410671,0.999999950389579,0.999999950389579,"NPPB/CCL17",2
"GO:0042116","macrophage activation","2/146","38/1372",0.0526315789473684,0.494592645998558,-1.08994695043657,0.925963958410671,0.999999950389579,0.999999950389579,"CD93/FCER2",2
"GO:0141060","disruption of anatomical structure in another organism","2/146","38/1372",0.0526315789473684,0.494592645998558,-1.08994695043657,0.925963958410671,0.999999950389579,0.999999950389579,"NPPB/CCL17",2
"GO:0141061","disruption of cell in another organism","2/146","38/1372",0.0526315789473684,0.494592645998558,-1.08994695043657,0.925963958410671,0.999999950389579,0.999999950389579,"NPPB/CCL17",2
"GO:0006396","RNA processing","1/146","23/1372",0.0434782608695652,0.408576533650983,-0.986748365602684,0.926466153112836,0.999999950389579,0.999999950389579,"BMP4",1
"GO:0006690","icosanoid metabolic process","1/146","23/1372",0.0434782608695652,0.408576533650983,-0.986748365602684,0.926466153112836,0.999999950389579,0.999999950389579,"PTGDS",1
"GO:0009266","response to temperature stimulus","1/146","23/1372",0.0434782608695652,0.408576533650983,-0.986748365602684,0.926466153112836,0.999999950389579,0.999999950389579,"HSPB6",1
"GO:0010639","negative regulation of organelle organization","1/146","23/1372",0.0434782608695652,0.408576533650983,-0.986748365602684,0.926466153112836,0.999999950389579,0.999999950389579,"BMP4",1
"GO:0016064","immunoglobulin mediated immune response","1/146","23/1372",0.0434782608695652,0.408576533650983,-0.986748365602684,0.926466153112836,0.999999950389579,0.999999950389579,"CR2",1
"GO:0019722","calcium-mediated signaling","1/146","23/1372",0.0434782608695652,0.408576533650983,-0.986748365602684,0.926466153112836,0.999999950389579,0.999999950389579,"CLEC7A",1
"GO:0030101","natural killer cell activation","1/146","23/1372",0.0434782608695652,0.408576533650983,-0.986748365602684,0.926466153112836,0.999999950389579,0.999999950389579,"CD160",1
"GO:0032869","cellular response to insulin stimulus","1/146","23/1372",0.0434782608695652,0.408576533650983,-0.986748365602684,0.926466153112836,0.999999950389579,0.999999950389579,"IGFBP1",1
"GO:0046632","alpha-beta T cell differentiation","1/146","23/1372",0.0434782608695652,0.408576533650983,-0.986748365602684,0.926466153112836,0.999999950389579,0.999999950389579,"TGFBR2",1
"GO:0050818","regulation of coagulation","1/146","23/1372",0.0434782608695652,0.408576533650983,-0.986748365602684,0.926466153112836,0.999999950389579,0.999999950389579,"ANGPT2",1
"GO:0098754","detoxification","1/146","23/1372",0.0434782608695652,0.408576533650983,-0.986748365602684,0.926466153112836,0.999999950389579,0.999999950389579,"FABP1",1
"GO:2000106","regulation of leukocyte apoptotic process","1/146","23/1372",0.0434782608695652,0.408576533650983,-0.986748365602684,0.926466153112836,0.999999950389579,0.999999950389579,"BMP4",1
"GO:0048858","cell projection morphogenesis","5/146","77/1372",0.0649350649350649,0.610211706102117,-1.21447671021901,0.928462455491267,0.999999950389579,0.999999950389579,"BOC/GFRA3/MICOS10-NBL1/NBL1/KLK8",5
"GO:0030217","T cell differentiation","3/146","52/1372",0.0576923076923077,0.542149631190727,-1.16114964776123,0.928974279480024,0.999999950389579,0.999999950389579,"TGFBR2/IL7R/BMP4",3
"GO:0043523","regulation of neuron apoptotic process","3/146","52/1372",0.0576923076923077,0.542149631190727,-1.16114964776123,0.928974279480024,0.999999950389579,0.999999950389579,"LCN2/NPPC/HSPG2",3
"GO:1903037","regulation of leukocyte cell-cell adhesion","7/146","101/1372",0.0693069306930693,0.651295266512953,-1.25601745405416,0.929854164561468,0.999999950389579,0.999999950389579,"TGFBR2/IL7R/CD160/BMP4/SFTPD/TNFRSF21/GPNMB",7
"GO:0002833","positive regulation of response to biotic stimulus","4/146","65/1372",0.0615384615384615,0.578292939936775,-1.20165466447256,0.930096336269336,0.999999950389579,0.999999950389579,"MMP12/CD300LF/CD160/CLEC7A",4
"GO:0009790","embryo development","4/146","65/1372",0.0615384615384615,0.578292939936775,-1.20165466447256,0.930096336269336,0.999999950389579,0.999999950389579,"EFEMP1/MFAP5/TGFBR2/BMP4",4
"GO:0016192","vesicle-mediated transport","16/146","201/1372",0.0796019900497512,0.74804061882369,-1.33382862783138,0.931770850994555,0.999999950389579,0.999999950389579,"HSPG2/CD93/CD302/SCARA5/CD300LF/CD160/CLEC7A/COLEC12/MEGF10/PTGDS/SNCG/FCER2/ADM/SFTPD/SCARF2/HAVCR1",16
"GO:0051129","negative regulation of cellular component organization","5/146","78/1372",0.0641025641025641,0.602388479100808,-1.24735204410098,0.933342507966518,0.999999950389579,0.999999950389579,"ACVRL1/HSPG2/CD300LF/TGFBR3/BMP4",5
"GO:0055085","transmembrane transport","5/146","78/1372",0.0641025641025641,0.602388479100808,-1.24735204410098,0.933342507966518,0.999999950389579,0.999999950389579,"LCN2/GH1/SCARA5/NCS1/FGF21",5
"GO:0022008","neurogenesis","14/146","180/1372",0.0777777777777778,0.73089802130898,-1.33617990534582,0.933369594214767,0.999999950389579,0.999999950389579,"BOC/GFRA3/CRTAC1/MICOS10-NBL1/NCS1/NBL1/FGF23/SFRP1/KLK8/GHRL/TNXB/FGF21/TNFRSF21/MDGA1",14
"GO:0022407","regulation of cell-cell adhesion","9/146","125/1372",0.072,0.676602739726027,-1.30830209348568,0.934225350678725,0.999999950389579,0.999999950389579,"TGFBR2/IL7R/CD160/MEGF10/BMP4/SFTPD/TNFRSF21/GPNMB/MDGA1",9
"GO:0002532","production of molecular mediator involved in inflammatory response","1/146","24/1372",0.0416666666666667,0.391552511415525,-1.03737003214551,0.934424597623974,0.999999950389579,0.999999950389579,"CLEC7A",1
"GO:0002823","negative regulation of adaptive immune response based on somatic recombination of immune receptors built from immunoglobulin superfamily domains","1/146","24/1372",0.0416666666666667,0.391552511415525,-1.03737003214551,0.934424597623974,0.999999950389579,0.999999950389579,"CR2",1
"GO:0015980","energy derivation by oxidation of organic compounds","1/146","24/1372",0.0416666666666667,0.391552511415525,-1.03737003214551,0.934424597623974,0.999999950389579,0.999999950389579,"IL10RB",1
"GO:0048661","positive regulation of smooth muscle cell proliferation","1/146","24/1372",0.0416666666666667,0.391552511415525,-1.03737003214551,0.934424597623974,0.999999950389579,0.999999950389579,"BMP4",1
"GO:0071260","cellular response to mechanical stimulus","1/146","24/1372",0.0416666666666667,0.391552511415525,-1.03737003214551,0.934424597623974,0.999999950389579,0.999999950389579,"FAS",1
"GO:0071466","cellular response to xenobiotic stimulus","1/146","24/1372",0.0416666666666667,0.391552511415525,-1.03737003214551,0.934424597623974,0.999999950389579,0.999999950389579,"ALDH3A1",1
"GO:0071496","cellular response to external stimulus","1/146","24/1372",0.0416666666666667,0.391552511415525,-1.03737003214551,0.934424597623974,0.999999950389579,0.999999950389579,"FAS",1
"GO:0097237","cellular response to toxic substance","1/146","24/1372",0.0416666666666667,0.391552511415525,-1.03737003214551,0.934424597623974,0.999999950389579,0.999999950389579,"FABP1",1
"GO:1905475","regulation of protein localization to membrane","1/146","24/1372",0.0416666666666667,0.391552511415525,-1.03737003214551,0.934424597623974,0.999999950389579,0.999999950389579,"DSG3",1
"GO:0002822","regulation of adaptive immune response based on somatic recombination of immune receptors built from immunoglobulin superfamily domains","3/146","53/1372",0.0566037735849057,0.531920392866374,-1.19890612190604,0.934641206807485,0.999999950389579,0.999999950389579,"CR2/CLEC7A/CLC",3
"GO:0005975","carbohydrate metabolic process","3/146","53/1372",0.0566037735849057,0.531920392866374,-1.19890612190604,0.934641206807485,0.999999950389579,0.999999950389579,"TFF1/TFF3/GHRL",3
"GO:0002684","positive regulation of immune system process","19/146","234/1372",0.0811965811965812,0.763025406861023,-1.37305680273188,0.93561329412417,0.999999950389579,0.999999950389579,"MOG/THBS4/MMP12/DLK1/CR2/TGFBR2/CD300LF/IL7R/CD160/CD99/CLEC7A/JAM2/FCER2/CLEC4D/TNFRSF21/TNFRSF4/XG/TNFRSF11A/HAVCR1",19
"GO:0032880","regulation of protein localization","6/146","91/1372",0.0659340659340659,0.619599578503688,-1.29549887732049,0.937539877551477,0.999999950389579,0.999999950389579,"CCN3/USP8/BMP4/GHRL/DSC2/DSG3",6
"GO:0051726","regulation of cell cycle","5/146","79/1372",0.0632911392405063,0.594763308479279,-1.27989093869674,0.937925851457362,0.999999950389579,0.999999950389579,"NPPC/SFRP1/BMP4/TGFA/GPNMB",5
"GO:0006915","apoptotic process","24/146","287/1372",0.0836236933797909,0.785833611760775,-1.40743164686711,0.938261204980947,0.999999950389579,0.999999950389579,"FAM3B/LCN2/NPPC/HSPG2/FAS/TGFBR2/CTSB/IL7R/IL19/CD160/CLEC7A/TNFRSF19/RELT/MEGF10/TNFRSF10C/SFRP1/COMP/BMP4/GHRL/TNFRSF12A/HSPB6/CLC/TNFRSF9/TNFRSF21",24
"GO:0001959","regulation of cytokine-mediated signaling pathway","2/146","40/1372",0.05,0.46986301369863,-1.17385893051106,0.938657861365486,0.999999950389579,0.999999950389579,"MMP12/CD300LF",2
"GO:0006886","intracellular protein transport","2/146","40/1372",0.05,0.46986301369863,-1.17385893051106,0.938657861365486,0.999999950389579,0.999999950389579,"MMP12/BMP4",2
"GO:0007411","axon guidance","2/146","40/1372",0.05,0.46986301369863,-1.17385893051106,0.938657861365486,0.999999950389579,0.999999950389579,"BOC/GFRA3",2
"GO:0097485","neuron projection guidance","2/146","40/1372",0.05,0.46986301369863,-1.17385893051106,0.938657861365486,0.999999950389579,0.999999950389579,"BOC/GFRA3",2
"GO:1901136","carbohydrate derivative catabolic process","2/146","40/1372",0.05,0.46986301369863,-1.17385893051106,0.938657861365486,0.999999950389579,0.999999950389579,"MMP12/SUMF2",2
"GO:0000122","negative regulation of transcription by RNA polymerase II","3/146","54/1372",0.0555555555555556,0.5220700152207,-1.23609933701814,0.93989189057662,0.999999950389579,0.999999950389579,"MMP12/BMP4/TNFRSF4",3
"GO:0098655","monoatomic cation transmembrane transport","3/146","54/1372",0.0555555555555556,0.5220700152207,-1.23609933701814,0.93989189057662,0.999999950389579,0.999999950389579,"LCN2/SCARA5/NCS1",3
"GO:0000278","mitotic cell cycle","4/146","67/1372",0.0597014925373134,0.561030464117767,-1.27091482975839,0.940000790192872,0.999999950389579,0.999999950389579,"USP8/BMP4/TGFA/GPNMB",4
"GO:0006979","response to oxidative stress","4/146","67/1372",0.0597014925373134,0.561030464117767,-1.27091482975839,0.940000790192872,0.999999950389579,0.999999950389579,"LCN2/FABP1/SCGB1A1/ANGPTL7",4
"GO:0002262","myeloid cell homeostasis","1/146","25/1372",0.04,0.375890410958904,-1.08641807374459,0.941526978000013,0.999999950389579,0.999999950389579,"TGFBR3",1
"GO:0006575","modified amino acid metabolic process","1/146","25/1372",0.04,0.375890410958904,-1.08641807374459,0.941526978000013,0.999999950389579,0.999999950389579,"CTSB",1
"GO:0022604","regulation of cell morphogenesis","1/146","25/1372",0.04,0.375890410958904,-1.08641807374459,0.941526978000013,0.999999950389579,0.999999950389579,"CCL24",1
"GO:0031623","receptor internalization","1/146","25/1372",0.04,0.375890410958904,-1.08641807374459,0.941526978000013,0.999999950389579,0.999999950389579,"ADM",1
"GO:0042180","ketone metabolic process","1/146","25/1372",0.04,0.375890410958904,-1.08641807374459,0.941526978000013,0.999999950389579,0.999999950389579,"ADM",1
"GO:0042391","regulation of membrane potential","1/146","25/1372",0.04,0.375890410958904,-1.08641807374459,0.941526978000013,0.999999950389579,0.999999950389579,"DSC2",1
"GO:0050829","defense response to Gram-negative bacterium","1/146","25/1372",0.04,0.375890410958904,-1.08641807374459,0.941526978000013,0.999999950389579,0.999999950389579,"ADM",1
"GO:0051258","protein polymerization","1/146","25/1372",0.04,0.375890410958904,-1.08641807374459,0.941526978000013,0.999999950389579,0.999999950389579,"CCL24",1
"GO:0051276","chromosome organization","1/146","25/1372",0.04,0.375890410958904,-1.08641807374459,0.941526978000013,0.999999950389579,0.999999950389579,"NPPC",1
"GO:0060560","developmental growth involved in morphogenesis","1/146","25/1372",0.04,0.375890410958904,-1.08641807374459,0.941526978000013,0.999999950389579,0.999999950389579,"BMP4",1
"GO:0072330","monocarboxylic acid biosynthetic process","1/146","25/1372",0.04,0.375890410958904,-1.08641807374459,0.941526978000013,0.999999950389579,0.999999950389579,"PTGDS",1
"GO:2000401","regulation of lymphocyte migration","1/146","25/1372",0.04,0.375890410958904,-1.08641807374459,0.941526978000013,0.999999950389579,0.999999950389579,"JAM2",1
"GO:0010629","negative regulation of gene expression","9/146","127/1372",0.0708661417322835,0.665947578470499,-1.36326953375293,0.941569221615831,0.999999950389579,0.999999950389579,"ACVRL1/IL19/SFRP1/BMP4/GHRL/SFTPD/TNFRSF21/CLEC4A/GPNMB",9
"GO:0030099","myeloid cell differentiation","5/146","80/1372",0.0625,0.587328767123288,-1.31210276995861,0.942227175761716,0.999999950389579,0.999999950389579,"DLK1/TGFBR2/TGFBR3/BMP4/TNFRSF11A",5
"GO:0030030","cell projection organization","12/146","161/1372",0.0745341614906832,0.700416914830256,-1.39575141098783,0.942688401643859,0.999999950389579,0.999999950389579,"LCN2/BOC/GFRA3/CRTAC1/MICOS10-NBL1/NCS1/NBL1/SFRP1/KLK8/GHRL/TNXB/TNFRSF21",12
"GO:0009636","response to toxic substance","2/146","41/1372",0.0487804878048781,0.458402940193785,-1.21458837140662,0.944207511235475,0.999999950389579,0.999999950389579,"LCN2/FABP1",2
"GO:0060759","regulation of response to cytokine stimulus","2/146","41/1372",0.0487804878048781,0.458402940193785,-1.21458837140662,0.944207511235475,0.999999950389579,0.999999950389579,"MMP12/CD300LF",2
"GO:0061564","axon development","4/146","68/1372",0.0588235294117647,0.552780016116035,-1.30492869870433,0.944462649219903,0.999999950389579,0.999999950389579,"BOC/GFRA3/CRTAC1/TNFRSF21",4
"GO:0006259","DNA metabolic process","3/146","55/1372",0.0545454545454545,0.512577833125778,-1.27275160538009,0.944752925436426,0.999999950389579,0.999999950389579,"ACVRL1/NPPC/IL7R",3
"GO:0008610","lipid biosynthetic process","3/146","55/1372",0.0545454545454545,0.512577833125778,-1.27275160538009,0.944752925436426,0.999999950389579,0.999999950389579,"CGA/PTGDS/ADM",3
"GO:0043065","positive regulation of apoptotic process","6/146","93/1372",0.0645161290322581,0.606274856385329,-1.35659206456693,0.94547990145426,0.999999950389579,0.999999950389579,"LCN2/FAS/CD160/SFRP1/BMP4/TNFRSF12A",6
"GO:1902532","negative regulation of intracellular signal transduction","5/146","81/1372",0.0617283950617284,0.580077794689667,-1.34399653501996,0.946260762428094,0.999999950389579,0.999999950389579,"CCN3/PIK3IP1/TGFBR3/SFRP1/DSG3",5
"GO:0002708","positive regulation of lymphocyte mediated immunity","1/146","26/1372",0.0384615384615385,0.361433087460485,-1.13401937846728,0.947864811119536,0.999999950389579,0.999999950389579,"CD160",1
"GO:0016050","vesicle organization","1/146","26/1372",0.0384615384615385,0.361433087460485,-1.13401937846728,0.947864811119536,0.999999950389579,0.999999950389579,"USP8",1
"GO:0030900","forebrain development","1/146","26/1372",0.0384615384615385,0.361433087460485,-1.13401937846728,0.947864811119536,0.999999950389579,0.999999950389579,"BMP4",1
"GO:0044772","mitotic cell cycle phase transition","1/146","26/1372",0.0384615384615385,0.361433087460485,-1.13401937846728,0.947864811119536,0.999999950389579,0.999999950389579,"GPNMB",1
"GO:0062207","regulation of pattern recognition receptor signaling pathway","1/146","26/1372",0.0384615384615385,0.361433087460485,-1.13401937846728,0.947864811119536,0.999999950389579,0.999999950389579,"CD300LF",1
"GO:0002697","regulation of immune effector process","6/146","94/1372",0.0638297872340425,0.599825123870592,-1.38675020663939,0.949104266320749,0.999999950389579,0.999999950389579,"CR2/CD160/CLEC7A/NECTIN4/CLC/TNFRSF4",6
"GO:0007010","cytoskeleton organization","7/146","106/1372",0.0660377358490566,0.620573791677436,-1.40285674901082,0.949194291260188,0.999999950389579,0.999999950389579,"EPHA1/ACTA2/SFRP1/GHRL/CCL24/TNXB/DSG3",7
"GO:0034220","monoatomic ion transmembrane transport","3/146","56/1372",0.0535714285714286,0.503424657534247,-1.30888394270825,0.949249666470188,0.999999950389579,0.999999950389579,"LCN2/SCARA5/NCS1",3
"GO:0002221","pattern recognition receptor signaling pathway","2/146","42/1372",0.0476190476190476,0.447488584474886,-1.25455585142885,0.949280479120952,0.999999950389579,0.999999950389579,"CD300LF/CLEC7A",2
"GO:0002698","negative regulation of immune effector process","2/146","42/1372",0.0476190476190476,0.447488584474886,-1.25455585142885,0.949280479120952,0.999999950389579,0.999999950389579,"CR2/NECTIN4",2
"GO:0006163","purine nucleotide metabolic process","2/146","42/1372",0.0476190476190476,0.447488584474886,-1.25455585142885,0.949280479120952,0.999999950389579,0.999999950389579,"NPPC/NPPB",2
"GO:0006631","fatty acid metabolic process","2/146","42/1372",0.0476190476190476,0.447488584474886,-1.25455585142885,0.949280479120952,0.999999950389579,0.999999950389579,"PTGDS/FABP2",2
"GO:0051251","positive regulation of lymphocyte activation","5/146","82/1372",0.0609756097560976,0.573003675242232,-1.37558087220909,0.950040462026442,0.999999950389579,0.999999950389579,"TGFBR2/IL7R/CD160/CLEC7A/TNFRSF4",5
"GO:0033036","macromolecule localization","19/146","240/1372",0.0791666666666667,0.743949771689498,-1.50645961983044,0.951577084913623,0.999999950389579,0.999999950389579,"FAM3B/CCN3/MMP12/HSPG2/FABP1/ITGB7/USP8/TGFBR2/PLTP/RBP2/SNCG/PTPRN2/RBP5/FABP2/BMP4/GHRL/DSC2/TNFRSF11A/DSG3",19
"GO:2001233","regulation of apoptotic signaling pathway","4/146","70/1372",0.0571428571428571,0.536986301369863,-1.3717889121766,0.95249679153952,0.999999950389579,0.999999950389579,"FAS/SFRP1/BMP4/TNFRSF12A",4
"GO:0006952","defense response","32/146","375/1372",0.0853333333333333,0.801899543378995,-1.55239934737301,0.952981075519656,0.999999950389579,0.999999950389579,"CCN3/LCN2/MMP12/HSPG2/NPPB/IL10RB/CCL17/CR2/WFDC12/TPSAB1/CCL16/CD300LF/IL7R/CCL14/CD160/CLEC7A/COLEC12/FCER2/GHRL/ADM/WFDC2/REG3A/CCL24/CLEC4D/NECTIN4/SFTPD/CLEC4A/TNFRSF4/REG1A/CD207/TNFRSF11A/REG1B",32
"GO:0062197","cellular response to chemical stress","3/146","57/1372",0.0526315789473684,0.494592645998558,-1.34451616635385,0.953406228513217,0.999999950389579,0.999999950389579,"LCN2/FABP1/FAS",3
"GO:0002824","positive regulation of adaptive immune response based on somatic recombination of immune receptors built from immunoglobulin superfamily domains","1/146","27/1372",0.037037037037037,0.3480466768138,-1.18028574925614,0.953519891042677,0.999999950389579,0.999999950389579,"CLEC7A",1
"GO:0006091","generation of precursor metabolites and energy","1/146","27/1372",0.037037037037037,0.3480466768138,-1.18028574925614,0.953519891042677,0.999999950389579,0.999999950389579,"IL10RB",1
"GO:0030593","neutrophil chemotaxis","1/146","27/1372",0.037037037037037,0.3480466768138,-1.18028574925614,0.953519891042677,0.999999950389579,0.999999950389579,"THBS4",1
"GO:0032757","positive regulation of interleukin-8 production","1/146","27/1372",0.037037037037037,0.3480466768138,-1.18028574925614,0.953519891042677,0.999999950389579,0.999999950389579,"CLEC7A",1
"GO:1901987","regulation of cell cycle phase transition","1/146","27/1372",0.037037037037037,0.3480466768138,-1.18028574925614,0.953519891042677,0.999999950389579,0.999999950389579,"GPNMB",1
"GO:0045934","negative regulation of nucleobase-containing compound metabolic process","5/146","83/1372",0.0602409638554217,0.566100016504374,-1.40686407976887,0.953579676265731,0.999999950389579,0.999999950389579,"NPPC/MMP12/SFRP1/BMP4/TNFRSF4",5
"GO:0051962","positive regulation of nervous system development","2/146","43/1372",0.0465116279069767,0.437081873208028,-1.29379923889313,0.953914527833795,0.999999950389579,0.999999950389579,"GHRL/CLSTN2",2
"GO:0015031","protein transport","7/146","108/1372",0.0648148148148148,0.60908168442415,-1.4600720242819,0.955506039858987,0.999999950389579,0.999999950389579,"FAM3B/CCN3/MMP12/SNCG/PTPRN2/BMP4/GHRL",7
"GO:0043068","positive regulation of programmed cell death","6/146","96/1372",0.0625,0.587328767123288,-1.44632001076005,0.955716458950471,0.999999950389579,0.999999950389579,"LCN2/FAS/CD160/SFRP1/BMP4/TNFRSF12A",6
"GO:0045892","negative regulation of DNA-templated transcription","4/146","71/1372",0.0563380281690141,0.529423114026625,-1.40465942557807,0.956103434394978,0.999999950389579,0.999999950389579,"MMP12/SFRP1/BMP4/TNFRSF4",4
"GO:1902679","negative regulation of RNA biosynthetic process","4/146","71/1372",0.0563380281690141,0.529423114026625,-1.40465942557807,0.956103434394978,0.999999950389579,0.999999950389579,"MMP12/SFRP1/BMP4/TNFRSF4",4
"GO:0045087","innate immune response","14/146","188/1372",0.074468085106383,0.699795977849024,-1.52851427946155,0.956188763783297,0.999999950389579,0.999999950389579,"LCN2/MMP12/IL10RB/CR2/WFDC12/CD300LF/CD160/CLEC7A/COLEC12/WFDC2/CLEC4D/NECTIN4/SFTPD/CLEC4A",14
"GO:0045088","regulation of innate immune response","5/146","84/1372",0.0595238095238095,0.559360730593607,-1.43785413338036,0.956891344515835,0.999999950389579,0.999999950389579,"MMP12/CD300LF/CD160/CLEC7A/NECTIN4",5
"GO:0008219","cell death","24/146","295/1372",0.0813559322033898,0.764522869746924,-1.57471444375247,0.956917741689909,0.999999950389579,0.999999950389579,"FAM3B/LCN2/NPPC/HSPG2/FAS/TGFBR2/CTSB/IL7R/IL19/CD160/CLEC7A/TNFRSF19/RELT/MEGF10/TNFRSF10C/SFRP1/COMP/BMP4/GHRL/TNFRSF12A/HSPB6/CLC/TNFRSF9/TNFRSF21",24
"GO:0012501","programmed cell death","24/146","295/1372",0.0813559322033898,0.764522869746924,-1.57471444375247,0.956917741689909,0.999999950389579,0.999999950389579,"FAM3B/LCN2/NPPC/HSPG2/FAS/TGFBR2/CTSB/IL7R/IL19/CD160/CLEC7A/TNFRSF19/RELT/MEGF10/TNFRSF10C/SFRP1/COMP/BMP4/GHRL/TNFRSF12A/HSPB6/CLC/TNFRSF9/TNFRSF21",24
"GO:0030100","regulation of endocytosis","3/146","58/1372",0.0517241379310345,0.48606518658479,-1.37966698443252,0.957245495305094,0.999999950389579,0.999999950389579,"CD300LF/CLEC7A/SFTPD",3
"GO:0002758","innate immune response-activating signaling pathway","2/146","44/1372",0.0454545454545455,0.427148194271482,-1.33235362333035,0.958144846945246,0.999999950389579,0.999999950389579,"CD300LF/CLEC7A",2
"GO:0032722","positive regulation of chemokine production","1/146","28/1372",0.0357142857142857,0.335616438356164,-1.22531621297677,0.95856531550942,0.999999950389579,0.999999950389579,"CLEC7A",1
"GO:0120036","plasma membrane bounded cell projection organization","11/146","156/1372",0.0705128205128205,0.662627327010889,-1.54402857673526,0.959659409286574,0.999999950389579,0.999999950389579,"BOC/GFRA3/CRTAC1/MICOS10-NBL1/NCS1/NBL1/SFRP1/KLK8/GHRL/TNXB/TNFRSF21",11
"GO:0002699","positive regulation of immune effector process","3/146","59/1372",0.0508474576271186,0.477826793591827,-1.41435407686445,0.960789136884387,0.999999950389579,0.999999950389579,"CD160/CLEC7A/TNFRSF4",3
"GO:1901701","cellular response to oxygen-containing compound","13/146","179/1372",0.0726256983240224,0.682482589729854,-1.57153391388109,0.96089166120553,0.999999950389579,0.999999950389579,"CDON/LCN2/NPPC/FABP1/USP8/GH1/CLEC7A/COLEC12/IGFBP1/FGF23/PTPRN2/SFRP1/GHRL",13
"GO:0033993","response to lipid","11/146","157/1372",0.0700636942675159,0.658406770787889,-1.56899247721436,0.961972386410127,0.999999950389579,0.999999950389579,"CDON/LCN2/USP8/TGFBR2/GH1/SCGB1A1/PTGDS/FGF23/TGFBR3/SFRP1/TNFRSF11A",11
"GO:0032635","interleukin-6 production","2/146","45/1372",0.0444444444444444,0.41765601217656,-1.37025158083608,0.962004168611507,0.999999950389579,0.999999950389579,"CLEC7A/GHRL",2
"GO:0032675","regulation of interleukin-6 production","2/146","45/1372",0.0444444444444444,0.41765601217656,-1.37025158083608,0.962004168611507,0.999999950389579,0.999999950389579,"CLEC7A/GHRL",2
"GO:0090407","organophosphate biosynthetic process","2/146","45/1372",0.0444444444444444,0.41765601217656,-1.37025158083608,0.962004168611507,0.999999950389579,0.999999950389579,"NPPC/NPPB",2
"GO:0051253","negative regulation of RNA metabolic process","4/146","73/1372",0.0547945205479452,0.514918371176581,-1.4693376327403,0.962576397338347,0.999999950389579,0.999999950389579,"MMP12/SFRP1/BMP4/TNFRSF4",4
"GO:0002821","positive regulation of adaptive immune response","1/146","29/1372",0.0344827586206897,0.324043457723193,-1.26919890444423,0.963066404747236,0.999999950389579,0.999999950389579,"CLEC7A",1
"GO:0016567","protein ubiquitination","1/146","29/1372",0.0344827586206897,0.324043457723193,-1.26919890444423,0.963066404747236,0.999999950389579,0.999999950389579,"DTX3",1
"GO:0034976","response to endoplasmic reticulum stress","1/146","29/1372",0.0344827586206897,0.324043457723193,-1.26919890444423,0.963066404747236,0.999999950389579,0.999999950389579,"THBS4",1
"GO:0009628","response to abiotic stimulus","10/146","147/1372",0.0680272108843537,0.639269406392694,-1.59670071464189,0.965161851123644,0.999999950389579,0.999999950389579,"LCN2/NPPC/FABP1/FAS/TGFBR3/SFRP1/GHRL/HSPB6/ANGPT2/TNFRSF11A",10
"GO:0001932","regulation of protein phosphorylation","5/146","87/1372",0.0574712643678161,0.540072429538655,-1.52914062659005,0.965583357223191,0.999999950389579,0.999999950389579,"THBS4/IL10RB/IL7R/SFRP1/BMP4",5
"GO:0045787","positive regulation of cell cycle","1/146","30/1372",0.0333333333333333,0.31324200913242,-1.31201261576702,0.967081523814178,0.999999950389579,0.999999950389579,"TGFA",1
"GO:0051222","positive regulation of protein transport","1/146","30/1372",0.0333333333333333,0.31324200913242,-1.31201261576702,0.967081523814178,0.999999950389579,0.999999950389579,"GHRL",1
"GO:0070588","calcium ion transmembrane transport","1/146","30/1372",0.0333333333333333,0.31324200913242,-1.31201261576702,0.967081523814178,0.999999950389579,0.999999950389579,"NCS1",1
"GO:0022607","cellular component assembly","18/146","237/1372",0.0759493670886076,0.713715970175134,-1.67156505842589,0.967159513756968,0.999999950389579,0.999999950389579,"ACVRL1/FAS/EPHA1/SCARA5/CRTAC1/CDH3/CLEC7A/CDH6/ICAM5/TGFBR3/SFRP1/COMP/GHRL/CCL24/TNXB/CLSTN2/MDGA1/DSG3",18
"GO:0001906","cell killing","4/146","75/1372",0.0533333333333333,0.501187214611872,-1.5326681780504,0.968161300273697,0.999999950389579,0.999999950389579,"NPPB/CCL17/CD160/NECTIN4",4
"GO:1901699","cellular response to nitrogen compound","4/146","75/1372",0.0533333333333333,0.501187214611872,-1.5326681780504,0.968161300273697,0.999999950389579,0.999999950389579,"LCN2/GH1/IGFBP1/GHRL",4
"GO:0034599","cellular response to oxidative stress","2/146","47/1372",0.0425531914893617,0.399883415913728,-1.44419733280554,0.968729186190527,0.999999950389579,0.999999950389579,"LCN2/FABP1",2
"GO:0060284","regulation of cell development","8/146","126/1372",0.0634920634920635,0.596651445966514,-1.63891592789627,0.970301244287218,0.999999950389579,0.999999950389579,"NPPC/DLK1/TGFBR2/IL7R/CLEC7A/SFRP1/BMP4/TNFRSF11A",8
"GO:0002709","regulation of T cell mediated immunity","1/146","31/1372",0.032258064516129,0.303137428192665,-1.35382807976311,0.970662818540803,0.999999950389579,0.999999950389579,"CLC",1
"GO:0032446","protein modification by small protein conjugation","1/146","31/1372",0.032258064516129,0.303137428192665,-1.35382807976311,0.970662818540803,0.999999950389579,0.999999950389579,"DTX3",1
"GO:0044770","cell cycle phase transition","1/146","31/1372",0.032258064516129,0.303137428192665,-1.35382807976311,0.970662818540803,0.999999950389579,0.999999950389579,"GPNMB",1
"GO:1903035","negative regulation of response to wounding","1/146","31/1372",0.032258064516129,0.303137428192665,-1.35382807976311,0.970662818540803,0.999999950389579,0.999999950389579,"REG3A",1
"GO:0048468","cell development","26/146","324/1372",0.0802469135802469,0.754101133096567,-1.74702174847484,0.970721959711327,0.999999950389579,0.999999950389579,"MFAP5/BOC/NPPC/DLK1/ACTA2/CR2/TGFBR2/GFRA3/CRTAC1/IL7R/MICOS10-NBL1/CLEC7A/MEGF10/NCS1/JAM2/NBL1/TGFBR3/SFRP1/KLK8/BMP4/GHRL/ADM/TNXB/TNFRSF21/ANGPT2/TNFRSF11A",26
"GO:0002218","activation of innate immune response","2/146","48/1372",0.0416666666666667,0.391552511415525,-1.48029969340749,0.971649153253286,0.999999950389579,0.999999950389579,"CD300LF/CLEC7A",2
"GO:1901137","carbohydrate derivative biosynthetic process","2/146","48/1372",0.0416666666666667,0.391552511415525,-1.48029969340749,0.971649153253286,0.999999950389579,0.999999950389579,"NPPC/NPPB",2
"GO:0007049","cell cycle","6/146","103/1372",0.058252427184466,0.547413219843064,-1.6475537264659,0.973221563508181,0.999999950389579,0.999999950389579,"NPPC/USP8/SFRP1/BMP4/TGFA/GPNMB",6
"GO:0044085","cellular component biogenesis","18/146","241/1372",0.0746887966804979,0.70187006195646,-1.75846095176983,0.97342580063171,0.999999950389579,0.999999950389579,"ACVRL1/FAS/EPHA1/SCARA5/CRTAC1/CDH3/CLEC7A/CDH6/ICAM5/TGFBR3/SFRP1/COMP/GHRL/CCL24/TNXB/CLSTN2/MDGA1/DSG3",18
"GO:0002275","myeloid cell activation involved in immune response","1/146","32/1372",0.03125,0.293664383561644,-1.39470904030542,0.97385687409117,0.999999950389579,0.999999950389579,"PTGDS",1
"GO:0009895","negative regulation of catabolic process","1/146","32/1372",0.03125,0.293664383561644,-1.39470904030542,0.97385687409117,0.999999950389579,0.999999950389579,"USP8",1
"GO:0030162","regulation of proteolysis","1/146","32/1372",0.03125,0.293664383561644,-1.39470904030542,0.97385687409117,0.999999950389579,0.999999950389579,"SPINK6",1
"GO:0099173","postsynapse organization","1/146","32/1372",0.03125,0.293664383561644,-1.39470904030542,0.97385687409117,0.999999950389579,0.999999950389579,"GHRL",1
"GO:0051649","establishment of localization in cell","8/146","128/1372",0.0625,0.587328767123288,-1.69141006384968,0.974050457621205,0.999999950389579,0.999999950389579,"LCN2/MMP12/CD160/PTGDS/SNCG/PTPRN2/BMP4/GHRL",8
"GO:0009117","nucleotide metabolic process","2/146","49/1372",0.0408163265306122,0.383561643835616,-1.51585510883724,0.974306910764931,0.999999950389579,0.999999950389579,"NPPC/NPPB",2
"GO:0072521","purine-containing compound metabolic process","2/146","49/1372",0.0408163265306122,0.383561643835616,-1.51585510883724,0.974306910764931,0.999999950389579,0.999999950389579,"NPPC/NPPB",2
"GO:0006468","protein phosphorylation","6/146","104/1372",0.0576923076923077,0.542149631190727,-1.67544637205683,0.975126603279471,0.999999950389579,0.999999950389579,"THBS4/EFEMP1/IL10RB/IL7R/SFRP1/BMP4",6
"GO:0031349","positive regulation of defense response","6/146","104/1372",0.0576923076923077,0.542149631190727,-1.67544637205683,0.975126603279471,0.999999950389579,0.999999950389579,"MMP12/CD300LF/CD160/CLEC7A/CCL24/TNFRSF11A",6
"GO:0010605","negative regulation of macromolecule metabolic process","16/146","221/1372",0.0723981900452489,0.680344635219736,-1.7897418474851,0.976047987253794,0.999999950389579,0.999999950389579,"ACVRL1/NPPC/MMP12/HSPG2/USP8/SPINK6/IL7R/IL19/SFRP1/BMP4/GHRL/SFTPD/TNFRSF21/CLEC4A/TNFRSF4/GPNMB",16
"GO:0042325","regulation of phosphorylation","5/146","92/1372",0.0543478260869565,0.510720667063728,-1.67608376990556,0.976588687731469,0.999999950389579,0.999999950389579,"THBS4/IL10RB/IL7R/SFRP1/BMP4",5
"GO:0002444","myeloid leukocyte mediated immunity","1/146","33/1372",0.0303030303030303,0.284765462847655,-1.4347131506148,0.976705304227505,0.999999950389579,0.999999950389579,"PTGDS",1
"GO:0010001","glial cell differentiation","1/146","33/1372",0.0303030303030303,0.284765462847655,-1.4347131506148,0.976705304227505,0.999999950389579,0.999999950389579,"TNFRSF21",1
"GO:0010608","post-transcriptional regulation of gene expression","1/146","33/1372",0.0303030303030303,0.284765462847655,-1.4347131506148,0.976705304227505,0.999999950389579,0.999999950389579,"BMP4",1
"GO:0032535","regulation of cellular component size","1/146","33/1372",0.0303030303030303,0.284765462847655,-1.4347131506148,0.976705304227505,0.999999950389579,0.999999950389579,"CCL24",1
"GO:0032637","interleukin-8 production","1/146","33/1372",0.0303030303030303,0.284765462847655,-1.4347131506148,0.976705304227505,0.999999950389579,0.999999950389579,"CLEC7A",1
"GO:0032677","regulation of interleukin-8 production","1/146","33/1372",0.0303030303030303,0.284765462847655,-1.4347131506148,0.976705304227505,0.999999950389579,0.999999950389579,"CLEC7A",1
"GO:0032755","positive regulation of interleukin-6 production","1/146","33/1372",0.0303030303030303,0.284765462847655,-1.4347131506148,0.976705304227505,0.999999950389579,0.999999950389579,"CLEC7A",1
"GO:1904062","regulation of monoatomic cation transmembrane transport","1/146","33/1372",0.0303030303030303,0.284765462847655,-1.4347131506148,0.976705304227505,0.999999950389579,0.999999950389579,"LCN2",1
"GO:0010975","regulation of neuron projection development","2/146","50/1372",0.04,0.375890410958904,-1.55088662314634,0.976724731834553,0.999999950389579,0.999999950389579,"NCS1/SFRP1",2
"GO:0001934","positive regulation of protein phosphorylation","3/146","66/1372",0.0454545454545455,0.427148194271482,-1.64547991616549,0.978895943719394,0.999999950389579,0.999999950389579,"THBS4/IL10RB/BMP4",3
"GO:0043254","regulation of protein-containing complex assembly","2/146","51/1372",0.0392156862745098,0.368520010744024,-1.58541583780447,0.978923158167579,0.999999950389579,0.999999950389579,"CLEC7A/CCL24",2
"GO:0050671","positive regulation of lymphocyte proliferation","2/146","51/1372",0.0392156862745098,0.368520010744024,-1.58541583780447,0.978923158167579,0.999999950389579,0.999999950389579,"TGFBR2/TNFRSF4",2
"GO:0072657","protein localization to membrane","2/146","51/1372",0.0392156862745098,0.368520010744024,-1.58541583780447,0.978923158167579,0.999999950389579,0.999999950389579,"ITGB7/DSG3",2
"GO:0060627","regulation of vesicle-mediated transport","4/146","80/1372",0.05,0.46986301369863,-1.68558928456094,0.978927133317769,0.999999950389579,0.999999950389579,"CD300LF/CD160/CLEC7A/SFTPD",4
"GO:0043066","negative regulation of apoptotic process","10/146","155/1372",0.0645161290322581,0.606274856385329,-1.79540996063739,0.979014457674918,0.999999950389579,0.999999950389579,"LCN2/NPPC/HSPG2/FAS/IL7R/SFRP1/COMP/BMP4/GHRL/HSPB6",10
"GO:0002690","positive regulation of leukocyte chemotaxis","1/146","34/1372",0.0294117647058824,0.276390008058018,-1.47389273161016,0.979245278523834,0.999999950389579,0.999999950389579,"THBS4",1
"GO:0016053","organic acid biosynthetic process","1/146","34/1372",0.0294117647058824,0.276390008058018,-1.47389273161016,0.979245278523834,0.999999950389579,0.999999950389579,"PTGDS",1
"GO:0032602","chemokine production","1/146","34/1372",0.0294117647058824,0.276390008058018,-1.47389273161016,0.979245278523834,0.999999950389579,0.999999950389579,"CLEC7A",1
"GO:0032642","regulation of chemokine production","1/146","34/1372",0.0294117647058824,0.276390008058018,-1.47389273161016,0.979245278523834,0.999999950389579,0.999999950389579,"CLEC7A",1
"GO:0034765","regulation of monoatomic ion transmembrane transport","1/146","34/1372",0.0294117647058824,0.276390008058018,-1.47389273161016,0.979245278523834,0.999999950389579,0.999999950389579,"LCN2",1
"GO:0046394","carboxylic acid biosynthetic process","1/146","34/1372",0.0294117647058824,0.276390008058018,-1.47389273161016,0.979245278523834,0.999999950389579,0.999999950389579,"PTGDS",1
"GO:1904951","positive regulation of establishment of protein localization","1/146","34/1372",0.0294117647058824,0.276390008058018,-1.47389273161016,0.979245278523834,0.999999950389579,0.999999950389579,"GHRL",1
"GO:0002521","leukocyte differentiation","7/146","119/1372",0.0588235294117647,0.552780016116035,-1.76103937732079,0.979279337751199,0.999999950389579,0.999999950389579,"DLK1/CR2/TGFBR2/IL7R/SFRP1/BMP4/TNFRSF11A",7
"GO:0065003","protein-containing complex assembly","7/146","119/1372",0.0588235294117647,0.552780016116035,-1.76103937732079,0.979279337751199,0.999999950389579,0.999999950389579,"FAS/SCARA5/CLEC7A/ICAM5/TGFBR3/COMP/CCL24",7
"GO:0032946","positive regulation of mononuclear cell proliferation","2/146","52/1372",0.0384615384615385,0.361433087460485,-1.61946303001911,0.980921113315081,0.999999950389579,0.999999950389579,"TGFBR2/TNFRSF4",2
"GO:0009100","glycoprotein metabolic process","1/146","35/1372",0.0285714285714286,0.268493150684931,-1.5122954156573,0.981509994021233,0.999999950389579,0.999999950389579,"MMP12",1
"GO:0032760","positive regulation of tumor necrosis factor production","1/146","35/1372",0.0285714285714286,0.268493150684931,-1.5122954156573,0.981509994021233,0.999999950389579,0.999999950389579,"CLEC7A",1
"GO:0043270","positive regulation of monoatomic ion transport","1/146","35/1372",0.0285714285714286,0.268493150684931,-1.5122954156573,0.981509994021233,0.999999950389579,0.999999950389579,"LCN2",1
"GO:0071677","positive regulation of mononuclear cell migration","1/146","35/1372",0.0285714285714286,0.268493150684931,-1.5122954156573,0.981509994021233,0.999999950389579,0.999999950389579,"JAM2",1
"GO:0045893","positive regulation of DNA-templated transcription","8/146","133/1372",0.0601503759398496,0.565248738284066,-1.82004002407319,0.98162434510177,0.999999950389579,0.999999950389579,"ACVRL1/MMP12/CGA/PRL/FGF23/SFRP1/BMP4/CCN1",8
"GO:1902680","positive regulation of RNA biosynthetic process","8/146","133/1372",0.0601503759398496,0.565248738284066,-1.82004002407319,0.98162434510177,0.999999950389579,0.999999950389579,"ACVRL1/MMP12/CGA/PRL/FGF23/SFRP1/BMP4/CCN1",8
"GO:0010558","negative regulation of macromolecule biosynthetic process","12/146","181/1372",0.0662983425414365,0.623022780594869,-1.87779610386811,0.982318459077052,0.999999950389579,0.999999950389579,"ACVRL1/NPPC/MMP12/IL19/SFRP1/BMP4/GHRL/SFTPD/TNFRSF21/CLEC4A/TNFRSF4/GPNMB",12
"GO:0050870","positive regulation of T cell activation","3/146","68/1372",0.0441176470588235,0.414585012087027,-1.70816342271838,0.982392531186537,0.999999950389579,0.999999950389579,"TGFBR2/IL7R/CD160",3
"GO:0007596","blood coagulation","2/146","53/1372",0.0377358490566038,0.354613595244249,-1.65304725919348,0.982736011609497,0.999999950389579,0.999999950389579,"ANGPTL7/ANGPT2",2
"GO:0050817","coagulation","2/146","53/1372",0.0377358490566038,0.354613595244249,-1.65304725919348,0.982736011609497,0.999999950389579,0.999999950389579,"ANGPTL7/ANGPT2",2
"GO:0036211","protein modification process","10/146","158/1372",0.0632911392405063,0.594763308479279,-1.86800434162522,0.982766776663137,0.999999950389579,0.999999950389579,"THBS4/EFEMP1/IL10RB/USP8/SUMF2/IL7R/PTPRN2/SFRP1/BMP4/DTX3",10
"GO:0045944","positive regulation of transcription by RNA polymerase II","5/146","96/1372",0.0520833333333333,0.489440639269406,-1.78939591925984,0.982944781692793,0.999999950389579,0.999999950389579,"ACVRL1/MMP12/CGA/BMP4/CCN1",5
"GO:0045184","establishment of protein localization","7/146","122/1372",0.0573770491803279,0.539187064900067,-1.83949872156996,0.983338281698468,0.999999950389579,0.999999950389579,"FAM3B/CCN3/MMP12/SNCG/PTPRN2/BMP4/GHRL",7
"GO:0043412","macromolecule modification","10/146","159/1372",0.0628930817610063,0.591022658740415,-1.89198343292277,0.983875167294327,0.999999950389579,0.999999950389579,"THBS4/EFEMP1/IL10RB/USP8/SUMF2/IL7R/PTPRN2/SFRP1/BMP4/DTX3",10
"GO:0043933","protein-containing complex organization","8/146","135/1372",0.0592592592592593,0.55687468290208,-1.87050346885088,0.984041992399548,0.999999950389579,0.999999950389579,"FAS/PLTP/SCARA5/CLEC7A/ICAM5/TGFBR3/COMP/CCL24",8
"GO:0007599","hemostasis","2/146","54/1372",0.037037037037037,0.3480466768138,-1.68618646291753,0.984383862418453,0.999999950389579,0.999999950389579,"ANGPTL7/ANGPT2",2
"GO:0050729","positive regulation of inflammatory response","2/146","54/1372",0.037037037037037,0.3480466768138,-1.68618646291753,0.984383862418453,0.999999950389579,0.999999950389579,"CCL24/TNFRSF11A",2
"GO:0043069","negative regulation of programmed cell death","10/146","160/1372",0.0625,0.587328767123288,-1.91585570726467,0.984918333751358,0.999999950389579,0.999999950389579,"LCN2/NPPC/HSPG2/FAS/IL7R/SFRP1/COMP/BMP4/GHRL/HSPB6",10
"GO:0002460","adaptive immune response based on somatic recombination of immune receptors built from immunoglobulin superfamily domains","4/146","84/1372",0.0476190476190476,0.447488584474886,-1.80290518278781,0.984978722382125,0.999999950389579,0.999999950389579,"CR2/CLEC7A/FCER2/CLC",4
"GO:0051656","establishment of organelle localization","1/146","37/1372",0.027027027027027,0.253980007404665,-1.58694039710664,0.985329061077371,0.999999950389579,0.999999950389579,"PTGDS",1
"GO:1903557","positive regulation of tumor necrosis factor superfamily cytokine production","1/146","37/1372",0.027027027027027,0.253980007404665,-1.58694039710664,0.985329061077371,0.999999950389579,0.999999950389579,"CLEC7A",1
"GO:0002831","regulation of response to biotic stimulus","5/146","98/1372",0.0510204081632653,0.479452054794521,-1.84475620810728,0.985482129772783,0.999999950389579,0.999999950389579,"MMP12/CD300LF/CD160/CLEC7A/NECTIN4",5
"GO:0031399","regulation of protein modification process","5/146","98/1372",0.0510204081632653,0.479452054794521,-1.84475620810728,0.985482129772783,0.999999950389579,0.999999950389579,"THBS4/IL10RB/IL7R/SFRP1/BMP4",5
"GO:0033043","regulation of organelle organization","5/146","98/1372",0.0510204081632653,0.479452054794521,-1.84475620810728,0.985482129772783,0.999999950389579,0.999999950389579,"EPHA1/SFRP1/BMP4/CCL24/TGFA",5
"GO:1903131","mononuclear cell differentiation","5/146","98/1372",0.0510204081632653,0.479452054794521,-1.84475620810728,0.985482129772783,0.999999950389579,0.999999950389579,"CR2/TGFBR2/IL7R/SFRP1/BMP4",5
"GO:0001817","regulation of cytokine production","11/146","173/1372",0.0635838150289017,0.59751365903872,-1.95350499786057,0.986031691698087,0.999999950389579,0.999999950389579,"MOG/MMP12/IL19/CD160/CLEC7A/GHRL/SFTPD/CLC/TNFRSF21/CLEC4A/GPNMB",11
"GO:0051254","positive regulation of RNA metabolic process","8/146","137/1372",0.0583941605839416,0.548745125487451,-1.92043066124767,0.986164772366779,0.999999950389579,0.999999950389579,"ACVRL1/MMP12/CGA/PRL/FGF23/SFRP1/BMP4/CCN1",8
"GO:0022409","positive regulation of cell-cell adhesion","4/146","85/1372",0.0470588235294118,0.442224012892828,-1.83159699806533,0.986212835373259,0.999999950389579,0.999999950389579,"TGFBR2/IL7R/CD160/MEGF10",4
"GO:0042327","positive regulation of phosphorylation","3/146","71/1372",0.0422535211267606,0.397067335519969,-1.79973788640076,0.98662451974389,0.999999950389579,0.999999950389579,"THBS4/IL10RB/BMP4",3
"GO:0009890","negative regulation of biosynthetic process","12/146","186/1372",0.0645161290322581,0.606274856385329,-1.99231129850409,0.987148680016276,0.999999950389579,0.999999950389579,"ACVRL1/NPPC/MMP12/IL19/SFRP1/BMP4/GHRL/SFTPD/TNFRSF21/CLEC4A/TNFRSF4/GPNMB",12
"GO:0050727","regulation of inflammatory response","6/146","113/1372",0.0530973451327434,0.498969572069342,-1.9179636790072,0.987455762654854,0.999999950389579,0.999999950389579,"CCN3/IL10RB/GHRL/REG3A/CCL24/TNFRSF11A",6
"GO:0030001","metal ion transport","3/146","72/1372",0.0416666666666667,0.391552511415525,-1.82964820999775,0.987805665245144,0.999999950389579,0.999999950389579,"LCN2/SCARA5/NCS1",3
"GO:0031344","regulation of cell projection organization","3/146","72/1372",0.0416666666666667,0.391552511415525,-1.82964820999775,0.987805665245144,0.999999950389579,0.999999950389579,"LCN2/NCS1/SFRP1",3
"GO:0031401","positive regulation of protein modification process","3/146","72/1372",0.0416666666666667,0.391552511415525,-1.82964820999775,0.987805665245144,0.999999950389579,0.999999950389579,"THBS4/IL10RB/BMP4",3
"GO:0050778","positive regulation of immune response","8/146","139/1372",0.0575539568345324,0.540849512171085,-1.96983945579382,0.988024918598249,0.999999950389579,0.999999950389579,"MOG/MMP12/CR2/CD300LF/CD160/CLEC7A/FCER2/TNFRSF21",8
"GO:0030522","intracellular receptor signaling pathway","1/146","39/1372",0.0256410256410256,0.240955391640323,-1.65895440032952,0.988363587476902,0.999999950389579,0.999999950389579,"SFRP1",1
"GO:0070665","positive regulation of leukocyte proliferation","2/146","57/1372",0.0350877192982456,0.329728430665705,-1.78309823488392,0.988466199564036,0.999999950389579,0.999999950389579,"TGFBR2/TNFRSF4",2
"GO:0001816","cytokine production","11/146","176/1372",0.0625,0.587328767123288,-2.02276234206453,0.988554207262182,0.999999950389579,0.999999950389579,"MOG/MMP12/IL19/CD160/CLEC7A/GHRL/SFTPD/CLC/TNFRSF21/CLEC4A/GPNMB",11
"GO:0016310","phosphorylation","6/146","115/1372",0.0521739130434783,0.490291840381179,-1.96993904210832,0.989276989605114,0.999999950389579,0.999999950389579,"THBS4/EFEMP1/IL10RB/IL7R/SFRP1/BMP4",6
"GO:0042102","positive regulation of T cell proliferation","1/146","40/1372",0.025,0.234931506849315,-1.69405739713288,0.989638093274631,0.999999950389579,0.999999950389579,"TGFBR2",1
"GO:2001234","negative regulation of apoptotic signaling pathway","1/146","40/1372",0.025,0.234931506849315,-1.69405739713288,0.989638093274631,0.999999950389579,0.999999950389579,"BMP4",1
"GO:0031347","regulation of defense response","11/146","178/1372",0.0617977528089888,0.580729567492689,-2.0684831832183,0.989996503340224,0.999999950389579,0.999999950389579,"CCN3/MMP12/IL10RB/CD300LF/CD160/CLEC7A/GHRL/REG3A/CCL24/NECTIN4/TNFRSF11A",11
"GO:0008104","intracellular protein localization","12/146","190/1372",0.0631578947368421,0.59351117519827,-2.08241168885934,0.990111507005027,0.999999950389579,0.999999950389579,"FAM3B/CCN3/MMP12/HSPG2/ITGB7/USP8/SNCG/PTPRN2/BMP4/GHRL/DSC2/DSG3",12
"GO:0071396","cellular response to lipid","5/146","103/1372",0.0485436893203883,0.456177683202554,-1.97967886791627,0.990366921449795,0.999999950389579,0.999999950389579,"CDON/LCN2/USP8/FGF23/SFRP1",5
"GO:0006753","nucleoside phosphate metabolic process","2/146","59/1372",0.0338983050847458,0.318551195727885,-1.84576665878042,0.990591473411993,0.999999950389579,0.999999950389579,"NPPC/NPPB",2
"GO:0002285","lymphocyte activation involved in immune response","1/146","41/1372",0.024390243902439,0.229201470096893,-1.72859677534551,0.99077385782561,0.999999950389579,0.999999950389579,"CD160",1
"GO:1903039","positive regulation of leukocyte cell-cell adhesion","3/146","75/1372",0.04,0.375890410958904,-1.91765915942813,0.990781038851478,0.999999950389579,0.999999950389579,"TGFBR2/IL7R/CD160",3
"GO:0002252","immune effector process","8/146","143/1372",0.0559440559440559,0.525720854487978,-2.06716920325158,0.991071775625166,0.999999950389579,0.999999950389579,"CR2/CD160/CLEC7A/PTGDS/FCER2/NECTIN4/CLC/TNFRSF4",8
"GO:0097190","apoptotic signaling pathway","5/146","104/1372",0.0480769230769231,0.451791359325606,-2.00610120842938,0.9911366344887,0.999999950389579,0.999999950389579,"FAS/CLEC7A/SFRP1/BMP4/TNFRSF12A",5
"GO:0030097","hemopoiesis","9/146","156/1372",0.0576923076923077,0.542149631190727,-2.09540994250329,0.99143066459831,0.999999950389579,0.999999950389579,"MFAP5/DLK1/CR2/TGFBR2/IL7R/TGFBR3/SFRP1/BMP4/TNFRSF11A",9
"GO:0033365","protein localization to organelle","2/146","60/1372",0.0333333333333333,0.31324200913242,-1.87655954388955,0.991506433398356,0.999999950389579,0.999999950389579,"MMP12/BMP4",2
"GO:0065008","regulation of biological quality","23/146","316/1372",0.0727848101265823,0.68397780475117,-2.20891542536441,0.99162639390247,0.999999950389579,0.999999950389579,"FAM3B/CCN3/ACVRL1/NPPC/NPPB/USP8/PRL/CTSB/CRTAC1/FGF23/ICAM5/PTPRN2/KLK8/GHRL/ADM/CCL24/CLSTN2/KLK1/ANGPTL7/DSC2/ANGPT2/MDGA1/DSG3",23
"GO:0007409","axonogenesis","2/146","61/1372",0.0327868852459016,0.30810689422861,-1.90700791263376,0.992334776668359,0.999999950389579,0.999999950389579,"BOC/GFRA3",2
"GO:0071216","cellular response to biotic stimulus","2/146","61/1372",0.0327868852459016,0.30810689422861,-1.90700791263376,0.992334776668359,0.999999950389579,0.999999950389579,"LCN2/CLEC7A",2
"GO:0006355","regulation of DNA-templated transcription","10/146","170/1372",0.0588235294117647,0.552780016116035,-2.14903430743905,0.992437736360305,0.999999950389579,0.999999950389579,"ACVRL1/EFEMP1/MMP12/CGA/PRL/FGF23/SFRP1/BMP4/TNFRSF4/CCN1",10
"GO:0031346","positive regulation of cell projection organization","1/146","43/1372",0.0232558139534884,0.218540936604014,-1.79608915280411,0.992687590586333,0.999999950389579,0.999999950389579,"LCN2",1
"GO:2001141","regulation of RNA biosynthetic process","10/146","171/1372",0.0584795321637427,0.549547384442842,-2.17182878400972,0.992956907359116,0.999999950389579,0.999999950389579,"ACVRL1/EFEMP1/MMP12/CGA/PRL/FGF23/SFRP1/BMP4/TNFRSF4/CCN1",10
"GO:0055086","nucleobase-containing small molecule metabolic process","2/146","62/1372",0.032258064516129,0.303137428192665,-1.93712326243129,0.993084424168508,0.999999950389579,0.999999950389579,"NPPC/NPPB",2
"GO:0051641","cellular localization","10/146","172/1372",0.0581395348837209,0.546352341510035,-2.19453339591315,0.993442864670659,0.999999950389579,0.999999950389579,"LCN2/MMP12/ITGB7/CD160/PTGDS/SNCG/PTPRN2/BMP4/GHRL/DSG3",10
"GO:0044282","small molecule catabolic process","1/146","44/1372",0.0227272727272727,0.213574097135741,-1.82908981115894,0.993490910205893,0.999999950389579,0.999999950389579,"FGF23",1
"GO:0010467","gene expression","36/146","457/1372",0.0787746170678337,0.740265579568958,-2.34545432539111,0.993591507010968,0.999999950389579,0.999999950389579,"MOG/LCN2/ACVRL1/EFEMP1/KLK13/NPPC/MMP12/NPPB/ACTA2/CGA/PRL/KLK11/IL19/CD160/CLEC7A/PTGDS/KLK4/FGF23/TMPRSS15/TGFBR3/CPM/SFRP1/KLK8/FCER2/BMP4/GHRL/SFTPD/HSPB6/CLC/TNFRSF21/CLEC4A/KLK1/TNFRSF4/CCN1/GPNMB/ANGPT2",36
"GO:0009892","negative regulation of metabolic process","16/146","243/1372",0.065843621399177,0.618749647668978,-2.26004111380693,0.993613058003236,0.999999950389579,0.999999950389579,"ACVRL1/NPPC/MMP12/HSPG2/USP8/SPINK6/IL7R/IL19/SFRP1/BMP4/GHRL/SFTPD/TNFRSF21/CLEC4A/TNFRSF4/GPNMB",16
"GO:0035556","intracellular signal transduction","27/146","365/1372",0.073972602739726,0.695139801088384,-2.34521328566918,0.994124131685706,0.999999950389579,0.999999950389579,"CCN3/ACVRL1/FAS/ACTA2/USP8/TGFBR2/PIK3IP1/GH1/PRL/CD160/CLEC7A/ROR1/TNFRSF19/FGF23/TGFBR3/SFRP1/BMP4/GHRL/CLEC4D/TGFA/FGF21/DSC2/CCN1/GPNMB/EDA2R/TNFRSF11A/DSG3",27
"GO:0006812","monoatomic cation transport","3/146","80/1372",0.0375,0.352397260273973,-2.05907579916327,0.9942590563727,0.999999950389579,0.999999950389579,"LCN2/SCARA5/NCS1",3
"GO:0032496","response to lipopolysaccharide","3/146","80/1372",0.0375,0.352397260273973,-2.05907579916327,0.9942590563727,0.999999950389579,0.999999950389579,"LCN2/SCGB1A1/TNFRSF11A",3
"GO:0006351","DNA-templated transcription","10/146","174/1372",0.0574712643678161,0.540072429538655,-2.23967797694846,0.994322759815934,0.999999950389579,0.999999950389579,"ACVRL1/EFEMP1/MMP12/CGA/PRL/FGF23/SFRP1/BMP4/TNFRSF4/CCN1",10
"GO:0045785","positive regulation of cell adhesion","6/146","123/1372",0.0487804878048781,0.458402940193785,-2.17168861577989,0.994366088946868,0.999999950389579,0.999999950389579,"EPHA1/TGFBR2/IL7R/CD160/MEGF10/SFRP1",6
"GO:0032787","monocarboxylic acid metabolic process","2/146","64/1372",0.03125,0.293664383561644,-1.99639806826773,0.994375917921415,0.999999950389579,0.999999950389579,"PTGDS/FABP2",2
"GO:0002237","response to molecule of bacterial origin","3/146","81/1372",0.037037037037037,0.3480466768138,-2.08663175292063,0.994783478246662,0.999999950389579,0.999999950389579,"LCN2/SCGB1A1/TNFRSF11A",3
"GO:0010562","positive regulation of phosphorus metabolic process","3/146","81/1372",0.037037037037037,0.3480466768138,-2.08663175292063,0.994783478246662,0.999999950389579,0.999999950389579,"THBS4/IL10RB/BMP4",3
"GO:0043491","phosphatidylinositol 3-kinase/protein kinase B signal transduction","3/146","81/1372",0.037037037037037,0.3480466768138,-2.08663175292063,0.994783478246662,0.999999950389579,0.999999950389579,"PIK3IP1/GH1/CD160",3
"GO:0045937","positive regulation of phosphate metabolic process","3/146","81/1372",0.037037037037037,0.3480466768138,-2.08663175292063,0.994783478246662,0.999999950389579,0.999999950389579,"THBS4/IL10RB/BMP4",3
"GO:0042063","gliogenesis","1/146","46/1372",0.0217391304347826,0.204288266825491,-1.89370722446265,0.994843931968247,0.999999950389579,0.999999950389579,"TNFRSF21",1
"GO:0048667","cell morphogenesis involved in neuron differentiation","2/146","65/1372",0.0307692307692308,0.289146469968388,-2.0255778027316,0.994930372540619,0.999999950389579,0.999999950389579,"BOC/GFRA3",2
"GO:0051668","localization within membrane","2/146","65/1372",0.0307692307692308,0.289146469968388,-2.0255778027316,0.994930372540619,0.999999950389579,0.999999950389579,"ITGB7/DSG3",2
"GO:0051174","regulation of phosphorus metabolic process","5/146","111/1372",0.045045045045045,0.423300012341108,-2.18627006538522,0.995106036841851,0.999999950389579,0.999999950389579,"THBS4/IL10RB/IL7R/SFRP1/BMP4",5
"GO:0006954","inflammatory response","14/146","224/1372",0.0625,0.587328767123288,-2.32920214183224,0.995113699345967,0.999999950389579,0.999999950389579,"CCN3/LCN2/HSPG2/IL10RB/CCL17/CCL16/CCL14/CLEC7A/GHRL/ADM/REG3A/CCL24/TNFRSF4/TNFRSF11A",14
"GO:0007264","small GTPase-mediated signal transduction","1/146","47/1372",0.0212765957446809,0.199941707956864,-1.92536264135561,0.99541164383298,0.999999950389579,0.999999950389579,"USP8",1
"GO:0019219","regulation of nucleobase-containing compound metabolic process","12/146","202/1372",0.0594059405940594,0.558253085582531,-2.34534209615139,0.995649926982978,0.999999950389579,0.999999950389579,"ACVRL1/EFEMP1/NPPC/MMP12/CGA/PRL/IL7R/FGF23/SFRP1/BMP4/TNFRSF4/CCN1",12
"GO:0044283","small molecule biosynthetic process","2/146","67/1372",0.0298507462686567,0.280515232058884,-2.0830690665672,0.995884134422831,0.999999950389579,0.999999950389579,"PTGDS/ADM",2
"GO:0006811","monoatomic ion transport","3/146","84/1372",0.0357142857142857,0.335616438356164,-2.16795623219526,0.996094369463112,0.999999950389579,0.999999950389579,"LCN2/SCARA5/NCS1",3
"GO:0042176","regulation of protein catabolic process","1/146","49/1372",0.0204081632653061,0.191780821917808,-1.98745447603105,0.996367443696722,0.999999950389579,0.999999950389579,"USP8",1
"GO:0051640","organelle localization","1/146","49/1372",0.0204081632653061,0.191780821917808,-1.98745447603105,0.996367443696722,0.999999950389579,0.999999950389579,"PTGDS",1
"GO:0080135","regulation of cellular response to stress","1/146","49/1372",0.0204081632653061,0.191780821917808,-1.98745447603105,0.996367443696722,0.999999950389579,0.999999950389579,"FAS",1
"GO:0050776","regulation of immune response","11/146","193/1372",0.0569948186528497,0.535595145148698,-2.40086877488633,0.996523476269834,0.999999950389579,0.999999950389579,"MOG/MMP12/CR2/CD300LF/CD160/CLEC7A/LAIR1/FCER2/NECTIN4/CLC/TNFRSF21",11
"GO:0006357","regulation of transcription by RNA polymerase II","6/146","129/1372",0.0465116279069767,0.437081873208028,-2.31715158041087,0.996578450168277,0.999999950389579,0.999999950389579,"ACVRL1/MMP12/CGA/BMP4/TNFRSF4/CCN1",6
"GO:0051252","regulation of RNA metabolic process","10/146","181/1372",0.0552486187845304,0.519185650495724,-2.39502883916365,0.996609997366107,0.999999950389579,0.999999950389579,"ACVRL1/EFEMP1/MMP12/CGA/PRL/FGF23/SFRP1/BMP4/TNFRSF4/CCN1",10
"GO:0002366","leukocyte activation involved in immune response","2/146","70/1372",0.0285714285714286,0.268493150684931,-2.16726413935593,0.996995240645897,0.999999950389579,0.999999950389579,"CD160/PTGDS",2
"GO:0120035","regulation of plasma membrane bounded cell projection organization","2/146","70/1372",0.0285714285714286,0.268493150684931,-2.16726413935593,0.996995240645897,0.999999950389579,0.999999950389579,"NCS1/SFRP1",2
"GO:0006816","calcium ion transport","1/146","51/1372",0.0196078431372549,0.184260005372012,-2.04802547826975,0.997125218511375,0.999999950389579,0.999999950389579,"NCS1",1
"GO:0010959","regulation of metal ion transport","1/146","51/1372",0.0196078431372549,0.184260005372012,-2.04802547826975,0.997125218511375,0.999999950389579,0.999999950389579,"LCN2",1
"GO:0141187","nucleic acid biosynthetic process","11/146","196/1372",0.0561224489795918,0.527397260273973,-2.46530428153669,0.997212544642371,0.999999950389579,0.999999950389579,"ACVRL1/EFEMP1/NPPC/MMP12/CGA/PRL/FGF23/SFRP1/BMP4/TNFRSF4/CCN1",11
"GO:0019538","protein metabolic process","30/146","410/1372",0.0731707317073171,0.687604410290678,-2.60590876459088,0.997300485090632,0.999999950389579,0.999999950389579,"THBS4/EFEMP1/KLK13/NPPC/MMP12/HSPG2/NPPB/IL10RB/USP8/SUMF2/SPINK6/TPSAB1/CTSB/KLK11/MMP13/IL7R/KLK4/TMPRSS15/PTPRN2/ADAM22/CPM/SFRP1/KLK8/BMP4/WFDC2/PCOLCE/HSPB6/DTX3/KLK1/ADAM23",30
"GO:0006366","transcription by RNA polymerase II","6/146","132/1372",0.0454545454545455,0.427148194271482,-2.38818699819725,0.997346535654745,0.999999950389579,0.999999950389579,"ACVRL1/MMP12/CGA/BMP4/TNFRSF4/CCN1",6
"GO:0009891","positive regulation of biosynthetic process","19/146","291/1372",0.0652920962199313,0.613566822011957,-2.56187522776429,0.997417436402565,0.999999950389579,0.999999950389579,"LCN2/ACVRL1/MMP12/FAS/ACTA2/CGA/PRL/CDH3/IL19/CD160/CLEC7A/FGF23/TGFBR3/SFRP1/FCER2/BMP4/ADM/TNFRSF4/CCN1",19
"GO:1901135","carbohydrate derivative metabolic process","4/146","104/1372",0.0384615384615385,0.361433087460485,-2.33675604480193,0.997489910957996,0.999999950389579,0.999999950389579,"NPPC/MMP12/NPPB/SUMF2",4
"GO:0002263","cell activation involved in immune response","2/146","72/1372",0.0277777777777778,0.26103500761035,-2.2221243425989,0.997566989137655,0.999999950389579,0.999999950389579,"CD160/PTGDS",2
"GO:0050921","positive regulation of chemotaxis","1/146","53/1372",0.0188679245283019,0.177306797622125,-2.10718839648092,0.997725771726834,0.999999950389579,0.999999950389579,"THBS4",1
"GO:0032101","regulation of response to external stimulus","15/146","247/1372",0.0607287449392713,0.570683822306028,-2.5703921705499,0.997749655706289,0.999999950389579,0.999999950389579,"CCN3/THBS4/MMP12/IL10RB/CD300LF/MICOS10-NBL1/CD160/CLEC7A/NBL1/GHRL/REG3A/CCL24/NECTIN4/ANGPT2/TNFRSF11A",15
"GO:0032774","RNA biosynthetic process","10/146","188/1372",0.0531914893617021,0.49985426989216,-2.54653446947186,0.998009979815469,0.999999950389579,0.999999950389579,"ACVRL1/EFEMP1/MMP12/CGA/PRL/FGF23/SFRP1/BMP4/TNFRSF4/CCN1",10
"GO:0010628","positive regulation of gene expression","10/146","190/1372",0.0526315789473684,0.494592645998558,-2.58916387706705,0.998296109771241,0.999999950389579,0.999999950389579,"LCN2/MMP12/ACTA2/IL19/CD160/CLEC7A/TGFBR3/FCER2/BMP4/TNFRSF4",10
"GO:0009059","macromolecule biosynthetic process","36/146","481/1372",0.0748440748440748,0.703329251274457,-2.78521248983618,0.998388311153387,0.999999950389579,0.999999950389579,"MOG/LCN2/ACVRL1/EFEMP1/KLK13/NPPC/MMP12/NPPB/ACTA2/CGA/PRL/KLK11/IL19/CD160/CLEC7A/PTGDS/KLK4/FGF23/TMPRSS15/TGFBR3/CPM/SFRP1/KLK8/FCER2/BMP4/GHRL/SFTPD/HSPB6/CLC/TNFRSF21/CLEC4A/KLK1/TNFRSF4/CCN1/GPNMB/ANGPT2",36
"GO:0043269","regulation of monoatomic ion transport","1/146","56/1372",0.0178571428571429,0.167808219178082,-2.19350895226279,0.998400918523628,0.999999950389579,0.999999950389579,"LCN2",1
"GO:0071222","cellular response to lipopolysaccharide","1/146","56/1372",0.0178571428571429,0.167808219178082,-2.19350895226279,0.998400918523628,0.999999950389579,0.999999950389579,"LCN2",1
"GO:0044281","small molecule metabolic process","8/146","165/1372",0.0484848484848485,0.455624740556247,-2.57179671105366,0.998404028544698,0.999999950389579,0.999999950389579,"NPPC/NPPB/TFF3/PTGDS/FGF23/FABP2/GHRL/ADM",8
"GO:0032103","positive regulation of response to external stimulus","7/146","152/1372",0.0460526315789474,0.432768565248738,-2.55830364346211,0.998452379553543,0.999999950389579,0.999999950389579,"THBS4/MMP12/CD300LF/CD160/CLEC7A/CCL24/TNFRSF11A",7
"GO:0009889","regulation of biosynthetic process","28/146","398/1372",0.0703517587939698,0.661113788118675,-2.76799866952816,0.998475849839325,0.999999950389579,0.999999950389579,"MOG/LCN2/ACVRL1/EFEMP1/NPPC/MMP12/FAS/ACTA2/CGA/PRL/CDH3/IL19/CD160/CLEC7A/FGF23/TGFBR3/SFRP1/FCER2/BMP4/GHRL/ADM/SFTPD/CLC/TNFRSF21/CLEC4A/TNFRSF4/CCN1/GPNMB",28
"GO:0051896","regulation of phosphatidylinositol 3-kinase/protein kinase B signal transduction","2/146","77/1372",0.025974025974026,0.244084682440847,-2.35523119202218,0.998570780331009,0.999999950389579,0.999999950389579,"PIK3IP1/GH1",2
"GO:0044093","positive regulation of molecular function","1/146","57/1372",0.0175438596491228,0.164864215332853,-2.221680303414,0.998578324219334,0.999999950389579,0.999999950389579,"BMP4",1
"GO:0071219","cellular response to molecule of bacterial origin","1/146","57/1372",0.0175438596491228,0.164864215332853,-2.221680303414,0.998578324219334,0.999999950389579,0.999999950389579,"LCN2",1
"GO:0080134","regulation of response to stress","14/146","242/1372",0.0578512396694215,0.543643156345522,-2.69850327303387,0.998624067638634,0.999999950389579,0.999999950389579,"CCN3/MMP12/FAS/IL10RB/CD300LF/CD160/CLEC7A/GHRL/TNFRSF12A/REG3A/CCL24/NECTIN4/DSC2/TNFRSF11A",14
"GO:0034654","nucleobase-containing compound biosynthetic process","12/146","219/1372",0.0547945205479452,0.514918371176581,-2.70129584861824,0.998751306284647,0.999999950389579,0.999999950389579,"ACVRL1/EFEMP1/NPPC/MMP12/NPPB/CGA/PRL/FGF23/SFRP1/BMP4/TNFRSF4/CCN1",12
"GO:0019222","regulation of metabolic process","37/146","497/1372",0.0744466800804829,0.699594829249469,-2.89288714600233,0.998868855181199,0.999999950389579,0.999999950389579,"MOG/LCN2/ACVRL1/THBS4/EFEMP1/NPPC/MMP12/HSPG2/FABP1/FAS/IL10RB/ACTA2/USP8/TGFBR2/SPINK6/CGA/PRL/TFF3/IL7R/CDH3/IL19/CD160/CLEC7A/FGF23/TGFBR3/SFRP1/FCER2/BMP4/GHRL/ADM/SFTPD/CLC/TNFRSF21/CLEC4A/TNFRSF4/CCN1/GPNMB",37
"GO:0042981","regulation of apoptotic process","13/146","233/1372",0.055793991416309,0.524310659062849,-2.74909304246131,0.998906034547718,0.999999950389579,0.999999950389579,"LCN2/NPPC/HSPG2/FAS/CTSB/IL7R/CD160/SFRP1/COMP/BMP4/GHRL/TNFRSF12A/HSPB6",13
"GO:0046907","intracellular transport","2/146","81/1372",0.0246913580246914,0.232031117875867,-2.45794936187097,0.999070129197429,0.999999950389579,0.999999950389579,"MMP12/BMP4",2
"GO:0030163","protein catabolic process","3/146","100/1372",0.03,0.281917808219178,-2.57264890434478,0.999204004821987,0.999999950389579,0.999999950389579,"MMP12/USP8/CTSB",3
"GO:0016070","RNA metabolic process","10/146","200/1372",0.05,0.46986301369863,-2.7982674266959,0.999231083367751,0.999999950389579,0.999999950389579,"ACVRL1/EFEMP1/MMP12/CGA/PRL/FGF23/SFRP1/BMP4/TNFRSF4/CCN1",10
"GO:0043067","regulation of programmed cell death","13/146","239/1372",0.0543933054393305,0.511148048375079,-2.86887264240544,0.999308309755538,0.999999950389579,0.999999950389579,"LCN2/NPPC/HSPG2/FAS/CTSB/IL7R/CD160/SFRP1/COMP/BMP4/GHRL/TNFRSF12A/HSPB6",13
"GO:0010556","regulation of macromolecule biosynthetic process","25/146","378/1372",0.0661375661375661,0.621511922881786,-2.98232405239338,0.999333089364158,0.999999950389579,0.999999950389579,"MOG/LCN2/ACVRL1/EFEMP1/NPPC/MMP12/ACTA2/CGA/PRL/IL19/CD160/CLEC7A/FGF23/TGFBR3/SFRP1/FCER2/BMP4/GHRL/SFTPD/CLC/TNFRSF21/CLEC4A/TNFRSF4/CCN1/GPNMB",25
"GO:0010468","regulation of gene expression","24/146","368/1372",0.0652173913043478,0.612864800476474,-2.99481247571478,0.999378445390946,0.999999950389579,0.999999950389579,"MOG/LCN2/ACVRL1/EFEMP1/MMP12/ACTA2/CGA/PRL/IL19/CD160/CLEC7A/FGF23/TGFBR3/SFRP1/FCER2/BMP4/GHRL/SFTPD/CLC/TNFRSF21/CLEC4A/TNFRSF4/CCN1/GPNMB",24
"GO:0010557","positive regulation of macromolecule biosynthetic process","16/146","278/1372",0.0575539568345324,0.540849512171085,-2.95745882718095,0.999440816221521,0.999999950389579,0.999999950389579,"LCN2/ACVRL1/MMP12/ACTA2/CGA/PRL/IL19/CD160/CLEC7A/FGF23/TGFBR3/SFRP1/FCER2/BMP4/TNFRSF4/CCN1",16
"GO:0051897","positive regulation of phosphatidylinositol 3-kinase/protein kinase B signal transduction","1/146","65/1372",0.0153846153846154,0.144573234984194,-2.43753937186113,0.999446967038321,0.999999950389579,0.999999950389579,"GH1",1
"GO:0090304","nucleic acid metabolic process","12/146","230/1372",0.0521739130434783,0.490291840381179,-2.92282203130509,0.999470145485069,0.999999950389579,0.999999950389579,"ACVRL1/EFEMP1/NPPC/MMP12/CGA/PRL/IL7R/FGF23/SFRP1/BMP4/TNFRSF4/CCN1",12
"GO:0060255","regulation of macromolecule metabolic process","31/146","447/1372",0.0693512304250559,0.651711562624498,-3.09365494329274,0.999500698800238,0.999999950389579,0.999999950389579,"MOG/LCN2/ACVRL1/THBS4/EFEMP1/NPPC/MMP12/HSPG2/IL10RB/ACTA2/USP8/SPINK6/CGA/PRL/IL7R/IL19/CD160/CLEC7A/FGF23/TGFBR3/SFRP1/FCER2/BMP4/GHRL/SFTPD/CLC/TNFRSF21/CLEC4A/TNFRSF4/CCN1/GPNMB",31
"GO:0019752","carboxylic acid metabolic process","2/146","88/1372",0.0227272727272727,0.213574097135741,-2.63067110158749,0.999565437918067,0.999999950389579,0.999999950389579,"PTGDS/FABP2",2
"GO:0006996","organelle organization","11/146","221/1372",0.0497737556561086,0.467736936713568,-2.98012667138929,0.999605515640692,0.999999950389579,0.999999950389579,"NPPC/EPHA1/ACTA2/USP8/SFRP1/BMP4/GHRL/CCL24/TNXB/TGFA/DSG3",11
"GO:0043436","oxoacid metabolic process","2/146","90/1372",0.0222222222222222,0.20882800608828,-2.67853957833332,0.999650989478576,0.999999950389579,0.999999950389579,"PTGDS/FABP2",2
"GO:0001819","positive regulation of cytokine production","4/146","125/1372",0.032,0.300712328767123,-2.82896498086484,0.99966778942376,0.999999950389579,0.999999950389579,"MMP12/IL19/CD160/CLEC7A",4
"GO:0006082","organic acid metabolic process","2/146","92/1372",0.0217391304347826,0.204288266825491,-2.72580391551287,0.999719925659866,0.999999950389579,0.999999950389579,"PTGDS/FABP2",2
"GO:0019637","organophosphate metabolic process","2/146","93/1372",0.021505376344086,0.20209161879511,-2.74921781285412,0.999749180782093,0.999999950389579,0.999999950389579,"NPPC/NPPB",2
"GO:0051247","positive regulation of protein metabolic process","4/146","130/1372",0.0307692307692308,0.289146469968388,-2.93860303535862,0.99979849008285,0.999999950389579,0.999999950389579,"THBS4/IL10RB/USP8/BMP4",4
"GO:0009893","positive regulation of metabolic process","23/146","373/1372",0.0616621983914209,0.579455727349517,-3.2834719815449,0.999805454733327,0.999999950389579,0.999999950389579,"LCN2/ACVRL1/THBS4/MMP12/FAS/IL10RB/ACTA2/USP8/TGFBR2/CGA/PRL/CDH3/IL19/CD160/CLEC7A/FGF23/TGFBR3/SFRP1/FCER2/BMP4/ADM/TNFRSF4/CCN1",23
"GO:0051246","regulation of protein metabolic process","8/146","192/1372",0.0416666666666667,0.391552511415525,-3.13604751205375,0.999844947115872,0.999999950389579,0.999999950389579,"THBS4/HSPG2/IL10RB/USP8/SPINK6/IL7R/SFRP1/BMP4",8
"GO:0006793","phosphorus metabolic process","9/146","207/1372",0.0434782608695652,0.408576533650983,-3.18544919299661,0.99986206324124,0.999999950389579,0.999999950389579,"THBS4/EFEMP1/NPPC/NPPB/IL10RB/IL7R/PTPRN2/SFRP1/BMP4",9
"GO:0006796","phosphate-containing compound metabolic process","9/146","207/1372",0.0434782608695652,0.408576533650983,-3.18544919299661,0.99986206324124,0.999999950389579,0.999999950389579,"THBS4/EFEMP1/NPPC/NPPB/IL10RB/IL7R/PTPRN2/SFRP1/BMP4",9
"GO:0065009","regulation of molecular function","2/146","100/1372",0.02,0.187945205479452,-2.90932138591299,0.999884756225297,0.999999950389579,0.999999950389579,"CGA/BMP4",2
"GO:0033554","cellular response to stress","6/146","167/1372",0.0359281437125748,0.337626117627758,-3.15077820067303,0.999889514437615,0.999999950389579,0.999999950389579,"LCN2/THBS4/FABP1/FAS/SFRP1/TNFRSF11A",6
"GO:0010604","positive regulation of macromolecule metabolic process","19/146","338/1372",0.0562130177514793,0.528248358596093,-3.44636618846135,0.999916459991002,0.999999950389579,0.999999950389579,"LCN2/ACVRL1/THBS4/MMP12/IL10RB/ACTA2/USP8/CGA/PRL/IL19/CD160/CLEC7A/FGF23/TGFBR3/SFRP1/FCER2/BMP4/TNFRSF4/CCN1",19
"GO:0009057","macromolecule catabolic process","3/146","123/1372",0.024390243902439,0.229201470096893,-3.09073759198286,0.999928148376205,0.999999950389579,0.999999950389579,"MMP12/USP8/CTSB",3
"GO:0080090","regulation of primary metabolic process","20/146","355/1372",0.0563380281690141,0.529423114026625,-3.55250102360958,0.999945377286535,0.999999950389579,0.999999950389579,"ACVRL1/THBS4/EFEMP1/NPPC/MMP12/HSPG2/FABP1/IL10RB/USP8/SPINK6/CGA/PRL/TFF3/IL7R/FGF23/SFRP1/BMP4/ADM/TNFRSF4/CCN1",20
"GO:0006139","nucleobase-containing compound metabolic process","13/146","273/1372",0.0476190476190476,0.447488584474886,-3.51863041960845,0.99995794475496,0.999999950389579,0.999999950389579,"ACVRL1/EFEMP1/NPPC/MMP12/NPPB/CGA/PRL/IL7R/FGF23/SFRP1/BMP4/TNFRSF4/CCN1",13
"GO:0009894","regulation of catabolic process","1/146","99/1372",0.0101010101010101,0.0949218209492182,-3.22507196540837,0.999990671753977,0.999999950389579,0.999999950389579,"USP8",1
"GO:0009056","catabolic process","8/146","272/1372",0.0294117647058824,0.276390008058018,-4.59772069331146,0.999999950389579,0.999999950389579,0.999999950389579,"MMP12/FABP1/USP8/SUMF2/CTSB/MMP13/FGF23/FABP2",8
