"OlinkID","logFC","AveExpr","t","P.Value","adj.P.Val","B","Assay","UniProt","MissingFreq","LOD","Panel","Panel_Version"
"OID21481",1.75213094577553,4.75477702349869,14.7162524072614,3.39501478285066e-39,4.85147612469359e-36,78.3156509564557,"C4BPB","P20851",0.03,0.5761,"ONCOLOGY",1
"OID20697",2.41575119798233,6.91940130548303,14.49898163358,2.63754123190231e-38,1.8845232101942e-35,76.2865022301447,"CXCL10","P02778",0.03,0.7484,"INFLAMMATION",1
"OID20178",2.0532639050021,4.4876044386423,14.1295917798133,8.43611832042376e-37,4.01840435996185e-34,72.8569438168818,"NADK","O95544",0.04,0.3225,"CARDIOMETABOLIC",1
"OID21226",2.24095952921395,3.91665561357702,13.9925364585281,3.03059618457669e-36,1.08268048694002e-33,71.5913887813099,"DDX58","O95786",0.05,1.1711,"ONCOLOGY",1
"OID20341",0.932057528373264,7.77943133159269,13.8524805239401,1.11104412923714e-35,3.17536412135975e-33,70.3057500035877,"TCN2","P20062",0.03,0.5869,"CARDIOMETABOLIC",1
"OID21044",1.06593585960487,4.61704334203655,13.6587419013727,6.71239927340273e-35,1.59866976028208e-32,68.5259857930853,"CASC4","Q6P4E1",0.03,0.7324,"NEUROLOGY",1
"OID20795",1.93873746532156,2.12340704960836,13.3733993528439,9.29504390670901e-34,1.89751682038388e-31,65.925652922991,"IFNL1","Q8IU54",0.81,2.8774,"NEUROLOGY",1
"OID20754",-1.07920404371585,4.10794830287206,-12.2402370517252,2.57357448580366e-29,4.59704742526679e-27,55.8086219700424,"CDON","Q4KMG0",0.03,0.7308,"INFLAMMATION",1
"OID20234",1.50991485498108,5.13277415143603,12.1094316626115,8.1838858003781e-29,1.29941920097115e-26,54.664840149182,"TYMP","P19971",0.06,3.1138,"CARDIOMETABOLIC",1
"OID20436",1.74127140395124,3.83139190600522,11.9028628849271,5.03007309083543e-28,7.18797444680383e-26,52.8697625471032,"LAP3","P28838",0.16,1.9415,"INFLAMMATION",1
"OID20523",2.12826751155947,4.35613315926893,11.8755638682452,6.38766130250296e-28,8.2981527284334e-26,52.6335844165364,"CCL7","P80098",0.05,1.4326,"INFLAMMATION",1
"OID20224",-0.827773404791927,0.751980156657963,-11.6736304963477,3.70696409135661e-27,4.41437640545717e-25,50.8955756033427,"ROR1","Q01973",0.44,0.5722,"CARDIOMETABOLIC",1
"OID21466",1.39966582597729,8.26877023498695,11.2158133669807,1.9021819565865e-25,2.09093693535547e-23,47.0046035475862,"CCL8","P80075",0.03,1.2724,"ONCOLOGY",1
"OID21042",1.53611049180327,4.90927336814621,11.1122315154337,4.58624600391114e-25,4.68124681399215e-23,46.1352842183939,"CXCL11","O14625",0.04,0.8111,"NEUROLOGY",1
"OID20279",-1.06505591004624,1.73982663185379,-11.039812129102,8.46499713477518e-25,8.06432060372916e-23,45.5299441386319,"CRTAC1","Q9NQ79",0.03,-0.7264,"CARDIOMETABOLIC",1
"OID20116",-0.78518872635561,1.68339608355091,-10.8584124794827,3.89242309014062e-24,3.47642037238184e-22,44.0232336714256,"BOC","Q9BWV1",0.04,0.2996,"CARDIOMETABOLIC",1
"OID20750",0.969235725094575,6.18758798955614,10.6748098834599,1.80131055276146e-23,1.51416045876243e-21,42.5105692683413,"TPP1","O14773",0.03,0.5739,"INFLAMMATION",1
"OID20604",1.28023181168558,6.34757754569191,10.5805838008947,3.93203768022699e-23,3.12160102502465e-21,41.7399407697902,"GZMB","P10144",0.04,1.7552,"INFLAMMATION",1
"OID20405",-1.01329957965531,5.13665404699739,-10.5678283506555,4.3690771972211e-23,3.28600595517313e-21,41.6359060949889,"COMP","P49747",0.03,0.7117,"CARDIOMETABOLIC",1
"OID21429",0.870458982765866,5.95109817232376,10.5542049010032,4.88927015089382e-23,3.49338352281364e-21,41.5248677120933,"LRIG1","Q96JA1",0.03,0.3621,"ONCOLOGY",1
"OID20654",0.824714678436317,6.48111096605744,10.5076687870716,7.17580444892241e-23,4.88296407500482e-21,41.1461662538718,"C1QA","P02745",0.03,0.3754,"INFLAMMATION",1
"OID20773",0.77445506935687,6.07667545691906,10.128230806984,1.58293152483657e-21,1.0281859768143e-19,38.0934239769238,"LGMN","Q99538",0.04,0.8368,"INFLAMMATION",1
"OID20536",1.12919676334594,2.50028877284595,10.0950577581711,2.06835499699512e-21,1.28507795248088e-19,37.8295741258154,"SAMD9L","Q8IVG5",0.09,0.9049,"INFLAMMATION",1
"OID21029",1.67215067675493,4.43708772845953,10.0445160395537,3.105959913178e-21,1.81556014073475e-19,37.4285417208987,"BST2","Q10589",0.03,0.3009,"NEUROLOGY",1
"OID20781",0.930400105086169,8.38766657963446,10.0417288780604,3.17627736307689e-21,1.81556014073475e-19,37.4064604788009,"LGALS9","O00182",0.03,1.9223,"INFLAMMATION",1
"OID21048",-0.84841227406473,1.63635091383812,-9.98914495476634,4.84242007805098e-21,2.66146857366725e-19,36.9905347778356,"SCARF2","Q96GP6",0.06,0.5987,"NEUROLOGY",1
"OID21187",1.33390882723833,2.01743577023499,9.88071121571816,1.15077881253722e-20,6.09060341894702e-19,36.1369002505034,"RRM2","P31350",0.09,0.4993,"ONCOLOGY",1
"OID21079",-0.920265208070615,2.49372480417755,-9.86940701195419,1.25906136073699e-20,6.42570958747558e-19,36.0482256543013,"DSC2","Q02487",0.04,1.1745,"NEUROLOGY",1
"OID21514",0.757996914670027,3.75887806788512,9.74288481930959,3.43085239114817e-20,1.69058209205198e-18,35.0598675795421,"FURIN","P09958",0.03,0.5472,"ONCOLOGY",1
"OID20104",0.687150277427488,2.91932767624021,9.60708706211397,9.971220218051e-20,4.74962456386496e-18,34.0081897084528,"ENTPD5","O75356",0.04,0.324,"CARDIOMETABOLIC",1
"OID21107",-0.581672189995794,1.87618590078329,-9.5715853412393,1.31433759901082e-19,6.05867235156921e-18,33.7359181727791,"TNXB","P22105",0.03,-0.1887,"NEUROLOGY",1
"OID20664",-1.02383754518705,5.1858365535248,-9.41140876764208,4.57338880718287e-19,2.0423039392076e-17,32.5072900027644,"CLSTN2","Q9H4D0",0.03,0.6048,"INFLAMMATION",1
"OID20362",0.681900214375788,4.35890835509138,9.39687376219526,5.11533649605929e-19,2.21509571299052e-17,32.3969462029164,"NID1","P14543",0.03,-0.0731,"CARDIOMETABOLIC",1
"OID20265",-0.795173547709119,2.92362036553525,-9.22656704262323,1.89351304035057e-18,7.95832392547344e-17,31.1077834669013,"TNFRSF10C","O14798",0.03,0.1021,"CARDIOMETABOLIC",1
"OID20638",1.05963895334174,6.12384934725849,9.19210676365484,2.46304261208392e-18,1.00562511219084e-16,30.8488143064206,"LAMP3","Q9UQV4",0.03,0.8599,"INFLAMMATION",1
"OID21159",0.681796553173601,5.6621091383812,9.17523397545694,2.8001472625018e-18,1.11150289947641e-16,30.7224864023117,"GRN","P28799",0.04,4.1766,"NEUROLOGY",1
"OID20180",0.664997540983605,3.97661723237598,9.03792781421928,7.92586714979007e-18,3.06109842082433e-16,29.6980607771335,"TINAGL1","Q9GZM7",0.03,0.6614,"CARDIOMETABOLIC",1
"OID21062",0.736214031105506,5.77180574412533,9.02988061849458,8.42428080436021e-18,3.16797296563967e-16,29.6380350721234,"FOLR2","P14207",0.03,1.3377,"NEUROLOGY",1
"OID20397",-0.756090508617062,4.07834778067885,-8.88222241405092,2.54940351123236e-17,9.34127594243856e-16,28.5481531783609,"CD93","Q9NPY3",0.03,-0.4122,"CARDIOMETABOLIC",1
"OID20157",-0.688376267339215,1.07769216710183,-8.87840773685845,2.62298611401924e-17,9.37061789233373e-16,28.5201525162265,"CDH6","P55285",0.56,1.0582,"CARDIOMETABOLIC",1
"OID21084",0.972465947877259,5.12056292428198,8.76856730587543,5.93147421283853e-17,2.06733576832836e-15,27.7173054206448,"WARS","P23381",0.03,1.1191,"NEUROLOGY",1
"OID20239",-0.955242063892389,2.99622245430809,-8.75835411001708,6.39688811605321e-17,2.17646502805715e-15,27.6429916431356,"MFAP5","Q13361",0.04,0.1385,"CARDIOMETABOLIC",1
"OID20985",-1.10418434216057,3.40285665796345,-8.74751390772619,6.93045896365537e-17,2.30316880443338e-15,27.5641786390028,"TNFRSF9","Q07011",0.03,1.4449,"NEUROLOGY",1
"OID20946",-0.563846910466581,1.8845681462141,-8.70641802157525,9.37423462675819e-17,3.04449574582669e-15,27.2670241821995,"FLRT2","O43155",0.04,0.7555,"NEUROLOGY",1
"OID20126",-0.723633972257247,0.840514882506527,-8.61683057717627,1.81140600684533e-16,5.75222040840439e-15,26.6191962530206,"CLC","Q05315",0.29,0.5631,"CARDIOMETABOLIC",1
"OID20334",-1.22173729298024,5.08809399477807,-8.54802136235189,2.99275385685425e-16,9.29705491618418e-15,26.1254834179796,"CCL16","O15467",0.03,0.1608,"CARDIOMETABOLIC",1
"OID20994",-0.75984587641866,1.67551618798956,-8.51926043197303,3.68871140738073e-16,1.12152523428661e-14,25.9199164362114,"BMP4","P12644",0.04,0.0436,"NEUROLOGY",1
"OID20746",-0.615723312316096,4.91078485639687,-8.40372866359934,8.50145092517042e-16,2.53095278584761e-14,25.0991552051492,"MEGF10","Q96KG7",0.03,0.5996,"INFLAMMATION",1
"OID20653",-0.910545140815465,4.76473968668407,-8.29295797295993,1.88053188669868e-15,5.48424503284165e-14,24.3190281121017,"TNFRSF4","P43489",0.03,0.7246,"INFLAMMATION",1
"OID20772",-1.41032061790668,5.01057180156658,-8.2586488014926,2.40115267048206e-15,6.86249433223772e-14,24.0789239748905,"CCL24","O00175",0.03,0.1168,"INFLAMMATION",1
"OID20173",-0.587470840689363,3.41194125326371,-8.23985940111909,2.74320160039569e-15,7.68634330777539e-14,23.9480796173054,"GPNMB","Q14956",0.16,2.7923,"CARDIOMETABOLIC",1
"OID20343",-0.448563854560739,0.693620626631854,-8.22693326847465,3.0032584537301e-15,8.25318525073138e-14,23.8590584313849,"MCAM","P43121",0.05,-0.1547,"CARDIOMETABOLIC",1
"OID20255",-0.717537179487178,3.74623028720627,-8.20564430566749,3.49794766908586e-15,9.43125890400698e-14,23.7093504544382,"TGFBR3","Q03167",0.03,-0.5521,"CARDIOMETABOLIC",1
"OID21458",-0.725889289617483,4.42380861618799,-8.17521623980063,4.33801863918454e-15,1.14796826581383e-13,23.4979435199776,"NCS1","P62166",0.04,0.7201,"ONCOLOGY",1
"OID20652",0.687761849516603,6.50119033942559,8.11194589701712,6.77503221360535e-15,1.76027655149855e-13,23.0601244785057,"IL18R1","Q13478",0.03,0.5333,"INFLAMMATION",1
"OID20145",-0.622223270281628,1.79166762402089,-8.06738290123185,9.2612440581669e-15,2.36327102841438e-13,22.7531983173329,"ICAM5","Q9UMF0",0.07,0.8441,"CARDIOMETABOLIC",1
"OID20384",-0.77912518705338,4.50405039164491,-8.05335556042066,1.02163821790065e-14,2.52576560000072e-13,22.656833256739,"PCOLCE","Q15113",0.03,0.4392,"CARDIOMETABOLIC",1
"OID20495",2.11557223346828,2.96134162303665,8.05371909914107,1.02515328761401e-14,2.52576560000072e-13,22.6539443827811,"IFNG","P01579",0.24,0.9761,"INFLAMMATION",1
"OID21117",-0.404461029844471,0.530564751958225,-8.04198237903822,1.10457466584225e-14,2.67531728387895e-13,22.5801420381722,"CNTN4","Q8IWV2",0.04,-0.5217,"NEUROLOGY",1
"OID21315",0.818912412778477,3.37169164490862,8.02036063467388,1.28636976422898e-14,3.06370398847202e-13,22.4306341618425,"LAG3","P18627",0.03,0.7778,"ONCOLOGY",1
"OID21028",0.626326351408153,2.43186266318538,8.00743559893833,1.40763122825578e-14,3.24498088131441e-13,22.3422057037711,"SMPD1","P17405",0.04,0.0236,"NEUROLOGY",1
"OID20690",0.744379659520805,4.36732506527415,8.00740825901088,1.40789933269065e-14,3.24498088131441e-13,22.3420187614266,"SIGLEC1","Q9BZZ2",0.03,0.7504,"INFLAMMATION",1
"OID20211",0.662627406473306,2.13363107049608,7.97044050746543,1.8206685111211e-14,4.12973857522548e-13,22.0896607300028,"ANGPTL1","O95841",0.27,1.3901,"CARDIOMETABOLIC",1
"OID21439",-1.1476784741488,5.62953315926893,-7.96423014242686,1.9008776632692e-14,4.24430340751827e-13,22.0473478767788,"MMP12","P39900",0.03,0.4132,"ONCOLOGY",1
"OID20302",0.642549684741487,5.66979869451697,7.87288336166551,3.57426983861154e-14,7.85789476827061e-13,21.4277119867389,"ST6GAL1","P15907",0.03,0.2517,"CARDIOMETABOLIC",1
"OID21517",-0.767435245901637,1.81500704960836,-7.7832440036873,6.60939183459921e-14,1.43103347449125e-12,20.8246726951591,"KLK8","O60259",0.04,0.3051,"ONCOLOGY",1
"OID20759",-0.823711202185789,3.87662532637076,-7.77452802012604,7.01466424705763e-14,1.49611271776796e-12,20.7663038309074,"SPON1","Q9HCB6",0.04,0.3996,"INFLAMMATION",1
"OID20306",-0.448390878520385,2.51882375979112,-7.75620786401896,7.93962237783704e-14,1.66848829087193e-12,20.6447733820923,"PTPRS","Q13332",0.03,-0.534,"CARDIOMETABOLIC",1
"OID20368",-0.89150632618747,3.35617806788512,-7.65250892559901,1.60582280696302e-13,3.32568230601471e-12,19.9541828918879,"THBS4","P35443",0.03,-0.1464,"CARDIOMETABOLIC",1
"OID20376",-0.371903451029843,2.23571488250653,-7.62318898346066,1.95439901628744e-13,3.98976599182108e-12,19.7615517132645,"ITGB1","P05556",0.03,-0.0493,"CARDIOMETABOLIC",1
"OID21416",-0.439597562000839,1.15414934725849,-7.5857596726565,2.51383515463263e-13,5.0595358253099e-12,19.5148313711091,"ITGAV","P06756",0.09,0.2521,"ONCOLOGY",1
"OID21054",-0.536460874316939,3.00352558746736,-7.5566564773651,3.05717055063609e-13,6.0676343289708e-12,19.3230964880162,"CPM","P14384",0.05,1.7123,"NEUROLOGY",1
"OID20933",-0.584145649432533,2.4351725848564,-7.52101614874649,3.87987593440845e-13,7.59499001406805e-12,19.0895895395496,"GFRA3","O60609",0.03,0.9022,"NEUROLOGY",1
"OID20299",-1.11322515762925,2.84009295039164,-7.51387910085323,4.06890645775237e-13,7.85738828125425e-12,19.0429791684283,"CCN3","P48745",0.03,0.7146,"CARDIOMETABOLIC",1
"OID21298",-0.594932955023118,1.42549242819843,-7.50082852729872,4.43832981935485e-13,8.4564977491441e-12,18.9578339338873,"CD207","Q9UJ71",0.23,0.9224,"ONCOLOGY",1
"OID20916",-1.46401436738125,2.07014255874674,-7.38704383453862,9.42528562335141e-13,1.77220173102226e-11,18.220152477381,"PSG1","P11464",0.12,0.3474,"NEUROLOGY",1
"OID20390",-0.394013236654054,1.87983864229765,-7.37881614500741,9.93905909607134e-13,1.84453447380337e-11,18.1681216370607,"NRP1","O14786",0.04,0.4653,"CARDIOMETABOLIC",1
"OID20355",0.753307129045815,4.81667415143603,7.34629448784951,1.23184628113342e-12,2.25680555864058e-11,17.9580234429505,"LBP","P18428",0.04,1.8361,"CARDIOMETABOLIC",1
"OID20345",-0.352395859604875,1.98468041775457,-7.3239467880493,1.42452961159854e-12,2.57677571515735e-11,17.8156862802282,"VASN","Q6EMK4",0.03,0.0602,"CARDIOMETABOLIC",1
"OID20787",-1.25127873055905,5.11179190600522,-7.28250180909166,1.86909909485382e-12,3.33867825818263e-11,17.5498568839437,"TFF2","Q03403",0.03,1.9752,"INFLAMMATION",1
"OID20383",-0.951518163093733,3.73900078328982,-7.27626822569693,1.94654833759014e-12,3.43409577088434e-11,17.5101165485668,"HSPG2","P98160",0.03,0.8114,"CARDIOMETABOLIC",1
"OID20275",-0.750023883984865,0.338053263707572,-7.25964452775897,2.16887752031712e-12,3.76271301760994e-11,17.4042630761852,"MSMB","P08118",0.59,0.297,"CARDIOMETABOLIC",1
"OID21284",-0.902418217738542,1.84048459530026,-7.25847131935451,2.18548061904566e-12,3.76271301760994e-11,17.3967994502085,"SERPINA9","Q86WD7",0.07,0.4038,"ONCOLOGY",1
"OID20883",0.937879676334593,1.49966135770235,7.20050503461523,3.18200090072033e-12,5.41318962753494e-11,17.0291742264372,"BRK1","Q8WUW1",0.95,3.455,"NEUROLOGY",1
"OID20550",-0.520842992854139,0.511870496083551,-7.17456265428489,3.76141475921103e-12,6.3236019893089e-11,16.8654979955961,"COL9A1","P20849",0.57,0.4514,"INFLAMMATION",1
"OID20227",1.12579089533417,2.1081637075718,7.13605018346665,4.81945800843646e-12,8.00814592332058e-11,16.6230345554522,"FBP1","P09467",0.5,1.9971,"CARDIOMETABOLIC",1
"OID20953",0.637268213535099,3.32242872062663,7.11107318829889,5.65649604638093e-12,9.27056263376692e-11,16.4664011320976,"TNFSF14","O43557",0.03,0.3458,"NEUROLOGY",1
"OID21393",-0.636134754098359,1.17781749347258,-7.1096314779625,5.70895389623156e-12,9.27056263376692e-11,16.4573728485801,"ITGB7","P26010",0.04,-0.6443,"ONCOLOGY",1
"OID20125",-1.91150527112231,2.00666762402089,-7.10724128291525,5.79697970716656e-12,9.30773483319214e-11,16.442408050931,"NTproBNP","NTproBNP",0.51,1.4709,"CARDIOMETABOLIC",1
"OID20109",-0.45970680538041,3.51774699738903,-7.09976682885631,6.0777239905835e-12,9.65007509171536e-11,16.3961255681863,"ADAM15","Q13444",0.03,1.4963,"CARDIOMETABOLIC",1
"OID20705",0.371762185792349,4.82431749347259,7.04753482427122,8.47766343248801e-12,1.33127264231048e-10,16.0706723702214,"ERBB3","P21860",0.03,0.3369,"INFLAMMATION",1
"OID21112",0.760933909205547,4.02330026109661,7.0299270789884,9.49002765210793e-12,1.47404886031111e-10,15.9604359311492,"CLEC11A","Q9Y240",0.03,0.511,"NEUROLOGY",1
"OID21052",-0.611835418242958,4.71719634464752,-7.00254784996871,1.12891617056504e-11,1.73464645993274e-10,15.7907291540751,"TNFRSF21","O75509",0.03,1.9004,"NEUROLOGY",1
"OID21195",0.278881105506515,2.19747650130548,6.97282629043136,1.36108334456931e-11,2.06913627594632e-10,15.60787769819,"CA11","O75493",0.03,0.2322,"ONCOLOGY",1
"OID20243",-0.361414573350145,1.75368302872063,-6.97008201458775,1.38486228938312e-11,2.08312443318787e-10,15.5909504228006,"CDH5","P33151",0.03,-0.077,"CARDIOMETABOLIC",1
"OID21064",-0.792459617486336,4.79624569190601,-6.95828054643363,1.49314373279723e-11,2.22260666059088e-10,15.5174268585302,"JAM2","P57087",0.04,1.7016,"NEUROLOGY",1
"OID20378",0.691621122320302,7.14910339425587,6.95537082643202,1.52077171891343e-11,2.24039462507969e-10,15.4995095169831,"CD14","P08571",0.03,0.8707,"CARDIOMETABOLIC",1
"OID21007",-0.323411366120217,0.844586422976501,-6.95042885967286,1.56751098328526e-11,2.28568693379044e-10,15.4698764790263,"ROBO2","Q9HCK4",0.04,0.0202,"NEUROLOGY",1
"OID21322",0.534867166876838,2.57959373368146,6.94581723794202,1.61506494917732e-11,2.33124021451959e-10,15.4407217179162,"ST3GAL1","Q11201",0.04,-0.0055,"ONCOLOGY",1
"OID21460",-0.636735372005042,4.11321227154047,-6.94174289392272,1.65700540332298e-11,2.36786072134854e-10,15.4156693928755,"DSG3","P32926",0.03,0.2946,"ONCOLOGY",1
"OID20049",-1.77180200084068,2.35784778067885,-6.90528589299773,2.08321664497625e-11,2.94744216403075e-10,15.1920107934233,"NPPB","P16860",0.55,1.9691,"CARDIOMETABOLIC",1
"OID21130",-0.610449348465739,0.645836031331593,-6.90157465596813,2.13222210517387e-11,2.98720136107202e-10,15.1692942233531,"CD300LG","Q6UXG3",0.55,0.6276,"NEUROLOGY",1
"OID20401",-0.603434316939888,6.55429164490862,-6.89583832858128,2.21020546689834e-11,3.06639185650265e-10,15.1342007250424,"CCL14","Q16627",0.03,0.9744,"CARDIOMETABOLIC",1
"OID20904",0.929726620428751,3.33567127937337,6.87706467544416,2.48554229267974e-11,3.41523070792245e-10,15.019506856695,"MAD1L1","Q9Y6D9",0.03,0.5186,"NEUROLOGY",1
"OID21494",0.665397713324925,4.54685770234987,6.82560235962715,3.42500122577048e-11,4.66126357297715e-10,14.7063598014256,"NELL1","Q92832",0.03,0.4773,"ONCOLOGY",1
"OID20716",-0.413571235813365,5.39295091383812,-6.81961828676014,3.55253321261885e-11,4.78921694418144e-10,14.6706201602991,"CD58","P19256",0.03,0.3583,"INFLAMMATION",1
"OID20573",-0.502781715006305,2.12196631853786,-6.79979233813607,4.01938265448126e-11,5.36794188154553e-10,14.5500859561525,"CLEC4A","Q9UMR7",0.06,1.1151,"INFLAMMATION",1
"OID20238",-0.566313778898694,2.85644725848564,-6.78134672088577,4.5058621185411e-11,5.96192311795855e-10,14.4385379751233,"PLTP","P55058",0.03,0.1195,"CARDIOMETABOLIC",1
"OID20096",0.767090689365277,2.40250574412533,6.77074135675262,4.81101855468187e-11,6.30728946297284e-10,14.3745605306566,"GZMH","P20718",0.05,0.6228,"CARDIOMETABOLIC",1
"OID21421",0.757183732660781,4.63275613577023,6.69208375569575,7.8031554909176e-11,1.01370083604739e-09,13.9025156701327,"VWA1","Q6PCB0",0.03,0.656,"ONCOLOGY",1
"OID21154",-1.16988587221521,2.28006892950392,-6.68141476116351,8.32946246926636e-11,1.06806261500901e-09,13.8388234967876,"TFF1","P04155",0.16,1.0844,"NEUROLOGY",1
"OID20989",0.613146729718369,5.10659791122715,6.68059918273423,8.37109957179911e-11,1.06806261500901e-09,13.8339579305254,"PSME2","Q9UL46",0.03,0.0953,"NEUROLOGY",1
"OID20696",-0.503603858764184,3.32290391644909,-6.65275883438846,9.92168021011408e-11,1.25469743542062e-09,13.6681502675139,"IL10RB","Q08334",0.04,0.2499,"INFLAMMATION",1
"OID21443",-0.385056191677174,3.29118563968668,-6.64430635782054,1.04395004513378e-10,1.30503766927351e-09,13.6184776489724,"PRTG","Q2VWP7",0.04,0.2827,"ONCOLOGY",1
"OID20330",-0.330820592686002,0.452741253263708,-6.64330121330111,1.05024025168967e-10,1.30503766927351e-09,13.6126098282874,"FAP","Q12884",0.05,-0.3136,"CARDIOMETABOLIC",1
"OID21138",0.590652610340478,1.79995535248042,6.63778619673705,1.08687757925635e-10,1.33892074203217e-09,13.5792051583897,"ARSA","P15289",0.05,0.5933,"NEUROLOGY",1
"OID21136",-0.584708717948714,4.03881906005222,-6.60426325675575,1.33225905878676e-10,1.62717794444981e-09,13.380638566933,"IL7R","P16871",0.04,1.3055,"NEUROLOGY",1
"OID20292",-1.05250037831021,5.56261618798956,-6.5541236261409,1.80379626065777e-10,2.18442784447454e-09,13.0851394824609,"COL6A3","P12111",0.03,0.2756,"CARDIOMETABOLIC",1
"OID21419",-0.896855388818829,3.52632349869452,-6.53387349828656,2.03761264835181e-10,2.4455987240572e-09,12.9663040589919,"CLMP","Q9H6B4",0.04,0.4306,"ONCOLOGY",1
"OID21291",-0.740561702395963,3.56906919060052,-6.53203093005782,2.06030713917159e-10,2.4455987240572e-09,12.9555057470139,"KLK13","Q9UKR3",0.03,1.0197,"ONCOLOGY",1
"OID21001",-0.717337696511137,3.04702375979112,-6.53118566179357,2.07080087901275e-10,2.4455987240572e-09,12.9505528936423,"ADAM22","Q9P0K1",0.04,1.3512,"NEUROLOGY",1
"OID20416",0.537108528793609,3.02330939947781,6.520352841703,2.21001737486082e-10,2.5886187120296e-09,12.8871232883749,"GGH","Q92820",0.99,5.2835,"CARDIOMETABOLIC",1
"OID20081",-0.451770836485917,2.3188911227154,-6.51712742438844,2.25271170496907e-10,2.61717481821204e-09,12.8684557665249,"EDIL3","O43854",0.04,1.1801,"CARDIOMETABOLIC",1
"OID21364",-0.632875889029003,0.627720365535248,-6.50386185869531,2.43974239085846e-10,2.81160635204576e-09,12.7907250397008,"TMPRSS15","P98073",0.64,0.6003,"ONCOLOGY",1
"OID20581",-0.537908860865909,1.75866736292428,-6.49476982959601,2.57624683957953e-10,2.94516538700732e-09,12.737661040857,"ITGA11","Q9UKX5",0.13,0.3969,"INFLAMMATION",1
"OID21349",-0.531352648171499,1.41919477806789,-6.43040280455776,3.78139107775748e-10,4.28857765882177e-09,12.3636983604057,"DTX3","Q8N9I9",0.04,0.3359,"ONCOLOGY",1
"OID21483",-0.3416331778058,-0.00304621409921671,-6.4154438541455,4.12976831974635e-10,4.64680230623428e-09,12.2777964150154,"CD1C","P29017",0.06,-0.7671,"ONCOLOGY",1
"OID20660",0.638470546448084,3.8357592689295,6.39778510550309,4.58801218909895e-10,5.12208548298624e-09,12.1753384473683,"CTSO","P43234",0.04,0.3212,"INFLAMMATION",1
"OID20189",-0.43347194619588,3.0251864229765,-6.39521906953646,4.65701886390018e-10,5.15882167171578e-09,12.1607796745515,"ADGRG2","Q8IZP9",0.03,1.0196,"CARDIOMETABOLIC",1
"OID20533",0.850222433795711,4.4393046997389,6.38688739845426,4.8933646599764e-10,5.37893699931252e-09,12.1125787279024,"TRIM21","P19474",0.03,0.9366,"INFLAMMATION",1
"OID21274",-0.470051282051279,1.04742845953003,-6.38430943615148,4.96801912324559e-10,5.41931246344882e-09,12.0978253803047,"IGF1R","P08069",0.03,-0.7789,"ONCOLOGY",1
"OID21391",-1.27318466162253,4.15744595300261,-6.36351387159062,5.61697941256498e-10,6.08080574284497e-09,11.9782623075049,"KLK4","Q9Y5K2",0.03,0.5592,"ONCOLOGY",1
"OID20113",0.665054010088272,3.29710835509138,6.36044067024052,5.71959778009373e-10,6.10169855367419e-09,11.9606316938099,"CTSH","P09668",0.15,2.437,"CARDIOMETABOLIC",1
"OID20363",-0.438369604875996,2.86633107049608,-6.36034438671557,5.72167674032429e-10,6.10169855367419e-09,11.9602634602451,"AXL","P30530",0.03,-0.1602,"CARDIOMETABOLIC",1
"OID20651",-0.566942660781839,3.94224516971279,-6.34298489809369,6.33826171836176e-10,6.70916740410293e-09,11.8606205539834,"ADAM23","O75077",0.04,0.2944,"INFLAMMATION",1
"OID20692",0.451113518284993,4.52108798955614,6.33374967300435,6.69063580353839e-10,7.03008717886497e-09,11.8079302551946,"CD48","P09326",0.04,0.343,"INFLAMMATION",1
"OID20969",0.576378894493484,6.02230522193211,6.31223116126637,7.59147959238846e-10,7.91841192519935e-09,11.6849615973529,"PSME1","Q06323",0.03,1.0394,"NEUROLOGY",1
"OID21372",-0.789992131147538,2.18479399477807,-6.3051476703168,7.91284714658742e-10,8.19381055976335e-09,11.6446002459454,"FAM3B","P58499",0.17,1.2277,"ONCOLOGY",1
"OID20599",0.561790323665404,3.24314281984334,6.27125043886804,9.64461758931764e-10,9.91522196772296e-09,11.4519651488862,"CD70","P32970",0.04,1.4367,"INFLAMMATION",1
"OID20316",-0.518829306431271,6.01245613577024,-6.25672765156474,1.0495447841786e-09,1.05991864376067e-08,11.3696917576437,"FAS","P25445",0.03,0.6277,"CARDIOMETABOLIC",1
"OID20647",-0.86740379571248,4.73298224543081,-6.25634599718909,1.05187703961782e-09,1.05991864376067e-08,11.3675317316579,"CD160","O95971",0.03,0.7001,"INFLAMMATION",1
"OID20257",-0.234789003783101,1.07893472584856,-6.25602257446188,1.05324315895042e-09,1.05991864376067e-08,11.3662263685602,"PEAR1","Q5VY43",0.03,-0.4318,"CARDIOMETABOLIC",1
"OID21515",0.457295329970574,2.64393263707572,6.25060679277543,1.08747703254782e-09,1.08671655909849e-08,11.3351370117707,"CREG1","O75629",0.06,1.6227,"ONCOLOGY",1
"OID21378",-1.23029272123225,2.45634973544974,-6.22692067901915,1.26278851845855e-09,1.25314221727588e-08,11.1956999247877,"MUC16","Q8WXI7",0.47,2.4159,"ONCOLOGY",1
"OID20951",-0.643593724253886,2.66172245430809,-6.21829191032302,1.31176571131921e-09,1.29276772515528e-08,11.1526985203045,"MDGA1","Q8NFP4",0.07,1.2496,"NEUROLOGY",1
"OID21328",-0.782886116015129,3.64637206266319,-6.21493124463638,1.33752846527631e-09,1.30912888827386e-08,11.1337773583312,"CD302","Q8IX05",0.04,1.0574,"ONCOLOGY",1
"OID20393",-0.598457990752415,3.08158015665796,-6.20967669568532,1.37880501082887e-09,1.34034854454044e-08,11.1042100224663,"CR2","P20023",0.03,-0.4762,"CARDIOMETABOLIC",1
"OID21499",-1.00446188734762,3.71093420365535,-6.20725902705413,1.3982129604475e-09,1.35003129762127e-08,11.0906126657019,"KLK1","P06870",0.33,2.9441,"ONCOLOGY",1
"OID20543",0.753855573770491,2.45647885117493,6.19640727131968,1.48866945559154e-09,1.42772392754383e-08,11.0296339306086,"PROK1","P58294",0.07,0.8195,"INFLAMMATION",1
"OID20129",-0.679714619588059,1.66976161879896,-6.19418219034301,1.50791211656339e-09,1.43653760971273e-08,11.0171414149011,"TSHB","P01222",0.22,0.9356,"CARDIOMETABOLIC",1
"OID21057",-0.358792156368221,2.92116240208877,-6.18609057917496,1.57921559216733e-09,1.4912257230317e-08,10.9721674638674,"NTRK3","Q16288",0.04,1.2524,"NEUROLOGY",1
"OID21123",-1.055774901219,2.65273289817232,-6.18540841123168,1.58618831281189e-09,1.4912257230317e-08,10.9679175767532,"OGN","P20774",0.05,0.8725,"NEUROLOGY",1
"OID20912",-0.7950062211013,2.462972845953,-6.15046029935419,1.93937702125388e-09,1.81135278651752e-08,10.7724138612234,"PTPRN2","Q92932",0.03,0.6776,"NEUROLOGY",1
"OID20307",-0.302471076082387,1.63358903394256,-6.12955878294654,2.18504555740958e-09,2.0275520139859e-08,10.6564075255498,"CNTN1","Q12860",0.04,-0.0647,"CARDIOMETABOLIC",1
"OID20200",-1.13740756620428,3.13081618798956,-6.12059357476107,2.30129254255851e-09,2.12164325375233e-08,10.6060558647013,"FABP2","P12104",0.05,0.8544,"CARDIOMETABOLIC",1
"OID20745",-0.829343900798651,4.64194360313316,-6.10574499635532,2.50502065855604e-09,2.28026774444853e-08,10.5235966360943,"CCL17","Q92583",0.04,0.9313,"INFLAMMATION",1
"OID20410",0.430565443463641,4.84201566579634,6.10570284968724,2.50526267234723e-09,2.28026774444853e-08,10.5234917757802,"C2","P06681",0.03,0.3922,"CARDIOMETABOLIC",1
"OID21008",-0.635489264396802,1.3641135770235,-6.10350668512593,2.5372225695411e-09,2.29474117207229e-08,10.5111808080953,"CDH3","P22223",0.04,-0.21,"NEUROLOGY",1
"OID20414",-0.57440583858764,4.4772634464752,-6.06991031013168,3.07207206506141e-09,2.761000616964e-08,10.3252731726409,"EFEMP1","Q12805",0.03,0.2638,"CARDIOMETABOLIC",1
"OID20295",-0.811482934005881,4.16732349869452,-6.06348177429046,3.18629846835431e-09,2.84576281954895e-08,10.2897968104731,"DLK1","P80370",0.03,-0.1999,"CARDIOMETABOLIC",1
"OID20380",-0.469242879361074,3.98568120104439,-6.0587503058247,3.27301197556361e-09,2.90505224414932e-08,10.2637056419022,"CD46","P15529",0.03,0.8429,"CARDIOMETABOLIC",1
"OID21412",-0.571479083648589,2.75873133159269,-6.0551821078983,3.33992769208745e-09,2.94614609382282e-08,10.2440403115166,"ANGPTL7","O43827",0.03,0.2724,"ONCOLOGY",1
"OID21384",-0.708368827238333,2.53150966057441,-6.0073574131587,4.37676751190136e-09,3.83705568988162e-08,9.98138873019704,"MOG","Q16653",0.03,-0.0526,"ONCOLOGY",1
"OID20602",0.543093589743589,1.47319608355091,6.00455804346346,4.44635212034699e-09,3.87429096339991e-08,9.96606803051447,"SLAMF7","Q9NQ25",0.08,0.3881,"INFLAMMATION",1
"OID21126",-0.430099983186211,2.84283577023499,-5.98666183286712,4.91699055522536e-09,4.25841182025275e-08,9.86834488793993,"IL1RAP","Q9NPH3",0.04,0.0749,"NEUROLOGY",1
"OID20361",-0.426051778058005,3.45953133159269,-5.9675313276471,5.47427852557896e-09,4.68480258441827e-08,9.76408554507553,"SPARCL1","Q14515",0.03,0.1111,"CARDIOMETABOLIC",1
"OID21032",-0.531133089533416,0.727250391644909,-5.96753232750484,5.47489175365886e-09,4.68480258441827e-08,9.76398613185864,"SUMF2","Q8NBJ7",0.05,-0.3754,"NEUROLOGY",1
"OID21528",0.447959630096678,5.96187127937337,5.93999926299182,6.38696582029884e-09,5.43272271262324e-08,9.61438623663691,"CEACAM1","P13688",0.03,2.0655,"ONCOLOGY",1
"OID21094",-0.828694716267335,1.80764647519582,-5.93387188170181,6.60928165948572e-09,5.58855827893793e-08,9.58117150825951,"PIK3IP1","Q96FE7",0.03,-0.1064,"NEUROLOGY",1
"OID21072",-0.19471713745271,-0.150665796344648,-5.93161742633237,6.68975543466119e-09,5.62332971537108e-08,9.56938502186547,"APOH","P02749",0.73,0.0539,"NEUROLOGY",1
"OID21520",-0.337366481715005,4.5307861618799,-5.90985958304168,7.5526203358879e-09,6.30496141239759e-08,9.45163857006574,"ERBB2","P04626",0.03,0.7019,"ONCOLOGY",1
"OID21351",-0.3765317864649,3.02839451697128,-5.90902089401003,7.58889687146526e-09,6.30496141239759e-08,9.44699827265209,"ICOSLG","O75144",0.03,0.2326,"ONCOLOGY",1
"OID21337",0.681648297604035,3.46018851174935,5.85334233756609,1.03354914341095e-08,8.53723541002455e-08,9.14729873167506,"ELOA","Q14241",0.04,0.8972,"ONCOLOGY",1
"OID21446",-0.880708692728034,4.48751644908616,-5.8409786221738,1.10651865498324e-08,9.08744343661527e-08,9.08112429219014,"TNFRSF19","Q9NS68",0.04,1.6173,"ONCOLOGY",1
"OID20600",-0.599551975620005,2.88092819843342,-5.83271888361187,1.15804228528202e-08,9.4562424323886e-08,9.03698078941359,"TGFA","P01135",0.04,1.0033,"INFLAMMATION",1
"OID21135",0.589674413619167,2.13862637075718,5.81341335120183,1.28776634269139e-08,1.04557846801477e-07,8.93400780498439,"TXNRD1","Q16881",0.04,0.5902,"NEUROLOGY",1
"OID20784",-0.860354821353506,6.08858668407311,-5.80024168192798,1.38429778101969e-08,1.1176053836594e-07,8.86391605905099,"REG4","Q9BYZ8",0.04,1.2277,"INFLAMMATION",1
"OID20235",0.433216372425389,2.69386005221932,5.79667441435425,1.41158592046432e-08,1.13323386536152e-07,8.84498577281861,"PCSK9","Q8NBP7",0.03,0.059,"CARDIOMETABOLIC",1
"OID21495",0.339108432114334,3.06705744125326,5.78484835167141,1.50552085075615e-08,1.20189346130197e-07,8.78249514549107,"TXNDC15","Q96J42",0.03,0.1198,"ONCOLOGY",1
"OID20276",-0.5682584741488,2.88465117493473,-5.77854883391521,1.55886515543678e-08,1.23756572617731e-07,8.74877025424107,"CTSB","P07858",0.03,0.3666,"CARDIOMETABOLIC",1
"OID20437",0.167229693148381,1.45915195822454,5.74150768861258,1.90697098588128e-08,1.50555886122892e-07,8.55336921909489,"AMBN","Q9NP70",0.04,0.8611,"INFLAMMATION",1
"OID21330",-0.334454703656997,0.81918955613577,-5.71890061462985,2.1562313804925e-08,1.69299705644164e-07,8.43433629843873,"GFRA2","O00451",0.08,0.2015,"ONCOLOGY",1
"OID20676",0.509366364018493,3.16357989556136,5.6908269651547,2.51089432036732e-08,1.96069288732508e-07,8.28684266715961,"SMPDL3A","Q92484",0.03,0.7667,"INFLAMMATION",1
"OID21110",-0.616847356031944,3.79365639686684,-5.65794468281888,2.99766980779071e-08,2.3280816061592e-07,8.11522597917825,"CD99","P14209",0.03,0.1433,"NEUROLOGY",1
"OID21463",-0.664091828499365,5.36873864229765,-5.6374221099401,3.34683515688774e-08,2.58520402118518e-07,8.00854225355274,"ANGPT2","O15123",0.04,0.7506,"ONCOLOGY",1
"OID20679",0.368868499369482,2.64283107049608,5.62826728763408,3.5143513874745e-08,2.70000437241992e-07,7.9612404449856,"CTSC","P53634",0.1,1.9153,"INFLAMMATION",1
"OID21017",0.388913068516183,0.620263968668407,5.62699710062147,3.53860495696806e-08,2.70409972380073e-07,7.95458924447364,"EZR","P15311",0.17,0.1409,"NEUROLOGY",1
"OID21411",-1.39830217738545,3.13947467362924,-5.62109805025349,3.65255814714853e-08,2.77633276184854e-07,7.92391823588252,"FGF23","Q9GZV9",0.04,0.7403,"ONCOLOGY",1
"OID20932",0.510989991593106,2.13320234986945,5.6171852314506,3.72978430355649e-08,2.82003268242446e-07,7.90366504526239,"SERPINB9","P50453",0.04,0.409,"NEUROLOGY",1
"OID21011",0.548477393862967,4.51082062663185,5.60884371622948,3.89976211356807e-08,2.92178742782457e-07,7.86052832545938,"PVR","P15151",0.03,0.6054,"NEUROLOGY",1
"OID20300",-0.37414846153846,3.28763733681462,-5.60854669564682,3.90525821353738e-08,2.92178742782457e-07,7.85914929679756,"HYOU1","Q9Y4L1",0.03,-0.0357,"CARDIOMETABOLIC",1
"OID20928",-0.443604379991591,2.23233289817232,-5.5925108334246,4.25469427901088e-08,3.16664485661799e-07,7.77622305894364,"CLEC10A","Q8IUN9",0.04,0.7465,"NEUROLOGY",1
"OID20970",-0.813580071458594,2.76204960835509,-5.57940336164341,4.5620970930276e-08,3.3778428735422e-07,7.7087172836044,"LAYN","Q6UX15",0.03,0.5931,"NEUROLOGY",1
"OID21150",0.667131530054643,4.28928328981723,5.56362741820497,4.96082124396516e-08,3.65413069980733e-07,7.62764685349352,"CTRB1","P17538",0.04,0.9719,"NEUROLOGY",1
"OID21065",-0.427189104665824,3.76425639686684,-5.52956917674295,5.94064158725693e-08,4.35342401445649e-07,7.45329203739299,"RGMA","Q96B86",0.03,0.6986,"NEUROLOGY",1
"OID20807",-0.53358126944094,0.715144386422977,-5.51661232671623,6.36081850655179e-08,4.63755594176659e-07,7.38720127205806,"MMP13","P45452",0.97,2.5975,"NEUROLOGY",1
"OID20268",-0.321280849096258,2.64179843342037,-5.5149502731346,6.41479404613889e-08,4.65316786392511e-07,7.37900177375359,"PDGFRB","P09619",0.03,-0.1426,"CARDIOMETABOLIC",1
"OID20719",0.438951424968474,4.62042584856397,5.51222828229008,6.50942718023044e-08,4.6979653740148e-07,7.36486890293627,"CSF1","P09603",0.04,0.3549,"INFLAMMATION",1
"OID20148",0.544972559899117,2.94804751958225,5.48282937228522,7.59691087950021e-08,5.45526916924914e-07,7.21550196432589,"DCTPP1","Q9H773",0.03,-0.0475,"CARDIOMETABOLIC",1
"OID20512",-0.748380731399744,0.371884856396867,-5.47918563116076,7.74342071836561e-08,5.53267410327223e-07,7.19703672215124,"ALDH3A1","P30838",0.65,0.3123,"INFLAMMATION",1
"OID21423",0.397121803278688,4.49359582245431,5.47148632989005,8.06168253015024e-08,5.73141509233069e-07,7.15809787897265,"GALNT2","Q10471",0.03,-0.0726,"ONCOLOGY",1
"OID20205",-0.740879352669186,2.38983289817232,-5.46027743717911,8.54891663011976e-08,6.04772369526789e-07,7.10138489723428,"NPDC1","Q9NQX5",0.03,-0.0067,"CARDIOMETABOLIC",1
"OID21451",-0.999776460697766,4.7355590078329,-5.44956185946202,9.04096682343698e-08,6.36430620231106e-07,7.04730300654566,"EDA2R","Q9HAV5",0.04,1.3131,"ONCOLOGY",1
"OID20233",-0.819583593947033,5.34278668407311,-5.42897015984987,1.00649456365536e-07,7.05039574246821e-07,6.94363129609393,"FAM3C","Q92520",0.03,1.2947,"CARDIOMETABOLIC",1
"OID20298",0.636091013030684,3.18839895561358,5.42549366435289,1.0248597050817e-07,7.14402204176466e-07,6.92616157619057,"CELA3A","P09093",0.04,0.1753,"CARDIOMETABOLIC",1
"OID21321",-0.624139894913828,0.775616971279373,-5.41520004613458,1.08116724124837e-07,7.47027122811708e-07,6.87449141081693,"TAFA5","Q7Z5A7",0.5,0.6692,"ONCOLOGY",1
"OID21531",-0.468750676754938,3.90753342036554,-5.41503080687963,1.08211766565447e-07,7.47027122811708e-07,6.87364259508932,"MIA","Q16674",0.04,0.2318,"ONCOLOGY",1
"OID20596",1.13781348886087,2.9021365535248,5.41397806125748,1.08804799547274e-07,7.47509896889682e-07,6.86836308359684,"KRT19","P08727",0.11,0.8425,"INFLAMMATION",1
"OID20649",-0.461524287515762,3.69355221932115,-5.39816968678423,1.18098915322059e-07,8.07403646593614e-07,6.78919009220108,"CD6","P30203",0.03,1.0294,"INFLAMMATION",1
"OID20161",-0.271305792349726,2.39388041775457,-5.39720079684462,1.18652740227193e-07,8.07403646593614e-07,6.78463885522063,"TYRO3","Q06418",0.03,0.673,"CARDIOMETABOLIC",1
"OID20136",-0.288014678436318,0.991987206266319,-5.39149733821362,1.22207906772564e-07,8.27654496578173e-07,6.75612619220645,"NTRK2","Q16620",0.24,0.5039,"CARDIOMETABOLIC",1
"OID20999",-0.687155073560315,4.64355953002611,-5.3721229897833,1.35119183296736e-07,9.10779777976586e-07,6.65917417597046,"ACVRL1","P37023",0.04,1.2452,"NEUROLOGY",1
"OID20274",1.09527965952081,3.45766240208877,5.35538973723017,1.47285922496596e-07,9.85165657435257e-07,6.57593286727683,"PLA2G2A","P14555",0.51,3.5741,"CARDIOMETABOLIC",1
"OID20941",0.438959693148381,2.20979268929504,5.35506328782888,1.47533555417176e-07,9.85165657435257e-07,6.57431113198843,"IFNGR2","P38484",0.04,-0.2418,"NEUROLOGY",1
"OID21453",0.865915788146278,8.89979817232376,5.34110513102663,1.58508301562689e-07,1.0535272694562e-06,6.50504939711571,"SORD","Q00796",0.04,1.7427,"ONCOLOGY",1
"OID20847",0.849350575872214,3.03329373368146,5.33948245593067,1.59834438433119e-07,1.0574232061154e-06,6.4970076222338,"PTS","Q03393",0.23,2.175,"NEUROLOGY",1
"OID21101",-0.806111084489278,6.00934621409922,-5.31488699425653,1.81303803301387e-07,1.19393149731651e-06,6.37537340654483,"GUCA2A","Q02747",0.03,0.139,"NEUROLOGY",1
"OID21503",0.291298667507356,1.06114464751958,5.31078650174398,1.85086193989328e-07,1.21324849179243e-06,6.35541846576929,"SIAE","Q9HAT2",0.05,0.2835,"ONCOLOGY",1
"OID21093",0.428751193778897,3.45517859007833,5.30549227813045,1.90222144967219e-07,1.24122121076783e-06,6.32904064171114,"INHBC","P55103",0.04,0.7445,"NEUROLOGY",1
"OID20366",-0.333618192517866,2.18406083550914,-5.29702943300481,1.98580291746469e-07,1.28986925866229e-06,6.28753391826626,"CHL1","O00533",0.03,-0.1984,"CARDIOMETABOLIC",1
"OID20657",0.446891546868431,5.01103994778068,5.28983773521155,2.06036813699232e-07,1.33224708948508e-06,6.25199287259272,"MERTK","Q12866",0.03,1.1934,"INFLAMMATION",1
"OID21486",-0.663103236654053,2.48390026109661,-5.26626153468961,2.32286592976131e-07,1.49521415028329e-06,6.13632781684382,"NBL1","P41271",0.07,1.3208,"ONCOLOGY",1
"OID21484",-0.231159041614122,0.799102349869452,-5.25444987656475,2.46554061899533e-07,1.57993611862974e-06,6.07881272579341,"L1CAM","P32004",0.04,-0.0192,"ONCOLOGY",1
"OID20726",0.405014232870954,3.80167963446475,5.25003735246049,2.5220538689671e-07,1.60893525837231e-06,6.05699133432708,"ANGPTL2","Q9UKU9",0.04,0.5321,"INFLAMMATION",1
"OID21309",0.866616792770069,4.76698590078329,5.24511938623113,2.58563721291497e-07,1.64216692322466e-06,6.0329842456964,"GRPEL1","Q9HAV7",0.03,0.1647,"ONCOLOGY",1
"OID20489",0.577759197141656,2.13458903394256,5.24137837835587,2.63504210390142e-07,1.66613945419254e-06,6.01473553065993,"GBP2","P32456",0.76,2.5835,"INFLAMMATION",1
"OID20565",-0.479635052543084,2.67404647519582,-5.23707543931708,2.69300030126324e-07,1.69528521167628e-06,5.99375964470116,"CD83","Q01151",0.04,1.1751,"INFLAMMATION",1
"OID20287",-0.232175758722151,4.28707859007833,-5.22540894029154,2.85557018086271e-07,1.78974113528632e-06,5.9372223673995,"ENG","P17813",0.03,-0.2823,"CARDIOMETABOLIC",1
"OID21038",-0.781876654056322,2.60583107049608,-5.22023410353069,2.93196170878146e-07,1.82959531958459e-06,5.91180534256519,"CHGB","P05060",0.11,1.2025,"NEUROLOGY",1
"OID21296",0.918449924337955,5.68130652741514,5.21616848265735,2.99265848935708e-07,1.8593517309962e-06,5.89205526028398,"KRT18","P05783",0.04,0.1281,"ONCOLOGY",1
"OID20937",0.854003488860865,4.21807597911227,5.19291852954026,3.36387263007655e-07,2.08094112051056e-06,5.77936745873288,"FKBP5","Q13451",0.03,0.4044,"NEUROLOGY",1
"OID20714",0.896143215636819,6.54355039164491,5.18194696888079,3.55418516070983e-07,2.18919422183377e-06,5.7263422981535,"SHMT1","P34896",0.04,0.8629,"INFLAMMATION",1
"OID20738",-0.719941357713322,5.09653368146214,-5.17217061017219,3.73252376121511e-07,2.28917444411004e-06,5.67917559177261,"COLEC12","Q5KU26",0.04,0.7968,"INFLAMMATION",1
"OID20389",-0.313757742749052,1.62556762402089,-5.17077896714577,3.75777965897638e-07,2.29481501396464e-06,5.67265636205501,"AOC3","Q16853",0.04,-0.1565,"CARDIOMETABOLIC",1
"OID20974",-0.470242942412775,4.66189634464752,-5.14162977508924,4.34727302319635e-07,2.6435119787862e-06,5.5323282361401,"ADGRB3","O60242",0.03,0.7988,"NEUROLOGY",1
"OID21518",-0.504423854560737,0.94673681462141,-5.13250444073728,4.54924951579922e-07,2.75460913477843e-06,5.48859840582027,"KLK11","Q9UBX7",0.04,-0.4568,"ONCOLOGY",1
"OID21396",-0.427804169819249,1.37581018276762,-5.12537753106896,4.71328467503644e-07,2.84189189899877e-06,5.45449235322131,"PDCD1","Q15116",0.04,0.1329,"ONCOLOGY",1
"OID21098",-0.360353085329969,2.92913603133159,-5.12020570216646,4.83552788027264e-07,2.90334846256706e-06,5.42983277643399,"SUSD2","Q9UGT4",0.03,0.3129,"NEUROLOGY",1
"OID21114",0.499644527112231,2.07570078328982,5.10750984298856,5.15010819620874e-07,3.07929063279594e-06,5.36916756659367,"SOD2","P04179",0.06,0.7955,"NEUROLOGY",1
"OID21165",0.428388175704077,0.467415143603133,5.10485029158862,5.21839062560318e-07,3.10051870684829e-06,5.35648944562158,"SFTPA1","Q8IWL2",0.5,0.2936,"ONCOLOGY",1
"OID20757",-0.344544485077761,6.03507127937337,-5.10441706901747,5.2290063565461e-07,3.10051870684829e-06,5.35452132150762,"IL1R2","P27930",0.03,0.6715,"INFLAMMATION",1
"OID20919",-0.481819920134509,1.15923733681462,-5.06212877367186,6.44307006252763e-07,3.80460624766611e-06,5.15362558659358,"ULBP2","Q9BZM5",0.16,0.5972,"NEUROLOGY",1
"OID20979",0.589784657419084,6.51764621409922,5.05725510962757,6.5993022064027e-07,3.88082421932076e-06,5.13057758388118,"MATN3","O15232",0.03,0.9374,"NEUROLOGY",1
"OID21095",-0.249697999159309,2.86424151436031,-5.05329398817116,6.72718672316042e-07,3.93981550303124e-06,5.11208621290568,"NCAM2","O15394",0.03,0.5075,"NEUROLOGY",1
"OID21258",-0.27467247583018,0.648522454308094,-5.04739018644727,6.92499731051039e-07,4.03911067621198e-06,5.08421066469037,"PLXDC1","Q8IUK5",0.73,0.8868,"ONCOLOGY",1
"OID20237",0.514552597730138,3.33809582245431,5.04214463731084,7.10733784544854e-07,4.11055419401852e-06,5.05924222809353,"UMOD","P07911",0.04,0.3522,"CARDIOMETABOLIC",1
"OID20949",0.238956174863387,1.49892480417755,5.04147230654234,7.12892085618083e-07,4.11055419401852e-06,5.05629726267881,"GLB1","P16278",0.22,1.2406,"NEUROLOGY",1
"OID20155",-0.466014922236232,1.40725561357702,-5.04138701313782,7.13378194623228e-07,4.11055419401852e-06,5.05567046114844,"IGFBPL1","Q8WX77",0.04,0.2847,"CARDIOMETABOLIC",1
"OID21227",0.572265956284152,3.02513759791123,5.02680214365399,7.66179644665816e-07,4.39707113344358e-06,4.98700270003413,"NAMPT","P43490",0.19,2.083,"ONCOLOGY",1
"OID20175",-0.901902723833539,2.92711305483029,-5.02160262677193,7.859019715323e-07,4.49221566927863e-06,4.96256472434725,"GHRL","Q9UBU3",0.06,0.6713,"CARDIOMETABOLIC",1
"OID21469",-0.895761853720047,6.33568407310705,-5.00978406057498,8.3257416753056e-07,4.74003380637916e-06,4.90709934787321,"CD300LF","Q8TDQ1",0.03,1.2076,"ONCOLOGY",1
"OID20208",-0.432372021857921,3.87791618798956,-4.99355366842295,9.01057001393859e-07,5.1095652975866e-06,4.83111572571295,"COL4A1","P02462",0.03,0.1472,"CARDIOMETABOLIC",1
"OID21020",0.251367788986968,1.70844334203655,4.98704063612107,9.29806943186304e-07,5.25175542218667e-06,4.80090052101318,"SEMA4D","Q92854",0.04,0.1509,"NEUROLOGY",1
"OID21410",0.634488831441781,1.14294229765013,4.98398754889957,9.43938084536099e-07,5.31058079843341e-06,4.78643266239857,"DPY30","Q9C005",0.19,0.4762,"ONCOLOGY",1
"OID20909",-0.410739831862125,2.2521454308094,-4.98014443292475,9.6171490301767e-07,5.38937488789118e-06,4.76850275919176,"GGT5","P36269",0.04,1.0187,"NEUROLOGY",1
"OID21146",-0.245633837746951,1.14061644908616,-4.9791419117341,9.66161884120624e-07,5.3931458297202e-06,4.7640413186844,"IGF2R","P11717",0.03,-0.4079,"NEUROLOGY",1
"OID21368",-0.524896355611599,5.07247467362924,-4.96665978623742,1.02668520613967e-06,5.70868933686219e-06,4.70568677475469,"CCN1","O00622",0.03,0.5723,"ONCOLOGY",1
"OID20336",0.437234981084489,2.60562819843342,4.95349536839469,1.09419261323062e-06,6.06046993917272e-06,4.64450691151966,"BLMH","Q13867",0.03,0.1481,"CARDIOMETABOLIC",1
"OID21507",-0.470762934005883,3.34095404699739,-4.94223310155389,1.15533205070358e-06,6.36969698292034e-06,4.5922803732695,"FGFBP1","Q14512",0.03,0.7362,"ONCOLOGY",1
"OID20506",0.341287208911305,2.32909634464752,4.94157042831928,1.15893716974058e-06,6.36969698292034e-06,4.58927881763385,"IFNLR1","Q8IU57",0.04,0.2675,"INFLAMMATION",1
"OID20570",0.633097150063053,5.66872506527415,4.94051915504042,1.16492118493234e-06,6.37805506999353e-06,4.5843414534163,"PTX3","P26022",0.03,0.9545,"INFLAMMATION",1
"OID20677",-0.543353266078183,3.26901122715405,-4.92975105529401,1.226948462308e-06,6.69202042991652e-06,4.53451956332905,"EPHA1","P21709",0.04,0.2496,"INFLAMMATION",1
"OID21113",-0.327156099201343,2.41068381201044,-4.90567830494071,1.37721424346169e-06,7.48303860801049e-06,4.42357751363108,"DSG2","Q14126",0.03,-0.3584,"NEUROLOGY",1
"OID21471",0.460375145018915,2.60190574412533,4.89758784014459,1.43180074969586e-06,7.75016390649765e-06,4.38627688635137,"HTRA2","O43464",0.04,0.8649,"ONCOLOGY",1
"OID20087",-0.450588999579652,1.24956945169713,-4.89190568172999,1.47126900754958e-06,7.93374872372962e-06,4.36017630551672,"MMP7","P09237",0.43,1.2151,"CARDIOMETABOLIC",1
"OID20748",-0.729831500630514,6.10488720626632,-4.8894184404309,1.48887395123247e-06,7.9984995350045e-06,4.34875975377414,"LGALS4","P56470",0.04,0.5316,"INFLAMMATION",1
"OID21106",0.242661282051282,3.9180407310705,4.87732541647014,1.57703975764056e-06,8.44041128714743e-06,4.29352198118017,"NOMO1","Q15155",0.03,0.0916,"NEUROLOGY",1
"OID21498",0.60210566624632,5.49007336814621,4.86635673449516,1.66208752656373e-06,8.86239953529688e-06,4.24314952359948,"NT5E","P21589",0.03,0.8929,"ONCOLOGY",1
"OID21090",-0.427000079865486,1.28492872062663,-4.86212236849223,1.69593710902895e-06,9.00927185428392e-06,4.22380631284764,"CLEC14A","Q86T13",0.05,0.1539,"NEUROLOGY",1
"OID20332",-0.439996796973516,6.16326475195822,-4.84943175335163,1.80141733019835e-06,9.53416801797569e-06,4.16592282944749,"COL18A1","P39060",0.03,-0.4108,"CARDIOMETABOLIC",1
"OID20353",-0.367044459857081,2.41646892950392,-4.84649167467404,1.82674233071006e-06,9.63252690252645e-06,4.15253184120355,"CDH1","P12830",0.03,0.9005,"CARDIOMETABOLIC",1
"OID20490",-0.344313627574609,0.98102819843342,-4.84496511039257,1.83992640146745e-06,9.66637804300362e-06,4.14562766348987,"FGF5","P12034",0.1,0.2886,"INFLAMMATION",1
"OID21370",-0.30117863387978,2.32747467362924,-4.84190898789079,1.86661710892948e-06,9.77068076432317e-06,4.13180230737506,"AMIGO2","Q86SJ2",0.04,0.6966,"ONCOLOGY",1
"OID20259",-0.609345594787724,1.92642140992167,-4.83193742909117,1.95725135641875e-06,1.02077087165051e-05,4.08634833400629,"XG","P55808",0.04,0.2096,"CARDIOMETABOLIC",1
"OID20562",0.418256006725514,3.40607336814621,4.8311419266666,1.96463801304419e-06,1.02089735296005e-05,4.08273596736455,"IL15","P40933",0.03,1.0689,"INFLAMMATION",1
"OID21353",-0.360187503152584,1.57513968668407,-4.82410630370743,2.03111386321073e-06,1.05161656178556e-05,4.05082450130522,"SMAD5","Q99717",0.06,0.3871,"ONCOLOGY",1
"OID21174",0.4293515889029,1.52903107049608,4.80992322811988,2.17188854730169e-06,1.12044358631557e-05,3.98657645399297,"RRM2B","Q7LG56",0.34,1.1528,"ONCOLOGY",1
"OID20100",0.229628549810845,1.66487885117493,4.80595977252172,2.21238119649917e-06,1.13722760064652e-05,3.96884169682125,"ENTPD6","O75354",0.04,0.2682,"CARDIOMETABOLIC",1
"OID20273",-0.266788284993694,1.8152407310705,-4.80113345012941,2.26329972552468e-06,1.15923129310924e-05,3.94703067322364,"ALCAM","Q13740",0.03,-0.1058,"CARDIOMETABOLIC",1
"OID20642",-0.630505510718788,4.08598877284595,-4.79881880208737,2.28859526564742e-06,1.1680009409322e-05,3.93640254289282,"TPSAB1","Q15661",0.04,0.3793,"INFLAMMATION",1
"OID20320",-0.442521601513239,3.27537336814621,-4.79387758174139,2.34244940905254e-06,1.19123138987049e-05,3.91410932128072,"QPCT","Q16769",0.04,0.5296,"CARDIOMETABOLIC",1
"OID20231",-0.405466721311473,3.06235874673629,-4.78650330760709,2.42509919279076e-06,1.22888891719787e-05,3.88087680233183,"THBD","P07204",0.03,0.6161,"CARDIOMETABOLIC",1
"OID20408",-0.620609264396803,4.28666318537859,-4.76408799538121,2.6939442698386e-06,1.36029906770295e-05,3.78013981283757,"PTGDS","P41222",0.03,-0.132,"CARDIOMETABOLIC",1
"OID21449",-0.381992997057585,4.81750704960835,-4.76155358366908,2.72608946705128e-06,1.37168374944235e-05,3.76877628694434,"CD5","P06127",0.03,1.2991,"ONCOLOGY",1
"OID21343",-0.358491420765026,2.03243394255875,-4.75807348555118,2.77083191569293e-06,1.38930484474568e-05,3.75318134162473,"RTBDN","Q9BSG5",0.03,0.6776,"ONCOLOGY",1
"OID20686",-0.393820071458594,2.89132323759791,-4.75681498088009,2.78718559430401e-06,1.39203723919799e-05,3.74754424903095,"CCL21","O00585",0.03,0.0354,"INFLAMMATION",1
"OID21493",-0.556811778058004,2.71020130548303,-4.75615766089243,2.79576408432346e-06,1.39203723919799e-05,3.74460050867092,"TGFBR2","P37173",0.04,0.8989,"ONCOLOGY",1
"OID20262",-0.313261504833963,3.84378459530026,-4.74332026657892,2.96819598540879e-06,1.4727611330379e-05,3.68726478445669,"CD209","Q9NNX6",0.03,0.2253,"CARDIOMETABOLIC",1
"OID20624",-0.28922573350147,5.31091253263708,-4.74188217477319,2.98799553104172e-06,1.47745522970887e-05,3.68089037551782,"TNFSF12","O43508",0.03,0.9012,"INFLAMMATION",1
"OID20392",-0.572680403530892,2.50910287206266,-4.7368956988655,3.05874653097786e-06,1.50722372164392e-05,3.65849828661429,"LCN2","P80188",0.63,2.8773,"CARDIOMETABOLIC",1
"OID20966",0.480163787305591,4.40776945169713,4.72645708035556,3.21105678070214e-06,1.57683853595304e-05,3.61196677493207,"CD274","Q9NZQ7",0.03,1.5279,"NEUROLOGY",1
"OID21331",0.368052345523329,2.2638772845953,4.7200984415651,3.30738741994523e-06,1.61858103530881e-05,3.583667061246,"ARSB","P15848",0.03,0.566,"ONCOLOGY",1
"OID21133",-0.547304863387976,3.90127336814621,-4.71139873690739,3.4437018131656e-06,1.67953921195005e-05,3.54500314122,"FCER2","P06734",0.04,0.6576,"NEUROLOGY",1
"OID20438",-0.335591029844472,2.1199590078329,-4.70003633712311,3.62972388938642e-06,1.76424334623578e-05,3.4946417227454,"LRRN1","Q6UXK5",0.03,0.6237,"INFLAMMATION",1
"OID20223",-0.497293804119376,2.3560955613577,-4.69515512163605,3.71283296358125e-06,1.79852145930766e-05,3.47298197617258,"CHRDL2","Q6WN34",0.04,0.2802,"CARDIOMETABOLIC",1
"OID20214",-0.707801298865067,3.42270391644909,-4.69163623784357,3.77374684516378e-06,1.8218527843713e-05,3.45740909965373,"SFTPD","P35247",0.07,1.6712,"CARDIOMETABOLIC",1
"OID20220",-1.11086792349727,4.42864960835509,-4.68530410627825,3.88579029842279e-06,1.86962772270915e-05,3.42941235755924,"GH1","P01241",0.03,0.0447,"CARDIOMETABOLIC",1
"OID20669",0.585992530474989,6.87191227154047,4.68389090740074,3.91122942777026e-06,1.87555263499453e-05,3.42316867224419,"KYNU","Q16719",0.03,0.8386,"INFLAMMATION",1
"OID21346",0.42550223623371,2.46254386422977,4.68279768952363,3.93101840338286e-06,1.87873755800472e-05,3.41833985385377,"RET","P07949",0.03,-0.4301,"ONCOLOGY",1
"OID20493",-0.386095960487599,1.5682819843342,-4.68206084672888,3.94441073745662e-06,1.8788543146085e-05,3.41508573552433,"ITGB6","P18564",0.58,1.7344,"INFLAMMATION",1
"OID21526",-0.439361664564942,5.20090130548303,-4.65850477283706,4.39644753718097e-06,2.08721711981116e-05,3.31129576865804,"KLK6","Q92876",0.03,0.3327,"ONCOLOGY",1
"OID20947",-0.350943829340058,2.84267519582245,-4.65495313233485,4.46878511299826e-06,2.11453441273991e-05,3.29568747782331,"TMPRSS5","Q9H3S3",0.03,0.7312,"NEUROLOGY",1
"OID20662",-0.436765821773852,6.02871592689295,-4.64015546642209,4.78268527902148e-06,2.25559645667383e-05,3.23077101255504,"VEGFD","O43915",0.03,0.6586,"INFLAMMATION",1
"OID20270",-0.385196204287514,1.55491644908616,-4.6342521264888,4.91373786524597e-06,2.30978006889359e-05,3.20492493716033,"ESAM","Q96AP7",0.03,-0.4769,"CARDIOMETABOLIC",1
"OID21122",-0.40193250105086,3.76926422976501,-4.60699603792782,5.5649154970522e-06,2.60466240756048e-05,3.08597345915738,"CD99L2","Q8TCZ2",0.03,0.3635,"NEUROLOGY",1
"OID20236",-0.4023779445145,2.11037232375979,-4.60649955519345,5.57751362290767e-06,2.60466240756048e-05,3.0838125211012,"IGFBP7","Q16270",0.03,-0.1218,"CARDIOMETABOLIC",1
"OID20103",-0.589985905842787,1.8128819843342,-4.59866718576243,5.7799218653382e-06,2.68293106154574e-05,3.04974976007403,"S100P","P25815",0.36,1.4024,"CARDIOMETABOLIC",1
"OID21441",0.374129071038251,2.26510234986945,4.59856287485655,5.78266456932181e-06,2.68293106154574e-05,3.04929646485862,"HS6ST1","O60243",0.11,1.5072,"ONCOLOGY",1
"OID20590",0.395922152164773,4.82386997389034,4.58084182426465,6.26721925044664e-06,2.89833537504474e-05,2.9724212238429,"CLEC4G","Q6UXB4",0.03,1.36,"INFLAMMATION",1
"OID20079",-0.511933661202183,0.185757702349869,-4.57842128420061,6.33635867499813e-06,2.9208569505072e-05,2.96194137806291,"ACTA2","P62736",0.6,0.2262,"CARDIOMETABOLIC",1
"OID20370",-0.271598373266078,1.52895639686684,-4.57371678522265,6.47187438842415e-06,2.97373263699618e-05,2.94170992990444,"KIT","P10721",0.03,-0.4628,"CARDIOMETABOLIC",1
"OID20134",-0.373464115174441,0.259800261096606,-4.56547433292522,6.7187887283351e-06,3.07729137589451e-05,2.90597121195648,"CDH17","Q12864",0.51,0.1093,"CARDIOMETABOLIC",1
"OID21490",-0.543430790248001,2.35954308093995,-4.53648998251581,7.65692933318241e-06,3.49576741760948e-05,2.7811861647388,"NECTIN4","Q96NY8",0.04,0.6891,"ONCOLOGY",1
"OID20371",-0.716164451450186,1.82232088772846,-4.52961728400338,7.89715855485807e-06,3.59396164805484e-05,2.75170206701698,"TFF3","Q07654",0.85,2.856,"CARDIOMETABOLIC",1
"OID20323",0.345209558638083,4.0420365535248,4.52831106418124,7.94362711055754e-06,3.60363274317039e-05,2.74610288177161,"LILRB1","Q8NHL6",0.03,-0.1878,"CARDIOMETABOLIC",1
"OID20102",-0.636317595628413,2.59180522193211,-4.52611845928818,8.02221919146325e-06,3.62776937487373e-05,2.73670741744128,"CEACAM8","P31997",0.06,1.1543,"CARDIOMETABOLIC",1
"OID20730",-0.455608108448926,4.12178276762402,-4.5225745090708,8.15082921535387e-06,3.67430124565952e-05,2.72152998703164,"SMOC2","Q9H3U7",0.04,0.5896,"INFLAMMATION",1
"OID20961",0.585768541403951,2.84891723237598,4.51937008627893,8.26881921479491e-06,3.71484619362946e-05,2.70781582203389,"NPM1","P06748",0.05,0.9859,"NEUROLOGY",1
"OID20557",0.417367587221521,1.69561331592689,4.51872514992333,8.2927637212582e-06,3.71484619362946e-05,2.70505670408886,"MAPK9","P45984",0.2,1.1079,"INFLAMMATION",1
"OID20678",-0.312877213114752,1.35699190600522,-4.51618315890023,8.38730527365748e-06,3.7449349154811e-05,2.69423256601825,"IFNGR1","P15260",0.04,-0.1003,"INFLAMMATION",1
"OID21116",-0.28537321563682,3.84898302872063,-4.51550649810499,8.41234505157057e-06,3.7449349154811e-05,2.69138145418472,"IL1R1","P14778",0.03,0.4719,"NEUROLOGY",1
"OID21344",-0.432624068936526,2.52413342036554,-4.51305034288856,8.50633968439077e-06,3.77501844999826e-05,2.68079442887515,"CA12","O43570",0.04,0.8974,"ONCOLOGY",1
"OID20360",-0.384700130306849,3.21738328981723,-4.49925743579903,9.04767344044518e-06,4.00282518464277e-05,2.62193800680519,"CD163","Q86VB7",0.03,0.1153,"CARDIOMETABOLIC",1
"OID20314",0.369757280369903,4.21337859007833,4.49312164406396,9.2989677703745e-06,4.10130399502011e-05,2.59580772343818,"ACP5","P13686",0.03,0.0783,"CARDIOMETABOLIC",1
"OID21045",-0.341634043715846,1.25555822454308,-4.49186481214376,9.35126156386539e-06,4.11167777685035e-05,2.59045925531211,"RGMB","Q6NW40",0.11,0.676,"NEUROLOGY",1
"OID20688",-0.753313274485076,2.99933890339426,-4.47736681917045,9.97524837623129e-06,4.37258586798605e-05,2.52886017701901,"SCGB1A1","P11684",0.04,0.6318,"INFLAMMATION",1
"OID21058",-0.522753736864226,3.36429503916449,-4.47203682092136,1.02145333633645e-05,4.46378231689538e-05,2.50625914733011,"SCARA5","Q6ZMJ2",0.04,0.631,"NEUROLOGY",1
"OID20335",-0.198714682639764,0.448414882506527,-4.46900517551818,1.03513328940694e-05,4.50977277610522e-05,2.49355272791485,"COL1A1","P02452",0.03,-0.262,"CARDIOMETABOLIC",1
"OID20948",0.409091782261454,3.88614856396867,4.46542598028745,1.05189720581976e-05,4.56887874503475e-05,2.47826058884878,"SETMAR","Q53H47",0.03,0.552,"NEUROLOGY",1
"OID20188",-0.472723493064313,4.71936840731071,-4.4632784232471,1.06197283529465e-05,4.59866418677591e-05,2.46917317803978,"LPL","P06858",0.03,1.4088,"CARDIOMETABOLIC",1
"OID20329",0.453720588482556,3.08354360313316,4.45894653088122,1.08257888545284e-05,4.6696650760859e-05,2.4508547133516,"PRTN3","P24158",0.16,2.2927,"CARDIOMETABOLIC",1
"OID21267",-0.325270374106767,-0.515622193211488,-4.45845721120684,1.08490469227468e-05,4.6696650760859e-05,2.44880588398199,"BAMBI","Q13145",0.96,0.4918,"ONCOLOGY",1
"OID20734",-0.257707271963008,4.12847362924282,-4.44639031952796,1.14433424033682e-05,4.91067155988381e-05,2.39796248162865,"ROBO1","Q9Y6N7",0.03,0.2704,"INFLAMMATION",1
"OID20580",-0.297643539302227,1.93064751958225,-4.43944082463501,1.18012658965464e-05,5.04910448088765e-05,2.36862448718663,"LY75","O60449",0.25,1.5022,"INFLAMMATION",1
"OID20769",-0.314241168558216,4.37207624020888,-4.42272394277941,1.27049049875489e-05,5.41949529170371e-05,2.29833821229392,"LAMA4","Q16363",0.03,0.5163,"INFLAMMATION",1
"OID20525",-0.426427263556115,0.768386161879896,-4.41991791422585,1.28633788938937e-05,5.4707644164804e-05,2.28653601468083,"EDAR","Q9UNE0",0.18,0.1778,"INFLAMMATION",1
"OID21422",-0.662253669609075,3.85247937336815,-4.41181530528348,1.33301839656305e-05,5.64929549501974e-05,2.25258574537585,"HAVCR1","Q96D42",0.04,0.1091,"ONCOLOGY",1
"OID21425",0.585782471626732,6.52409242819843,4.41126917166583,1.33622244738745e-05,5.64929549501974e-05,2.25029944623205,"SCLY","Q96I15",0.03,0.4013,"ONCOLOGY",1
"OID21262",-0.467257150063049,0.781340731070496,-4.40382440740382,1.38064158679992e-05,5.81987264760201e-05,2.21915865216421,"SORCS2","Q96PQ0",0.33,0.4652,"ONCOLOGY",1
"OID20212",-0.361878158890288,2.79644334203655,-4.38441384803171,1.50320206290458e-05,6.31786984673719e-05,2.13818952498616,"PRSS27","Q9BQR3",0.03,0.8459,"CARDIOMETABOLIC",1
"OID20680",-0.453510290037827,5.5595725848564,-4.3836694236146,1.50810390137256e-05,6.31988409108913e-05,2.13509067407414,"CD276","Q5ZPR3",0.03,0.4166,"INFLAMMATION",1
"OID20319",0.167807923497267,2.76354960835509,4.37307858355582,1.57927443356144e-05,6.59878118584588e-05,2.09118147583328,"EGFR","P00533",0.03,0.1502,"CARDIOMETABOLIC",1
"OID20568",-0.625162021857921,2.25743890339426,-4.3679791073343,1.6150513322744e-05,6.72859578373213e-05,2.06988658653326,"NPPC","P23582",0.05,0.7402,"INFLAMMATION",1
"OID20377",-0.36264102984447,3.37296788511749,-4.36047404483059,1.66873713065938e-05,6.9320504642798e-05,2.03877267318304,"CD55","P08174",0.14,2.7778,"CARDIOMETABOLIC",1
"OID21142",-0.52140684321143,3.73603942558747,-4.34612232144927,1.77618990666302e-05,7.35703007716364e-05,1.9794092921211,"RELT","Q969Z4",0.04,1.4617,"NEUROLOGY",1
"OID20317",0.278878511979824,5.40907571801567,4.3391035888695,1.83095991895766e-05,7.5619703011286e-05,1.95051243754345,"PLXNB2","O15031",0.03,-0.2209,"CARDIOMETABOLIC",1
"OID21055",0.37442080706179,4.01496031331593,4.33767876085248,1.84246706995513e-05,7.5875661180573e-05,1.94456681464033,"NCAN","O14594",0.04,1.0111,"NEUROLOGY",1
"OID21318",-0.402408793610759,1.22834647519582,-4.33541852570064,1.86060601133671e-05,7.64024709827633e-05,1.93525033773904,"CDNF","Q49AH0",0.15,0.6139,"ONCOLOGY",1
"OID20064",-0.234850243799915,0.249046214099217,-4.31974752968681,1.99085127013344e-05,8.15165176223693e-05,1.87089706388742,"SERPINB5","P36952",0.98,1.0748,"CARDIOMETABOLIC",1
"OID21025",-0.229259285414038,1.32303315926893,-4.31522594550832,2.03011101757633e-05,8.2886532689045e-05,1.85233328780596,"CD34","P28906",0.04,-0.3855,"NEUROLOGY",1
"OID21104",-0.478953253467841,3.36205352480418,-4.28959245105717,2.26738176189471e-05,9.23102147506423e-05,1.74730957130665,"THBS2","P35442",0.03,-0.3379,"NEUROLOGY",1
"OID21006",-0.270048511979823,1.44890600522193,-4.28503327388645,2.31199985090813e-05,9.38593121291967e-05,1.72878273220374,"CNTN5","O94779",0.05,0.3865,"NEUROLOGY",1
"OID21473",0.235118188314417,4.17291331592689,4.27676621271787,2.39531208541099e-05,9.69660331459575e-05,1.69514687509517,"PLA2G15","Q8NCC3",0.03,0.7581,"ONCOLOGY",1
"OID21139",-0.216422093316518,2.85907650130548,-4.27266381108648,2.43777789936593e-05,9.84063451467207e-05,1.67845564776231,"ITGA5","P08648",0.03,0.2332,"NEUROLOGY",1
"OID21259",0.515978566624632,2.89750574412533,4.27060398043754,2.4597216747871e-05,9.90124584019934e-05,1.66996590184863,"GFER","P55789",0.04,0.721,"ONCOLOGY",1
"OID21472",-0.445975128205125,1.58900522193211,-4.26932000533972,2.47327495045735e-05,9.92783680956056e-05,1.66474728075888,"CD33","P20138",0.18,0.7069,"ONCOLOGY",1
"OID20804",0.3630137074401,0.337495561357702,4.26859304260543,2.48098015280816e-05,9.93087013547018e-05,1.66179322730208,"C19orf12","Q9NSK7",0.98,2.1782,"NEUROLOGY",1
"OID21228",0.358698339638503,1.6787180156658,4.26371589942108,2.53326974404789e-05,0.000101118504587833,1.64198651042762,"CLEC6A","Q6EIG7",0.09,0.6669,"ONCOLOGY",1
"OID21108",-0.28437356031946,2.46633550913838,-4.26054907357639,2.56761882792959e-05,0.000102204103206445,1.62918820046051,"CD109","Q6YHK3",0.04,0.5125,"NEUROLOGY",1
"OID20626",-0.348398293400587,4.92672924281984,-4.25557617898021,2.62289009224659e-05,0.000104114165050566,1.60897589575037,"BSG","P35613",0.03,1.1244,"INFLAMMATION",1
"OID20720",-0.411577973938627,2.50274464751958,-4.25384047770696,2.64238830516863e-05,0.000104597586927589,1.60194418457581,"SPINT2","O43291",0.03,-0.0758,"INFLAMMATION",1
"OID20498",-0.262469718369061,0.008288772845953,-4.25141200682962,2.66963959499329e-05,0.000105384391747111,1.59218869337143,"IL15RA","Q13261",0.92,0.8229,"INFLAMMATION",1
"OID21462",-0.675535056746529,1.47275665796345,-4.24806072427067,2.70831837118467e-05,0.000106616720452421,1.57854793213916,"WFDC12","Q8WWY7",0.61,1.6218,"ONCOLOGY",1
"OID21289",-0.292750344682638,0.996476240208877,-4.23473416965517,2.86624130761663e-05,0.000112523594191873,1.52474916879983,"SEZ6L2","Q6UXD5",0.06,0.2782,"ONCOLOGY",1
"OID21482",-0.575984737284571,2.37891122715405,-4.22906590188977,2.93623267009084e-05,0.000114955520152323,1.50186143393028,"TNFRSF12A","Q9NP84",0.03,0.2242,"ONCOLOGY",1
"OID20170",0.31321989491383,2.18158355091384,4.22402799205967,2.99963910049241e-05,0.00011711705668316,1.48158707548775,"CDH2","P19022",0.03,0.4473,"CARDIOMETABOLIC",1
"OID20158",-0.683795922656574,2.24308328981723,-4.20696562353099,3.22444812187912e-05,0.000125551399623032,1.41303145015529,"IL19","Q9UHD0",0.08,0.7869,"CARDIOMETABOLIC",1
"OID20152",-0.487394590163932,2.36101592689295,-4.20103411081558,3.30628024287715e-05,0.000128387893126942,1.38926249248236,"CGREF1","Q99674",0.03,0.5356,"CARDIOMETABOLIC",1
"OID21505",-0.754648373266074,4.40113211488251,-4.18713169262788,3.50591163570318e-05,0.000135770941122489,1.33367209439044,"WFDC2","Q14508",0.08,2.7697,"ONCOLOGY",1
"OID21069",-0.846522917192095,3.31196318537859,-4.18391581524772,3.55369976773964e-05,0.000137249647786485,1.32083698111689,"CGA","P01215",0.08,1.2351,"NEUROLOGY",1
"OID21035",0.200625338377469,3.85825665796345,4.17720228083721,3.65499099145636e-05,0.000140781189401378,1.29417563476108,"LAMP2","P13473",0.08,3.2532,"NEUROLOGY",1
"OID20315",-0.248931420765027,4.83668146214099,-4.17000824043472,3.76721424691209e-05,0.000144713687065521,1.2655164326755,"ITGB2","P05107",0.03,2.7601,"CARDIOMETABOLIC",1
"OID20763",-0.401611967213113,4.35392845953003,-4.16407056778839,3.86262613703939e-05,0.000147981038869418,1.24183038691519,"PRSS8","Q16651",0.03,0.0914,"INFLAMMATION",1
"OID21256",0.276360882723834,0.522816971279373,4.15567858872599,4.00058330113527e-05,0.00015285651169311,1.20857049551853,"FUS","P35637",0.14,0.0101,"ONCOLOGY",1
"OID20415",-0.709331252627151,5.45128041775457,-4.15010019426875,4.09527116935225e-05,0.000156057133360116,1.18641820511035,"REG1A","P05451",0.03,0.7001,"CARDIOMETABOLIC",1
"OID21158",-0.743722168978558,3.74301775456919,-4.14670130061187,4.15385834692866e-05,0.000157868712174496,1.17296254337748,"IGFBP4","P22692",0.04,0.3195,"NEUROLOGY",1
"OID21444",-0.46217848675914,3.48966971279373,-4.12686919611329,4.51194893338485e-05,0.000171023210233606,1.0946514759155,"WISP1","O95388",0.04,0.0569,"ONCOLOGY",1
"OID21480",0.454335098780999,1.78425091383812,4.11285723262487,4.78246714121325e-05,0.000180797501185019,1.03952944155567,"DCXR","Q7Z4W1",0.14,0.8249,"ONCOLOGY",1
"OID20569",-0.236393211433375,1.89097389033943,-4.11031850305,4.8325974902877e-05,0.00018221060194251,1.02964320753451,"CCL28","Q9NRJ3",0.16,1.3946,"INFLAMMATION",1
"OID20713",-0.40642881883144,3.41342976501305,-4.08917439215663,5.27511840957204e-05,0.000198372215981012,0.946753101536689,"BTN2A1","Q7KYR7",0.03,-0.3979,"INFLAMMATION",1
"OID20226",-0.44479136191677,4.32691201044386,-4.08401874569495,5.38858715872864e-05,0.00020210737663578,0.926621163540531,"CCDC80","Q76M96",0.04,1.6126,"CARDIOMETABOLIC",1
"OID20217",0.517016935687263,5.8419044386423,4.05342190771578,6.11124050625384e-05,0.000228611588571642,0.807624815552627,"HMOX1","P09601",0.04,1.267,"CARDIOMETABOLIC",1
"OID20954",-0.208937612442202,2.45720339425587,-4.05110672438186,6.16879158296608e-05,0.000230161962716933,0.798746090057161,"MASP1","P48740",0.03,0.5738,"NEUROLOGY",1
"OID20907",0.251184968474149,1.34226057441253,4.04115872546823,6.42548316939153e-05,0.000239114985652617,0.760222983212236,"IMPA1","P29218",0.49,1.261,"NEUROLOGY",1
"OID20700",0.672025561160149,2.49980626631854,4.03745360581519,6.52407354094969e-05,0.000242153275065379,0.745847427955332,"IL1RN","P18510",0.08,0.6705,"INFLAMMATION",1
"OID21450",-0.581253686422862,4.46753968668407,-4.03206306176452,6.66932195015808e-05,0.000246414841537913,0.725043299483445,"SPINK6","Q6UWN8",0.04,1.089,"ONCOLOGY",1
"OID21128",0.567874115174443,3.38756710182768,4.03191420936889,6.67337604444873e-05,0.000246414841537913,0.724469184484423,"ALDH1A1","P00352",0.03,1.0635,"NEUROLOGY",1
"OID21188",0.156179243379571,0.801210966057441,4.02942086326835,6.74085574264095e-05,0.000247885400417391,0.714945366019737,"ADCYAP1R1","P41586",0.22,0.6108,"ONCOLOGY",1
"OID20938",-0.470825456073977,2.47416579634465,-4.02881503172446,6.75831792731217e-05,0.000247885400417391,0.712520259185261,"RSPO1","Q2MKA7",0.04,0.8541,"NEUROLOGY",1
"OID20342",0.592060605296341,6.32285352480418,4.02856403970835,6.76524185883713e-05,0.000247885400417391,0.711552925156021,"SERPINE1","P05121",0.03,0.7875,"CARDIOMETABOLIC",1
"OID20854",0.386957486338798,1.79148485639687,4.02206997443709,6.94674928807513e-05,0.000253322595176199,0.686543765405841,"CASP1","P29466",0.93,3.4678,"NEUROLOGY",1
"OID21120",-0.310004833963849,2.62144725848564,-4.02198738038912,6.94908728544928e-05,0.000253322595176199,0.686225927900872,"TREML2","Q5T2D2",0.04,0.3627,"NEUROLOGY",1
"OID20244",0.646791244220258,4.74214438642298,4.0186684446443,7.04365754507328e-05,0.000256116708191087,0.673458998330402,"CES1","P23141",0.03,0.4975,"CARDIOMETABOLIC",1
"OID21041",0.384296788566623,3.53920704960835,4.01705081684894,7.09019230584545e-05,0.000257154436676476,0.667239989981694,"LGALS8","O00214",0.03,0.2085,"NEUROLOGY",1
"OID20727",0.445221399747791,3.58135352480418,3.99274758161379,7.82544944085084e-05,0.000283102968379135,0.574082728557477,"GAL","P22466",0.03,0.0446,"INFLAMMATION",1
"OID20663",0.306218604455653,3.99023759791123,3.98359315332269,8.12072519221778e-05,0.000292677236515662,0.539127513868467,"GZMA","P12544",0.03,0.2457,"INFLAMMATION",1
"OID20185",-0.348529445145017,2.56983890339426,-3.98327846423028,8.13106108444491e-05,0.000292677236515662,0.537927219512849,"LRP11","Q86VZ4",0.03,0.3375,"CARDIOMETABOLIC",1
"OID20917",-0.382781651954602,2.07181618798956,-3.97179934055515,8.51673804612264e-05,0.000305083555346688,0.494202944170465,"DRAXIN","Q8NBI3",0.05,0.6807,"NEUROLOGY",1
"OID20645",0.368232833123161,5.50248511749347,3.97175013035718,8.51842817238129e-05,0.000305083555346688,0.494015751337614,"ADA","P00813",0.04,0.891,"INFLAMMATION",1
"OID21339",-0.340080176544765,1.27857127937337,-3.97032248924005,8.56759930045503e-05,0.000305342787833639,0.488586014232296,"KAZALD1","Q96I82",0.06,0.1927,"ONCOLOGY",1
"OID20082",0.332399533417403,1.42156997389034,3.97029926158226,8.56840153403004e-05,0.000305342787833639,0.488497687509242,"ZBTB17","Q13105",0.06,0.502,"CARDIOMETABOLIC",1
"OID20462",-0.312822707019755,1.82056736292428,-3.96450582939532,8.77073502449897e-05,0.000311775630597239,0.46648213584778,"SIT1","Q9Y3P8",0.05,0.6111,"INFLAMMATION",1
"OID21266",-0.144283955443463,-0.0122292428198433,-3.96204974179081,8.85691379778159e-05,0.00031405781183697,0.457241580331197,"HPGDS","O60760",0.9,0.414,"ONCOLOGY",1
"OID20718",0.509771340899538,2.09270496083551,3.95860745863972,8.98138386733383e-05,0.000317683107584655,0.444098227667896,"HSPA1A","P0DMV8",0.03,0.2501,"INFLAMMATION",1
"OID21089",-0.249047250945775,0.759999477806789,-3.95493049848563,9.11450911180845e-05,0.000321595889401834,0.430211558827478,"IL17RA","Q96F46",0.29,0.5019,"NEUROLOGY",1
"OID21388",-0.268411403951239,0.56801227154047,-3.95052357076161,9.27750128697269e-05,0.000326540624115369,0.413502567729034,"NPY","P01303",0.03,-0.603,"ONCOLOGY",1
"OID21050",-0.484657288776795,5.60774960835509,-3.94889335316093,9.33879646249475e-05,0.000327890421250737,0.407300797530211,"THY1","P04216",0.03,0.9027,"NEUROLOGY",1
"OID20391",-0.361585901639343,4.57895300261097,-3.94466230071648,9.49864981118216e-05,0.000332685553435767,0.391299445229283,"FCGR2A","P12318",0.04,0.2419,"CARDIOMETABOLIC",1
"OID20852",0.294261155947878,1.36165509138381,3.93492613532992,9.87632071038625e-05,0.000345067537778532,0.354544642464744,"SLC39A14","Q15043",0.97,3.0596,"NEUROLOGY",1
"OID21172",0.384643341740222,1.53279712793734,3.93147649530283,0.000100136248160107,0.000349011460050716,0.341533692380382,"PQBP1","O60828",0.41,1.2608,"ONCOLOGY",1
"OID20297",-0.36013759983186,3.29185378590078,-3.92170129128259,0.000104123585457665,0.000362025799559617,0.304739399127356,"SCARF1","Q14162",0.03,-0.3152,"CARDIOMETABOLIC",1
"OID20756",0.571066380832283,5.59365796344647,3.9200155150741,0.000104826249733595,0.000363584249682785,0.298402607363663,"AGER","Q15109",0.03,0.6146,"INFLAMMATION",1
"OID20609",-0.547976851618325,4.22815874673629,-3.91621472233098,0.000106427011833321,0.000368242614793743,0.284124743696011,"CLEC4D","Q8WXI8",0.08,2.665,"INFLAMMATION",1
"OID20247",0.454455855401429,4.34790861618799,3.90274413008656,0.000112288826297162,0.000387586311059527,0.233624753163886,"PLAT","P00750",0.04,0.0618,"CARDIOMETABOLIC",1
"OID21275",-0.393616456494325,3.77645718015666,-3.90145690006925,0.000112864701283783,0.000388635320806086,0.228807457193875,"ADAMTS15","Q8TE58",0.04,0.3631,"ONCOLOGY",1
"OID21478",-0.187559092055484,2.10169216710183,-3.89788791686232,0.000114464355733648,0.000393196068133134,0.215536970601077,"FGFR2","P21802",0.04,0.5096,"ONCOLOGY",1
"OID21265",-0.282654464060529,1.3115365535248,-3.89605387701831,0.000115310860721271,0.000394699513422612,0.208614410399775,"CD28","P10747",0.29,1.0189,"ONCOLOGY",1
"OID20783",-0.473020718789405,6.61672402088773,-3.89574397125737,0.000115454441295068,0.000394699513422612,0.207445251438772,"TNFRSF14","Q92956",0.03,0.6504,"INFLAMMATION",1
"OID20646",-0.588133627574608,5.4808634464752,-3.88803411085065,0.000119038713556469,0.00040598167463531,0.178661813338556,"TNFRSF11A","Q9Y6Q6",0.03,0.821,"INFLAMMATION",1
"OID20768",-0.402271223203024,7.46230731070496,-3.87362807434978,0.00012602005547994,0.00042828895600453,0.12502056328908,"LTBR","P36941",0.03,1.6758,"INFLAMMATION",1
"OID21365",-0.637977604035306,1.33191148825065,-3.8733091628605,0.000126178901664036,0.00042828895600453,0.123835170364925,"RBP2","P50120",0.28,0.5077,"ONCOLOGY",1
"OID21303",0.279306738125263,2.4836180156658,3.8616899871566,0.000132095341690809,0.000447308633355845,0.0807189458382833,"HS3ST3B1","Q9Y662",0.04,0.5118,"ONCOLOGY",1
"OID21074",-0.329952353930221,1.50939164490862,-3.86086010817868,0.000132529787439579,0.000447718832745055,0.0776325954789616,"NPTX1","Q15818",0.04,-0.0975,"NEUROLOGY",1
"OID20375",-0.396265367801595,3.05014516971279,-3.84854309952653,0.000139110036169608,0.000468840192656532,0.03205549048878,"TIMD4","Q96H15",0.04,0.0303,"CARDIOMETABOLIC",1
"OID20196",-0.379201525851197,2.59024412532637,-3.84498610644871,0.000141067082367938,0.000474317319303019,0.0189184883582234,"KITLG","P21583",0.04,0.3721,"CARDIOMETABOLIC",1
"OID20110",-0.526673665405632,1.45643368146214,-3.83416387983195,0.000147182763759654,0.000493718707541187,-0.0209819678030305,"USP8","P40818",0.15,0.4046,"CARDIOMETABOLIC",1
"OID21005",-0.407016494325344,0.638313054830287,-3.83269964199645,0.000148029205142715,0.000495395161941312,-0.026372467927696,"CDH15","P55291",0.15,-0.1565,"NEUROLOGY",1
"OID20984",-0.622401294661619,3.87969765013055,-3.82855837302505,0.000150448153631975,0.000502235849230912,-0.0416079688087425,"SFRP1","Q8N474",0.04,1.327,"NEUROLOGY",1
"OID21408",-0.68109824716267,3.55773028720627,-3.82800161898511,0.000150776192666243,0.000502235849230912,-0.0436550731176135,"HSPB6","O14558",0.04,0.8376,"ONCOLOGY",1
"OID20481",-0.308913556116013,1.45637911227154,-3.81567907308111,0.000158212024268537,0.000525779029487767,-0.088892695755403,"IL17D","Q8TAD2",0.14,0.7454,"INFLAMMATION",1
"OID20623",0.406132669188734,5.84371644908616,3.81088226353331,0.000161199197554285,0.000534463232726388,-0.106465845832216,"NUDC","Q9Y266",0.03,1.1562,"INFLAMMATION",1
"OID20661",-0.362270533837746,4.11874882506527,-3.80926101281249,0.000162220808291218,0.000536605405204053,-0.112400678588813,"FLT3LG","P49771",0.03,-0.4318,"INFLAMMATION",1
"OID20636",-0.529455039932742,2.03373028720627,-3.80805708986256,0.000162983398950367,0.000537882857044051,-0.116806305697256,"CLEC7A","Q9BXN2",0.04,0.1552,"INFLAMMATION",1
"OID20598",-0.191451618327027,1.6902180156658,-3.80673465741084,0.000163809630492988,0.000539363967683132,-0.121573236632324,"PTPRM","P28827",0.04,0.7162,"INFLAMMATION",1
"OID20202",-0.265987343421605,2.93921958224543,-3.78549465987974,0.000177912327925654,0.000584452222082207,-0.19911354897997,"GDF2","Q9UK05",0.04,1.1128,"CARDIOMETABOLIC",1
"OID20256",0.324734043715847,5.63508355091384,3.78133354770109,0.000180808239575264,0.000592603152185899,-0.214265757557332,"VWF","P04275",0.03,-0.0334,"CARDIOMETABOLIC",1
"OID21342",-0.446482253047497,3.62560522193211,-3.77705166939862,0.000183829938243066,0.000601128104689569,-0.229822375224779,"EPHA2","P29317",0.04,1.5543,"ONCOLOGY",1
"OID20896",0.924399983186213,2.13839738903394,3.75683021455541,0.000198755329286453,0.000648450606279317,-0.303068430588312,"AGR2","O95994",0.69,2.4679,"NEUROLOGY",1
"OID21406",-0.416393892391759,3.74531592689295,-3.74899892095228,0.000204836926616055,0.000666769859075952,-0.331336809701476,"LGALS7_LGALS7B","P47929",0.08,2.686,"ONCOLOGY",1
"OID21034",0.463215220680958,2.2174135770235,3.7468792888994,0.000206512911877102,0.000670697616073588,-0.338978556633672,"LBR","Q14739",0.04,0.1264,"NEUROLOGY",1
"OID20500",0.440132828919714,1.62125639686684,3.73855485815887,0.000213220938918934,0.000690913201168154,-0.368951131623238,"PARP1","P09874",0.09,0.2792,"INFLAMMATION",1
"OID20691",-0.430806628835643,3.39826919060052,-3.73608043306722,0.000215254160700396,0.00069592351954947,-0.377848490997888,"F2R","P25116",0.04,0.9893,"INFLAMMATION",1
"OID20987",0.588339323245061,2.73369138381201,3.73324673130495,0.000217605044513634,0.000701935911083483,-0.388030985425195,"TCL1A","P56279",0.05,0.2319,"NEUROLOGY",1
"OID21257",0.529962269861284,1.78731723237598,3.73022711398829,0.000220136790007548,0.000708503317389157,-0.39887363549005,"CRH","P06850",0.33,1.1024,"ONCOLOGY",1
"OID20694",0.342547011349308,5.41166240208877,3.72784931602702,0.00022214992390616,0.000713375823060455,-0.407405940641278,"IL18","Q14116",0.04,0.5833,"INFLAMMATION",1
"OID20629",-0.321154203446824,5.80250313315927,-3.71467187952728,0.000233624618456116,0.000748541658685626,-0.454599106947507,"KLRB1","Q12918",0.03,0.671,"INFLAMMATION",1
"OID21009",-0.267068974358972,2.75143002610966,-3.70822444467961,0.00023943674462673,0.000765418125971161,-0.477622178239386,"DDR1","Q08345",0.03,0.8549,"NEUROLOGY",1
"OID20743",-0.480972576712902,3.62947493472585,-3.70765198526849,0.000239963135363947,0.000765418125971161,-0.479676416230929,"EPCAM","P16422",0.03,-0.3859,"INFLAMMATION",1
"OID20630",0.467370197562002,3.88597493472585,3.69559197283882,0.000251232263006398,0.000799578850414573,-0.522655567925995,"SERPINB8","P50452",0.05,2.1206,"INFLAMMATION",1
"OID21467",-0.55019566624632,6.81321488250653,-3.69308482669503,0.000253636720433588,0.000805437496665772,-0.531574102229663,"ADM","P35318",0.03,1.5191,"ONCOLOGY",1
"OID20566",-0.334116128625472,1.37683994778068,-3.68566795136099,0.000260877281569627,0.000826593426525493,-0.557924750198564,"NCR1","O76036",0.07,0.5199,"INFLAMMATION",1
"OID20261",0.395671214796132,4.20156501305483,3.68444118423063,0.000262093477404799,0.000828609688520924,-0.562278449211743,"FUCA1","P04066",0.04,0.8666,"CARDIOMETABOLIC",1
"OID20556",-0.337713547709121,0.839516187989556,-3.65931124343667,0.000288212476556674,0.000909173573950301,-0.651165418418588,"CNTNAP2","Q9UHC6",0.36,0.5414,"INFLAMMATION",1
"OID20193",0.280308797814207,2.60050574412533,3.65545001050511,0.000292436333059485,0.000920465902955957,-0.664772706191818,"CDHR5","Q9HBB8",0.03,0.4689,"CARDIOMETABOLIC",1
"OID20117",0.628575119798232,2.54853550913838,3.65419837435039,0.000293817961853894,0.000922292461165384,-0.669180695464169,"ADH4","P08319",0.09,0.5253,"CARDIOMETABOLIC",1
"OID21027",0.410051122320302,5.11382663185379,3.65375625760163,0.000294307461365581,0.000922292461165384,-0.670737397703643,"PPCDC","Q96CD2",0.03,0.7145,"NEUROLOGY",1
"OID20752",0.447946448087431,3.7245864229765,3.64927896491278,0.000299307989057889,0.000935910539089111,-0.686492141650408,"CTRC","Q99895",0.04,0.7972,"INFLAMMATION",1
"OID20667",-0.392042005044134,3.11592637075718,-3.64068682456801,0.000309128772241421,0.000964508767539282,-0.716675785767482,"CDSN","Q15517",0.77,3.7105,"INFLAMMATION",1
"OID20995",-0.507283522488438,5.3427454308094,-3.62441930486979,0.000328557469660189,0.00102289460597911,-0.773640698531196,"CST5","P28325",0.04,1.9184,"NEUROLOGY",1
"OID20142",0.313485241698192,2.62345639686684,3.62331829480583,0.000329913045979556,0.00102488204935823,-0.77748756565386,"DPP7","Q9UHL4",0.14,1.8899,"CARDIOMETABOLIC",1
"OID21400",-0.360912652374945,5.04993785900783,-3.6198058053112,0.000334272866093941,0.00103617337450812,-0.789752712617288,"SCG2","P13521",0.03,0.3196,"ONCOLOGY",1
"OID20865",0.450432833123159,1.37364464751958,3.61921634666936,0.00033500980426207,0.00103620997898376,-0.791809935576913,"ATXN10","Q9UBB4",0.78,2.6038,"NEUROLOGY",1
"OID21488",-0.28313627574611,1.47953107049608,-3.59884993104545,0.000361429321447777,0.00111551295971679,-0.862696954022116,"SEZ6L","Q9BYH1",0.06,0.586,"ONCOLOGY",1
"OID20767",-0.30425567885666,5.31121018276762,-3.59696673296268,0.000363968578260613,0.00112092909123797,-0.869232706078158,"MATN2","O00339",0.03,0.7565,"INFLAMMATION",1
"OID20905",-0.21405256830601,-0.496092950391645,-3.5958006582776,0.000365526809390976,0.00112330711961227,-0.873233022511538,"EREG","O14944",0.54,-0.3657,"NEUROLOGY",1
"OID21426",-0.296339188734761,3.22629007832898,-3.57889921440619,0.000389196027574732,0.00119105881040475,-0.931774598718695,"CNTN2","Q02246",0.04,0.7271,"ONCOLOGY",1
"OID20513",-0.304249403110548,1.22536005221932,-3.57886844766223,0.000389240353015409,0.00119105881040475,-0.931880848665827,"BCL2L11","O43521-2",0.07,0.3682,"INFLAMMATION",1
"OID21037",0.400594934846573,5.32940522193211,3.57773453567636,0.000390877279866255,0.00119351203617282,-0.935796107175704,"ENO1","P06733",0.03,1.654,"NEUROLOGY",1
"OID21529",-0.354904518705336,5.02803394255875,-3.57618745230295,0.000393121083119019,0.00119780389717927,-0.941136124142966,"FOLR1","P15328",0.03,1.1917,"ONCOLOGY",1
"OID20076",-0.415748507776375,1.15526449086162,-3.57322244012571,0.000397455177771177,0.00120843287028726,-0.951364322405138,"FABP6","P51161",0.44,0.8256,"CARDIOMETABOLIC",1
"OID21306",-0.460229453551911,4.31941540469974,-3.57054426445455,0.000401408476116986,0.0012178613850768,-0.960596219603546,"CALB1","P05937",0.04,0.4875,"ONCOLOGY",1
"OID20187",0.664976641445981,2.67991853785901,3.56994099447993,0.00040230404736196,0.00121799255017,-0.962674848511226,"LEP","P41159",0.13,0.7591,"CARDIOMETABOLIC",1
"OID21530",-0.311850853299704,1.74277206266319,-3.56607496649704,0.000408087907199001,0.00123289137291199,-0.975987846646772,"LYPD3","O95274",0.04,0.2949,"ONCOLOGY",1
"OID20639",0.319263299705759,3.36437310704961,3.56186810715819,0.000414470219103658,0.00124953152552559,-0.990459193120215,"FCRL2","Q96LA5",0.04,0.5709,"INFLAMMATION",1
"OID20982",-0.316549705758721,3.65288015665796,-3.55977154107067,0.000417685792611955,0.00125657473187891,-0.99766528810926,"EPHB6","O15197",0.03,1.3199,"NEUROLOGY",1
"OID20886",-0.470293694829758,0.545230287206266,-3.53626592381807,0.000455374532264545,0.00136708026597907,-1.07818439660171,"ANXA10","Q9UJ72",0.75,1.2041,"NEUROLOGY",1
"OID21369",-0.528172038671709,3.68068276762402,-3.53522268147966,0.000457118937384997,0.00136944017090809,-1.08174647331265,"RBP5","P82980",0.04,1.4476,"ONCOLOGY",1
"OID21500",-0.276147112232029,1.91125326370757,-3.5225727749428,0.000478775020965981,0.00143131695598407,-1.12486032193362,"CTSF","Q9UBX1",0.04,0.0783,"ONCOLOGY",1
"OID20535",0.30164283312316,1.29090652741514,3.51174153578895,0.000498077315431778,0.00148591332724846,-1.16166062465272,"IL7","P13232",0.16,0.6039,"INFLAMMATION",1
"OID21183",0.137462030264817,0.345355613577023,3.50836844394004,0.000504200687942709,0.00150104746472944,-1.17304931586598,"PDGFC","Q9NRA1",0.44,0.3656,"ONCOLOGY",1
"OID20137",0.512532728036989,3.7309501305483,3.4969234922431,0.000525666356697256,0.00156169900981368,-1.21183439750322,"ACY1","Q03154",0.04,0.6735,"CARDIOMETABOLIC",1
"OID20407",-0.259909344262293,4.3758725848564,-3.49481149567679,0.00052970895389146,0.001570444180728,-1.21896384301496,"ANGPTL3","Q9Y5C1",0.04,0.552,"CARDIOMETABOLIC",1
"OID20687",-0.441618095838584,4.77753133159269,-3.48080849853974,0.00055728949628931,0.00164879231924932,-1.26617370669506,"MMP10","P09238",0.03,0.5208,"INFLAMMATION",1
"OID21438",-0.277797120638922,3.95201749347258,-3.47427842428452,0.000570603184028825,0.00168469411152312,-1.28812586927563,"GPC1","P35052",0.03,0.6031,"ONCOLOGY",1
"OID20277",0.192977385456074,3.90254830287206,3.47318235491528,0.000572829829678023,0.0016877810857936,-1.29176048557378,"ICAM3","P32942",0.03,-0.4387,"CARDIOMETABOLIC",1
"OID20374",-0.28594956284153,3.26806892950392,-3.47244690496639,0.00057439038430648,0.00168889682957605,-1.29427594246713,"APOM","O95445",0.04,0.1774,"CARDIOMETABOLIC",1
"OID20603",-0.241136868432114,2.93286553524804,-3.46555492414689,0.000588840567016463,0.00172782991841176,-1.31737600932252,"CD200","P41217",0.04,1.4403,"INFLAMMATION",1
"OID20778",-0.90659931904161,7.7375498694517,-3.45742921721347,0.000606341878729111,0.00177553800144242,-1.34458909574653,"FABP1","P07148",0.04,2.0016,"INFLAMMATION",1
"OID20469",-0.232888146279948,0.540471540469974,-3.45361694006935,0.00061469664534845,0.00179632209857451,-1.35730950082201,"IL17A","Q16552",0.59,0.5614,"INFLAMMATION",1
"OID20346",-0.312436296763344,1.82496866840731,-3.45279279180824,0.000616536962538631,0.0017980231009545,-1.36008094500311,"ART3","Q13508",0.04,0.0063,"CARDIOMETABOLIC",1
"OID20269",0.175748978562421,4.92893368146214,3.44256982160319,0.000639543355047377,0.00186131864432322,-1.39412416066971,"MET","P08581",0.03,-0.3294,"CARDIOMETABOLIC",1
"OID21189",0.284573110550649,1.32193237597911,3.44134514631334,0.000642399168384246,0.00186453976982722,-1.39824770307629,"UXS1","Q8NBZ7",0.08,0.4244,"ONCOLOGY",1
"OID21085",0.232029865489702,1.90197702349869,3.44096431439337,0.000643259696658376,0.00186453976982722,-1.3994965443667,"NID2","Q14112",0.04,0.5861,"NEUROLOGY",1
"OID21218",0.385624745691467,2.4907684073107,3.43804973420082,0.000650029760734816,0.00188034924714586,-1.40921261362524,"SFTPA2","Q8IWL1",0.1,1.427,"ONCOLOGY",1
"OID21401",-0.365813665405631,3.03903368146214,-3.41729571969555,0.000700064458955996,0.00202099416534973,-1.47804098724813,"CA14","Q9ULX7",0.03,0.3709,"ONCOLOGY",1
"OID21278",0.36383369482976,1.4387908616188,3.40743605277722,0.000725073137018797,0.0020889707919352,-1.51060211351394,"SF3B4","Q15427",0.04,0.0779,"ONCOLOGY",1
"OID21033",-0.517134762505253,4.00211070496084,-3.40503274761146,0.00073129407131178,0.00210265438210168,-1.51852550598082,"PRL","P01236",0.04,0.4601,"NEUROLOGY",1
"OID21125",-0.428793093736861,1.03496240208877,-3.40404156367542,0.000733874209774736,0.0021058358348757,-1.52179178139538,"EFNA1","P20827",0.04,-0.5249,"NEUROLOGY",1
"OID20209",0.251864043715847,4.48630391644909,3.39977516904476,0.000745072006904861,0.00213368316205821,-1.53583579872118,"LILRA5","A6NI73",0.03,0.2403,"CARDIOMETABOLIC",1
"OID20460",-0.265651231609918,0.605232114882507,-3.39567114063092,0.000756004143193056,0.00216065984124575,-1.54933936807429,"WNT9A","O14904",0.4,0.436,"INFLAMMATION",1
"OID21075",0.387244787725935,2.49321749347259,3.39302368962865,0.000763132022400889,0.00217667796409355,-1.55803900463895,"GGT1","P19440",0.04,0.3493,"NEUROLOGY",1
"OID21152",0.301008823034888,1.98040548302872,3.38678436767226,0.000780179012630905,0.00222086814551706,-1.57851641039481,"LILRA2","Q8N149",0.05,-0.1842,"NEUROLOGY",1
"OID20708",-0.470923060109287,1.69604960835509,-3.37993561595191,0.000799299258805979,0.00227077264579273,-1.60095309437095,"LY6D","Q14210",0.09,0.6494,"INFLAMMATION",1
"OID21491",0.20278128625473,2.3588684073107,3.34292312207553,0.000910366387582046,0.00258117771399751,-1.72143540178973,"FLT4","P35916",0.04,0.651,"ONCOLOGY",1
"OID21325",-0.188112055485498,0.187644125326371,-3.34126763049669,0.000915649385908091,0.00259101578705478,-1.72679096750283,"DSG4","Q86SJ6",0.68,0.3276,"ONCOLOGY",1
"OID21083",-0.402269831862125,2.24004046997389,-3.33313871333691,0.000942092220315317,0.00266057269334108,-1.75311521740434,"MMP3","P08254",0.03,-0.0028,"NEUROLOGY",1
"OID20963",0.370509096258931,3.60553498694517,3.33227106701995,0.000944950938931534,0.00266338242945397,-1.75591751449106,"LPO","P22079",0.04,1.7761,"NEUROLOGY",1
"OID20960",0.468232778478353,4.11650287206266,3.32604354269187,0.000965707320878199,0.00271652708963572,-1.7760107756122,"FKBP4","Q02790",0.04,0.8333,"NEUROLOGY",1
"OID20429",0.354966183270283,3.79833054830287,3.32250294671323,0.000977696369384977,0.00274144899539395,-1.7874187795333,"LILRB4","Q8NHJ6",0.04,1.3499,"INFLAMMATION",1
"OID20538",-0.307870428751576,3.59381749347259,-3.32229530089815,0.000978403770224573,0.00274144899539395,-1.78808747029603,"ISM1","B1AKI9",0.04,1.0162,"INFLAMMATION",1
"OID21102",-0.270881525851196,2.81670417754569,-3.31950399472008,0.00098795940213798,0.00276280623415885,-1.79707260448263,"PIGR","P01833",0.91,3.9643,"NEUROLOGY",1
"OID20280",0.432119226565784,5.59111070496084,3.31749376926468,0.00099489477109289,0.00277676685135106,-1.80353904653057,"CPA1","P15085",0.04,0.248,"CARDIOMETABOLIC",1
"OID20404",0.347531509037409,4.15574203655352,3.3068665269267,0.0010323172090904,0.00287559706001985,-1.83766303082177,"FETUB","Q9UGM5",0.04,0.6722,"CARDIOMETABOLIC",1
"OID21004",0.387493131567882,6.05862167101828,3.30558271271672,0.00103692548154992,0.00288189027564417,-1.84177834795834,"CCL2","P13500",0.03,-0.0791,"NEUROLOGY",1
"OID20782",-0.411997150063049,4.30204673629243,-3.30511478536864,0.0010386098614113,0.00288189027564417,-1.84327793227689,"FSTL3","O95633",0.03,0.6571,"INFLAMMATION",1
"OID20962",0.455290088272383,2.93282167101828,3.30186421283495,0.00105038116256246,0.00290890442112743,-1.85368962969471,"PRDX1","Q06830",0.04,1.2359,"NEUROLOGY",1
"OID21082",0.543374569146699,4.84793394255875,3.29685306512563,0.00106877103506414,0.00295410794798193,-1.86972155236449,"SIGLEC5","O15389",0.07,1.8815,"NEUROLOGY",1
"OID20548",-0.520737456914668,2.47318146214099,-3.27353767357198,0.001158331941607,0.0031954755686417,-1.94401075810354,"CEACAM21","Q3KPI0",0.17,1.4201,"INFLAMMATION",1
"OID20253",-0.260447154266497,2.65579686684073,-3.2676004206547,0.0011822256340049,0.00325510680345473,-1.9628488449516,"NOTCH3","Q9UM47",0.03,0.3787,"CARDIOMETABOLIC",1
"OID20194",0.30279613282892,4.9809044386423,3.25276455048701,0.00124394346397986,0.00341845232697541,-2.00977962804037,"THOP1","P52888",0.04,0.5827,"CARDIOMETABOLIC",1
"OID20935",-0.411116633039089,3.58471331592689,-3.24288315545186,0.0012866934986058,0.00352914589156945,-2.04092564861331,"EFNA4","P52798",0.03,0.9215,"NEUROLOGY",1
"OID21522",-0.302204325346784,2.65525274151436,-3.2307122875789,0.00134121903236508,0.00367165133572738,-2.07916477923521,"ITGB5","P18084",0.03,-0.3589,"ONCOLOGY",1
"OID20357",-0.135752425388818,1.43608146214099,-3.21360130374475,0.00142142975456519,0.00388379181505479,-2.13266060427225,"HYAL1","Q12794",0.03,0.2339,"CARDIOMETABOLIC",1
"OID21360",0.327541639344262,3.88283603133159,3.21194424982498,0.00142950787690065,0.00389840983986839,-2.13786438931562,"OGFR","Q9NZT2",0.03,0.2163,"ONCOLOGY",1
"OID20111",-0.182377562000839,2.29268511749347,-3.20997611295686,0.00143900909101216,0.00391684569725024,-2.14397188375578,"BMP6","P22004",0.03,1.0334,"CARDIOMETABOLIC",1
"OID20542",0.274565582177385,1.57572062663185,3.20683788690552,0.00145444351648806,0.00395133038985064,-2.15377917179009,"SCRN1","Q12765",0.52,1.566,"INFLAMMATION",1
"OID20628",-0.222654838167296,3.36967206266319,-3.20204426820682,0.00147819389429311,0.00400823353879478,-2.16868657892626,"CD244","Q9BZW8",0.03,-0.2364,"INFLAMMATION",1
"OID20118",0.190412795292139,0.646706005221932,3.19790215660682,0.00149898936270082,0.00405692386230959,-2.18154399253229,"CLTA","P09496",0.48,0.5684,"CARDIOMETABOLIC",1
"OID21497",0.171796099201345,4.43809608355091,3.1961739881165,0.00150774636221252,0.00407291030548523,-2.18690415008362,"KDR","P35968",0.03,0.5514,"ONCOLOGY",1
"OID20534",0.376795451870534,1.5736180156658,3.17337320742229,0.00162808021649959,0.0043896728856187,-2.25748291015459,"PSIP1","O75475",0.05,0.1994,"INFLAMMATION",1
"OID21474",-0.244626948297603,2.66900417754569,-3.16219368594465,0.00169022805659826,0.004547337608652,-2.2918971974924,"DCBLD2","Q96PD2",0.04,0.5206,"ONCOLOGY",1
"OID21132",0.310615813366961,3.88500339425587,3.16171795594978,0.00169292064926723,0.004547337608652,-2.29335909624159,"GNLY","P22749",0.04,1.035,"NEUROLOGY",1
"OID20737",-0.500108373266075,5.23533368146214,-3.15578707156402,0.00172682312540029,0.00462970027429082,-2.31156693649256,"LAIR1","Q6GTX8",0.03,0.3299,"INFLAMMATION",1
"OID20167",-0.329968419503991,1.98907885117493,-3.14952553505519,0.00176329503706187,0.00471863035198767,-2.33075466356039,"IGSF8","Q969P0",0.04,0.0619,"CARDIOMETABOLIC",1
"OID20848",0.271002976040353,1.793627154047,3.13410279069189,0.00185618191289835,0.00495791393183504,-2.3778614721358,"TNF","P01375",0.45,1.8914,"NEUROLOGY",1
"OID20703",-0.42572839428331,4.9705362924282,-3.11670192406983,0.00196638866809907,0.0052424802364059,-2.43074644456668,"ANGPTL4","Q9BY76",0.03,0.324,"INFLAMMATION",1
"OID20258",-0.556616242118534,4.14123394255875,-3.09426311057541,0.00211740472622933,0.00563458352659537,-2.49852962546726,"REG3A","Q06141",0.03,0.0267,"CARDIOMETABOLIC",1
"OID20665",-0.24558844892812,4.99137310704961,-3.09270493788293,0.0021282780358808,0.00565299128861275,-2.5032192602078,"FASLG","P48023",0.03,0.6759,"INFLAMMATION",1
"OID21329",0.197631206389239,1.62438511749347,3.08536420883832,0.00218014362639515,0.00578000972563761,-2.5252660266018,"SEMA4C","Q9C0C4",0.04,0.5657,"ONCOLOGY",1
"OID20709",-0.331150899537618,4.26755770234987,-3.08088972742411,0.00221241501562958,0.00585470566173088,-2.53870639288833,"CCN2","P29279",0.03,1.0452,"INFLAMMATION",1
"OID20988",0.361959886506935,2.92642558746736,3.07973371429309,0.00222080933385945,0.00586605644747717,-2.54217155178132,"CD63","P08962",0.11,1.9085,"NEUROLOGY",1
"OID20527",-0.213852622950818,0.417649608355091,-3.07219248158778,0.00227626108591228,0.00599783774024952,-2.56473708375058,"DPP10","Q8N608",0.26,0.1158,"INFLAMMATION",1
"OID20379",-0.305734884405211,2.87216684073107,-3.07181615312865,0.00227909439674982,0.00599783774024952,-2.56587124105686,"SELP","P16109",0.03,-0.7986,"CARDIOMETABOLIC",1
"OID20147",-0.179926376628835,2.74081018276762,-3.05009645034545,0.002446197147147,0.00642576419719313,-2.63056428359416,"IL6ST","P40189",0.03,0.6072,"CARDIOMETABOLIC",1
"OID20822",0.308299617486338,2.36539608355091,3.04790490702534,0.00246376268272945,0.00646003096077134,-2.63709234002439,"PXN","P49023",0.7,2.6878,"NEUROLOGY",1
"OID20424",0.307780605296343,1.04566866840731,3.04454202018797,0.00249080975464709,0.00651898743478148,-2.64706638597176,"JUN","P05412",0.39,0.7229,"INFLAMMATION",1
"OID21269",0.521612870954181,3.45680156657963,3.02993821517154,0.00261145804208747,0.00682225510446617,-2.69025836326434,"ACAA1","P09110",0.12,2.0588,"ONCOLOGY",1
"OID21418",0.408879050021018,4.32279582245431,3.01767160343665,0.00271691746472689,0.00708480849834805,-2.72638493087592,"CD300E","Q496F6",0.03,0.0773,"ONCOLOGY",1
"OID20611",0.276040273224041,6.91860652741514,3.01397483093982,0.00274945734534248,0.00715660208833224,-2.73724494673405,"TNFSF10","P50591",0.03,0.8076,"INFLAMMATION",1
"OID20340",0.307367919293821,1.49110156657963,2.99919058871308,0.00288319614462698,0.00749106780122173,-2.78054972287911,"AMY2B","P19961",0.06,0.0672,"CARDIOMETABOLIC",1
"OID20723",-0.478537671290455,5.24530626631854,-2.99375882053423,0.00293381135191951,0.00760874123755533,-2.79640897968197,"SCGB3A2","Q96PL1",0.03,1.0275,"INFLAMMATION",1
"OID20601",0.409529415720891,4.13563681462141,2.98945366818685,0.00297450522431418,0.00770030428540753,-2.80895934352816,"IL5RA","Q01344",0.04,0.9973,"INFLAMMATION",1
"OID20509",-0.45899455233291,0.608205221932115,-2.98561386608009,0.00301123595724741,0.00778129508663029,-2.82013857800498,"SPINK4","O60575",0.71,0.7792,"INFLAMMATION",1
"OID20617",0.344903408995377,5.50392480417755,2.9796664721972,0.00306894804012867,0.00791611326596367,-2.83742680283853,"CKAP4","Q07065",0.03,1.1623,"INFLAMMATION",1
"OID21049",0.300730256410258,4.75547467362924,2.97188599199346,0.00314597680077308,0.00810018170865718,-2.85999385973455,"TNFRSF8","P28908",0.03,0.3765,"NEUROLOGY",1
"OID20266",-0.556791050861703,3.67757806788512,-2.96994212979292,0.00316549580002385,0.00813577967308288,-2.86562317982645,"REG1B","P48304",0.03,-0.1516,"CARDIOMETABOLIC",1
"OID20522",-0.421583804119376,0.15863681462141,-2.96639918995861,0.00320135699233727,0.00821317619757622,-2.8758742951717,"EPO","P01588",0.77,0.3346,"INFLAMMATION",1
"OID20901",-0.250938549810844,1.37000104438642,-2.96198488723475,0.00324655794304994,0.00831421380039133,-2.88863025491938,"CRIP2","P52943",0.04,0.2486,"NEUROLOGY",1
"OID21148",-0.112474110970995,0.385174151436031,-2.95629222926074,0.00330558701812521,0.00845023944347214,-2.90502994708673,"SPINK5","Q9NQ38",0.51,0.3095,"NEUROLOGY",1
"OID20902",0.22361140395124,1.42471148825065,2.95173475886698,0.00335377586924356,0.00855811735205188,-2.91817994542368,"PPP3R1","P63098",0.04,0.3022,"NEUROLOGY",1
"OID20732",0.408067309794031,5.68853785900783,2.94739124628971,0.0034001784673672,0.00866106065930076,-2.93067216363711,"MZB1","Q8WU39",0.03,0.6829,"INFLAMMATION",1
"OID20890",0.167651672971837,0.531945691906005,2.94378713233568,0.0034390184350628,0.00874423798052858,-2.94100475847346,"GPKOW","Q92917",0.96,1.3662,"NEUROLOGY",1
"OID21193",0.311649037410677,1.17025953002611,2.94324037185125,0.00344507066692624,0.00874423798052858,-2.94259391568248,"FCRLB","Q6BAA4",0.09,0.1776,"ONCOLOGY",1
"OID21091",-0.349756443883984,3.20114255874674,-2.94249636086579,0.00345317424183555,0.00874926594252305,-2.94472909730104,"GP6","Q9HCN6",0.04,0.75,"NEUROLOGY",1
"OID21156",0.455525388818832,7.06517571801567,2.93494036914457,0.00353646434681928,0.00894443814443319,-2.96638424676399,"CLPS","P04118",0.04,1.5047,"NEUROLOGY",1
"OID21519",0.363109789827659,2.08111566579634,2.92885446362528,0.00360487932080322,0.00910136492831767,-2.98378749148241,"S100A4","P26447",0.14,1.1886,"ONCOLOGY",1
"OID21380",-0.399007368642284,4.17867441253264,-2.92367037630801,0.003664107284518,0.00923458432024024,-2.99858465657475,"MSLN","Q13421",0.03,1.2226,"ONCOLOGY",1
"OID21131",-0.151621559478772,0.705589033942559,-2.91022274791576,0.00382177480433971,0.00961499330176311,-3.03683002735957,"PECAM1","P16284",0.05,0.0221,"NEUROLOGY",1
"OID20517",0.174282694409416,0.441949347258486,2.9075965448087,0.00385333511925505,0.00967735656487781,-3.0442883948249,"BID","P55957",0.94,1.3781,"INFLAMMATION",1
"OID20308",-0.346511042454811,5.78160522193212,-2.90346562711107,0.00390352001433109,0.0097861931587353,-3.05601664650788,"BPIFB1","Q8TDL5",0.06,3.8449,"CARDIOMETABOLIC",1
"OID20246",-0.751609768810419,5.77813394255875,-2.89642678301007,0.00399021979123634,0.0099860316666843,-3.07593505651913,"IGFBP1","P08833",0.03,0.2825,"CARDIOMETABOLIC",1
"OID20684",0.386297427490543,2.35415665796345,2.89196842598964,0.0040460390731813,0.0101080241880701,-3.08852730970495,"TIMP3","P35625",0.07,1.0062,"INFLAMMATION",1
"OID20326",-0.478434728877678,1.95731644908616,-2.88914728377597,0.00408172681978974,0.0101793850357409,-3.09648579625028,"PI3","P19957",0.59,2.2388,"CARDIOMETABOLIC",1
"OID20413",-0.358577692307691,4.92600626631854,-2.88469537056248,0.00413862773737113,0.0103033084263124,-3.10902958814313,"IGFBP6","P24592",0.03,0.1925,"CARDIOMETABOLIC",1
"OID21155",-0.37789138713745,4.04807206266319,-2.87624947017786,0.00424856655158929,0.0105586114821236,-3.13277601271908,"TNFRSF1A","P19438",0.03,-0.0699,"NEUROLOGY",1
"OID21362",-0.251232934005884,2.06402558746736,-2.86768094634408,0.00436281255770949,0.0108237137933453,-3.15679906389858,"OPTC","Q9UBM4",0.1,1.1764,"ONCOLOGY",1
"OID20922",-0.303486410256408,3.36772663185379,-2.84128939500164,0.00473248345424062,0.0117204832861522,-3.2303599382174,"PHOSPHO1","Q8TCT1",0.03,1.0683,"NEUROLOGY",1
"OID20453",-0.183647990752416,-0.140138120104439,-2.83206934687862,0.00486810502399921,0.0120355053274998,-3.25589418034309,"IL20","Q9NYY1",0.88,0.46,"INFLAMMATION",1
"OID20421",-0.406214653215635,1.04527467362924,-2.82946499951909,0.00490716266926123,0.0121111147743943,-3.2631064536854,"PAPPA","Q13219",0.74,1.4818,"INFLAMMATION",1
"OID20780",0.265991782261455,5.94309164490862,2.81987446523128,0.0050531194021103,0.0124439335456543,-3.28957031731371,"B4GALT1","P15291",0.03,0.8105,"INFLAMMATION",1
"OID20871",-0.460207171080283,1.67247545691906,-2.81946550846685,0.00505942994403437,0.0124439335456543,-3.29069686579595,"NEFL","P07196",0.79,2.9667,"NEUROLOGY",1
"OID20593",-0.581452198402689,2.66498929503916,-2.81266948731339,0.00516535049572287,0.0126826217498075,-3.30939484100987,"MICB_MICA","Q29980_Q29983",0.24,1.4109,"INFLAMMATION",1
"OID20089",-0.13725029003783,0.39692454308094,-2.80994921057016,0.00520814631280063,0.0127657651474993,-3.31684838688275,"ADAMTS16","Q8TE57",0.44,0.3069,"CARDIOMETABOLIC",1
"OID21504",0.144220647330812,3.01587754569191,2.80887627529258,0.0052251785456255,0.0127855824344158,-3.31979370636432,"IL13RA1","P78552",0.04,1.0755,"ONCOLOGY",1
"OID20216",0.302082383354351,2.88956553524804,2.8066600086058,0.00526068385591103,0.0128504568035844,-3.3258927234367,"SDC4","P31431",0.03,0.95,"CARDIOMETABOLIC",1
"OID20575",0.226462505254308,1.94793707571802,2.80588665958438,0.00527306733080182,0.0128587256240884,-3.32801334720843,"HSD11B1","P28845",0.06,0.8262,"INFLAMMATION",1
"OID20971",-0.502516153846152,3.56432010443864,-2.80409538516663,0.00530185221638799,0.0129068940668116,-3.33292310112626,"SNCG","O76070",0.03,0.8561,"NEUROLOGY",1
"OID20166",0.612000403530893,4.71900939947781,2.80186346457916,0.00533791739632963,0.0129640943057649,-3.33903642401061,"GSTA1","P08263",0.04,1.1215,"CARDIOMETABOLIC",1
"OID20753",-0.306858188314417,4.82595691906005,-2.80151963298081,0.00534349303435656,0.0129640943057649,-3.33997777770387,"MEPE","Q9NQ76",0.03,0.4484,"INFLAMMATION",1
"OID21452",0.185834102564103,0.283673890339426,2.79940292230527,0.00537785926903671,0.0130253574499211,-3.34576220264671,"LTA4H","P09960",0.94,0.9897,"ONCOLOGY",1
"OID20381",-0.190603774695248,4.40987780678851,-2.79632143454483,0.00542836920216166,0.0131254476986278,-3.35418898815705,"GP1BA","P07359",0.03,-0.1536,"CARDIOMETABOLIC",1
"OID20791",0.182883619167717,0.394696083550914,2.7918199160887,0.00550288923709922,0.0132831566213088,-3.3664788028216,"FOSB","P53539",0.99,2.6447,"NEUROLOGY",1
"OID20915",-0.260247372845732,2.18828929503916,-2.78832246313279,0.00556153252852817,0.0134020741707702,-3.37602561556257,"CSF2RA","P15509",0.03,0.4484,"NEUROLOGY",1
"OID21201",-0.325273505674652,0.586981723237598,-2.77918081541636,0.00571725973604254,0.0137541484222303,-3.40090005225656,"KLK12","Q9UKR0",0.65,0.9455,"ONCOLOGY",1
"OID20986",0.399198175704078,6.59941984334204,2.77426193833963,0.00580267625210081,0.0139361754021043,-3.41425186144163,"RBKS","Q9H477",0.03,0.3112,"NEUROLOGY",1
"OID20480",-0.273336717108027,0.746515665796345,-2.7703201164173,0.00587195802743404,0.0140331768826878,-3.42493515223437,"TNFRSF13C","Q96RJ3",0.43,0.6536,"INFLAMMATION",1
"OID20282",-0.208182774274904,6.19732245430809,-2.77009429617623,0.00587594644307401,0.0140331768826878,-3.42554641732212,"CXCL16","Q9H2A7",0.04,0.3687,"CARDIOMETABOLIC",1
"OID20149",0.428424325346783,0.427261879895561,2.76979907891106,0.00588117161952991,0.0140331768826878,-3.42634619803364,"PM20D1","Q6GTS8",0.53,0.1831,"CARDIOMETABOLIC",1
"OID21310",-0.29439864649012,3.66321618798956,-2.76973269913663,0.00588234636300209,0.0140331768826878,-3.42652594586438,"VNN2","O95498",0.03,0.362,"ONCOLOGY",1
"OID21047",0.574563182009246,5.21807467362924,2.76164463287187,0.0060270825681836,0.0143545016498906,-3.44839640689862,"OXT","P01178",0.03,-0.0356,"NEUROLOGY",1
"OID20615",0.42964626313577,4.74483368146214,2.75872542019472,0.00608010794595568,0.0144566959313988,-3.45627498376317,"HPCAL1","P37235",0.04,0.5283,"INFLAMMATION",1
"OID20400",-0.355776536359813,7.00035874673629,-2.75741065339301,0.00610412722157397,0.0144840170002123,-3.45982075380552,"CST3","P01034",0.03,2.7553,"CARDIOMETABOLIC",1
"OID20585",0.27454248003363,2.55680992167102,2.75698782542582,0.00611187001478516,0.0144840170002123,-3.46096072546851,"IL17RB","Q9NRM6",0.04,0.724,"INFLAMMATION",1
"OID20560",-0.142253379571248,3.60420574412533,-2.7563057884567,0.00612419987516885,0.0144892079828084,-3.46278213154207,"SELPLG","Q14242",0.03,0.2795,"INFLAMMATION",1
"OID20911",0.64832793610761,5.57356684073107,2.74724249001604,0.00629280464097472,0.0148635005486824,-3.48718821828681,"IL6","P05231",0.04,1.1881,"NEUROLOGY",1
"OID20071",0.215632248844052,1.2864227154047,2.74605715297575,0.00631513895215374,0.0148916395422899,-3.49037221085315,"VAMP5","O95183",0.15,0.6918,"CARDIOMETABOLIC",1
"OID20412",0.453873770491802,3.36023994778068,2.73891751379895,0.00645118671689979,0.0151717281573796,-3.50952240750647,"CCL5","P13501",0.05,0.8954,"CARDIOMETABOLIC",1
"OID20288",-0.201764035308953,1.63486475195822,-2.73871016855382,0.00645515095849323,0.0151717281573796,-3.51007549367938,"ENPP2","Q13822",0.03,-0.1454,"CARDIOMETABOLIC",1
"OID20293",-0.345003480453971,3.23863524804178,-2.72896733805044,0.00664520574657027,0.0155927734184711,-3.53613116518246,"CST6","Q15828",0.03,1.1124,"CARDIOMETABOLIC",1
"OID20445",0.265048532997057,1.09944177545692,2.72455380854741,0.00673293941986193,0.015772738411447,-3.54790400554475,"PNPT1","Q8TCS8",0.73,1.632,"INFLAMMATION",1
"OID20083",-0.361075262715424,-0.0162339425587467,-2.72113368264037,0.00680164318141021,0.0159076073751803,-3.55701439250082,"PTN","P21246",0.43,0.1485,"CARDIOMETABOLIC",1
"OID21103",-0.291529869693146,3.0052545691906,-2.71640309060433,0.00689771410566924,0.016105937021244,-3.56959739942035,"MMP9","P14780",0.99,5.0968,"NEUROLOGY",1
"OID21381",0.334231609920135,2.18181227154047,2.71440650137805,0.00693862769132718,0.0161750391042521,-3.57490185006766,"VMO1","Q7Z5L0",0.14,1.2,"ONCOLOGY",1
"OID21527",-0.399277986548968,3.3429819843342,-2.70959946514986,0.00703803135668576,0.0163657341603538,-3.58765757792888,"CD27","P26842",0.04,0.955,"ONCOLOGY",1
"OID20092",0.205574535519125,0.637041514360313,2.70934468469207,0.0070433355553657,0.0163657341603538,-3.58833304438042,"MPHOSPH8","Q99549",0.82,1.1574,"CARDIOMETABOLIC",1
"OID20101",0.631788583438422,5.67432402088773,2.69780387406216,0.00728741163304096,0.0169053753630122,-3.61886560093328,"IL6","P05231",0.04,1.3918,"CARDIOMETABOLIC",1
"OID20546",0.356712366540563,1.72417624020888,2.6965465240394,0.00731445834585926,0.0169406174655314,-3.62218448797973,"CCL26","Q9Y258",0.59,1.8425,"INFLAMMATION",1
"OID20589",0.352112929802437,3.58652375979112,2.69488029592915,0.00735043968310672,0.0169962820774441,-3.62658035035129,"HEXIM1","O94992",0.04,0.8298,"INFLAMMATION",1
"OID20442",0.253889949558639,0.872303133159269,2.69433358364675,0.00736228034005449,0.0169962820774441,-3.62802212311477,"NBN","O60934",0.23,0.4411,"INFLAMMATION",1
"OID20139",0.422823270281629,1.69104125326371,2.69074215290661,0.00744049129496193,0.0171491323556461,-3.63748633171878,"AGXT","P21549",0.16,0.5073,"CARDIOMETABOLIC",1
"OID20388",-0.172372555695669,4.59525639686684,-2.68199920336545,0.00763390762628103,0.0175665925893005,-3.66046647493088,"TFPI","P10646",0.03,-0.4071,"CARDIOMETABOLIC",1
"OID20981",-0.381784056326183,4.5853772845953,-2.68014637915527,0.00767561466436524,0.0176341693816365,-3.66533768651576,"TNFRSF10B","O14763",0.03,0.8626,"NEUROLOGY",1
"OID21231",0.207032282471626,0.93956135770235,2.66834007123692,0.00794545721790722,0.0182248127839316,-3.69624629601223,"GNE","Q9Y223",0.56,1.0049,"ONCOLOGY",1
"OID21276",0.617029386296765,5.78877702349869,2.65904394115788,0.00816389687764024,0.0186958471765191,-3.7204908109271,"IL6","P05231",0.04,1.1991,"ONCOLOGY",1
"OID21283",0.292531143337537,1.59316971279373,2.65341069396583,0.00829887755850749,0.0189745536497715,-3.7351427689741,"POLR2F","P61218",0.05,0.3892,"ONCOLOGY",1
"OID20356",-0.0923261076082377,0.685367624020888,-2.64887432617775,0.00840881616708633,0.0191952049564958,-3.74690584841743,"OSMR","Q99650",0.04,0.0706,"CARDIOMETABOLIC",1
"OID20695",-0.290967133249264,4.34982193211488,-2.64500625697455,0.00850398760194028,0.0193814964643902,-3.75694685657662,"CCL4","P13236",0.03,0.6333,"INFLAMMATION",1
"OID20119",0.171471849516603,0.403395561357702,2.64068910364375,0.00861098532284319,0.0195941051374887,-3.7681132889856,"EPHX2","P34913",0.71,0.5819,"CARDIOMETABOLIC",1
"OID20741",0.478093623371164,5.13992088772846,2.63788284307194,0.0086813849863828,0.0197228921232767,-3.77537530094178,"PDGFB","P01127",0.04,1.4162,"INFLAMMATION",1
"OID20606",0.20446296763346,4.25786657963446,2.63593191349962,0.0087305455453085,0.019803094578168,-3.78041404389751,"LIFR","P42702",0.04,2.0278,"INFLAMMATION",1
"OID20792",-0.267438373266076,2.23826919060052,-2.63169096960286,0.00883827358436705,0.0200156782124572,-3.79135489609508,"NDRG1","Q92597",0.69,2.5387,"NEUROLOGY",1
"OID20333",0.275534283312316,1.59459973890339,2.63086447867326,0.00885940630435655,0.0200317905204517,-3.79348511197558,"AMY2A","P04746",0.05,-0.0808,"CARDIOMETABOLIC",1
"OID21196",-0.242255897435897,1.36821671018277,-2.62811625436855,0.008930002470362,0.0201595158454144,-3.80056380517725,"KIR2DL3","P43628",0.39,1.2131,"ONCOLOGY",1
"OID20571",-0.192257276166456,1.68125848563969,-2.6241596002238,0.0090324952658101,0.0203587314429695,-3.81074064108029,"PTH1R","Q03431",0.03,0.4669,"INFLAMMATION",1
"OID20278",-0.287171227406473,4.74068067885117,-2.59120250888816,0.00992834303458117,0.0223426806242779,-3.89495182517751,"DPT","Q07507",0.03,-0.139,"CARDIOMETABOLIC",1
"OID20472",-0.372781374527112,0.29434908616188,-2.58699483131371,0.0100482555581144,0.0225769767178388,-3.90562898409503,"IL5","P05113",0.82,1.2855,"INFLAMMATION",1
"OID20245",-0.47280434216057,3.08505274151436,-2.58320585940072,0.0101573418282795,0.0227862503494685,-3.91522932262388,"FABP4","P15090",0.03,-0.4861,"CARDIOMETABOLIC",1
"OID20222",-0.286331467002941,5.98715326370757,-2.58254954619572,0.0101763445808517,0.0227930978151052,-3.91689088088153,"NECTIN2","Q92692",0.03,1.0399,"CARDIOMETABOLIC",1
"OID20762",0.338525674653214,3.52044464751958,2.57772851626267,0.0103169083559661,0.023071771581652,-3.92908356463812,"CXCL1","P09341",0.04,0.3153,"INFLAMMATION",1
"OID20829",-0.179191752837326,0.0183323759791123,-2.57373013634944,0.0104347231210629,0.0232987802187482,-3.93917505414029,"HSP90B1","P14625",0.99,2.0314,"NEUROLOGY",1
"OID21282",0.412785800756619,2.62595822454308,2.56225316775216,0.0107799083699326,0.0240319642131571,-3.96807297818227,"CDHR2","Q9BYE9",0.07,0.6878,"ONCOLOGY",1
"OID21382",-0.134560113493064,0.95492454308094,-2.54873408576494,0.0111992144217804,0.0249278464310346,-4.00193624786194,"VAT1","Q99536",0.09,0.4209,"ONCOLOGY",1
"OID21039",-0.171688083228246,4.27049634464752,-2.54729848548491,0.0112447573257077,0.0249902927191855,-4.00553025546531,"ADAM8","P78325",0.03,0.6481,"NEUROLOGY",1
"OID20507",-0.330603215636822,2.44541436031332,-2.54599918624018,0.0112860866811209,0.0250355992747453,-4.00877983817556,"TRAF2","Q12933",0.04,0.6129,"INFLAMMATION",1
"OID20344",-0.303403850357291,0.738803916449086,-2.54555591161328,0.0113001830176422,0.0250355992747453,-4.00988647842453,"DEFA1_DEFA1B","P59665",0.8,1.4884,"CARDIOMETABOLIC",1
"OID20338",-0.30207908364859,5.23736657963446,-2.5415485877946,0.0114283317020782,0.0252803188889624,-4.01988235506142,"PGLYRP1","O75594",0.03,-0.0219,"CARDIOMETABOLIC",1
"OID20563",0.589061668768392,5.32429738903394,2.52823026159001,0.0118635876575854,0.0262025761401692,-4.0529942145045,"IL6","P05231",0.05,1.5897,"INFLAMMATION",1
"OID21178",0.12569176124422,0.34973498694517,2.51870174955698,0.0121837246857521,0.0268681212591662,-4.07656953134643,"ATP6AP2","O75787",0.69,0.584,"ONCOLOGY",1
"OID20612",0.22261902059689,3.12906736292428,2.5139640923078,0.0123461330739398,0.0271843207436979,-4.08827593768264,"TLR3","O15455",0.03,0.3394,"INFLAMMATION",1
"OID20372",0.175692715426649,3.52535169712794,2.50494307545923,0.0126601274453364,0.0278041484258332,-4.11048323928156,"F7","P08709",0.03,0.3372,"CARDIOMETABOLIC",1
"OID21216",0.240230739806641,-0.487525587467363,2.50476269120971,0.0126665504725104,0.0278041484258332,-4.11092949242747,"GFOD2","Q3B7J2",0.68,-0.4645,"ONCOLOGY",1
"OID20443",-0.145701109709962,0.269794778067885,-2.49897469958829,0.0128716479234351,0.0282110197585716,-4.1251292088607,"FCRL3","Q96P31",0.84,0.7417,"INFLAMMATION",1
"OID21359",0.21624429171921,1.22910626631854,2.49507884271447,0.0130117287470277,0.028474365052837,-4.13468399534034,"APBB1IP","Q7Z5R6",0.24,0.794,"ONCOLOGY",1
"OID21096",-0.219258911307271,0.568641775456919,-2.4942566726213,0.0130414159528358,0.0284956932669761,-4.1366966787385,"CA6","P23280",0.53,0.1823,"NEUROLOGY",1
"OID21024",0.332078192517866,3.45841279373368,2.48741629636388,0.0132907514995011,0.0289961586149421,-4.15341711591846,"CXCL13","O43927",0.04,0.0083,"NEUROLOGY",1
"OID20359",-0.332820735603192,3.11922793733681,-2.47932181188485,0.0135912579528575,0.0296065664857215,-4.1731456314422,"TNC","P24821",0.03,-0.2317,"CARDIOMETABOLIC",1
"OID20704",0.355985548549811,5.16337180156658,2.47306586716251,0.0138276215296259,0.0300756029921391,-4.1883504517523,"CST7","O76096",0.04,0.7162,"INFLAMMATION",1
"OID20285",0.116486439680538,4.68145822454308,2.47009116324809,0.0139410093424612,0.0302761433896307,-4.19555720505885,"MEGF9","Q9H1U4",0.03,-0.108,"CARDIOMETABOLIC",1
"OID21427",-0.332197713324925,3.65538433420366,-2.46245814764787,0.0142367407601355,0.0308714757909463,-4.21404705114691,"CRNN","Q9UBG3",0.03,0.4499,"ONCOLOGY",1
"OID21053",0.328725388818832,3.01649921671018,2.45264915210355,0.0146245581054946,0.031664384140533,-4.23771355685931,"CPPED1","Q9BRF8",0.04,0.4569,"NEUROLOGY",1
"OID20423",-0.0923216855821758,0.0256352480417755,-2.44854268718196,0.0147893880380222,0.0319728222486139,-4.24758452170256,"EIF5A","P63241",0.97,0.4591,"INFLAMMATION",1
"OID21311",-0.430314358974357,3.53369582245431,-2.44782526449238,0.0148186870394342,0.0319877700594434,-4.24931874257949,"AARSD1","Q9BTE6",0.04,0.7204,"ONCOLOGY",1
"OID20592",-0.174350432955025,0.47735953002611,-2.44155896825296,0.0150741966370786,0.0324469409392757,-4.26435868773318,"TNFSF11","O14788",0.67,0.6426,"INFLAMMATION",1
"OID21502",-0.179179894913828,2.89915848563969,-2.44149594000085,0.0150768151040441,0.0324469409392757,-4.26451073182427,"ADAMTS8","Q9UP79",0.04,-0.2308,"ONCOLOGY",1
"OID20272",0.242495657839428,4.80457806788512,2.43771055859287,0.0152331522261362,0.0327340970393213,-4.27358054798137,"TNFSF13B","Q9Y275",0.03,-0.6438,"CARDIOMETABOLIC",1
"OID20561",-0.297465552753255,1.62574438642298,-2.43369536355158,0.0154005012407356,0.0330291792262195,-4.28318465975141,"CXADR","P78310",0.12,0.6822,"INFLAMMATION",1
"OID21379",-0.173367335014712,2.21074882506527,-2.433307129061,0.0154166987710906,0.0330291792262195,-4.28411023294812,"GCNT1","Q02742",0.04,0.9056,"ONCOLOGY",1
"OID20801",-0.149975044136191,0.327841253263708,-2.42779100261819,0.0156493359931057,0.0334773969074072,-4.29727320127117,"CALB2","P22676",0.99,2.5493,"NEUROLOGY",1
"OID21213",-0.159900588482556,0.112538381201044,-2.42571507148574,0.0157378025308396,0.0336152043889202,-4.30222311308619,"IKZF2","Q9UKS7",0.97,0.9682,"ONCOLOGY",1
"OID20497",-0.226191584699452,1.92154020887728,-2.4250534585165,0.0157662076326964,0.0336152043889202,-4.30380351797709,"ENAH","Q8N8S7",0.12,1.083,"INFLAMMATION",1
"OID21003",0.466810176544767,4.95379947780679,2.42434512402009,0.0157965200838759,0.0336152043889202,-4.30549039088448,"LXN","Q9BS40",0.04,1.4988,"NEUROLOGY",1
"OID20810",0.16994903320723,0.849331592689295,2.42407883113155,0.0158078497896112,0.0336152043889202,-4.30612194625648,"ANXA5","P08758",0.99,3.219,"NEUROLOGY",1
"OID20668",-0.221984123581335,6.46035874673629,-2.42337991248604,0.0158379081552752,0.033629079872048,-4.30778823789846,"CCL11","P51671",0.04,0.5675,"INFLAMMATION",1
"OID21454",-0.284745611601512,4.71967127937337,-2.41645150613084,0.0161378172415222,0.0342150457539098,-4.3242564175645,"LEFTY2","O00292",0.04,1.0707,"ONCOLOGY",1
"OID20788",0.432994224464058,4.88608955613577,2.41029588582359,0.0164084672838944,0.034737332961015,-4.3388493911023,"CXCL3","P19876",0.03,0.8931,"INFLAMMATION",1
"OID20240",0.211502282471627,2.82517101827676,2.40428224445256,0.01667673255893,0.0352077232910079,-4.35307091039144,"LDLR","P01130",0.03,-0.5547,"CARDIOMETABOLIC",1
"OID21233",0.121955964691047,0.424357441253264,2.40420425789499,0.0166799360867826,0.0352077232910079,-4.35324628861003,"FMR1","Q06787",0.86,0.9417,"ONCOLOGY",1
"OID20461",-0.0560836990332068,0.130648302872063,-2.39224937600628,0.0172248380507375,0.0363042678090029,-4.38141505650974,"IL3RA","P26951",0.89,0.3158,"INFLAMMATION",1
"OID20067",0.164453589743591,0.101068146214099,2.39012651008552,0.0173234253960127,0.0364582840808575,-4.3864085753911,"VSTM2L","Q96N03",0.87,0.5083,"CARDIOMETABOLIC",1
"OID20673",-0.260547141656157,6.57897493472585,-2.38833300736127,0.017407029915518,0.036580361395993,-4.39062192688389,"PGF","P49763",0.03,0.62,"INFLAMMATION",1
"OID20098",0.151539382093316,1.58735065274151,2.38560726885938,0.0175344338839655,0.0367939882822124,-4.39701012612739,"THPO","P40225",0.34,1.3429,"CARDIOMETABOLIC",1
"OID20868",-0.321968268179908,1.57304203655352,-2.37557768830223,0.0180111944264199,0.037738998292308,-4.42047856871803,"TST","Q16762",0.55,1.7703,"NEUROLOGY",1
"OID21153",-0.137809819251786,2.68049947780679,-2.37161428669703,0.0182023772204071,0.0380837438476747,-4.42971721570139,"PAMR1","Q6UXH9",0.04,-0.568,"NEUROLOGY",1
"OID20925",-0.473214321143336,2.25990574412533,-2.3594846841235,0.0187997056364445,0.039275993208303,-4.45792630176248,"PAEP","P09466",0.56,2.0681,"NEUROLOGY",1
"OID20936",-0.226087377049179,2.55020652741514,-2.3569165239602,0.0189283037310036,0.0394869285132907,-4.46387942675057,"VWC2","Q2TAL6",0.04,0.8473,"NEUROLOGY",1
"OID21115",0.257186536359815,2.67227963446475,2.35237615416673,0.0191575486272738,0.0399069052308662,-4.47438882424421,"NUDT5","Q9UKK9",0.06,1.4765,"NEUROLOGY",1
"OID20540",0.227310432955023,3.07761488250653,2.34949637500712,0.0193042092423892,0.0401538791955955,-4.48104432141218,"BTN3A2","P78410",0.04,0.8071,"INFLAMMATION",1
"OID20482",-0.195595472887766,1.5214501305483,-2.34450567396027,0.0195607079537861,0.0406282727702912,-4.49255964114203,"MILR1","Q7Z6M3",0.08,0.6809,"INFLAMMATION",1
"OID20230",0.400450504413617,5.627354308094,2.34391634512689,0.0195911931276357,0.0406325326261124,-4.49391786146641,"HSPB1","P04792",0.04,0.3818,"CARDIOMETABOLIC",1
"OID21402",-0.56363224884405,5.10794934725849,-2.34246358762598,0.0196665202799027,0.0407296485217115,-4.49726460027624,"FGF21","Q9NSA1",0.04,1.0536,"ONCOLOGY",1
"OID20749",0.345966389239177,4.9408725848564,2.33638228986355,0.019984605722529,0.0413285116895716,-4.51125228893194,"LHPP","Q9H008",0.03,0.4281,"INFLAMMATION",1
"OID21206",0.22221140395124,0.787396605744125,2.33529790543319,0.0200417961925482,0.0413868883802766,-4.51374278638426,"MAEA","Q7L5Y9",0.35,0.3903,"ONCOLOGY",1
"OID20228",0.226760765027323,4.67021305483029,2.33216495898222,0.0202078343026458,0.0416695457698137,-4.52093188754954,"CTSL","P07711",0.03,1.5732,"CARDIOMETABOLIC",1
"OID20914",-0.219014304329549,3.33128015665796,-2.32155783222911,0.020778963408828,0.0427855024657279,-4.54520217185305,"CRTAM","O95727",0.04,1.0131,"NEUROLOGY",1
"OID21288",-0.212396670870112,1.97898981723238,-2.32059010173152,0.0208317662666013,0.0428325093452853,-4.54741109277479,"MPI","P34949",0.08,1.1467,"ONCOLOGY",1
"OID21414",0.269691702395964,4.32120600522193,2.31990246473831,0.0208693575358635,0.0428481493085474,-4.54898013410282,"CASP8","Q14790",0.03,0.8277,"ONCOLOGY",1
"OID20219",-0.472736906263133,1.2034590078329,-2.30909434409674,0.0214680542275963,0.0440141312643259,-4.57358256112657,"SERPINA12","Q8IW75",0.72,1.6773,"CARDIOMETABOLIC",1
"OID20735",-0.216621038251364,6.33087832898172,-2.30596470549368,0.0216441946559136,0.0443116821823791,-4.58068566986982,"TNFRSF11B","O00300",0.03,0.6894,"INFLAMMATION",1
"OID20578",0.18259327028163,3.09228537859008,2.30179590047915,0.0218807815610013,0.0447319554372973,-4.59013274474948,"ICAM4","Q14773",0.03,-0.0163,"INFLAMMATION",1
"OID21242",0.313687847835223,1.30887415143603,2.29924213834732,0.0220268251035137,0.044966190104173,-4.5959117020037,"GSTA3","Q16772",0.58,1.2231,"ONCOLOGY",1
"OID20473",0.187975342580916,1.83711879895561,2.2893976950786,0.022597800238587,0.046065986506335,-4.61813048390404,"TNF","P01375",0.04,0.4097,"INFLAMMATION",1
"OID21066",0.288477065994116,5.15957075718016,2.28405117413525,0.0229132755948449,0.0466425510328112,-4.6301586449524,"DKK1","O94907",0.03,1.068,"NEUROLOGY",1
"OID20229",-0.201255662042875,4.2139772845953,-2.27590695502217,0.0234012118450311,0.0475680394403264,-4.64842824154263,"NRCAM","Q92823",0.03,1.0898,"CARDIOMETABOLIC",1
"OID21059",-0.221855947877258,3.32353133159269,-2.27272457474846,0.0235943206428066,0.0478437840381483,-4.65554988806998,"LRPAP1","P30533",0.04,0.4022,"NEUROLOGY",1
"OID20978",-0.2886823160992,3.63747989556136,-2.27256851126964,0.0236038262749437,0.0478437840381483,-4.65589888312282,"AFP","P02771",0.03,1.1299,"NEUROLOGY",1
"OID21405",-0.231759398907104,2.09282297650131,-2.2668906408565,0.0239519343091073,0.0484806149117767,-4.66858008830278,"CTSV","O60911",0.13,1.2945,"ONCOLOGY",1
"OID20731",-0.255386548970153,6.22079608355091,-2.25776182965753,0.0245209902510231,0.0495622278199605,-4.68890403266855,"TREM2","Q9NZC2",0.03,0.2481,"INFLAMMATION",1
"OID20884",0.198348617065994,1.70204360313316,2.254414971717,0.0247325478098977,0.0499192243225195,-4.69633531146503,"FMNL1","O95466",0.94,2.9456,"NEUROLOGY",1
"OID20241",0.128891706599412,2.17756657963446,2.24839001336951,0.0251170887965943,0.0506238644433474,-4.70968063354215,"CA4","P22748",0.03,-0.3359,"CARDIOMETABOLIC",1
"OID21479",-0.141476813787305,0.521745953002611,-2.24183160362124,0.0255419928870371,0.0514077575148959,-4.72417521970983,"CPXM1","Q96SM3",0.1,-0.0286,"ONCOLOGY",1
"OID21271",-0.257218192517865,0.640701566579635,-2.23061536107713,0.0262832264696257,0.0528252188819904,-4.74886970516976,"FOXO3","O43524",0.92,1.8436,"ONCOLOGY",1
"OID20505",0.229889180327868,1.54507101827676,2.2298569126052,0.0263340004083682,0.0528529305948851,-4.75053494644107,"BACH1","O14867",0.21,0.7344,"INFLAMMATION",1
"OID21324",0.259737515762926,2.26547519582245,2.22263856601821,0.0268215024560275,0.053681670475744,-4.76635585358244,"SRP14","P37108",0.04,0.2409,"ONCOLOGY",1
"OID20339",-0.26393163934426,4.08206945169713,-2.22263048920882,0.0268220522880904,0.053681670475744,-4.76637352804004,"CD59","P13987",0.03,0.9959,"CARDIOMETABOLIC",1
"OID21366",-0.199111992433796,1.201372845953,-2.22118294675711,0.026920752253486,0.0537923262094964,-4.76954017001388,"CES2","O00748",0.05,0.0545,"ONCOLOGY",1
"OID20923",-0.328693530895333,3.88834281984334,-2.22071643530351,0.0269526281077672,0.0537923262094964,-4.77056028149378,"CRADD","P78560",0.03,1.4395,"NEUROLOGY",1
"OID20367",0.165661820092476,3.40931749347258,2.21692547721689,0.0272128441112488,0.054235919435111,-4.77884171120182,"C1QTNF1","Q9BXJ1",0.03,0.0244,"CARDIOMETABOLIC",1
"OID20073",0.0968680748213538,0.531749347258486,2.21458100742637,0.0273745320488834,0.0544821814733348,-4.78395129517753,"RCOR1","Q9UKL0",0.44,0.4736,"CARDIOMETABOLIC",1
"OID20477",-0.359509478772591,2.67290783289817,-2.21046376434855,0.0276614794501579,0.0549767095052512,-4.79292686669441,"IL17C","Q9P0M4",0.07,1.1614,"INFLAMMATION",1
"OID20283",0.161239789827659,4.45460757180157,2.20815623902592,0.0278231716194135,0.0551506159076074,-4.79794610571203,"SEMA7A","O75326",0.03,0.4569,"CARDIOMETABOLIC",1
"OID21070",0.155449705758723,0.983628720626632,2.20811291831542,0.02782616799817,0.0551506159076074,-4.79803957342655,"APP","P05067",0.65,1.353,"NEUROLOGY",1
"OID20352",0.186694934846575,2.12296710182768,2.20529827834779,0.0280246868842131,0.0554671434314966,-4.80415734833113,"ITIH3","Q06033",0.04,0.3163,"CARDIOMETABOLIC",1
"OID20701",0.175404043715848,3.75521540469974,2.20216434870183,0.0282470523925181,0.0558299278961389,-4.81095846079379,"CRIM1","Q9NZV1",0.03,0.5647,"INFLAMMATION",1
"OID20312",-0.538702442202604,4.84300078328982,-2.18959755134737,0.0291541182688015,0.0575431422736428,-4.83813562799518,"CHIT1","Q13231",0.11,0.3347,"CARDIOMETABOLIC",1
"OID20399",-0.45685077763766,3.57834830287206,-2.18893755246204,0.0292024444533512,0.0575590249983985,-4.83955876073948,"CHI3L1","P36222",0.21,2.3626,"CARDIOMETABOLIC",1
"OID20325",-0.341178175704074,6.73538407310705,-2.18654596062453,0.029378140828447,0.0578255692064059,-4.84471216224999,"IGFBP2","P18065",0.03,0.25,"CARDIOMETABOLIC",1
"OID20417",0.126125485498109,4.79423550913838,2.18117126543628,0.0297759979574973,0.0583768840529869,-4.85626900943232,"TGFBI","Q15582",0.03,0.1826,"CARDIOMETABOLIC",1
"OID20849",-0.134953602353929,0.214166318537859,-2.18115018321425,0.0297776256034669,0.0583768840529869,-4.85631508845927,"NXPH1","P58417",0.99,1.875,"NEUROLOGY",1
"OID21312",0.263399878100043,3.18846605744125,2.18083920044585,0.0298010757107772,0.0583768840529869,-4.85698688916578,"IGSF3","O75054",0.04,0.7737,"ONCOLOGY",1
"OID21424",-0.177464627994955,3.69060391644909,-2.18056349131312,0.0298216412586987,0.0583768840529869,-4.85757912232759,"RTN4R","Q9BZR6",0.03,1.269,"ONCOLOGY",1
"OID20715",-0.309522139554434,3.26359190600522,-2.17864308063598,0.029965227600398,0.0585777157879189,-4.86170220759456,"FGF19","O95750",0.04,0.1324,"INFLAMMATION",1
"OID21334",0.161918331231609,0.424641514360313,2.17802808644017,0.0300112922608603,0.0585876183617067,-4.86302124358747,"DCTN2","Q13561",0.47,0.3416,"ONCOLOGY",1
"OID20422",-0.133920760823875,0.0398054830287206,-2.15522256743202,0.0317646443157672,0.0619258891230987,-4.91169703993816,"IL20RA","Q9UHF4",0.97,0.8471,"INFLAMMATION",1
"OID20074",0.139037473728457,1.47529738903394,2.15400912379254,0.0318604090870006,0.0620279626503049,-4.91427363053206,"TNF","P01375",0.09,0.895,"CARDIOMETABOLIC",1
"OID20130",0.177585292139555,1.44596396866841,2.14715582508453,0.0324059550017592,0.0630042308809713,-4.92879919654233,"S100A11","P31949",0.07,0.648,"CARDIOMETABOLIC",1
"OID20866",-0.269903841950397,1.15885326370757,-2.14656462618068,0.0324533707760295,0.0630106886398725,-4.93004987927671,"MUC13","Q9H3R2",0.95,3.2313,"NEUROLOGY",1
"OID20771",-0.238445851197981,4.83684569190601,-2.14328020545154,0.0327178782093056,0.0634380569350037,-4.93699195698677,"CHRDL1","Q9BU40",0.04,0.1395,"INFLAMMATION",1
"OID20347",0.156999125683059,0.973158746736292,2.14129525607904,0.0328785743549904,0.0636123971382501,-4.94118170920067,"CNDP1","Q96KN2",0.08,-0.1396,"CARDIOMETABOLIC",1
"OID20289",0.240002757461119,1.90887362924282,2.14107113606815,0.032896823992419,0.0636123971382501,-4.94165529354516,"CPB1","P15086",0.03,-0.201,"CARDIOMETABOLIC",1
"OID20457",-0.126430054644808,0.391551436031332,-2.12780533493623,0.0339888827898371,0.0655540752280323,-4.96955682227745,"SCGN","O76038",0.84,0.7539,"INFLAMMATION",1
"OID21335",-0.120235401429172,0.464222976501306,-2.12775926576488,0.0339927010104772,0.0655540752280323,-4.9696531029497,"DRG2","P55039",0.41,0.3174,"ONCOLOGY",1
"OID21080",-0.10724678015973,0.861542036553525,-2.11526407954098,0.0350500054560794,0.06750196468563,-4.99578149354968,"CD164","Q04900",0.65,0.9551,"NEUROLOGY",1
"OID20199",0.188548902900379,1.73048067885117,2.11441672648889,0.0351231269490173,0.0675517475237494,-4.99755245380811,"AHCY","P23526",0.14,0.8625,"CARDIOMETABOLIC",1
"OID21403",0.301562959226567,2.75041984334204,2.11222104183476,0.0353121461013752,0.0678240010468618,-5.00212654918417,"TRIAP1","O43715",0.04,0.2482,"ONCOLOGY",1
"OID21313",0.246055695670449,1.7012861618799,2.11017793747383,0.0354888122144364,0.0680718290663486,-5.00637861613907,"DKKL1","Q9UK85",0.12,0.1169,"ONCOLOGY",1
"OID21202",0.129038196721311,1.4031088772846,2.10822430014583,0.0356581481775198,0.0683049514017101,-5.01043748424503,"ARHGAP1","Q07960",0.07,0.7123,"ONCOLOGY",1
"OID20510",0.244367688104244,2.10130731070496,2.1035453016708,0.036067559926072,0.0689967110232355,-5.02015461105508,"NUB1","Q9Y5A7",0.07,0.5528,"INFLAMMATION",1
"OID20831",0.110065241698192,-0.0907360313315927,2.10047034970322,0.0363381887145882,0.0694214861940461,-5.02652259193827,"CLSPN","Q9HAW4",0.99,2.2216,"NEUROLOGY",1
"OID21194",-0.201276401849514,0.854642819843342,-2.09923343777489,0.0364481199111875,0.0695385358519184,-5.02908763008191,"RASSF2","P50749",0.46,0.8606,"ONCOLOGY",1
"OID20798",0.159278327028163,0.414953263707572,2.07676964206979,0.0384867729242105,0.0733301313449291,-5.07533675382529,"ATF2","P15336",0.98,2.4608,"NEUROLOGY",1
"OID21046",0.222934939050021,2.01301253263708,2.05821788939762,0.0402430066094925,0.0765742429360383,-5.11316485126145,"ENO2","P09104",0.03,0.2049,"NEUROLOGY",1
"OID20094",-0.139489974779318,2.34028328981723,-2.05591996953917,0.0404650505947531,0.0768943581115721,-5.1178258182164,"SLITRK6","Q9H5Y7",0.05,1.5126,"CARDIOMETABOLIC",1
"OID20531",-0.14336165615805,0.825391122715405,-2.05485968397168,0.0405679739827389,0.0769875628437369,-5.11997578347376,"STX8","Q9UNK0",0.21,0.3962,"INFLAMMATION",1
"OID21167",-0.120512849936947,0.358541775456919,-2.05353614975813,0.0406964847616436,0.0771290142233271,-5.12265554675077,"NINJ1","Q92982",0.85,0.7385,"ONCOLOGY",1
"OID21398",-0.196917465321562,2.5698819843342,-2.03966021622407,0.0420676072411429,0.0796220009901896,-5.15067283667327,"XCL1","P47992",0.04,-0.1154,"ONCOLOGY",1
"OID21205",0.249944728877679,1.75047676240209,2.03699055034671,0.042335786347233,0.0800235961510529,-5.15604130567954,"ZBTB16","Q05516",0.09,0.6022,"ONCOLOGY",1
"OID20758",0.231999920134512,6.49381984334204,2.0339484135843,0.0426431501844281,0.0804980998857963,-5.16215039440996,"ESM1","Q9NQ30",0.03,0.8966,"INFLAMMATION",1
"OID21434",0.292286351408156,5.97665169712794,2.03325872397742,0.0427130961383045,0.0805237656749831,-5.16353415710101,"APEX1","P27695",0.04,0.4883,"ONCOLOGY",1
"OID21019",0.327011807482137,4.1304,2.02962014340415,0.0430837226966192,0.0811154673695242,-5.17082684118147,"MMP8","P22894",0.03,0.6454,"NEUROLOGY",1
"OID21440",-0.191721197982344,5.15634308093995,-2.02697218460548,0.0433551566271524,0.0815191037107904,-5.17612601864768,"F3","P13726",0.03,0.9756,"ONCOLOGY",1
"OID20432",-0.0968851870533842,-1.42185143603133,-2.02568654817799,0.0434870275551561,0.0816596089044915,-5.17869292148263,"ARNT","P27540",0.94,-0.2055,"INFLAMMATION",1
"OID20897",-0.167498936527953,1.95824516971279,-2.01764366975384,0.0443229772956006,0.0831201240884687,-5.19474058434415,"DPEP1","P16444",0.04,0.1831,"NEUROLOGY",1
"OID20313",0.234556729718369,1.86255979112272,2.01612037409179,0.0444827428825727,0.0833104057394448,-5.19777225820007,"PDGFA","P04085",0.04,0.2795,"CARDIOMETABOLIC",1
"OID20572",-0.226123455233289,2.06882010443864,-2.01063598183996,0.045061999915295,0.0842848139776917,-5.20866877048314,"EGLN1","Q9GZT9",0.04,0.5721,"INFLAMMATION",1
"OID21524",0.171874632198403,3.89118041775457,2.00991548476284,0.0451385706525347,0.0843176698855844,-5.21009811046966,"VEGFC","P49767",0.04,2.1311,"ONCOLOGY",1
"OID20648",0.271788306010929,3.58907049608355,2.00210372803591,0.0459758572331547,0.0857695822273865,-5.22556306531308,"HCLS1","P14317",0.04,0.8219,"INFLAMMATION",1
"OID20486",0.130693476250525,0.736564229765013,1.99750360336143,0.0464747938313719,0.0865873277510176,-5.23464065952625,"IL12RB1","P42701",0.23,0.4097,"INFLAMMATION",1
"OID21021",0.294954548129466,3.09207650130548,1.98292496456624,0.0480873487517801,0.089475027820695,-5.26328114634515,"PDCD5","O14737",0.04,0.6535,"NEUROLOGY",1
"OID20291",-0.121407271963009,4.21051540469974,-1.98013784810413,0.0484005709483986,0.0899407228677004,-5.26873061395089,"PAM","P19021",0.04,-0.5273,"CARDIOMETABOLIC",1
"OID20301",0.141059390500211,6.58307676240209,1.97901100061102,0.0485280526478037,0.090060502900924,-5.27093414979134,"LILRB2","Q8N423",0.03,0.9634,"CARDIOMETABOLIC",1
"OID21068",-0.237711353509877,4.8523908616188,-1.97358887220175,0.0491444560653536,0.0910861578695075,-5.28151334764218,"WISP2","O76076",0.03,1.2065,"NEUROLOGY",1
"OID20248",0.11835784363178,2.78198825065274,1.96087571357503,0.0506150193842403,0.093690236658134,-5.30620275941176,"ICAM2","P13598",0.03,-0.2621,"CARDIOMETABOLIC",1
"OID21394",0.185417288776797,4.52585221932115,1.95212945549318,0.0516486640555163,0.0954798718438975,-5.32310119870306,"SIGLEC6","O43699",0.04,-0.0149,"ONCOLOGY",1
"OID20385",0.120148617065995,4.28736945169713,1.94211127569132,0.0528536228252507,0.0975811718569551,-5.34236169816666,"IL6R","P08887",0.03,-0.1625,"CARDIOMETABOLIC",1
"OID20952",0.306415830180745,4.79490234986945,1.94122199826509,0.0529620652307065,0.0976552144705544,-5.34406875557004,"TXLNA","P40222",0.03,1.5372,"NEUROLOGY",1
"OID21237",0.134167952921396,1.23996187989556,1.93811588949906,0.0533410144699549,0.0982272031927391,-5.35001771611918,"TNF","P01375",0.1,0.6848,"ONCOLOGY",1
"OID20174",0.222332471626734,3.33081096605744,1.93716019671009,0.0534582664912801,0.0983164257606682,-5.35184737919429,"QDPR","P09417",0.04,0.3913,"CARDIOMETABOLIC",1
"OID21127",0.0918227322404376,3.86175587467363,1.93183539343914,0.0541141926282876,0.0992810979734524,-5.36201790064226,"B4GAT1","O43505",0.03,0.626,"NEUROLOGY",1
"OID20311",0.0801705926860028,5.79250496083551,1.93151128871397,0.0541543621881283,0.0992810979734524,-5.36263622618719,"NOTCH1","P46531",0.03,-0.4091,"CARDIOMETABOLIC",1
"OID21157",-0.168597242538882,4.87408720626632,-1.93092326563745,0.0542277714785164,0.0992810979734524,-5.36376042105734,"STC2","O76061",0.03,0.0346,"NEUROLOGY",1
"OID20487",-0.156646120218579,2.87798903394256,-1.93065805022322,0.0542606980526706,0.0992810979734524,-5.36426616883366,"IL1RL2","Q9HB29",0.04,1.0973,"INFLAMMATION",1
"OID21376",-0.357613934426228,3.38706605744125,-1.92886212863197,0.0544841032002439,0.0995623829579904,-5.36768907662099,"GPA33","Q99795",0.1,1.0973,"ONCOLOGY",1
"OID20702",0.181116355611602,5.41345796344647,1.9265928855268,0.054767488660899,0.0999524154488183,-5.37200963620335,"TNFRSF13B","O14836",0.03,0.6943,"INFLAMMATION",1
"OID21060",-0.229448915510718,3.9962911227154,-1.919350384857,0.0556802060769623,0.101488538882626,-5.38576573690921,"CPA2","P48052",0.04,1.8183,"NEUROLOGY",1
"OID21316",0.179619676334594,3.75892506527415,1.91131142141604,0.0567081578370014,0.103230519170796,-5.40097509181426,"CD38","P28907",0.03,0.6895,"ONCOLOGY",1
"OID20511",-0.324809436738125,2.6709,-1.90842997877481,0.0570804503546361,0.10377603505951,-5.40641140403361,"PSPN","O60542",0.1,0.7809,"INFLAMMATION",1
"OID20764",-0.190799247583016,6.47773368146214,-1.90210464307298,0.0579048677049293,0.105141113024579,-5.41831696051323,"PLAUR","Q03405",0.03,0.4493,"INFLAMMATION",1
"OID21260",-0.111943194619587,0.0795725848563969,-1.90031113863634,0.0581400319075928,0.105374558109693,-5.42168367058557,"ENTPD2","Q9Y5L3",0.28,-0.2017,"ONCOLOGY",1
"OID21097",-0.313829865489699,1.1635819843342,-1.90000347170486,0.0581809141697326,0.105374558109693,-5.42226320696525,"SPINK1","P00995",0.12,-0.0407,"NEUROLOGY",1
"OID20614",0.0820401513240859,5.11862454308094,1.89102264550625,0.0593727170266669,0.107396978014059,-5.43907970725536,"PCDH1","Q08174",0.03,0.7513,"INFLAMMATION",1
"OID21230",-0.185791109709961,0.915419321148825,-1.88964370234539,0.0595580497084391,0.107596021533956,-5.44165748978459,"CHAC2","Q8WUX2",0.68,0.9655,"ONCOLOGY",1
"OID20395",-0.232383522488438,5.73416057441253,-1.88434219519485,0.060273221147464,0.108750546742078,-5.45154206115911,"CCL18","P55774",0.03,1.6768,"CARDIOMETABOLIC",1
"OID20564",-0.162530058848255,2.46901749347259,-1.87776438300493,0.0611704866405783,0.110230296859252,-5.4637683871739,"FCAR","P24071",0.04,0.8838,"INFLAMMATION",1
"OID20494",0.205157898276586,0.694627676240209,1.87447277869372,0.0616236402183239,0.110907030065472,-5.46987080855175,"JCHAIN","P01591",0.91,2.0181,"INFLAMMATION",1
"OID20712",-0.09825948297604,4.62551697127937,-1.86873017296923,0.0624204185280857,0.112199720851113,-5.48048993357569,"DNER","Q8NFT8",0.03,0.5155,"INFLAMMATION",1
"OID21317",-0.173051374527112,1.73265300261097,-1.86244479747122,0.0633033128188068,0.11364376132924,-5.49208051436072,"CNPY4","Q8N129",0.06,0.6434,"ONCOLOGY",1
"OID21252",-0.138081013030683,3.49093864229765,-1.86150408394535,0.0634362124179335,0.113739457396772,-5.49381139143883,"EGFL7","Q9UHF1",0.04,0.6948,"ONCOLOGY",1
"OID20249",0.0982217906683478,4.10451070496084,1.85680265653142,0.0641037267437258,0.114792262552361,-5.50244833090753,"ADAMTS13","Q76LX8",0.03,-0.2693,"CARDIOMETABOLIC",1
"OID20973",0.264831382934006,4.12070731070496,1.85623009530353,0.064185953403843,0.114795653834908,-5.50350096897966,"CCS","O14618",0.04,1.2939,"NEUROLOGY",1
"OID20242",-0.161977255149221,3.75710130548303,-1.85287753269942,0.0646663199049541,0.115510213930224,-5.50964624231875,"EPHB4","P54760",0.03,0.2378,"CARDIOMETABOLIC",1
"OID20427",-0.159052551492222,0.677649608355091,-1.85094695815997,0.0649442878886656,0.115861906857557,-5.51318004970138,"IL1B","P01584",0.85,1.3409,"INFLAMMATION",1
"OID21431",0.232273501471208,4.59057232375979,1.84966518770361,0.0651293858059345,0.116047247277656,-5.51552425921545,"CAPG","P40121",0.03,0.8883,"ONCOLOGY",1
"OID21430",0.295821567885668,5.70811566579634,1.84287459129392,0.0661173035297062,0.117660805409652,-5.5279168608283,"CXCL8","P10145",0.03,0.0258,"ONCOLOGY",1
"OID21435",0.171483715846993,2.69939347258486,1.835996990151,0.0671304813594478,0.119315246097825,-5.54042260001498,"CPVL","Q9H3G5",0.04,1.1279,"ONCOLOGY",1
"OID21014",0.266538116855823,2.32207415143603,1.83422329846237,0.0673938446813317,0.119634539192078,-5.54364030282058,"STC1","P52823",0.04,0.0784,"NEUROLOGY",1
"OID20789",-0.0854958133669609,3.98526971279373,-1.82027156169566,0.0694948478446982,0.123211088796618,-5.56884218782653,"NME3","Q13232",0.03,0.6137,"INFLAMMATION",1
"OID21319",0.303823055905841,3.2406953002611,1.81007499856222,0.071065135686218,0.125839007305583,-5.58714432123512,"CDKN1A","P38936",0.07,0.8361,"ONCOLOGY",1
"OID21340",0.122614720470786,1.25465639686684,1.8078551658957,0.0714105301020469,0.126143553749954,-5.59111431507465,"CES3","Q6UWW8",0.41,1.0903,"ONCOLOGY",1
"OID21350",0.283431210592685,3.63109738903394,1.80783629475879,0.0714136703874824,0.126143553749954,-5.5911487223474,"LYN","P07948",0.04,0.5955,"ONCOLOGY",1
"OID21134",0.144813589743591,1.49722793733681,1.80365481486912,0.0720684344632199,0.127142954133261,-5.59861514641959,"MFGE8","Q08431",0.04,0.3271,"NEUROLOGY",1
"OID21073",0.271446889449349,4.56695117493473,1.79717620371725,0.0730926403561364,0.128660323744548,-5.61014974256415,"MIF","P14174",0.03,2.4422,"NEUROLOGY",1
"OID21523",-0.138552837326608,2.12153342036554,-1.797075871487,0.0731085954377697,0.128660323744548,-5.61032805436283,"KLK10","O43240",0.09,1.2824,"ONCOLOGY",1
"OID20387",-0.137938242959227,1.91665874673629,-1.78570201360715,0.074935923180548,0.131713941236166,-5.63047837330066,"FCGR3B","O75015",0.03,-0.1788,"CARDIOMETABOLIC",1
"OID21234",0.130897259352668,0.843034203655353,1.77985447126065,0.07588979725899,0.133226683394468,-5.64078889412241,"AIF1","P55008",0.76,1.1315,"ONCOLOGY",1
"OID20264",0.168709062631359,4.3673454308094,1.77683350299516,0.0763865804498166,0.133934261917531,-5.64610282885146,"DKK3","Q9UBP4",0.03,0.1753,"CARDIOMETABOLIC",1
"OID20997",0.290073442622953,6.72609843342037,1.7730966396719,0.0770046804659743,0.134787027167207,-5.65266348529374,"CXCL8","P10145",0.03,1.097,"NEUROLOGY",1
"OID20475",0.288154224464059,2.77604699738903,1.77275386167712,0.0770615823622172,0.134787027167207,-5.65326460614074,"SPRY2","O43597",0.18,1.4479,"INFLAMMATION",1
"OID21254",0.0993377511559475,0.744251958224543,1.75662115009527,0.0797783555833413,0.139368300890703,-5.68142558471966,"SLAMF6","Q96DU3",0.81,1.3103,"ONCOLOGY",1
"OID20165",-0.182024291719208,2.70084464751958,-1.75446666205532,0.0801475251444222,0.139842263041977,-5.68516861705295,"CLEC5A","Q9NY25",0.04,0.388,"CARDIOMETABOLIC",1
"OID21356",-0.260272782681798,4.74741906005222,-1.74839796947018,0.0811936163706918,0.14149472901673,-5.69568417419632,"PFKFB2","O60825",0.03,0.1561,"ONCOLOGY",1
"OID21415",-0.222400151324084,3.15430052219321,-1.74441059755771,0.0818869768846943,0.142529220424151,-5.7025737923628,"RSPO3","Q9BXY4",0.04,0.0662,"ONCOLOGY",1
"OID21302",0.0887304623791505,0.812358746736292,1.74376481339805,0.0819992177827942,0.142550951595636,-5.70368686341832,"RP2","O75695",0.2,0.4832,"ONCOLOGY",1
"OID20232",0.222447007145858,4.27613550913838,1.73970703045851,0.0827110662482231,0.143613746863561,-5.71068099191041,"KYAT1","Q16773",0.04,1.6659,"CARDIOMETABOLIC",1
"OID20529",0.173378991172761,3.45525404699739,1.7385552301618,0.082913892851846,0.143791204957874,-5.71266298307956,"FCRL6","Q6DN72",0.04,1.2279,"INFLAMMATION",1
"OID20088",0.0796174148802016,-0.0842240208877285,1.73771485593391,0.0830616267460935,0.143850943118527,-5.71410700255046,"PON2","Q15165",0.47,-0.01,"CARDIOMETABOLIC",1
"OID20595",0.115684052122741,4.49442950391645,1.7372178817196,0.0831496704100092,0.143850943118527,-5.7149620677746,"CD200R1","Q8TD46",0.03,1.0717,"INFLAMMATION",1
"OID20631",0.277681736023541,6.55870600522193,1.73564180203226,0.0834287403676565,0.144159214008925,-5.71767057490156,"CXCL8","P10145",0.03,0.2446,"INFLAMMATION",1
"OID21363",0.307599604875998,3.22018093994778,1.73233066993184,0.0840170210132775,0.145000390130403,-5.72335170185059,"DNAJB1","P25685",0.05,0.6204,"ONCOLOGY",1
"OID20260",0.133044581757041,4.28347754569191,1.7213333527944,0.0859951175716775,0.148235250916679,-5.74214387747112,"CD97","P48960",0.03,0.3842,"CARDIOMETABOLIC",1
"OID20468",-0.0952838167297178,0.17962637075718,-1.71900051259523,0.0864190546347907,0.148786541051947,-5.7461139607318,"PRKCQ","Q04759",0.91,0.633,"INFLAMMATION",1
"OID21387",-0.356893261874738,4.79588355091384,-1.71661078820494,0.086856084357275,0.149359018708238,-5.75017761264463,"CALCOCO1","Q9P1Z2",0.03,0.7582,"ONCOLOGY",1
"OID21299",0.195073829340059,1.50594856396867,1.70838802471493,0.0883718311414151,0.151749536562494,-5.76411380213863,"DDAH1","O94760",0.12,0.6483,"ONCOLOGY",1
"OID20983",-0.389636317780576,4.52076135770235,-1.70785844921375,0.0884701798732173,0.151749536562494,-5.76500908402601,"CALCA","P01258",0.03,0.5824,"NEUROLOGY",1
"OID20107",0.248588575031525,6.16529295039164,1.70734934667895,0.0885648100021836,0.151749536562494,-5.76586949731369,"GLO1","Q04760",0.03,0.2901,"CARDIOMETABOLIC",1
"OID21225",-0.177749924337957,1.58714595300261,-1.69942241006947,0.0900488326646727,0.154107523206967,-5.77923389361255,"PRKRA","O75569",0.39,1.364,"ONCOLOGY",1
"OID20828",0.139920533837747,1.82883394255875,1.69478212598874,0.0909268346443297,0.155266079833067,-5.78702874082519,"FGR","P09769",0.92,3.0723,"NEUROLOGY",1
"OID21404",0.191176729718369,2.37921436031332,1.69469643507579,0.0909431132402221,0.155266079833067,-5.78717248879958,"PRDX6","P30041",0.03,0.5633,"ONCOLOGY",1
"OID21162",0.18457698192518,1.20851253263708,1.69190028239789,0.091475587094631,0.155988799472825,-5.79185915411008,"ANKRD54","Q6NXT1",0.31,0.7411,"ONCOLOGY",1
"OID20181",0.0863596763345944,3.42575796344647,1.69131208965919,0.0915874035582803,0.15599332501166,-5.79284304993772,"CANT1","Q8WVQ1",0.03,0.1546,"CARDIOMETABOLIC",1
"OID20398",-0.197945098781,4.25117389033943,-1.68803886329559,0.0922150533730726,0.156875370559667,-5.79831879085356,"IGFBP3","P17936",0.03,0.2149,"CARDIOMETABOLIC",1
"OID20108",0.181785460277428,3.46514464751958,1.68622957132282,0.092563189429565,0.15728037775844,-5.80134049097423,"PAG1","Q9NWQ8",0.04,1.0946,"CARDIOMETABOLIC",1
"OID20806",0.136427889869693,0.558073107049608,1.6844455661022,0.092907496490334,0.157677924566137,-5.80431683362835,"AMFR","Q9UKV5",0.97,2.2468,"NEUROLOGY",1
"OID20785",-0.130346023539301,5.61700861618799,-1.67720056394912,0.094316377170038,0.159879125712911,-5.81637212046937,"WFIKKN2","Q8TEU8",0.03,0.9142,"INFLAMMATION",1
"OID20825",-0.138343139974778,0.107865796344648,-1.66770278491124,0.0961893268001584,0.16286083885951,-5.8320983395122,"GLT8D2","Q9H1C3",0.97,1.0028,"NEUROLOGY",1
"OID21219",-0.150547936107607,1.37033759791123,-1.6624357818058,0.0972407829658994,0.164446247169551,-5.84078139094649,"STX6","O43752",0.34,1.0243,"ONCOLOGY",1
"OID20197",-0.204867738545606,2.53901749347258,-1.6612170653449,0.0974853857902174,0.164665031080639,-5.8427866800972,"PILRB","Q9UKJ0",0.03,0.302,"CARDIOMETABOLIC",1
"OID20777",-0.158329306431273,4.74593838120104,-1.64341019681301,0.101115925991276,0.170595818466981,-5.87192095279426,"PON3","Q15166",0.04,0.1847,"INFLAMMATION",1
"OID20156",0.220650596889451,1.94886135770235,1.63924304816011,0.101980966666767,0.17185236010237,-5.87869423325385,"MNDA","P41218",0.04,0.2089,"CARDIOMETABOLIC",1
"OID20893",0.157441467002941,1.00825587467363,1.62176770930928,0.10567317849354,0.17786451362458,-5.90691395707633,"CASP10","Q92851",0.99,3.4016,"NEUROLOGY",1
"OID20133",-0.132035800756619,1.76646553524804,-1.613733856506,0.107405928828724,0.180568320348525,-5.91978717801326,"PDGFRA","P16234",0.04,0.5547,"CARDIOMETABOLIC",1
"OID21413",-0.124472269861285,4.07274255874674,-1.61261182491178,0.107649717667209,0.180765507105101,-5.92158007125531,"AMBP","P02760",0.03,0.1944,"ONCOLOGY",1
"OID21071",-0.0438780748213529,0.427898955613577,-1.61199852283426,0.107782638787062,0.180776280313042,-5.92255890468805,"ITGAM","P11215",0.9,0.7212,"NEUROLOGY",1
"OID21164",-0.0790181294661623,0.211998694516971,-1.61052091784019,0.108104672249077,0.181103841317621,-5.92491721226154,"VTCN1","Q7Z7D3",0.86,0.5327,"ONCOLOGY",1
"OID20656",-0.190996746532154,7.54698537859008,-1.59831388997218,0.110794961614693,0.185393442795546,-5.94431899837681,"HGF","P14210",0.04,1.2291,"INFLAMMATION",1
"OID21160",0.209770142917192,3.19101984334204,1.59365407822253,0.111835617483277,0.186915903372634,-5.95168662470481,"PARK7","Q99497",0.07,2.0272,"NEUROLOGY",1
"OID21077",0.18002515342581,1.53087232375979,1.58743835842217,0.113235779629881,0.189034963891472,-5.96148125311982,"STIP1","P31948",0.23,0.9111,"NEUROLOGY",1
"OID20620",0.201127053383776,5.08100234986945,1.58150482608889,0.114585276184094,0.191064597044422,-5.97079597267048,"DFFA","O00273",0.03,0.7748,"INFLAMMATION",1
"OID20296",0.153981647751156,2.37809425587467,1.57060915393218,0.117096395241868,0.195024182751315,-5.9878108159767,"GUSB","P08236",0.04,0.3843,"CARDIOMETABOLIC",1
"OID21143",-0.246786860025218,3.53368798955614,-1.56756002706033,0.11780683876955,0.195979013506039,-5.99255158337498,"DBI","P07108",0.22,2.7468,"NEUROLOGY",1
"OID20724",-0.214684825556956,6.80252663185379,-1.56133999052959,0.119266625642528,0.198176753538572,-6.00219426453104,"CD40","P25942",0.03,0.6914,"INFLAMMATION",1
"OID20318",0.104209991593108,7.11946527415144,1.56029507788464,0.119513010604684,0.198355507728331,-6.00381023922397,"GAS6","Q14393",0.03,0.2802,"CARDIOMETABOLIC",1
"OID20744",0.236478049600673,4.48356161879896,1.55941087113492,0.119722252379665,0.198472272216405,-6.0051772131719,"DNPH1","O43598",0.04,0.5078,"INFLAMMATION",1
"OID20766",-0.185670344682638,5.69904882506527,-1.55832430894993,0.119979482692091,0.198668228003473,-6.00685573382818,"PRELP","P51888",0.03,0.6764,"INFLAMMATION",1
"OID20053",0.162367553593947,1.24555822454308,1.5572963775698,0.120223232654967,0.19874284412465,-6.00844261827353,"VIM","P08670",0.86,1.9438,"CARDIOMETABOLIC",1
"OID21513",-0.174735052543085,3.49345195822454,-1.55696160006526,0.120302701307083,0.19874284412465,-6.00895921285929,"MSRA","Q9UJ68",0.03,0.3843,"ONCOLOGY",1
"OID20171",0.164096578394284,2.72595691906005,1.55590673687823,0.12055337212682,0.198926984721969,-6.01058625322391,"MCFD2","Q8NI22",0.06,1.452,"CARDIOMETABOLIC",1
"OID20072",0.0572436654056318,1.04858825065274,1.54700937101739,0.122683525322536,0.202208486373591,-6.02426599672816,"SUSD1","Q6UWL2",0.05,0.5462,"CARDIOMETABOLIC",1
"OID20632",-0.147347280369903,5.1944864229765,-1.54132022967221,0.124061845548951,0.204244674296602,-6.03297311096344,"KLRD1","Q13241",0.03,0.8423,"INFLAMMATION",1
"OID21022",0.269902227826819,3.10326083550914,1.53999092049155,0.12438551878579,0.204541894528072,-6.03500293398381,"NSFL1C","Q9UNZ2",0.04,0.7622,"NEUROLOGY",1
"OID21417",-0.232009789827656,3.32698511749347,-1.53776483651845,0.124929028062676,0.205199518507545,-6.03839823661311,"CA9","Q16790",0.03,0.4103,"ONCOLOGY",1
"OID20622",-0.167344775115592,4.66855639686684,-1.53662453751594,0.125208156707674,0.205421878226482,-6.04013558236542,"CXCL17","Q6UXB2",0.04,-0.1874,"INFLAMMATION",1
"OID20698",0.267288322824714,2.13813054830287,1.53284308353103,0.12613729548434,0.20670893950358,-6.04588784956089,"EGF","P01133",0.05,0.047,"INFLAMMATION",1
"OID20895",-0.211001298865068,2.98182793733681,-1.52516823172115,0.128039645413847,0.209586086250157,-6.05751962652423,"AKT1S1","Q96B36",0.77,3.6092,"NEUROLOGY",1
"OID21124",0.0987011223203036,3.08433472584856,1.51595357910171,0.13035287064543,0.213128434956887,-6.07140871660875,"PLAU","P00749",0.04,0.3142,"NEUROLOGY",1
"OID21333",-0.109697347625052,2.31914438642298,-1.51485600182827,0.130630814976455,0.213338782401548,-6.07305767402329,"LRRC25","Q8N386",0.04,0.9896,"ONCOLOGY",1
"OID20349",0.0965539554434635,3.60816971279373,1.51267587282481,0.131183601867728,0.213996994370986,-6.0763291550437,"F9","P00740",0.04,0.1931,"CARDIOMETABOLIC",1
"OID21175",0.16865862126944,1.56473603133159,1.50928968669671,0.132046458643164,0.215158938883788,-6.08140154779866,"HGS","O14964",0.23,0.9913,"ONCOLOGY",1
"OID20093",-0.0661154350567462,0.239533942558747,-1.50529001062886,0.133070442631886,0.216580481231168,-6.08737801720306,"DNAJB8","Q8NHS0",0.87,0.5276,"CARDIOMETABOLIC",1
"OID20674",-0.1939282765868,5.73503420365535,-1.50301957854879,0.133655268537291,0.217212900045583,-6.09076400621588,"CCL25","O15444",0.03,0.2434,"INFLAMMATION",1
"OID21485",0.406072429592267,4.86447232375979,1.50260174181336,0.133763017522822,0.217212900045583,-6.091386546659,"FOLR3","P41439",0.03,0.1484,"ONCOLOGY",1
"OID20055",0.0912491340899539,0.13582088772846,1.49968337026494,0.134517076028573,0.218189445680852,-6.09572971868953,"CRHR1","P34998",0.95,0.7865,"CARDIOMETABOLIC",1
"OID21487",0.0946714501891557,2.06227571801567,1.49162545099625,0.13661743340601,0.22134502532561,-6.10767886856445,"PODXL2","Q9NZ53",0.03,0.4508,"ONCOLOGY",1
"OID20908",0.246491517444303,2.23735117493473,1.47929739748121,0.139880059597024,0.226311168899269,-6.12583712228998,"PTPN1","P18031",0.12,0.3259,"NEUROLOGY",1
"OID20526",0.195684968474147,1.4735634464752,1.47885083373861,0.139999351509415,0.226311168899269,-6.12649207513164,"TRIM5","Q9C035",0.34,0.8327,"INFLAMMATION",1
"OID20324",-0.171735586380832,6.02213159268929,-1.47119015534391,0.142058029198768,0.229379574830553,-6.13769716726017,"LILRB5","O75023",0.03,0.8072,"CARDIOMETABOLIC",1
"OID20210",0.101696019335856,4.47764020887728,1.47020420313847,0.14232450352968,0.229550469011188,-6.13913506794704,"MARCO","Q9UEW3",0.03,0.6159,"CARDIOMETABOLIC",1
"OID20618",-0.056399760403531,-0.979617493472585,-1.46519576327905,0.143684618996943,0.231482886749302,-6.14642475900994,"FKBP1B","P68106",0.99,0.5526,"INFLAMMATION",1
"OID20433",-0.0816069062631358,0.0731832898172324,-1.45682697603338,0.145980224061873,0.23491637408155,-6.15855065650188,"TNFAIP8","O95379",0.98,0.915,"INFLAMMATION",1
"OID20903",0.231656910466582,3.59444412532637,1.4554263178704,0.14636763521735,0.235229018244967,-6.16057351762895,"DARS","P14868",0.09,1.314,"NEUROLOGY",1
"OID20755",0.11642482135351,5.36283864229765,1.45456579713697,0.146605748645204,0.235229018244967,-6.16181528317524,"ADGRE2","Q9UHX3",0.03,-0.0115,"INFLAMMATION",1
"OID20169",0.222498108448929,3.44713133159269,1.45433978230446,0.146668338177932,0.235229018244967,-6.16214131110546,"SDC1","P18827",0.03,1.0276,"CARDIOMETABOLIC",1
"OID20851",-0.0862685245901625,0.592000522193212,-1.45061813533224,0.147701496934094,0.236620447442624,-6.16750252906696,"VSTM1","Q6UX27",0.98,1.6511,"NEUROLOGY",1
"OID20204",0.125103337536782,4.79592793733681,1.4447826210519,0.149333792748802,0.238967513816392,-6.17588172237132,"SOST","Q9BQB4",0.03,0.5994,"CARDIOMETABOLIC",1
"OID20765",-0.125034459857083,5.40354229765013,-1.4436769268438,0.149644546429832,0.239196931597573,-6.17746560519392,"CCL22","O00626",0.03,1.4184,"INFLAMMATION",1
"OID21121",-0.17420383774695,3.74414934725849,-1.43704730971198,0.151518187429257,0.241921217694312,-6.18693722929645,"MYOC","Q99972",0.03,0.7029,"NEUROLOGY",1
"OID21437",0.215770168137873,3.87651331592689,1.43644802445921,0.15168843564764,0.241922739442498,-6.18779129281234,"METAP2","P50579",0.04,0.7258,"ONCOLOGY",1
"OID21383",-0.271215493904999,5.26610104438642,-1.43419411882318,0.152330047048639,0.24267518086121,-6.19100026163507,"ALPP","P05187",0.03,0.7171,"ONCOLOGY",1
"OID20640",0.265942715426649,4.20187180156658,1.42063528262872,0.156233632172292,0.248616771018045,-6.21019927074614,"LAT","O43561",0.03,1.0988,"INFLAMMATION",1
"OID20577",0.228780651534257,2.56560234986945,1.41951102148766,0.156560695908122,0.24886010506419,-6.21178309806326,"IRAK4","Q9NWZ3",0.15,1.0753,"INFLAMMATION",1
"OID21377",0.0937543547709116,2.47340052219321,1.41601859612227,0.157579784563564,0.250201680157037,-6.21669520976713,"GALNT7","Q86SF2",0.03,0.9082,"ONCOLOGY",1
"OID20191",-0.13900282051282,2.37046866840731,-1.41328686526237,0.158380830485071,0.251194458116721,-6.22052906355825,"NPTXR","O95502",0.04,0.3755,"CARDIOMETABOLIC",1
"OID20050",-0.261644775115591,0.927661096605744,-1.41107473532222,0.159031584988802,0.251946934533257,-6.2236283100033,"TNNI3","P19429",0.76,1.743,"CARDIOMETABOLIC",1
"OID20485",0.154105027322403,1.98755404699739,1.40932060395382,0.159549049911607,0.25240860212976,-6.22608247416408,"IRAK1","P51617",0.28,1.3508,"INFLAMMATION",1
"OID21367",0.184254556536358,1.95109295039164,1.40889004001737,0.159676260549547,0.25240860212976,-6.22668440430392,"USO1","O60763",0.53,2.166,"ONCOLOGY",1
"OID20305",0.207768070617906,2.88197806788512,1.40636826098521,0.160422870054633,0.253172657139978,-6.23020620652518,"CASP3","P42574",0.04,0.212,"CARDIOMETABOLIC",1
"OID20179",-0.19013767969735,1.68050026109661,-1.40606125248817,0.160513944974682,0.253172657139978,-6.23063453429154,"CBLIF","P27352",0.07,0.3212,"CARDIOMETABOLIC",1
"OID20122",0.235586473308113,2.34219007832898,1.39347130421657,0.164282669429498,0.258555559219073,-6.24811987351402,"AK1","P00568",0.14,1.1971,"CARDIOMETABOLIC",1
"OID20428",-0.0724078730559047,0.107352480417755,-1.3934498890806,0.164288626851587,0.258555559219073,-6.24814952347573,"IL33","O95760",0.88,0.5621,"INFLAMMATION",1
"OID21361",0.169075355191256,2.18902558746736,1.39168233090889,0.164823573448196,0.258865336512147,-6.25059182730462,"IQGAP2","Q13576",0.14,1.0955,"ONCOLOGY",1
"OID21457",-0.157647377049178,5.48180835509138,-1.39160242399212,0.164847765028729,0.258865336512147,-6.25070216712858,"GFRA1","P56159",0.03,1.047,"ONCOLOGY",1
"OID20957",-0.120314564943252,2.24855352480418,-1.39008386911478,0.165308013264865,0.259303129479136,-6.25279787829354,"TNR","Q92752",0.04,0.8313,"NEUROLOGY",1
"OID20454",0.110572021857923,0.0584201044386423,1.38813300268388,0.165900711793457,0.259947496878125,-6.25548688519414,"RGS8","P57771",0.88,0.5004,"INFLAMMATION",1
"OID20824",-0.138073232450608,-0.0239590078328982,-1.38599153402287,0.166553163838141,0.260683977135492,-6.25843430728768,"LIF","P15018",0.98,2.5589,"NEUROLOGY",1
"OID21295",-0.140511643547709,0.796968407310705,-1.38202417050409,0.167767035048903,0.262296600749324,-6.26388290530785,"CDKN2D","P55273",0.53,0.7482,"ONCOLOGY",1
"OID20641",0.185020727196301,3.32690052219321,1.38071441688187,0.168169233773085,0.262638071105725,-6.26567826668167,"GMPR","P36959",0.05,0.4867,"INFLAMMATION",1
"OID20621",-0.104039314838166,3.4990501305483,-1.37430962421792,0.170146486679468,0.265435949197555,-6.27443344434738,"TGFB1","P01137",0.03,0.8239,"INFLAMMATION",1
"OID21292",0.19395598570828,2.53322375979112,1.37036017028166,0.171374429167655,0.267060042835964,-6.27981214968484,"LAT2","Q9GZY6",0.04,0.594,"ONCOLOGY",1
"OID21026",-0.131174934846572,2.26434595300261,-1.3692344045131,0.171725663006867,0.267315874114176,-6.28134250686188,"VCAN","P13611",0.03,0.4895,"NEUROLOGY",1
"OID20918",0.229817751155946,3.7729590078329,1.3658608858561,0.172781424376595,0.268666654444128,-6.28592098353399,"EBAG9","O00559",0.04,1.1428,"NEUROLOGY",1
"OID20840",0.0905046658259772,-0.301380939947781,1.36383028503897,0.17341902731882,0.269364989172384,-6.28867153067319,"EPHA10","Q5JZY3",0.98,1.8734,"NEUROLOGY",1
"OID20090",-0.248179491382931,3.10035718015666,-1.35290143827475,0.176882488250092,0.274446336275115,-6.30340528535232,"GP2","P55259",0.05,1.2077,"CARDIOMETABOLIC",1
"OID20926",-0.140648104245482,4.43358537859008,-1.35152043043821,0.177323770439368,0.274832611667957,-6.30525874516984,"WWP2","O00308",0.03,0.7482,"NEUROLOGY",1
"OID20251",-0.226828999579651,3.73815953002611,-1.3481923250013,0.178390602465155,0.276186534044102,-6.30971771382512,"GDF15","Q99988",0.04,0.0985,"CARDIOMETABOLIC",1
"OID21236",0.102788633879781,0.755888511749347,1.34674680873989,0.178855456757588,0.276606545137006,-6.31165101274937,"MED18","Q9BUE0",0.65,0.959,"ONCOLOGY",1
"OID21248",0.155205678856662,1.99694464751958,1.34225707815754,0.180305047810452,0.278546933320147,-6.3176426816461,"LHB","P01229",0.41,1.671,"ONCOLOGY",1
"OID20128",-0.0636646574190834,0.341126631853786,-1.34006811249817,0.181014463456896,0.279126661446232,-6.32055687366526,"LEPR","P48357",0.05,-0.338,"CARDIOMETABOLIC",1
"OID20115",-0.1242031778058,0.928753002610966,-1.33989569886079,0.181070969321663,0.279126661446232,-6.3207860535377,"MSTN","O14793",0.77,1.2583,"CARDIOMETABOLIC",1
"OID20386",0.164966094997899,1.63732114882507,1.33721702294329,0.181942739547807,0.280168291825233,-6.32434515991699,"SOD1","P00441",0.96,3.7485,"CARDIOMETABOLIC",1
"OID20411",-0.0870786212694396,6.22542976501305,-1.33487147282292,0.182708382813811,0.281044433843849,-6.32745593846053,"ICAM1","P05362",0.03,0.8877,"CARDIOMETABOLIC",1
"OID21169",-0.0720698907103825,0.354990861618799,-1.33027899191545,0.184214736826995,0.283056837554598,-6.33353094552074,"PSRC1","Q6PGN9",0.73,0.5584,"ONCOLOGY",1
"OID21078",-0.269142332912987,4.50349686684073,-1.32963904608355,0.184425903078569,0.28307692320008,-6.33437565736575,"AHSP","Q9NZD4",0.04,0.4766,"NEUROLOGY",1
"OID20492",0.0909054560739804,0.865786945169713,1.32367837483725,0.186396569835635,0.285794740660002,-6.34222579920591,"AMN","Q9BXJ7",0.65,1.0731,"INFLAMMATION",1
"OID20567",-0.152355926860023,2.16260678851175,-1.30910510055403,0.191280948051846,0.292969426330213,-6.36127126594154,"NCF2","P19878",0.03,-0.011,"INFLAMMATION",1
"OID20945",-0.0935483522488434,0.896525065274151,-1.30682886692215,0.192052172755649,0.293835711849917,-6.3642272078852,"LY96","Q9Y6Y9",0.08,0.2061,"NEUROLOGY",1
"OID20728",0.103488612862547,5.29721644908616,1.29418270711939,0.196379474655246,0.300135047360798,-6.38055650242727,"SCG3","Q8WXD2",0.03,0.7293,"INFLAMMATION",1
"OID20870",0.127914968474148,1.20464516971279,1.29272134675239,0.196884099736522,0.300371128901799,-6.38243333725238,"TARBP2","Q15633",0.97,3.301,"NEUROLOGY",1
"OID20153",0.195074686843213,3.19737232375979,1.29249851232002,0.19696113079094,0.300371128901799,-6.38271934029498,"CXCL8","P10145",0.05,0.821,"CARDIOMETABOLIC",1
"OID20850",-0.293705241698193,2.5675953002611,-1.2919104182449,0.197164533876758,0.300371128901799,-6.3834739112662,"PMVK","Q15126",0.54,2.8105,"NEUROLOGY",1
"OID21023",-0.103984649012189,1.61688981723238,-1.28801846391827,0.198514529880985,0.302105711608016,-6.38845901344988,"SERPINB6","P35237",0.17,1.0744,"NEUROLOGY",1
"OID21161",0.10567870113493,0.552114360313316,1.28424583408902,0.199829600341361,0.303783509455111,-6.39327704398014,"SCP2","P22307",0.72,0.7926,"ONCOLOGY",1
"OID20358",0.0935290290037838,2.08918903394256,1.28285019467762,0.200317640678434,0.30420181565301,-6.39505589960329,"CTSD","P07339",0.99,5.8266,"CARDIOMETABOLIC",1
"OID20085",0.129795460277427,1.49599268929504,1.27443018221936,0.203281065603868,0.308374355358734,-6.40574697076685,"LRMP","Q12912",0.34,1.0504,"CARDIOMETABOLIC",1
"OID20625",0.239150016813786,4.17463942558747,1.27042062754417,0.204703406386754,0.310202722933904,-6.41081346909633,"EIF4G1","Q04637",0.04,0.9124,"INFLAMMATION",1
"OID21151",-0.16855607818411,3.8718135770235,-1.2688416887827,0.205265505138997,0.310725007249604,-6.41280428146626,"F11R","Q9Y624",0.04,0.0432,"NEUROLOGY",1
"OID20409",0.215425645229089,7.76481331592689,1.26671371209276,0.206024840892934,0.311439668411278,-6.41548346686257,"CA1","P00915",0.03,1.2464,"CARDIOMETABOLIC",1
"OID21224",0.198159390500209,2.62344804177546,1.26629778700506,0.206173496373036,0.311439668411278,-6.41600660782043,"NDUFS6","O75380",0.26,1.8526,"ONCOLOGY",1
"OID20203",-0.228913509878099,1.99693159268929,-1.26088063691205,0.208116782970586,0.314043170923936,-6.42280461406687,"RNASE3","P12724",0.16,0.7564,"CARDIOMETABOLIC",1
"OID20225",-0.187713400588484,1.67477441253264,-1.25963365083254,0.208565994209268,0.314094742933239,-6.42436537029649,"CA13","Q8N1Q1",0.12,0.3547,"CARDIOMETABOLIC",1
"OID20934",-0.149594123581335,2.29225613577024,-1.25948217815025,0.208620608377406,0.314094742933239,-6.42455485264324,"DKK4","Q9UBT3",0.05,1.0031,"NEUROLOGY",1
"OID20740",0.201888890290038,3.68084621409922,1.25895612255869,0.208810360942321,0.314094742933239,-6.42521273800624,"ANGPT1","Q15389",0.04,0.2489,"INFLAMMATION",1
"OID20742",0.211622383354349,4.39502819843342,1.25579280768791,0.209954042410014,0.315431182940695,-6.4291630333987,"CRKL","P46109",0.03,0.9938,"INFLAMMATION",1
"OID20520",0.0792392770071447,0.861427415143603,1.2548639604848,0.210290426529073,0.315431182940695,-6.43032125741026,"HLA-DRA","P01903",0.39,0.6609,"INFLAMMATION",1
"OID21461",0.138851660361498,4.96855326370757,1.25467012970157,0.210361033829589,0.315431182940695,-6.43056264532058,"SMOC1","Q9H4F8",0.04,0.6706,"ONCOLOGY",1
"OID20972",-0.122846057166876,6.30539399477807,-1.24981442346969,0.212127917097042,0.317747163031103,-6.43660182356917,"BAG3","O95817",0.03,1.7489,"NEUROLOGY",1
"OID20448",-0.0557734930643125,0.113154308093995,-1.24040876064324,0.215580519747611,0.322409796952235,-6.44823412285168,"NCLN","Q969V3",0.97,0.7718,"INFLAMMATION",1
"OID21358",-0.0660203825136607,3.06130835509138,-1.24010712208185,0.215691928541873,0.322409796952235,-6.44860571810214,"PODXL","O00592",0.04,0.8891,"ONCOLOGY",1
"OID21470",0.11830560319462,1.16781331592689,1.23766671082441,0.216595292269615,0.323421810504995,-6.4516085293633,"CDC37","Q16543",0.3,0.6863,"ONCOLOGY",1
"OID20491",-0.159276317780578,0.851607310704961,-1.23510101800963,0.217547469101633,0.324504523325922,-6.45475946644111,"CSF3","P09919",0.79,1.1345,"INFLAMMATION",1
"OID20821",0.080920744010089,0.0362446475195822,1.23104662215628,0.219058048428557,0.326417050265285,-6.45972560812585,"LYPD1","Q8N2G4",0.99,2.0193,"NEUROLOGY",1
"OID20733",0.101081202185794,4.10636214099217,1.22900306406294,0.219822651136076,0.327215175493179,-6.46222235623531,"TNFSF13","O75888",0.04,0.0492,"INFLAMMATION",1
"OID21105",-0.0858266036149637,3.32560757180157,-1.22436533158304,0.221564328341227,0.329464542351315,-6.46787372354809,"PLA2G7","Q13093",0.03,0.1582,"NEUROLOGY",1
"OID20635",-0.163153316519544,5.31855065274151,-1.22172410823539,0.222560853947153,0.330450744243419,-6.47108261663398,"CD79B","P40259",0.04,0.5971,"INFLAMMATION",1
"OID20304",-0.119105237494745,6.18462297650131,-1.2213822889909,0.222690039682584,0.330450744243419,-6.47149741008715,"SIRPA","P78324",0.03,0.8803,"CARDIOMETABOLIC",1
"OID21375",0.18594402690206,2.81316527415144,1.22052841365074,0.223012985164853,0.330586676141675,-6.47253307414479,"SIRT2","Q8IXJ6",0.03,-0.0328,"ONCOLOGY",1
"OID20597",-0.14324128625473,2.42684595300261,-1.21765734257348,0.22410132452185,0.331855743773806,-6.4760101208934,"PLXNA4","Q9HCM2",0.05,0.7643,"INFLAMMATION",1
"OID20689",-0.207882240437159,3.79087075718016,-1.20056593026112,0.230659109293395,0.341050050413788,-6.4965407138889,"ENPP7","Q6UWV6",0.04,0.5992,"INFLAMMATION",1
"OID20099",-0.0985963892391742,1.76206919060052,-1.20023468535044,0.230787542862234,0.341050050413788,-6.49693576773416,"CLEC1A","Q8NC01",0.09,1.0432,"CARDIOMETABOLIC",1
"OID21492",-0.0840292854140379,3.3845362924282,-1.19488083004821,0.232870346958847,0.343772444012596,-6.50330603801092,"MANSC1","Q9H8J5",0.03,0.2699,"ONCOLOGY",1
"OID20455",-0.123664800336276,0.365225326370757,-1.19402046043065,0.23320644623201,0.343913324732242,-6.50432700686244,"IL11","P20809",0.7,0.6581,"INFLAMMATION",1
"OID21287",0.16901315258512,1.38646579634465,1.19031013427441,0.234659277429641,0.345689900670765,-6.5087219356467,"AIFM1","O95831",0.34,0.8552,"ONCOLOGY",1
"OID20532",0.0816890668348045,0.864233420365535,1.18970939405708,0.234894956998819,0.345689900670765,-6.50943235300277,"HLA-E","P13747",0.1,0.3396,"INFLAMMATION",1
"OID21232",0.0689459394703659,0.0915778067885118,1.1863399078101,0.236220598966867,0.347080253276748,-6.5134099673026,"TP53","P04637",0.82,0.5931,"ONCOLOGY",1
"OID21468",0.104940226986128,1.44490704960836,1.18607498236973,0.236325462867933,0.347080253276748,-6.51372193331041,"IDUA","P35475",0.04,-0.4163,"ONCOLOGY",1
"OID20114",-0.11825572089113,4.26877127937337,-1.18538364959308,0.236598241150406,0.347124113556397,-6.51453643747741,"BAG6","P46379",0.04,1.5765,"CARDIOMETABOLIC",1
"OID20154",-0.112602349726775,2.98051305483029,-1.17703543047896,0.239909839211634,0.351621702803513,-6.52433479949266,"LGALS1","P09382",0.04,1.4643,"CARDIOMETABOLIC",1
"OID20105",-0.137986565783942,1.46774334203655,-1.175463839721,0.240536913867608,0.351928546845386,-6.52617169697527,"ACE2","Q9BYF1",0.14,0.7389,"CARDIOMETABOLIC",1
"OID21251",-0.0949455653635971,0.553962402088773,-1.17527647796219,0.240611749662661,0.351928546845386,-6.52639052548757,"LYPD8","Q6UX82",0.91,1.3811,"ONCOLOGY",1
"OID20151",0.122911080285834,1.61990522193211,1.17441614949974,0.240955592352022,0.352071105798608,-6.52739489850329,"FADD","Q13158",0.16,0.7422,"CARDIOMETABOLIC",1
"OID20465",-0.0639174443043295,-0.0103746736292428,-1.17254293457638,0.241704991461921,0.352805345045031,-6.52957956712668,"NRTN","Q99748",0.98,1.1124,"INFLAMMATION",1
"OID20321",0.0790485287936107,4.44653577023499,1.16813319838226,0.24347701671396,0.355029241718621,-6.53470780235122,"RNASET2","O00584",0.03,1.4223,"CARDIOMETABOLIC",1
"OID20693",-0.121949743589741,4.94687571801567,-1.16706608551791,0.243907317275571,0.355294145144537,-6.53594581298766,"CCL23","P55773",0.03,0.6104,"INFLAMMATION",1
"OID21436",0.185743539302228,5.58894151436031,1.16473145054215,0.244850200864693,0.356056747857352,-6.53865072551971,"RILP","Q96NA2",0.03,0.3754,"ONCOLOGY",1
"OID20284",-0.0886179277007139,3.92077702349869,-1.16400861496811,0.245142650722989,0.356056747857352,-6.53948711385448,"LGALS3","P17931",0.04,0.7865,"CARDIOMETABOLIC",1
"OID21081",0.0637105296343001,0.25970861618799,1.16391933005484,0.245178334423817,0.356056747857352,-6.53959074284631,"NRP2","O60462",0.21,0.0326,"NEUROLOGY",1
"OID21420",-0.204606620428752,3.69737415143603,-1.1479192075135,0.251715977208454,0.365083906546598,-6.5579705948311,"PVALB","P20472",0.08,1.7111,"ONCOLOGY",1
"OID20425",0.117040504413618,1.21051227154047,1.14644996829996,0.252322326812922,0.365083906546598,-6.55964572368418,"RAB37","Q96AX2",0.68,1.6032,"INFLAMMATION",1
"OID20439",0.0672845187053382,0.492221409921671,1.14625517823158,0.252402414776315,0.365083906546598,-6.5598679561171,"PREB","Q9HCU5",0.62,0.616,"INFLAMMATION",1
"OID20146",0.166833434216056,3.11148511749347,1.14622247230965,0.252416304876164,0.365083906546598,-6.55990490898597,"PRKAR1A","P10644",0.16,1.9506,"CARDIOMETABOLIC",1
"OID20855",0.100915792349727,0.729280417754569,1.14239623341099,0.254000586093845,0.367003880210418,-6.56425647314251,"ILKAP","Q9H0C8",0.98,2.594,"NEUROLOGY",1
"OID21173",-0.0688771878940733,-1.21008459530026,-1.13986439592085,0.255052382724599,0.368151368599447,-6.56712825508187,"GSAP","A4D1B5",0.87,-0.7029,"ONCOLOGY",1
"OID20574",-0.171864564943252,4.84805195822454,-1.13840842851159,0.255659145044115,0.368654811572189,-6.5687764058203,"OSM","P13725",0.03,1.2256,"INFLAMMATION",1
"OID20710",0.127269827658681,5.11417885117493,1.13331371868838,0.257789046285463,0.371056094733867,-6.57452810731317,"GLOD4","Q9HC38",0.04,0.3769,"INFLAMMATION",1
"OID21208",0.0469303530895337,-0.0802618798955614,1.13318221661346,0.257843738328013,0.371056094733867,-6.57467660060925,"NTF4","P34130",0.88,0.2862,"ONCOLOGY",1
"OID21129",-0.134134081546867,5.15302663185379,-1.13064508626243,0.258909615799892,0.372215131768657,-6.57753064816704,"PILRA","Q9UKJ1",0.03,0.9729,"NEUROLOGY",1
"OID20607",-0.0847471332492637,4.10124412532637,-1.12834934829416,0.259876304701138,0.373229386349674,-6.58010801740849,"CD84","Q9UIB8",0.04,1.8793,"INFLAMMATION",1
"OID20554",-0.186343320722994,2.07164751958225,-1.12709174280091,0.260406931771922,0.373468542279195,-6.58151768377548,"ARHGEF12","Q9NZN5",0.23,0.6776,"INFLAMMATION",1
"OID20872",0.13845773434216,1.17206135770235,1.12671620851241,0.260565525998851,0.373468542279195,-6.58193832432299,"FHIT","P49789",0.95,2.8505,"NEUROLOGY",1
"OID20290",-0.109044022698611,5.72115953002611,-1.12106415216007,0.262960586016473,0.376523724867275,-6.58825244180805,"SELE","P16581",0.03,0.1984,"CARDIOMETABOLIC",1
"OID21215",-0.130084854981085,2.64119608355091,-1.11150637746408,0.267045321324137,0.381886495906058,-6.59885800056832,"FCGR2B","P31994",0.21,1.7103,"ONCOLOGY",1
"OID21203",-0.0495549474569143,-0.0318140992167102,-1.1104362340751,0.267504944861079,0.381886495906058,-6.60004022720369,"RANGAP1","P46060",0.99,0.85,"ONCOLOGY",1
"OID20975",-0.157430084068935,4.2991634464752,-1.11029805975295,0.267564826203378,0.381886495906058,-6.60019235791606,"HNMT","P50135",0.03,0.2354,"NEUROLOGY",1
"OID20856",0.209437192097521,4.7445046997389,1.10981001106914,0.267774855771778,0.381886495906058,-6.60073090611219,"BAX","Q07812",0.45,4.4802,"NEUROLOGY",1
"OID20068",0.0620059100462377,0.778449869451697,1.10533796522451,0.269704277749508,0.384254648957176,-6.60565508255443,"TIA1","P31483",0.52,0.7891,"CARDIOMETABOLIC",1
"OID20062",-0.0808730432955017,0.515057441253264,-1.10272885980321,0.270834936760808,0.385481199831867,-6.60851834475095,"AKR1C4","P17516",0.83,0.8274,"CARDIOMETABOLIC",1
"OID21320",0.154857566204286,1.83388537859008,1.09813034593507,0.272835099771119,0.387941649326298,-6.61354890587058,"KIFBP","Q96EK5",0.32,1.1187,"ONCOLOGY",1
"OID21000",0.176571731820092,3.13035169712794,1.09128159045964,0.275832695257649,0.391814037299384,-6.6210024832778,"EIF4B","P23588",0.15,1.5739,"NEUROLOGY",1
"OID20553",-0.17689683480454,2.85280992167102,-1.09024883464094,0.276286666210805,0.392069161882066,-6.62212242214242,"NT5C3A","Q9H0P0",0.28,1.8223,"INFLAMMATION",1
"OID20751",-0.1131531778058,5.24540261096606,-1.0871345488468,0.277658715626652,0.393625302212783,-6.62549322905693,"CRELD2","Q6UXH1",0.03,0.8303,"INFLAMMATION",1
"OID21244",0.132726721311477,1.17714621409922,1.08596437080747,0.278175458625324,0.393967027131405,-6.62675731681832,"AKR1B1","P15121",0.36,0.8586,"ONCOLOGY",1
"OID20584",-0.0716175451870526,1.2642318537859,-1.08481805822755,0.278682097030655,0.394091545442355,-6.62799449709017,"CD4","P01730",0.04,-0.275,"INFLAMMATION",1
"OID21525",-0.0939199831862122,5.47355091383812,-1.08451829810102,0.278814942226887,0.394091545442355,-6.62831757136348,"DLL1","O00548",0.03,1.2276,"ONCOLOGY",1
"OID21109",-0.0837507145859592,2.67765300261097,-1.06898855465446,0.285745805994663,0.403024367643876,-6.64494328369419,"SPINT1","O43278",0.04,0.6987,"NEUROLOGY",1
"OID20221",-0.124998986969314,4.5199590078329,-1.06833405550398,0.286040451526663,0.403024367643876,-6.64563873803555,"SPON2","Q9BUD6",0.03,0.6142,"CARDIOMETABOLIC",1
"OID20993",0.192669688944933,2.84812506527415,1.06806186461226,0.286163048367558,0.403024367643876,-6.64592783658005,"TBCB","Q99426",0.04,0.4861,"NEUROLOGY",1
"OID20084",0.0890221479613289,1.02998590078329,1.06784015513272,0.286262934330675,0.403024367643876,-6.64616326384833,"FGFR1OP","O95684",0.75,1.5219,"CARDIOMETABOLIC",1
"OID20327",-0.140467700714585,6.46187519582245,-1.06295264554931,0.288470892710795,0.405733174885557,-6.65134083628707,"RETN","Q9HD89",0.03,2.2474,"CARDIOMETABOLIC",1
"OID20955",0.14135622530475,4.62633237597911,1.06103688295474,0.289339484605317,0.406554693707963,-6.65336385362465,"STAMBP","O95630",0.03,1.0888,"NEUROLOGY",1
"OID20065",0.0364269272803699,0.484867362924282,1.05794317234622,0.290745459015634,0.408128940013105,-6.65662350741483,"HK2","P52789",0.87,0.7686,"CARDIOMETABOLIC",1
"OID21428",0.113414119377889,1.32284621409922,1.05343663333852,0.292802791087647,0.41061353136825,-6.66135385873754,"DAB2","P98082",0.17,0.498,"ONCOLOGY",1
"OID21217",-0.0670127154266501,0.221495039164491,-1.05096086784616,0.293936721912288,0.41145881940207,-6.66394448886149,"BIRC2","Q13490",0.88,0.9683,"ONCOLOGY",1
"OID20201",-0.150478049600672,2.08792402088773,-1.05086394977627,0.293981423799519,0.41145881940207,-6.66404553774299,"REN","P00797",0.04,-0.102,"CARDIOMETABOLIC",1
"OID20195",0.138927007145861,3.47882480417755,1.04698277089654,0.295765558582773,0.413550864202332,-6.66809385193431,"GLRX","P35754",0.06,2.0558,"CARDIOMETABOLIC",1
"OID21345",-0.0919608238755769,3.08423159268929,-1.04612254430881,0.296161978343138,0.413700358799945,-6.6689891061446,"INPP1","P49441",0.03,0.8471,"ONCOLOGY",1
"OID20451",-0.0822896385035723,0.520206266318538,-1.04469686454315,0.296819762632933,0.414214297658654,-6.67047122709813,"MYO9B","Q13459",0.6,0.6318,"INFLAMMATION",1
"OID20964",-0.153418932324504,3.71904360313316,-1.04358697711545,0.297332524298287,0.414525050948538,-6.67162366252333,"TNFRSF6B","O95407",0.03,0.7029,"NEUROLOGY",1
"OID20739",-0.11571733501471,6.21050809399478,-1.04137250003733,0.298357375421649,0.415248105231381,-6.67391939287371,"SIRPB1","O00241",0.03,1.3409,"INFLAMMATION",1
"OID20123",-0.0458316687683896,0.41235091383812,-1.04120983949544,0.298432333150894,0.415248105231381,-6.67408823410469,"ANXA4","P09525",0.59,0.4576,"CARDIOMETABOLIC",1
"OID20887",0.111987969735182,1.52744255874674,1.03702644681156,0.300375588956942,0.417149427812709,-6.67841081376225,"HMOX2","P30519",0.69,2.023,"NEUROLOGY",1
"OID20331",0.108742416981924,0.759587467362924,1.03701134442923,0.300382618068074,0.417149427812709,-6.67842638872649,"PPIB","P23284",0.21,0.1962,"CARDIOMETABOLIC",1
"OID21182",-0.0650217990752418,0.681056135770235,-1.03247747863887,0.302497540171062,0.419678626120823,-6.68309218070807,"CAMKK1","Q8N5S9",0.6,0.8536,"ONCOLOGY",1
"OID20478",0.109075838587641,0.772023498694517,1.03150914714749,0.302950834850897,0.419899847722533,-6.68408574956151,"YTHDF3","Q7Z739",0.73,1.4325,"INFLAMMATION",1
"OID20418",-0.0977226355611583,6.46962140992167,-1.02921942511823,0.304023896361864,0.420978825485566,-6.68643205244762,"TIMP1","P01033",0.03,2.6808,"CARDIOMETABOLIC",1
"OID20183",-0.0966318537200488,2.75601697127937,-1.00725553439855,0.314445760071504,0.434988374774616,-6.70867523267545,"OLR1","P78380",0.03,0.2771,"CARDIOMETABOLIC",1
"OID20267",-0.0898068516183251,5.04306997389034,-1.00077419563345,0.317565695770682,0.438549133417754,-6.71514779298864,"IL2RA","P01589",0.03,1.0879,"CARDIOMETABOLIC",1
"OID21137",-0.109918217738544,3.89788772845953,-1.0006336879343,0.317633557094035,0.438549133417754,-6.71528765008488,"HAVCR2","Q8TDQ0",0.03,0.1408,"NEUROLOGY",1
"OID20052",0.0583544724674242,0.418815143603133,0.999170509717709,0.318340465554149,0.4391008931244,-6.71674323298184,"CEBPB","P17676",0.8,0.6993,"CARDIOMETABOLIC",1
"OID20670",0.0708392349726779,4.79627911227154,0.997362714919557,0.319215947759603,0.439883885581941,-6.71853805405848,"LY9","Q9HBG7",0.04,0.3632,"INFLAMMATION",1
"OID20906",-0.0621573560319462,-0.221969190600522,-0.992485654263782,0.321584906835303,0.442721417984247,-6.7233647939836,"SKAP1","Q86WV1",0.6,-0.0447,"NEUROLOGY",1
"OID20483",0.127378957545186,0.67973498694517,0.982725097601222,0.326361019776833,0.448864193706539,-6.73295338662681,"PRDX3","P30048",0.41,0.3027,"INFLAMMATION",1
"OID21293",-0.0718692728036983,2.71777754569191,-0.980297182707781,0.327556100225125,0.44966080441598,-6.73532400218011,"LRP1","Q07954",0.04,0.2776,"ONCOLOGY",1
"OID20177",-0.155969436738126,4.32655483028721,-0.980269989813537,0.327569557310731,0.44966080441598,-6.73535046203114,"CD2AP","Q9Y5K6",0.03,0.3361,"CARDIOMETABOLIC",1
"OID20250",-0.147315590584276,2.78509242819843,-0.97673715912779,0.329313719183949,0.451232582402962,-6.73878931655212,"IL1RL1","Q01638",0.04,0.2313,"CARDIOMETABOLIC",1
"OID20634",-0.0628805338377458,-0.860683550913838,-0.976671224924797,0.329346104581028,0.451232582402962,-6.73885361312215,"NFASC","O94856",0.65,-0.5646,"INFLAMMATION",1
"OID20066",-0.0510791382934003,0.421132375979112,-0.965227869157812,0.335037295883319,0.458590321664044,-6.74990716923399,"GRK5","P34947",0.84,0.7321,"CARDIOMETABOLIC",1
"OID20616",0.161248339638502,3.64042976501305,0.958783549051091,0.338270592014461,0.462572895682932,-6.75607441221136,"CD40LG","P29965",0.04,0.37,"INFLAMMATION",1
"OID21031",-0.202054783522488,3.14269347258486,-0.954537020473078,0.340411896387689,0.465056022885285,-6.76011615120157,"SULT1A1","P50225",0.04,0.505,"NEUROLOGY",1
"OID20070",0.0797672215216476,0.0157939947780679,0.949216005520576,0.343107287722378,0.468290653443436,-6.7651553547766,"CRX","O43186",0.8,0.403,"CARDIOMETABOLIC",1
"OID20552",0.104318247162673,2.22635404699739,0.947649406213534,0.34390345945618,0.468929430880612,-6.76663364154558,"MAP2K6","P52564",0.22,1.5416,"INFLAMMATION",1
"OID20944",-0.0670539722572513,2.48587885117493,-0.945475319784076,0.345010236366267,0.469990112266344,-6.76868123991047,"GPC5","P78333",0.04,1.0344,"NEUROLOGY",1
"OID21012",-0.114164304329549,1.03292689295039,-0.943323808076934,0.346107943195537,0.470669228385366,-6.77070277663971,"TXNDC5","Q8NBS9",0.39,0.8776,"NEUROLOGY",1
"OID20176",0.0868025935266915,1.35672349869452,0.943207189636096,0.346167501072792,0.470669228385366,-6.77081222430418,"PPP1R2","P41236",0.12,0.4875,"CARDIOMETABOLIC",1
"OID20863",-0.178877822614542,2.13164647519582,-0.937881938148289,0.34889412604707,0.473925576160897,-6.77579568020936,"NOS1","P29475",0.75,3.5182,"NEUROLOGY",1
"OID21145",-0.104236708701133,5.18574934725849,-0.93329279299699,0.351254806846187,0.476679125340172,-6.78006774476265,"TNFRSF1B","P20333",0.03,0.7502,"NEUROLOGY",1
"OID20835",-0.091838558217738,0.774527676240209,-0.932364402863758,0.351733608557581,0.476876021469434,-6.78092945227749,"PLIN1","O60240",0.97,2.64,"NEUROLOGY",1
"OID21390",0.0677091424968492,4.64984673629243,0.930232899646207,0.352834412601811,0.477895338317863,-6.78290468456552,"SIGLEC9","Q9Y336",0.03,-0.0557,"ONCOLOGY",1
"OID20476",-0.0742046153846149,0.693092167101828,-0.929614443591401,0.353154287798225,0.477895338317863,-6.7834768831337,"TPT1","P13693",0.93,1.4571,"INFLAMMATION",1
"OID20958",0.122241101303068,3.77785117493473,0.928519960077544,0.353720730102511,0.478209009760159,-6.78448867644412,"CC2D1A","Q6P1N0",0.03,0.9866,"NEUROLOGY",1
"OID20141",0.140975846994536,4.51599869451697,0.926584433992658,0.354723858412696,0.479111903281421,-6.78627506540184,"TGM2","P21980",0.03,0.3611,"CARDIOMETABOLIC",1
"OID20502",0.0636154350567462,0.253675195822454,0.920716220441521,0.35777607435887,0.482778102227408,-6.7916685675395,"SRPK2","P78362",0.61,0.3345,"INFLAMMATION",1
"OID20846",0.0538028835645227,0.413471279373368,0.918027758589029,0.359179812489782,0.484215049101791,-6.79412829249906,"FKBP7","Q9Y680",0.97,3.0903,"NEUROLOGY",1
"OID21149",0.188304468263978,5.50496422976501,0.914172007438883,0.36119966042491,0.486429542250005,-6.79764287127976,"CA2","P00918",0.03,1.1565,"NEUROLOGY",1
"OID20206",0.176184043715845,4.7601365535248,0.91359352392826,0.361503270727436,0.486429542250005,-6.79816894746819,"CD69","Q07108",0.04,1.0986,"CARDIOMETABOLIC",1
"OID21147",-0.0818654014291712,4.48732872062663,-0.911188995892592,0.362766979765767,0.48767075643018,-6.80035208563045,"TIMP4","Q99727",0.04,0.854,"NEUROLOGY",1
"OID21371",0.0586070071458604,2.33056240208877,0.907646067127553,0.36463382535335,0.489719677095805,-6.80355859797788,"GALNT10","Q86SR1",0.04,1.0096,"ONCOLOGY",1
"OID21459",0.203404489281212,6.09341853785901,0.906492419339464,0.365243280467224,0.490077603556491,-6.80459971644417,"HAGH","Q16775",0.09,1.1628,"ONCOLOGY",1
"OID20942",-0.110164430432955,2.26683524804178,-0.905699268843971,0.365662517762326,0.490179866681392,-6.80531489251998,"TBCC","Q15814",0.12,1.2125,"NEUROLOGY",1
"OID21354",-0.05997711223203,0.96764908616188,-0.903781292528317,0.36667738941372,0.491079652738712,-6.80704191591819,"DPP6","P42658",0.13,0.347,"ONCOLOGY",1
"OID20717",0.148872896174862,2.79188746736292,0.899124659709297,0.369149273305313,0.4939272580087,-6.81121915374425,"PTPN6","P29350",0.06,0.989,"INFLAMMATION",1
"OID21352",-0.0913559562841525,1.92908250652742,-0.890798436219597,0.373594652709046,0.499407632105918,-6.81863496034143,"OMG","P23515",0.27,1.3308,"ONCOLOGY",1
"OID21013",0.105363955443466,4.58663550913838,0.885000586928572,0.376709690269043,0.502905815620385,-6.82375827439825,"FUT3_FUT5","P21217_Q11128",0.03,1.2497,"NEUROLOGY",1
"OID20832",-0.102573993274484,1.49606318537859,-0.884618729999396,0.376915415345999,0.502905815620385,-6.82409453577719,"PADI4","Q9UM07",0.93,3.1767,"NEUROLOGY",1
"OID20864",0.0706693106347212,0.503139947780679,0.883580531931351,0.377475095176213,0.503182752804859,-6.82500803736912,"C2CD2L","O14523",0.99,3.0473,"NEUROLOGY",1
"OID21261",-0.0721790458175698,1.56941932114882,-0.882193070244581,0.378223861078683,0.503304627378379,-6.82622718510398,"CFC1","P0CG37",0.38,1.423,"ONCOLOGY",1
"OID20675",-0.133342189995794,4.24196109660574,-0.88210589435822,0.378270937581791,0.503304627378379,-6.82630372191164,"CXCL9","Q07325",0.03,0.4552,"INFLAMMATION",1
"OID20184",0.11232160151324,1.37297362924282,0.878756225132958,0.380082560440456,0.505244631506429,-6.829238886761,"DIABLO","Q9NR28",0.44,1.0795,"CARDIOMETABOLIC",1
"OID20159",-0.0630670365699864,2.47948459530026,-0.877303037213409,0.380870095657014,0.505820972763822,-6.83050886204653,"ACAN","P16112",0.04,1.1623,"CARDIOMETABOLIC",1
"OID20354",-0.0431478058007561,1.59202793733681,-0.873308602034038,0.383039897721735,0.50823028212104,-6.83398902643591,"NCAM1","P13591",0.03,-0.2491,"CARDIOMETABOLIC",1
"OID20294",-0.116197738545606,2.74987937336815,-0.869263868961072,0.385245383621006,0.51068242411356,-6.83749619354805,"CSTB","P04080",0.04,1.1225,"CARDIOMETABOLIC",1
"OID20722",-0.102000197562001,3.30413550913838,-0.863254421988314,0.388536011875383,0.514567155671846,-6.8426775756363,"FIS1","Q9Y3D6",0.04,0.04,"INFLAMMATION",1
"OID21015",0.109807141656158,2.89498407310705,0.858771141651936,0.391002104266533,0.517353710182292,-6.84651976755018,"RWDD1","Q9H446",0.03,0.5634,"NEUROLOGY",1
"OID21489",0.11030494325347,4.06065613577023,0.856714567937909,0.392136537763054,0.518374757135433,-6.84827559294515,"MDK","P21741",0.04,0.1019,"ONCOLOGY",1
"OID21433",0.0990634047919302,1.09016553524804,0.855255481384348,0.392942603425291,0.518520758262352,-6.84951876309888,"HBQ1","P09105",0.12,0.3565,"ONCOLOGY",1
"OID20164",-0.067075170239597,1.36498120104439,-0.855201046841731,0.39297269503018,0.518520758262352,-6.84956510154274,"APLP1","P51693",0.13,0.3828,"CARDIOMETABOLIC",1
"OID21171",-0.091522471626733,1.3892088772846,-0.853832345447299,0.393729778631513,0.519040455409992,-6.85072926902251,"CEACAM5","P06731",0.64,1.715,"ONCOLOGY",1
"OID21506",0.147048058007565,4.30386631853786,0.843956950575709,0.399218486940546,0.52572655509071,-6.8590738647088,"SNAP29","O95721",0.03,0.4237,"ONCOLOGY",1
"OID21304",0.126528848255571,2.79267467362924,0.843307412092974,0.399581110969295,0.52572655509071,-6.85961932756931,"PSMD9","O00233",0.03,0.6757,"ONCOLOGY",1
"OID20396",0.0683673392181606,3.70282088772846,0.842726905517959,0.399905364159274,0.52572655509071,-6.86010646544156,"VCAM1","P19320",0.03,0.2052,"CARDIOMETABOLIC",1
"OID20182",0.143733694829754,2.25501540469974,0.840750961217635,0.401010256015914,0.526694536623844,-6.86176209393453,"SSC4D","Q8WTU2",0.09,0.5086,"CARDIOMETABOLIC",1
"OID20924",0.0499903783102153,1.64789033942559,0.838853486633011,0.402072733254602,0.527605083398372,-6.86334862973632,"SPOCK1","Q08629",0.03,0.6485,"NEUROLOGY",1
"OID20143",-0.070887990752416,1.80645770234987,-0.836053377150695,0.40364438991632,0.529181498339836,-6.86568261764772,"PLIN3","O60664",0.05,0.6817,"CARDIOMETABOLIC",1
"OID21184",0.0204215762925598,0.0627741514360313,0.834611254919489,0.404454802664072,0.52975794042801,-6.86688216785187,"PPM1A","P35813",0.99,0.5198,"ONCOLOGY",1
"OID20286",-0.0909470365699873,1.20808250652742,-0.827062337771339,0.408714959461585,0.534847689625096,-6.87312535078344,"CORO1A","P31146",0.28,0.7488,"CARDIOMETABOLIC",1
"OID20996",-0.102509987389661,3.19187441253264,-0.823386793812652,0.410798726633542,0.536772934548612,-6.87614485585668,"ASAH2","Q9NR71",0.06,1.2572,"NEUROLOGY",1
"OID20519",-0.141800500210173,2.64325613577024,-0.823142527484173,0.410937432047712,0.536772934548612,-6.87634504878879,"METAP1D","Q6UB28",0.07,0.7693,"INFLAMMATION",1
"OID20406",0.0485303320722986,3.85278276762402,0.822401429891444,0.411358163653523,0.536831795306744,-6.87695236973145,"DPP4","P27487",0.03,1.3606,"CARDIOMETABOLIC",1
"OID21141",0.12290602774275,2.27965248041775,0.819899993064696,0.412781332795718,0.538197558909746,-6.87899691929699,"BLVRB","P30043",0.17,1.1449,"NEUROLOGY",1
"OID20322",0.110615632618749,8.3281407310705,0.81229414614662,0.417125742328307,0.543366167536144,-6.8851763486408,"SPP1","P10451",0.03,0.8134,"CARDIOMETABOLIC",1
"OID20474",-0.0877581588902896,1.18903733681462,-0.811584739401876,0.417532326007134,0.543400449785241,-6.88574978551682,"TANK","Q92844",0.61,1.3849,"INFLAMMATION",1
"OID21270",0.0919379361076079,2.02643864229765,0.807366545343921,0.419954745308483,0.545705231317217,-6.88914917973724,"TPMT","P51580",0.11,0.9566,"ONCOLOGY",1
"OID20539",-0.04227956284153,-0.137635770234987,-0.807170860286065,0.420067008011853,0.545705231317217,-6.88930681010539,"SLC39A5","Q6ZMH5",0.89,0.2794,"INFLAMMATION",1
"OID20736",-0.0469577763766291,2.08414516971279,-0.789348503584986,0.43039481248967,0.558614157173242,-6.90347122302695,"ENPP5","Q9UJA9",0.04,-0.1842,"INFLAMMATION",1
"OID20672",-0.152824295922653,9.87141201044386,-0.785231660778358,0.43280156663038,0.561228165802916,-6.90669802494458,"MMP1","P03956",0.03,2.8171,"INFLAMMATION",1
"OID21229",0.0848640731399747,1.61231566579634,0.781945949951049,0.434727829965168,0.563214931115345,-6.90926153797443,"SUGT1","Q9Y2Z0",0.33,1.1199,"ONCOLOGY",1
"OID21214",-0.0628825641025626,1.05372637075718,-0.780265958601059,0.4357146497914,0.563982096514412,-6.91056812809572,"SLAMF8","Q9P0V8",0.08,0.2268,"ONCOLOGY",1
"OID21245",0.0325389743589741,0.330653263707572,0.774601526516424,0.439051155093849,0.567786516406434,-6.91495325919636,"CEACAM3","P40198",0.96,0.934,"ONCOLOGY",1
"OID21199",0.0561245691467,0.18576501305483,0.770672742577864,0.441374413557788,0.570274897806582,-6.91797549741207,"BTC","P35070",0.82,0.5654,"ONCOLOGY",1
"OID20075",0.14676287515763,2.38212767624021,0.760682771851979,0.447313024177486,0.57742575569072,-6.92559202307411,"CA5A","P35218",0.17,1.0235,"CARDIOMETABOLIC",1
"OID20106",-0.0821979823455212,2.566572845953,-0.759765934463128,0.447860316683828,0.577610462582302,-6.92628607662316,"DCN","P07585",0.03,0.508,"CARDIOMETABOLIC",1
"OID20198",-0.0516341782261453,2.21784934725849,-0.758787340946308,0.448444780207496,0.577842733017594,-6.92702608972061,"CLUL1","Q15846",0.03,0.4619,"CARDIOMETABOLIC",1
"OID20364",-0.109975767129043,2.73742010443864,-0.758093338586064,0.448859731454615,0.577856356980761,-6.92755009576585,"PRSS2","P07478",0.04,-0.0428,"CARDIOMETABOLIC",1
"OID20150",0.0600273476250527,1.01965117493473,0.755837563783222,0.450209619452241,0.57907249882741,-6.92925043780768,"LACTB2","Q53H82",0.18,0.4633,"CARDIOMETABOLIC",1
"OID21373",-0.159119146700293,1.63102349869452,-0.753730648419377,0.451472510724782,0.579745642979971,-6.93083401074475,"DEFB4A_DEFB4B","O15263",0.3,0.8899,"ONCOLOGY",1
"OID21442",0.093382437999158,1.94388511749347,0.753610869188172,0.451544367135554,0.579745642979971,-6.9309239052876,"FXN","Q16595",0.07,0.4881,"ONCOLOGY",1
"OID20939",0.0512450819672128,1.96195874673629,0.752176438737765,0.452405283416785,0.580329578099269,-6.93199947001556,"WFIKKN1","Q96NZ8",0.05,0.9154,"NEUROLOGY",1
"OID20466",0.0333435939470364,0.178795300261097,0.750833459356642,0.453212084369255,0.580455671504949,-6.93300469272462,"DGKZ","Q13574",0.99,1.2013,"INFLAMMATION",1
"OID20172",0.0637737873055914,3.41392950391645,0.750565369756547,0.453373564259392,0.580455671504949,-6.93320477297637,"FCRL1","Q96LA6",0.04,0.8733,"CARDIOMETABOLIC",1
"OID20350",-0.0456337746952493,1.32107389033943,-0.749985382703404,0.453722172897851,0.580455671504949,-6.93363834952594,"ANPEP","P15144",0.03,0.01,"CARDIOMETABOLIC",1
"OID20456",-0.0743956326187464,0.440102872062663,-0.746738453492182,0.455678039102524,0.582436420283995,-6.93605781118542,"IL17F","Q96PD4",0.72,0.7566,"INFLAMMATION",1
"OID21286",-0.0548550819672129,0.467716449086162,-0.744507110793453,0.457024706091212,0.583237241464494,-6.93771465446959,"TBC1D23","Q9NUY8",0.58,0.5232,"ONCOLOGY",1
"OID20888",-0.0644669651113917,1.36273002610966,-0.744167334192393,0.457230012906624,0.583237241464494,-6.93796646229142,"KLB","Q86Z14",0.98,3.6361,"NEUROLOGY",1
"OID20281",0.0650491298865072,6.55247075718016,0.74367256724844,0.457529004675786,0.583237241464494,-6.93833299571969,"SERPINA11","Q86U17",0.03,0.1092,"CARDIOMETABOLIC",1
"OID20808",-0.0473312189995798,-0.467752219321149,-0.739124489251383,0.460282438035664,0.586224245947383,-6.94169110410153,"CDHR1","Q96JP9",0.97,1.2247,"NEUROLOGY",1
"OID20799",-0.0540103656998734,0.305466057441253,-0.734147486006446,0.463306485774084,0.589550283322498,-6.94534202996494,"SLC16A1","P53985",0.96,1.5331,"NEUROLOGY",1
"OID20650",0.0795111181168577,7.40231697127937,0.731151435048671,0.465132210068545,0.591346911199244,-6.94752798869016,"VEGFA","P15692",0.03,0.7618,"INFLAMMATION",1
"OID20644",-0.115697255149222,2.62865613577023,-0.729285176183864,0.466271466748423,0.592268378651997,-6.94888515859302,"PRDX5","P30044",0.04,-0.7828,"INFLAMMATION",1
"OID21163",-0.0458446237915084,0.493004699738903,-0.72410947537434,0.469438922928956,0.59576218549332,-6.95263109598252,"RABEPK","Q7Z6M1",0.75,0.7127,"ONCOLOGY",1
"OID20790",-0.0481110004203451,0.225593472584856,-0.723284981234107,0.469944673032806,0.595874833863247,-6.95322529071669,"SESTD1","Q86VW0",0.99,2.3637,"NEUROLOGY",1
"OID20834",-0.0598078646490116,2.87765822454308,-0.71172633568459,0.477066060865994,0.60436826327793,-6.96148481808523,"NOS3","P29474",0.33,2.5246,"NEUROLOGY",1
"OID20215",-0.0892032870954179,4.26279164490862,-0.71045479947448,0.477853056731382,0.604829068263193,-6.9623853405464,"DDC","P20711",0.03,0.7985,"CARDIOMETABOLIC",1
"OID20711",0.139583791509036,4.0991362924282,0.701640898040327,0.483327815819122,0.610872079001534,-6.96858333680407,"MGLL","Q99685",0.04,0.8162,"INFLAMMATION",1
"OID20458",0.0598734468263986,0.653365796344648,0.700732002596015,0.483894314528886,0.610872079001534,-6.96921808899967,"CXCL14","O95715",0.65,0.7163,"INFLAMMATION",1
"OID21177",0.0422970407734347,0.449011227154047,0.700706739192091,0.483909862442083,0.610872079001534,-6.96923595020248,"RARRES1","P49788",0.68,0.6353,"ONCOLOGY",1
"OID21456",0.0656293274485079,4.42396997389034,0.698597955849644,0.485225848721266,0.611484185568485,-6.97070523378329,"CRISP2","P16562",0.03,0.8786,"ONCOLOGY",1
"OID20365",0.0448886212694411,1.53442245430809,0.698558116720787,0.485250571332864,0.611484185568485,-6.97073312675245,"CTSZ","Q9UBR2",0.03,0.0414,"CARDIOMETABOLIC",1
"OID21338",0.0492013451029845,3.72426840731071,0.695572122279262,0.487117156795725,0.613295521639728,-6.97280615095558,"ERP44","Q9BS26",0.04,0.7397,"ONCOLOGY",1
"OID21272",-0.0320826397646067,0.206907571801567,-0.694272564064281,0.487930501471993,0.613386539217254,-6.97370587291558,"FLT3","P36888",0.95,0.9282,"ONCOLOGY",1
"OID20537",0.0658598108448933,3.4367817232376,0.694085501134118,0.488047932183357,0.613386539217254,-6.97383491226941,"SIGLEC10","Q96LC7",0.04,0.3418,"INFLAMMATION",1
"OID21285",0.0770613829340053,0.942127676240209,0.692322375185239,0.489152999033901,0.614128347943375,-6.97505225749662,"TACC3","Q9Y6A5",0.39,0.5245,"ONCOLOGY",1
"OID20965",-0.115837112232027,3.10966527415144,-0.691772876153817,0.4894976825105,0.614128347943375,-6.97543102623847,"LAIR2","Q6ISS4",0.07,0.9579,"NEUROLOGY",1
"OID20471",0.0527288776796974,0.979505744125326,0.689143404472504,0.491148882935699,0.615659433083433,-6.97723936403967,"GALNT3","Q14435",0.69,1.2364,"INFLAMMATION",1
"OID20447",-0.071508058007566,0.85568955613577,-0.686677927924899,0.492699825444131,0.616903982510036,-6.97892867893834,"RABGAP1L","Q5R372",0.71,0.9411,"INFLAMMATION",1
"OID21212",0.0465271963009668,0.961208093994778,0.686180098861331,0.49301320736176,0.616903982510036,-6.97926916928378,"NFKBIE","O00221",0.42,0.8052,"ONCOLOGY",1
"OID21243",0.0716872005044152,0.857630026109661,0.684917768880344,0.493808688401689,0.616903982510036,-6.98013102370449,"AGR3","Q8TD06",0.66,0.8805,"ONCOLOGY",1
"OID21067",-0.0564629508196722,0.540336031331593,-0.684822809927876,0.493868548629448,0.616903982510036,-6.98019580157575,"BIN2","Q9UBW5",0.7,0.8829,"NEUROLOGY",1
"OID20337",0.0457325935266927,2.82336762402089,0.67970937533729,0.497097599201515,0.620395169658484,-6.98367090540893,"PRCP","P42785",0.04,0.5427,"CARDIOMETABOLIC",1
"OID20594",0.163426439680535,4.28233864229765,0.6784484684001,0.497895705471865,0.6208490079575,-6.98452368000573,"BANK1","Q8NDB2",0.07,1.1749,"INFLAMMATION",1
"OID20168",0.0639930180748202,0.719084856396867,0.677276840010279,0.498637816466045,0.621207591022489,-6.9853147681225,"MEP1B","Q16820",0.3,0.2936,"CARDIOMETABOLIC",1
"OID20190",-0.0410015973097928,2.52670757180157,-0.676621921716784,0.499052704334372,0.621207591022489,-6.98575659597114,"SIGLEC7","Q9Y286",0.04,0.1594,"CARDIOMETABOLIC",1
"OID21273",-0.0434261790668335,1.67434856396867,-0.673043761844607,0.501323818712671,0.623346911166856,-6.98816175675772,"PDCD1LG2","Q9BQ51",0.03,0.2175,"ONCOLOGY",1
"OID20786",0.0831728121059275,4.59304960835509,0.672540590234796,0.501643770358212,0.623346911166856,-6.98849880015984,"AGRN","O00468",0.03,1.2533,"INFLAMMATION",1
"OID20059",-0.038744804539722,0.0138650130548303,-0.671216539065879,0.50248560908371,0.62385050858438,-6.98938517229718,"DUOX2","Q9NRD8",0.83,0.3823,"CARDIOMETABOLIC",1
"OID21314",0.0927632744850767,1.93008563968668,0.669226605573619,0.503752768881492,0.624880821815671,-6.9907134323757,"INPPL1","O15357",0.11,0.5304,"ONCOLOGY",1
"OID21389",0.0681801807482149,5.04378851174935,0.666746430720076,0.505334204844528,0.625613135373626,-6.99236371506894,"EBI3_IL27","Q14213_Q8NEV9",0.03,0.4274,"ONCOLOGY",1
"OID21092",0.0400777763766287,2.79387597911227,0.666562121636444,0.505451637288731,0.625613135373626,-6.99248632422861,"CNTN3","Q9P232",0.04,0.3029,"NEUROLOGY",1
"OID21220",0.0614378226145428,0.957630809399478,0.666241441337425,0.505656522992679,0.625613135373626,-6.99269898071896,"TBL1X","O60907",0.67,1.3766,"ONCOLOGY",1
"OID21210",-0.03664123160992,0.0332530026109661,-0.661559749117523,0.50864961664429,0.628675695866907,-6.99579538925687,"LSM1","O15116",0.91,0.4753,"ONCOLOGY",1
"OID20956",-0.0853664480874311,3.92505221932115,-0.660994733596205,0.50901174255984,0.628675695866907,-6.99616730767138,"DNMBP","Q6XZF7",0.03,0.5246,"NEUROLOGY",1
"OID21144",0.106494808743171,4.39572323759791,0.659577660009478,0.509919951956396,0.629253550384879,-6.99709936918928,"VSIG4","Q9Y279",0.04,0.2207,"NEUROLOGY",1
"OID20503",-0.0315210172341316,0.243411227154047,-0.656231807777644,0.512067449459528,0.631358399721885,-6.99929241641223,"FGF2","P09038",0.66,0.312,"INFLAMMATION",1
"OID20950",0.120472761664563,5.33222245430809,0.652139296919465,0.5147011607282,0.633586020681186,-7.00195912071665,"RHOC","P08134",0.03,0.7686,"NEUROLOGY",1
"OID21063",-0.0658615846994514,4.5701681462141,-0.652046538940636,0.514760930728381,0.633586020681186,-7.00201937569284,"MSR1","P21757",0.03,0.998,"NEUROLOGY",1
"OID20844",0.0621287053383786,0.875869451697128,0.649555289855201,0.516367558050881,0.634630493607229,-7.00363447553284,"TBC1D17","Q9HA65",0.95,2.1618,"NEUROLOGY",1
"OID21061",0.0901374947456918,3.61378563968668,0.649353612545148,0.516497735524987,0.634630493607229,-7.00376495488564,"CLEC1B","Q9P126",0.04,0.4031,"NEUROLOGY",1
"OID21511",0.0892444976881074,2.44767963446475,0.643807222557286,0.520084467637205,0.638488577537428,-7.00733746300859,"SPARC","P09486",0.04,0.1071,"ONCOLOGY",1
"OID20351",0.0440271164354776,3.07808511749347,0.637793314315654,0.523987973045968,0.64272859526411,-7.01117663930588,"SSC5D","A1L4H1",0.04,0.523,"CARDIOMETABOLIC",1
"OID20420",-0.0323440226986126,0.256339164490862,-0.636525386489075,0.524812735665025,0.643165654123165,-7.01198163230499,"IL10RA","Q13651",0.62,0.3558,"INFLAMMATION",1
"OID20444",-0.0369359730979401,0.196375979112272,-0.635862297446447,0.525244449518358,0.643165654123165,-7.01240184970458,"PRKAB1","Q9Y478",0.59,0.2472,"INFLAMMATION",1
"OID20515",0.0869746195880605,1.75991305483029,0.633323058798127,0.526899402126267,0.6446397651014,-7.01400692719033,"FOXO1","Q12778",0.25,0.8353,"INFLAMMATION",1
"OID20827",-0.0653041950399324,0.557569712793734,-0.6319585229288,0.527789733924216,0.645176672179388,-7.0148669355375,"DUSP3","P51452",0.95,2.4824,"NEUROLOGY",1
"OID20402",-0.0392550189155106,3.22282793733681,-0.630586773084187,0.52868538841154,0.64521838421448,-7.0157298000994,"PROC","P04070",0.03,-0.6386,"CARDIOMETABOLIC",1
"OID21166",0.0410264775115603,1.50283916449086,0.630523288586309,0.528726891473167,0.64521838421448,-7.01576965142362,"RAD23B","P54727",0.27,1.1996,"ONCOLOGY",1
"OID20637",0.0563290416141236,5.3607227154047,0.628662799647179,0.529943297009977,0.64600152404841,-7.01693645373622,"CD22","P20273",0.03,0.5596,"INFLAMMATION",1
"OID20263",-0.133922013451026,5.13940704960836,-0.628159192107205,0.53027276956528,0.64600152404841,-7.01725173820171,"MB","P02144",0.03,-0.2221,"CARDIOMETABOLIC",1
"OID21476",-0.0928265069356861,2.0657088772846,-0.625472347882609,0.532032332992065,0.647593018607888,-7.01892958091646,"ATOX1","O00244",0.06,0.4599,"ONCOLOGY",1
"OID20666",0.0815466876839003,5.62000208877285,0.623289656902056,0.533463918446096,0.64878292719955,-7.02028731348817,"IL12B","P29460",0.03,0.2531,"INFLAMMATION",1
"OID20968",0.0594497519966379,3.32322454308094,0.62211211182531,0.534237058727056,0.649170711667486,-7.02101783280582,"FRZB","Q92765",0.03,-0.5004,"NEUROLOGY",1
"OID21355",0.0568574443043295,1.23355248041775,0.618636201087279,0.536522543396321,0.651393980045321,-7.02316615924681,"VPS37A","Q8NEZ2",0.28,0.6683,"ONCOLOGY",1
"OID20921",0.0742060487599844,1.8374,0.613828597150613,0.539691762089538,0.654685507662097,-7.02611775570713,"ABHD14B","Q96IU4",0.06,0.5696,"NEUROLOGY",1
"OID20373",-0.0475518411097094,2.5843592689295,-0.608126113422785,0.543463053860882,0.658701190811875,-7.02958896065667,"RARRES2","Q99969",0.04,-0.2032,"CARDIOMETABOLIC",1
"OID20992",0.0676386717108028,2.53082010443864,0.607184813010078,0.544086839210663,0.658898384094948,-7.03015883794223,"FUT8","Q9BYC5",0.04,0.2418,"NEUROLOGY",1
"OID21181",-0.0272709373686426,0.0283778067885118,-0.604585888619006,0.54581073433213,0.660340412974834,-7.03172793510424,"MAGED1","Q9Y5V3",0.74,0.2155,"ONCOLOGY",1
"OID20967",0.0649917948717955,3.30988407310705,0.603997313296703,0.546201797156231,0.660340412974834,-7.03208205429518,"TNFRSF10A","O00220",0.04,0.5227,"NEUROLOGY",1
"OID20583",-0.0648417738545612,0.993014882506527,-0.601919904500359,0.547582389937227,0.661449902975738,-7.03333004574604,"ANXA11","P50995",0.5,0.9151,"INFLAMMATION",1
"OID21207",-0.0274655317360234,-0.0626130548302872,-0.592628261893984,0.55377828024907,0.667351484294571,-7.03885965735298,"FES","P07332",0.89,0.5137,"ONCOLOGY",1
"OID20131",-0.0433746826397646,1.24341906005222,-0.59249349345432,0.553868592582303,0.667351484294571,-7.03893902194532,"VSIR","Q9H7M9",0.18,0.7607,"CARDIOMETABOLIC",1
"OID21263",-0.0860886666666655,0.863258994708995,-0.592499734229181,0.553869041548888,0.667351484294571,-7.03724829621397,"GCG","P01275",0.48,1.0434,"ONCOLOGY",1
"OID20449",0.0356241025641028,0.292004960835509,0.591245837749822,0.554703137576347,0.667793414992923,-7.03967493042201,"IL22RA1","Q8N6P7",0.79,0.6445,"INFLAMMATION",1
"OID20440",-0.0401753678015968,0.392865535248042,-0.582006728093268,0.560903334378314,0.674689280157079,-7.04507510140563,"IL24","Q13007",0.86,0.9502,"INFLAMMATION",1
"OID21301",0.0463793064312742,3.12266083550914,0.580587176388399,0.561859002326407,0.674907781958464,-7.04589723150341,"FLT1","P17948",0.04,1.0548,"ONCOLOGY",1
"OID21277",0.109998709541823,4.56342637075718,0.580333913986005,0.56202957349935,0.674907781958464,-7.04604371064721,"STAT5B","P51692",0.04,1.72,"ONCOLOGY",1
"OID20328",-0.0635002522068082,6.57747806788512,-0.577172002759098,0.564161219299647,0.67689872575919,-7.04786709198707,"CCL15","Q16663",0.03,0.2992,"CARDIOMETABOLIC",1
"OID20980",-0.0681213787305595,3.73197754569191,-0.575235323433293,0.565468785306537,0.677898401177048,-7.04897900723182,"OBP2B","Q9NPH6",0.05,1.5387,"NEUROLOGY",1
"OID20213",0.0402752080706191,4.2535498694517,0.571458180380499,0.568023097042161,0.680389778435246,-7.05113692358406,"SORT1","Q99523",0.03,1.3477,"CARDIOMETABOLIC",1
"OID21118",0.121557448507778,3.49446187989556,0.569646766134953,0.569250122490758,0.681288463181988,-7.0521666770106,"TMSB10","P63313",0.04,0.4122,"NEUROLOGY",1
"OID21341",0.0252081799075241,0.389530809399478,0.566803097953069,0.571178641266086,0.683024500727394,-7.05377697781329,"ATP6V1D","Q9Y5K8",0.73,0.4708,"ONCOLOGY",1
"OID20913",-0.0621222404371571,1.13144595300261,-0.564446236016592,0.572779763302434,0.68331040026303,-7.05510511223221,"NMNAT1","Q9HAN9",0.04,-0.0592,"NEUROLOGY",1
"OID20459",-0.0732438713745271,2.07386109660574,-0.564173829038164,0.572964935131086,0.68331040026303,-7.05525828774843,"MVK","Q03426",0.34,1.6771,"INFLAMMATION",1
"OID20382",0.0518754728877674,5.22709921671018,0.563741633218392,0.573258783790694,0.68331040026303,-7.05550116168944,"FCN2","Q15485",0.03,0.1923,"CARDIOMETABOLIC",1
"OID20586",-0.0395341235813377,2.25390182767624,-0.56363620338232,0.573330419814817,0.68331040026303,-7.05556043929938,"LTA","P01374",0.04,0.7614,"INFLAMMATION",1
"OID21016",0.0834995628415303,3.12116109660574,0.561117375548561,0.575044547528491,0.684782215348512,-7.05697188279822,"VTA1","Q9NP79",0.03,0.1895,"NEUROLOGY",1
"OID21432",-0.056768074821353,3.87748407310705,-0.559590834428818,0.576084546693906,0.685449473127053,-7.05782425537118,"ACP6","Q9NPH0",0.04,0.6334,"ONCOLOGY",1
"OID20057",0.0263039974779321,0.166535509138381,0.557613489344141,0.577432786660712,0.686482073326255,-7.05892511121697,"MFAP3","P55082",0.98,0.9075,"CARDIOMETABOLIC",1
"OID20760",0.103672501050859,2.6857180156658,0.552935386307287,0.580629139558147,0.689708263032911,-7.06151336140287,"ATP5IF1","Q9UII2",0.04,0.2564,"INFLAMMATION",1
"OID20140",0.0381505548549807,0.370169451697128,0.549000797005371,0.583323665467178,0.692015396568946,-7.063673639414,"STK4","Q13043",0.7,0.6112,"CARDIOMETABOLIC",1
"OID20633",-0.0559359016393428,3.07300574412533,-0.548685483312016,0.583539925028397,0.692015396568946,-7.06384602231431,"IL16","Q14005",0.03,-0.1082,"INFLAMMATION",1
"OID21198",0.0583124884405217,0.891438120104439,0.545616133133776,0.585646378345786,0.693937541174236,-7.06551953297661,"BGN","P21810",0.36,0.8368,"ONCOLOGY",1
"OID20940",0.0508635561160164,1.75777415143603,0.5413574848783,0.588574886145207,0.69682975335667,-7.06782596315435,"CDCP1","Q9H5V8",0.04,-0.6375,"NEUROLOGY",1
"OID20930",-0.0494301849516603,0.209707049608355,-0.535041616179742,0.592930522450235,0.700919314965565,-7.07121333164247,"CHMP1A","Q9HD42",0.52,0.1195,"NEUROLOGY",1
"OID21246",-0.0772407103825123,1.40977310704961,-0.534926405443689,0.593010113221391,0.700919314965565,-7.07127475360685,"ATG4A","Q8WYN0",0.18,0.4865,"ONCOLOGY",1
"OID20431",-0.0820465405632618,0.235906266318538,-0.530805879315669,0.595859912156316,0.703705631794525,-7.07346283417822,"IL10","P22301",0.91,1.6874,"INFLAMMATION",1
"OID20608",-0.0401214375788148,1.1898725848564,-0.529295373993492,0.596906161160245,0.704359128239463,-7.07426071040411,"RAB6A","P20340",0.3,0.8919,"INFLAMMATION",1
"OID21018",-0.056289592265658,6.16345613577024,-0.525655382370098,0.599430836416066,0.705739582904964,-7.07617409193512,"CD8A","P01732",0.04,0.8287,"NEUROLOGY",1
"OID20775",0.195411025641023,4.48622349869452,0.525624018731794,0.599452611123202,0.705739582904964,-7.07619052111164,"PNLIPRP2","P54317",0.19,-0.0434,"INFLAMMATION",1
"OID21395",0.120068213535098,4.3217592689295,0.52547275956934,0.59955763026356,0.705739582904964,-7.07626974127056,"HAO1","Q9UJM8",0.03,0.1489,"ONCOLOGY",1
"OID21374",0.0507616687683919,5.92492506527415,0.524432549199802,0.600280074088981,0.706008416356505,-7.07681392221948,"S100A12","P80511",0.03,1.0765,"ONCOLOGY",1
"OID20310",0.0321547961328289,3.64576527415144,0.520439092912844,0.603057128931549,0.708691313522354,-7.07889321096886,"PTPRF","P10586",0.03,0.0375,"CARDIOMETABOLIC",1
"OID20833",0.0297730138713739,-0.508251958224543,0.518659141018003,0.604296808569306,0.709564617457303,-7.07981484004995,"IVD","P26440",0.99,2.2214,"NEUROLOGY",1
"OID21409",0.0384234468263976,3.05943420365535,0.516452674033891,0.605835306767238,0.710787071732663,-7.08095276127197,"SLITRK2","Q9H156",0.04,0.788,"ONCOLOGY",1
"OID20547",-0.0489427742749074,1.69733237597911,-0.514651856601852,0.607092169563494,0.711677366945228,-7.08187798228871,"CLEC4C","Q8WTT0",0.12,0.6882,"INFLAMMATION",1
"OID21521",0.0832517234131982,2.00906501305483,0.5136674159389,0.607779732430452,0.711899375117308,-7.08238241387722,"SRC","P12931",0.19,0.8123,"ONCOLOGY",1
"OID20774",-0.0401516729718357,3.68608825065274,-0.511903602174263,0.609012503924019,0.712759105739086,-7.08328378745646,"DAG1","Q14118",0.03,0.5017,"INFLAMMATION",1
"OID20524",0.0907661076082366,1.82079007832898,0.509500116646924,0.610694152740778,0.714142343916998,-7.0845070726624,"DAPP1","Q9UN19",0.41,1.1973,"INFLAMMATION",1
"OID20121",0.0515297898276603,3.03699060052219,0.506213739744691,0.612996874911389,0.716249005926717,-7.08617041182376,"CCL27","Q9Y4X3",0.04,0.4394,"CARDIOMETABOLIC",1
"OID20613",-0.0507185498108445,6.02644516971279,-0.499619648223004,0.617628838277668,0.721071576714696,-7.08947546722698,"CXCL6","P80162",0.04,0.9324,"INFLAMMATION",1
"OID21010",0.0509551240016828,2.64413681462141,0.498660647141798,0.618303759634674,0.721270263279958,-7.08995252791484,"CD300C","Q08708",0.03,-0.2011,"NEUROLOGY",1
"OID21036",-0.0511145229087843,1.35731958224543,-0.49751507434283,0.619110409517211,0.721622165742328,-7.09052119994953,"ANXA3","P12429",0.07,0.2972,"NEUROLOGY",1
"OID20394",-0.0412153047498945,5.19572584856397,-0.491290045073283,0.623501769784109,0.726122800822876,-7.09358852267183,"ADA2","Q9NZK5",0.03,0.5944,"CARDIOMETABOLIC",1
"OID20470",-0.0223379192938213,-0.506569451697128,-0.490601760423988,0.623987963198385,0.726122800822876,-7.09392547334682,"NFATC3","Q12968",0.92,0.1287,"INFLAMMATION",1
"OID20819",-0.0280785414039513,0.100446214099217,-0.488789349287361,0.625269503436019,0.727022067054574,-7.09481000192275,"PAK4","O96013",0.99,2.6268,"NEUROLOGY",1
"OID20544",-0.0890783270281645,4.3333501305483,-0.48066914813158,0.631025176146629,0.733117867246774,-7.09873281866338,"IKBKG","Q9Y6K9",0.03,1.204,"INFLAMMATION",1
"OID20218",-0.103359903320725,3.85106553524804,-0.478684817465761,0.6324350917011,0.733981998505767,-7.0996814917555,"SNAP23","O00161",0.08,1.5527,"CARDIOMETABOLIC",1
"OID20124",-0.0229121899957961,0.143151436031332,-0.478176600093326,0.632796236640382,0.733981998505767,-7.09992399662826,"ACOX1","Q15067",0.98,0.9035,"CARDIOMETABOLIC",1
"OID20776",-0.0393134426229493,6.08129295039164,-0.47643523121783,0.634035101367593,0.73482251407485,-7.10075223803428,"OSCAR","Q8IYS5",0.03,1.017,"INFLAMMATION",1
"OID20899",-0.0743903278688523,2.22200966057441,-0.47547584997023,0.634717980941381,0.73501782395886,-7.10120734691483,"MAP4K5","Q9Y4K4",0.22,1.066,"NEUROLOGY",1
"OID21445",0.0649033333333352,2.81820208877285,0.473580171714678,0.636068226371284,0.735985016586692,-7.10210392004603,"ARG1","P05089",0.05,1.2471,"ONCOLOGY",1
"OID20811",0.0347266498528788,0.300144125326371,0.472219361293158,0.637038223902926,0.736511021001036,-7.10274534119932,"ATP5PO","P48047",0.89,1.3515,"NEUROLOGY",1
"OID20097",-0.0577393610760815,2.37317597911227,-0.469006008509091,0.639331287703447,0.738564599941977,-7.10425256884649,"GYS1","P13807",0.17,1.4454,"CARDIOMETABOLIC",1
"OID20588",0.0729287978142071,2.63975979112272,0.467953833842453,0.640082870697448,0.738835559149155,-7.10474386632724,"MGMT","P16455",0.06,0.8871,"INFLAMMATION",1
"OID21307",-0.0752016225304756,3.38215718015666,-0.466904187557661,0.640833017197202,0.739104424192737,-7.10523288502744,"MME","P08473",0.05,1.2451,"ONCOLOGY",1
"OID20859",0.0684298528793633,2.39923733681462,0.465101787979103,0.64212199011494,0.739993809576008,-7.10607004435421,"CARHSP1","Q9Y2V2",0.83,2.9985,"NEUROLOGY",1
"OID20086",-0.0703751071878938,3.23994177545692,-0.462805653361614,0.643765622539956,0.740783400975067,-7.10713184384597,"COMT","P21964",0.03,0.4031,"CARDIOMETABOLIC",1
"OID20658",-0.0533503572929784,4.0589634464752,-0.4626963120215,0.643843935627036,0.740783400975067,-7.10718227553512,"AGRP","O00253",0.03,-0.1143,"INFLAMMATION",1
"OID20078",0.0463418158890292,0.383011749347259,0.46044038840477,0.645460571180876,0.742045982475843,-7.10822012274983,"TSPAN1","O60635",0.81,0.602,"CARDIOMETABOLIC",1
"OID20120",0.0105834047919294,0.162704960835509,0.458227263010391,0.647048008812947,0.742688409400327,-7.10923351066197,"TP53INP1","Q96A56",0.98,0.6347,"CARDIOMETABOLIC",1
"OID20303",-0.0291915174443022,4.39439451697128,-0.458212280119889,0.647058831143042,0.742688409400327,-7.10924028915424,"TIE1","P35590",0.03,0.15,"CARDIOMETABOLIC",1
"OID21448",0.0535241614123596,3.54216214099217,0.453989921093758,0.650092359298736,0.745571413674072,-7.1111597301945,"NUCB2","P80303",0.03,0.5306,"ONCOLOGY",1
"OID20135",0.0593494493484655,2.57026005221932,0.448186551556554,0.654271132320369,0.749762187719172,-7.11376903967014,"SNX9","Q9Y5X1",0.04,0.562,"CARDIOMETABOLIC",1
"OID20770",-0.0412273644388387,5.60487650130548,-0.446145861968189,0.65574314829867,0.750846922210576,-7.11467860478911,"FST","P19883",0.03,1.2184,"INFLAMMATION",1
"OID20867",-0.042834627994956,0.681865796344648,-0.445068678961556,0.656520697648063,0.751135369847143,-7.1151570489026,"PRTFDC1","Q9NRG1",0.97,2.5502,"NEUROLOGY",1
"OID20514",-0.0350804077343417,0.724331853785901,-0.442414452025708,0.658438207003476,0.752726558246374,-7.11633102566298,"SH2D1A","O60880",0.08,0.082,"INFLAMMATION",1
"OID20435",-0.0150825010508615,-0.0298198433420366,-0.440853393579437,0.659566870187848,0.753414114706982,-7.11701835646005,"ACTN4","O43707",0.96,0.4573,"INFLAMMATION",1
"OID20051",-0.0281825262715425,0.767132637075718,-0.435838722249734,0.663198364672998,0.756957238911912,-7.11920936412492,"HNRNPK","P61978",0.76,1,"CARDIOMETABOLIC",1
"OID21308",-0.0379984153005458,1.28372349869452,-0.433957883374614,0.664562540157629,0.757700654082669,-7.12002462449667,"NUDT2","P50583",0.22,0.6738,"ONCOLOGY",1
"OID20761",-0.0827860865910056,3.02789425587467,-0.433478820421705,0.664910161105435,0.757700654082669,-7.12023173480306,"SKAP2","O75563",0.07,0.9228,"INFLAMMATION",1
"OID20900",0.0717856368221924,0.9501545691906,0.43040509841587,0.667142254834537,0.759383138991556,-7.1215551406504,"IL18RAP","O95256",0.3,0.1427,"NEUROLOGY",1
"OID20434",-0.0210083858764189,-0.223295300261097,-0.429768248222376,0.667604944939312,0.759383138991556,-7.12182830020174,"LTO1","Q8WV07",0.99,0.6273,"INFLAMMATION",1
"OID21407",-0.0405953089533419,5.72853368146214,-0.429251386105383,0.667980829749745,0.759383138991556,-7.12204944862169,"KLK14","Q9P0G3",0.04,1.7593,"ONCOLOGY",1
"OID21247",-0.0503697141656153,1.62027937336815,-0.424031942819887,0.671779766282409,0.761650745863637,-7.12426915576242,"GFAP","P14136",0.34,1.24,"ONCOLOGY",1
"OID20729",-0.0814403110550663,2.36438903394256,-0.423832048111364,0.671925426547917,0.761650745863637,-7.12435362690131,"PDLIM7","Q9NR12",0.1,0.5474,"INFLAMMATION",1
"OID20721",-0.0414203488860855,7.05568563968668,-0.423611037313023,0.672086488186194,0.761650745863637,-7.12444697491835,"CKMT1A_CKMT1B","P12532",0.03,0.3589,"INFLAMMATION",1
"OID20977",0.0631299201345114,3.9043911227154,0.42358223206083,0.672107481129493,0.761650745863637,-7.12445913776868,"IPCEF1","Q8WWN9",0.04,1.291,"NEUROLOGY",1
"OID20162",-0.0728363303909189,4.04218563968668,-0.418255706649031,0.675993790077725,0.765447801918438,-7.12669402822208,"EIF4EBP1","Q13541",0.03,0.6203,"CARDIOMETABOLIC",1
"OID20976",0.0431765910046234,4.56152062663185,0.415014540729417,0.678362847750853,0.767522176908922,-7.12804012089866,"CX3CL1","P78423",0.03,2.1003,"NEUROLOGY",1
"OID20551",0.0699095460277413,2.71854516971279,0.410278400296915,0.681830364517549,0.770835119379413,-7.12998827935087,"GOPC","Q9HD26",0.14,1.1477,"INFLAMMATION",1
"OID20186",-0.0299917654476673,1.76538929503916,-0.406607727916518,0.684522442874443,0.773266854440774,-7.13148281933734,"SEMA3F","Q13275",0.04,-0.6604,"CARDIOMETABOLIC",1
"OID20685",0.0527669777217308,2.54081044386423,0.405039740900788,0.685673665498026,0.773430200917788,-7.1321171216366,"PLA2G4A","P47712",0.04,0.7481,"INFLAMMATION",1
"OID21386",-0.0325464943253473,1.87317023498695,-0.404442440995043,0.686112391090655,0.773430200917788,-7.13235811143546,"CBLN4","Q9NTU7",0.04,0.0412,"ONCOLOGY",1
"OID21501",0.0522538923917616,3.61380313315927,0.404199644452686,0.686290759106897,0.773430200917788,-7.13245596984285,"CIAPIN1","Q6FI81",0.03,0.1703,"ONCOLOGY",1
"OID21336",-0.0467434636401835,3.31489660574413,-0.400923639791796,0.688699154421096,0.774610975490607,-7.13377061277902,"UBAC1","Q9BSL1",0.04,0.9305,"ONCOLOGY",1
"OID20063",0.0252679361076087,-0.29030365535248,0.400867459587611,0.688740396294633,0.774610975490607,-7.133793139381,"HEBP1","Q9NRV9",0.98,0.8265,"CARDIOMETABOLIC",1
"OID20441",0.0246621269440944,-0.0399963446475196,0.400562569996596,0.688964695485348,0.774610975490607,-7.13391493846733,"CEP164","Q9UPV0",0.98,0.9369,"INFLAMMATION",1
"OID20504",0.0310613913409002,1.81986762402089,0.390435026229009,0.696431217512878,0.782390102064389,-7.13790773710822,"ITM2A","O43736",0.03,-0.3851,"INFLAMMATION",1
"OID21516",0.0587696343001284,2.13977780678851,0.389287672342629,0.697278973681666,0.782727143276591,-7.13835364988289,"PPY","P01298",0.12,0.7269,"ONCOLOGY",1
"OID21168",0.0507618873476258,0.531391906005222,0.374730451112917,0.708067641548617,0.79413725241879,-7.14389737020561,"GH2","P01242",0.83,1.2384,"ONCOLOGY",1
"OID21197",-0.0170957755359393,0.331812793733681,-0.37385991539132,0.708714577496259,0.79413725241879,-7.14422230706294,"AKT3","Q9Y243",0.73,0.5654,"ONCOLOGY",1
"OID21392",-0.029007145859603,2.44807467362924,-0.373327357516131,0.709110660662264,0.79413725241879,-7.1444205462912,"CPE","P16870",0.04,0.5097,"ONCOLOGY",1
"OID21297",-0.0753539302227845,2.82412819843342,-0.369441296186957,0.712002299780946,0.796751203122139,-7.14585931682049,"COX5B","P10606",0.12,0.7654,"ONCOLOGY",1
"OID20488",0.03891070197562,0.257581201044386,0.367648544465747,0.713337701763417,0.797620951345793,-7.14651799196996,"IL1A","P01583",0.97,2.0977,"INFLAMMATION",1
"OID20881",-0.0393469272803687,1.20560731070496,-0.365729320092803,0.714768289816281,0.798595688934688,-7.14721958586711,"KEL","P23276",0.91,2.0336,"NEUROLOGY",1
"OID21348",0.070050058848254,3.5860365535248,0.360499699073882,0.718671540297154,0.802329399284869,-7.14911270971745,"YES1","P07947",0.04,0.7291,"ONCOLOGY",1
"OID21509",-0.0335574779319033,4.40851514360313,-0.35617779508179,0.721902870397474,0.80530772974082,-7.15065667669655,"P4HB","P07237",0.04,2.1109,"ONCOLOGY",1
"OID20707",0.0622799579655318,1.76923733681462,0.354401957319014,0.723232048800502,0.806161152680123,-7.15128568693834,"MANF","P55145",0.11,0.3054,"INFLAMMATION",1
"OID20252",0.042654295922657,4.3346046997389,0.347874832838337,0.728124646879303,0.810982167100954,-7.15357062868238,"PLA2G1B","P04054",0.04,0.5512,"CARDIOMETABOLIC",1
"OID20163",0.0277941151744426,2.3864772845953,0.344276950145969,0.730826323221247,0.813357333242338,-7.15481198734569,"PDCD6","O75340",0.04,0.9313,"CARDIOMETABOLIC",1
"OID21239",-0.0196241824295926,0.389704438642298,-0.339131223415074,0.734696012812248,0.817027706076811,-7.15656505153078,"FLI1","Q01543",0.76,0.7189,"ONCOLOGY",1
"OID20558",-0.0478923034888619,2.28303942558747,-0.333650239135652,0.738825476174172,0.820981030678765,-7.15840316066636,"BCR","P11274",0.09,0.8472,"INFLAMMATION",1
"OID21475",0.061894955863807,2.58381279373368,0.326300195487064,0.744374858412077,0.826097483036095,-7.16082119535252,"PPP1R12A","O14974",0.13,0.6755,"ONCOLOGY",1
"OID21200",0.0199628751576295,0.293151174934726,0.326020632788886,0.744586114870882,0.826097483036095,-7.16091216443121,"CCT5","P48643",0.73,0.3963,"ONCOLOGY",1
"OID20910",-0.0476493989071048,1.82448798955614,-0.321918921289514,0.747689150403146,0.828896660920167,-7.16223694976911,"CLPP","Q16740",0.25,0.8154,"NEUROLOGY",1
"OID20931",-0.0214846448087429,1.36457415143603,-0.319139885069686,0.749793790281442,0.830585524273008,-7.16312507903071,"NAAA","Q02083",0.54,1.2957,"NEUROLOGY",1
"OID21176",0.0534011601513229,1.31553342036554,0.316430740782441,0.75184738960615,0.831691093030968,-7.16398340025991,"PDP1","Q9P0J1",0.45,0.8783,"ONCOLOGY",1
"OID20403",0.0230803404791931,7.03713759791123,0.316287715467455,0.751955837785872,0.831691093030968,-7.16402852356564,"ANG","P03950",0.03,2.8292,"CARDIOMETABOLIC",1
"OID21465",0.0285043043295507,5.34195822454308,0.315501419773434,0.752552230180121,0.831706989116313,-7.16427615760182,"HBEGF","Q99075",0.03,0.8241,"ONCOLOGY",1
"OID20839",-0.0411438377469526,1.11191096605744,-0.31341001979281,0.754139202776422,0.832816785755415,-7.16493184865283,"PBLD","P30039",0.83,1.6876,"NEUROLOGY",1
"OID21240",0.0210596595208063,0.380013054830287,0.311921926439052,0.755268972716833,0.833420356766297,-7.16539576933431,"STXBP3","O00186",0.73,0.7163,"ONCOLOGY",1
"OID21399",-0.0441496637242546,4.0764634464752,-0.30940794853951,0.75717891165048,0.83437761757173,-7.16617441839777,"DCTN1","Q14203",0.05,0.9104,"ONCOLOGY",1
"OID20095",0.0548369104665851,3.54113446475196,0.309243038484684,0.757304247719058,0.83437761757173,-7.16622527755325,"GPR37","O15354",0.06,1.6581,"CARDIOMETABOLIC",1
"OID20683",-0.039237566204288,1.16368798955614,-0.307330818386866,0.758758053406546,0.835335329983016,-7.16681303753124,"NCK2","O43639",0.4,0.6502,"INFLAMMATION",1
"OID21186",0.0131543127364439,0.303956135770235,0.304063930943074,0.761243648644255,0.836811692893217,-7.16780882396261,"MZT1","Q08AG7",0.76,0.5824,"ONCOLOGY",1
"OID20587",0.0434637536780174,2.97501853785901,0.304029111554853,0.761270259454991,0.836811692893217,-7.16781930705715,"PIK3AP1","Q6ZUJ8",0.13,1.523,"INFLAMMATION",1
"OID20254",-0.0396458890290009,4.76318590078329,-0.299282860371352,0.764886016290197,0.840139982535505,-7.16924680100617,"LTBP2","Q14767",0.03,-0.2166,"CARDIOMETABOLIC",1
"OID20112",0.0525901975620002,2.43546710182768,0.292231195160614,0.770267559060813,0.84540118425338,-7.17132622170769,"ITGB1BP2","Q9UKP3",0.36,1.7032,"CARDIOMETABOLIC",1
"OID20619",0.0127174653215641,1.12113133159269,0.2903698350524,0.771689840251901,0.846312188580174,-7.17186690553204,"IDS","P22304",0.04,0.2558,"INFLAMMATION",1
"OID20160",-0.0138233417402267,0.845503394255875,-0.288776843879827,0.772907756157355,0.846611096999487,-7.17232683477107,"PLXNB3","Q9ULL4",0.04,0.0812,"CARDIOMETABOLIC",1
"OID21250",0.0522808743169398,2.68280026109661,0.288111966012552,0.773416350860692,0.846611096999487,-7.17251798542298,"BAIAP2","Q9UQB8",0.26,1.6867,"ONCOLOGY",1
"OID21496",-0.0137142622950811,3.38862872062663,-0.287689056788705,0.773739742954045,0.846611096999487,-7.17263944809442,"TEK","Q02763",0.03,0.3183,"ONCOLOGY",1
"OID21235",0.0290110802858345,0.438528459530026,0.286437565534578,0.774697358349102,0.84701034818735,-7.17299758418554,"NPTN","Q9Y639",0.88,1.2749,"ONCOLOGY",1
"OID20516",0.00841812946616208,-0.107620626631854,0.282480580428417,0.777727013078955,0.849672707713934,-7.17411994254929,"VASH1","Q7L8A9",0.92,0.2731,"INFLAMMATION",1
"OID20605",-0.0288721395544345,3.65703603133159,-0.281366703108256,0.778580588050224,0.849955431874538,-7.17443298736064,"IL32","P24001",0.03,1.0402,"INFLAMMATION",1
"OID21002",0.0305828835645241,3.25798015665796,0.279469018528652,0.78003525521717,0.850893419622394,-7.17496357283595,"PLA2G10","O15496",0.04,1.122,"NEUROLOGY",1
"OID21087",0.0405336738125277,2.97620313315927,0.276389835031227,0.782397242257623,0.85281896200316,-7.17581686417051,"PEBP1","P30086",0.09,1.8731,"NEUROLOGY",1
"OID21397",-0.0323313408995363,3.71530182767624,-0.273178618635988,0.78486265645674,0.854854219570642,-7.17669667758535,"EPS8L2","Q9H6S3",0.04,0.3047,"ONCOLOGY",1
"OID20430",-0.0172978352248839,-0.0983378590078329,-0.268324613401227,0.788593380221163,0.858263473218615,-7.17800710763025,"IL13","P35225",0.95,0.6607,"INFLAMMATION",1
"OID20127",0.055916448087429,2.3436454308094,0.260545008791565,0.794582948713293,0.864124074361717,-7.18005829227781,"CNST","Q6PJW8",0.25,0.602,"CARDIOMETABOLIC",1
"OID21119",0.0360789491382944,3.33675691906005,0.257702642362423,0.796774342484805,0.865330595596718,-7.18079268119986,"CD177","Q8N6Q3",0.8,4.4949,"NEUROLOGY",1
"OID21264",-0.0190326103404787,0.193651174934726,-0.257535203453733,0.79690347362161,0.865330595596718,-7.18083569792248,"LYAR","Q9NX58",0.9,0.6476,"ONCOLOGY",1
"OID20814",0.0336465195460271,1.67242114882507,0.255821087959724,0.798225860569837,0.866108393890886,-7.18127439311901,"SLC27A4","Q6P1M0",0.7,2.4625,"NEUROLOGY",1
"OID21332",0.0434760781841097,3.64317963446475,0.254050438825504,0.799592461109441,0.866932949108794,-7.18172448836704,"SCAMP3","O14828",0.03,0.6136,"ONCOLOGY",1
"OID21512",0.0334797309794048,4.53056396866841,0.251502481337334,0.801560074801668,0.868407389606963,-7.18236668969862,"TFPI2","P48307",0.03,0.0404,"ONCOLOGY",1
"OID20541",-0.0453460739806615,2.78776710182768,-0.246510399196389,0.80541877336368,0.871926838739923,-7.18360616204717,"MLN","P12872",0.14,1.1804,"INFLAMMATION",1
"OID20920",-0.00446537200504412,0.0646671018276762,-0.243981342880027,0.807375383259358,0.87248834336615,-7.18422466258505,"NGF","P01138",0.98,0.3341,"NEUROLOGY",1
"OID21192",0.0251708701134944,1.70367545691906,0.243482024119222,0.807761924460742,0.87248834336615,-7.18434596460258,"FEN1","P39748",0.18,1.0582,"ONCOLOGY",1
"OID20927",-0.0360837620849096,5.74708668407311,-0.243472722561487,0.807769124054175,0.87248834336615,-7.18434822280019,"APRT","P07741",0.03,0.7991,"NEUROLOGY",1
"OID20132",0.0169459310634726,1.48079608355091,0.240590609212026,0.81000070028159,0.874237915938363,-7.18504379055425,"PCDH17","O14917",0.06,0.5772,"CARDIOMETABOLIC",1
"OID21211",0.0368150483396383,2.18463028720627,0.236118439177975,0.813466554622193,0.877316004947256,-7.18610667748796,"RUVBL1","Q9Y265",0.09,0.9109,"ONCOLOGY",1
"OID20452",0.0172642917192096,0.453349608355091,0.232662770690087,0.816147129524076,0.879115536013453,-7.1869143354149,"AOC1","P19801",0.83,1.05,"INFLAMMATION",1
"OID21040",0.0274079949558658,2.75740313315927,0.232381378352725,0.816365511749372,0.879115536013453,-7.18697957295962,"CD74","P04233",0.03,0.3359,"NEUROLOGY",1
"OID20450",-0.00889084068936554,-0.0614096605744125,-0.221897754235591,0.824511271090211,0.887218830111379,-7.18935404889263,"IL2RB","P14784",0.94,0.3531,"INFLAMMATION",1
"OID21279",0.00701088272383337,0.193771540469974,0.220434073618171,0.825650092030072,0.887653511010418,-7.18967684125712,"SEPTIN9","Q9UHD8",0.57,0.214,"ONCOLOGY",1
"OID20484",0.0209566540563263,0.938514360313316,0.219782078295735,0.826157571479256,0.887653511010418,-7.18981990267283,"ICA1","Q05084",0.69,1.381,"INFLAMMATION",1
"OID21185",-0.0233762925598986,1.47014595300261,-0.218057706365796,0.827499888278431,0.888308387551226,-7.19019632615554,"KIR3DL1","P43629",0.79,2.2609,"ONCOLOGY",1
"OID20528",-0.0113213997477934,0.733180417754569,-0.2174020483225,0.828010337451528,0.888308387551226,-7.19033871365649,"ITGA6","P23229",0.28,0.5407,"INFLAMMATION",1
"OID21455",0.0387848928121076,4.75557075718016,0.214351315900113,0.83038679177373,0.890189591481366,-7.19099538322555,"HDGF","P51858",0.04,1.4966,"ONCOLOGY",1
"OID20501",0.016570100882724,0.944107049608355,0.212544174532474,0.83179520872444,0.891030999450693,-7.1913800165641,"FABP9","Q0Z7S8",0.14,0.2597,"INFLAMMATION",1
"OID21464",0.0176496889449361,4.80064882506527,0.210283793685339,0.833557626232382,0.892250073322902,-7.19185653481163,"WIF1","Q9Y5W5",0.04,1.5621,"ONCOLOGY",1
"OID21280",0.0259655359394704,2.7622044386423,0.206838838321179,0.83624526849631,0.894456952605708,-7.1925729799225,"ABL1","P00519",0.04,0.5313,"ONCOLOGY",1
"OID21030",-0.0285240058848269,3.57152480417755,-0.19796052804806,0.843180616282401,0.901152337417903,-7.19436485846874,"CCL19","Q99731",0.04,0.1391,"NEUROLOGY",1
"OID20555",-0.0131530517023963,0.63841409921671,-0.197211642787592,0.843766149380793,0.901152337417903,-7.19451242371287,"CASP2","P42575",0.59,0.775,"INFLAMMATION",1
"OID20671",-0.0372030559058393,5.24392610966057,-0.196393718648007,0.844405823934142,0.901162003287445,-7.19467292428455,"CCL20","P78556",0.04,1.1909,"INFLAMMATION",1
"OID20309",-0.0283236065573773,2.22144464751958,-0.194504203086611,0.845883882671856,0.90206572264036,-7.19504118502708,"AZU1","P20160",0.54,2.3483,"CARDIOMETABOLIC",1
"OID21088",0.0123132828919726,2.00094151436031,0.191351198856154,0.848351468953759,0.904022557147593,-7.19564778721245,"SERPINB1","P30740",0.99,4.3851,"NEUROLOGY",1
"OID20582",-0.0276073392181605,1.45743812010444,-0.180698429497899,0.856699544109242,0.912238188175937,-7.19762387083138,"AXIN1","O15169",0.3,0.5452,"INFLAMMATION",1
"OID21305",0.0116573686422881,2.27491148825065,0.179276176796378,0.857815298416962,0.912746136588115,-7.19787915369059,"DPEP2","Q9H4A9",0.03,0.4371,"ONCOLOGY",1
"OID20559",0.0382563682219401,3.2386498694517,0.178120441008105,0.858722242020936,0.913031312386843,-7.19808508715326,"CLIP2","Q9UDT6",0.25,1.9553,"INFLAMMATION",1
"OID20706",-0.0147712862547283,3.34220234986945,-0.177020724674244,0.859585367078531,0.913269508962989,-7.19827981625383,"NELL2","Q99435",0.03,0.4622,"INFLAMMATION",1
"OID20579",0.0347240226986107,2.57625613577023,0.17541033700854,0.860849602117832,0.913335610189267,-7.19856279533008,"DECR1","Q16698",0.15,0.9317,"INFLAMMATION",1
"OID20467",0.0164492980243808,0.626604438642298,0.175313202463653,0.860925869086734,0.913335610189267,-7.19857978123459,"PADI2","Q9Y2J8",0.67,0.9057,"INFLAMMATION",1
"OID20681",-0.0270566792770078,3.05711253263708,-0.173719310782287,0.862177527826554,0.913984931204856,-7.19885716119141,"DBNL","Q9UJU6",0.04,0.3581,"INFLAMMATION",1
"OID21099",-0.0184911727616644,0.830559268929504,-0.171271003064583,0.864100822161319,0.91534475527689,-7.1992782988584,"MESD","Q14696",0.26,0.2357,"NEUROLOGY",1
"OID20069",0.0101624968474151,0.71471592689295,0.161571187360485,0.871728422530864,0.92228002977157,-7.20088805052124,"CNPY2","Q9Y2B0",0.75,0.9212,"CARDIOMETABOLIC",1
"OID21180",0.00882371164354759,0.383574151436031,0.161304051373769,0.871938642562205,0.92228002977157,-7.20093106382561,"SMAD1","Q15797",0.54,0.3832,"ONCOLOGY",1
"OID20077",-0.0179161748633867,2.09049921671018,-0.159236004309368,0.873566589040875,0.923318532351635,-7.20126156338534,"STK11","Q15831",0.06,0.8678,"CARDIOMETABOLIC",1
"OID20591",-0.0107061328289203,1.9761498694517,-0.15737874565318,0.875028994720058,0.924180660351044,-7.20155476854544,"NTF3","P20783",0.04,0.2659,"INFLAMMATION",1
"OID20998",-0.0117860445565363,3.24649373368146,-0.15325093129501,0.878280829532514,0.926930063073827,-7.20219408425993,"BCAN","Q96GW7",0.04,1.3155,"NEUROLOGY",1
"OID20271",-0.0295797898276559,6.21853916449086,-0.149007323330831,0.881626014032469,0.929309268936497,-7.20283363125261,"CA3","P07451",0.03,-0.2708,"CARDIOMETABOLIC",1
"OID20508",0.0194387389659524,1.32131070496084,0.148741275812646,0.881835807332323,0.929309268936497,-7.20287312867436,"SULT2A1","Q06520",0.12,0.5111,"INFLAMMATION",1
"OID20521",0.00855876839007995,0.607247780678851,0.14028756138385,0.888506253739091,0.935648811048755,-7.20409142874285,"TBC1D5","Q92609",0.49,0.6058,"INFLAMMATION",1
"OID21253",0.0163532408575033,1.77129973890339,0.136197009740954,0.891736854161616,0.937777894350093,-7.20465533486497,"MAP3K5","Q99683",0.48,1.6011,"ONCOLOGY",1
"OID21056",0.00881154686843227,7.0272772845953,0.136065704070238,0.891840558727625,0.937777894350093,-7.20467316876089,"CTSS","P25774",0.03,-0.0632,"NEUROLOGY",1
"OID21204",0.0218210592685995,2.36562323759791,0.134348667031195,0.893197201673537,0.938513824405503,-7.20490467218976,"MAVS","Q7Z434",0.24,1.223,"ONCOLOGY",1
"OID20823",0.0131215258511983,0.390430026109661,0.130385362450236,0.896329767864405,0.939594163835049,-7.2054278294992,"IDI2","Q9BXS1",0.98,3.2545,"NEUROLOGY",1
"OID21268",0.00677541824295895,0.700967362924282,0.130133912800368,0.896528523957956,0.939594163835049,-7.20546050629715,"ITGB1BP1","O14713",0.8,1.1367,"ONCOLOGY",1
"OID21111",0.014700168137873,2.16794229765013,0.129327074800736,0.897166507088208,0.939594163835049,-7.20556487421859,"FCRL5","Q96RD9",0.04,0.0063,"NEUROLOGY",1
"OID20682",-0.0224795964691028,6.24304464751958,-0.129116022564319,0.897333390117431,0.939594163835049,-7.20559207121308,"PKLR","P30613",0.03,0.3195,"INFLAMMATION",1
"OID20192",-0.0249166918873492,2.4638590078329,-0.128888919855795,0.897512969653493,0.939594163835049,-7.20562128692145,"GRAP2","O75791",0.23,1.0229,"CARDIOMETABOLIC",1
"OID20549",0.0140862084909634,1.17728798955614,0.126660852432148,0.89927507308167,0.94074969211838,-7.20590519010704,"PSMG3","Q9BT73",0.67,1.2263,"INFLAMMATION",1
"OID20643",0.0284640184951636,4.34278511749347,0.122834213391168,0.902302591688403,0.943226337617211,-7.20638123374265,"PPP1R9B","Q96SB3",0.08,1.3136,"INFLAMMATION",1
"OID20061",0.0110589491382937,0.115832375979112,0.121462020061725,0.903388578555556,0.943671256400504,-7.20654838132985,"CTF1","Q16619",0.91,1.139,"CARDIOMETABOLIC",1
"OID21209",0.00999490542244625,1.15805169712794,0.115898608076818,0.907793435271644,0.947422867556447,-7.20720682538612,"FOPNL","Q96NB1",0.6,1.4251,"ONCOLOGY",1
"OID20056",-0.00677307271963094,0.161865274151436,-0.11525137813509,0.90830603817518,0.947422867556447,-7.20728143159253,"TSLP","Q969D9",0.69,0.3704,"CARDIOMETABOLIC",1
"OID20805",-0.00780255569567026,0.106160835509138,-0.114379260108278,0.908996872096738,0.947451882003091,-7.20738128289613,"SCARB1","Q8WTV0",0.99,2.6483,"NEUROLOGY",1
"OID21249",0.0138696132828905,1.51769242819843,0.113177025755817,0.909949306347751,0.947753322719341,-7.20751768940236,"CRACR2A","Q9BSW2",0.21,0.7139,"ONCOLOGY",1
"OID21447",0.011306506935688,3.61827310704961,0.107525494411839,0.914428212713329,0.951519283059311,-7.2081396237998,"TACSTD2","P09758",0.03,0.6494,"ONCOLOGY",1
"OID20530",-0.0102281294661614,3.09052924281984,-0.10693445654362,0.914896777413221,0.951519283059311,-7.20820282618007,"LSP1","P33241",0.04,0.9377,"INFLAMMATION",1
"OID20348",-0.00895456914669952,1.99254856396867,-0.105225855057863,0.916251493817626,0.951987765330484,-7.20838357568933,"IL18BP","O95998",0.03,-0.141,"CARDIOMETABOLIC",1
"OID20878",-0.00891973938629577,0.095922454308094,-0.104685966601314,0.916679611682817,0.951987765330484,-7.20844008414157,"S100A16","Q96FQ6",0.99,2.6635,"NEUROLOGY",1
"OID20058",-0.00614004203446818,0.116351436031332,-0.102501906412905,0.918411735832207,0.953093950983459,-7.20866572339346,"TCL1B","O95988",0.97,1.0711,"CARDIOMETABOLIC",1
"OID20816",0.0166338881883158,2.02065143603133,0.100473456774407,0.920020848697522,0.954070967190681,-7.20887101284718,"TDGF1","P13385",0.9,4.1128,"NEUROLOGY",1
"OID20875",0.0160978604455637,1.90299765013055,0.0935688757941187,0.925500396119362,0.959057335790115,-7.2095390615027,"TDRKH","Q9Y2W6",0.83,3.7246,"NEUROLOGY",1
"OID20446",-0.00421207229928548,0.262648302872063,-0.0909666331006945,0.927566468229704,0.960501799348005,-7.20977851175836,"ARTN","Q5T4W7",0.88,0.8615,"INFLAMMATION",1
"OID20576",-0.0105888692728028,3.31902402088773,-0.0846021422823508,0.932621749909818,0.96405838266124,-7.21033567428928,"IL4R","P24394",0.04,0.8914,"INFLAMMATION",1
"OID20812",-0.00835007145859624,0.343040208877285,-0.084427283550889,0.932760677920974,0.96405838266124,-7.21035041188072,"SIGLEC15","Q6ZMC9",0.97,3.0107,"NEUROLOGY",1
"OID20080",0.00279707019756239,0.0923569190600522,0.0834876613173076,0.933507230151046,0.96405838266124,-7.21042908946767,"MTPN","P58546",0.97,0.4523,"CARDIOMETABOLIC",1
"OID21281",-0.00854449348465787,0.922771279373368,-0.0832455327250303,0.933699651226841,0.96405838266124,-7.21044921384425,"VPS53","Q5VIR6",0.32,0.3876,"ONCOLOGY",1
"OID21477",-0.00814619167717551,1.27378590078329,-0.0779241692644453,0.937928928530643,0.967725948642808,-7.21087685936555,"TJAP1","Q5JTD0",0.21,0.458,"ONCOLOGY",1
"OID21051",-0.0061796973518276,2.9701634464752,-0.0767040261241968,0.938898917822829,0.968027816427722,-7.21097093511056,"BST1","Q10588",0.04,-0.1645,"NEUROLOGY",1
"OID20610",-0.00891684321143341,3.52550809399478,-0.0758109882301679,0.93960892278412,0.968061391967201,-7.2110388493542,"CCL3","P10147",0.03,0.5607,"INFLAMMATION",1
"OID21191",0.00600923076923147,1.86951618798956,0.074022948141194,0.941030638696338,0.968247652809709,-7.2111724369246,"LTBP3","Q9NS15",0.04,0.8305,"ONCOLOGY",1
"OID21076",0.00465104245481409,0.0809563968668407,0.0738793009533265,0.941144849372068,0.968247652809709,-7.21118303346353,"BCAM","P50895",0.04,-1.0567,"NEUROLOGY",1
"OID21326",0.0093320722992847,3.10622898172324,0.0713084788359444,0.943189341051353,0.968680817049687,-7.21136914557541,"STX4","Q12846",0.04,0.2395,"ONCOLOGY",1
"OID20091",-0.00623018495166058,0.725009138381201,-0.0708692587638982,0.94353867395088,0.968680817049687,-7.21140028374101,"WASF1","Q92558",0.61,0.8841,"CARDIOMETABOLIC",1
"OID21222",0.00979327028163011,1.52567702349869,0.0707927724999049,0.943599508280731,0.968680817049687,-7.21140568650755,"SH2B3","Q9UQQ2",0.47,1.4451,"ONCOLOGY",1
"OID20990",-0.00748862547288671,4.49797493472585,-0.0660751899216656,0.947352322502423,0.971835225309377,-7.21172764580689,"ASGR1","P07306",0.04,1.1808,"NEUROLOGY",1
"OID20138",0.00983511139134061,1.66623342036554,0.0629138755800537,0.949867794370079,0.97371669881983,-7.21193097551495,"DOK2","O60496",0.25,0.6916,"CARDIOMETABOLIC",1
"OID20207",0.0103000252206793,4.40021775456919,0.0601742105209107,0.952048164681635,0.975252205971367,-7.21209912446973,"CXCL5","P42830",0.06,1.9677,"CARDIOMETABOLIC",1
"OID20857",-0.00435851618326935,0.90055091383812,-0.0552109086903512,0.955999129355004,0.978484699654294,-7.21238468730735,"CERT","Q9Y5P4",0.99,2.7638,"NEUROLOGY",1
"OID20627",-0.00961566204287565,4.51868877284595,-0.054489843087818,0.956573215827186,0.978484699654294,-7.21242412994517,"DNAJA2","O60884",0.04,0.793,"INFLAMMATION",1
"OID20699",-0.00367616225304758,1.68469686684073,-0.0510201184947214,0.959335993684017,0.980608823300758,-7.21260667545759,"CRLF1","O75462",0.04,0.0928,"INFLAMMATION",1
"OID21510",0.00261701555275473,4.04759686684073,0.0461090915525164,0.963247236797221,0.983903003133116,-7.21284452731726,"ERBB4","Q15303",0.03,0.3159,"ONCOLOGY",1
"OID20943",0.00680134510298607,4.04480339425587,0.0435509372445287,0.965284979798706,0.984704155556903,-7.21295889481187,"SCARB2","Q14108",0.04,1.6495,"NEUROLOGY",1
"OID21241",-0.00333534258091681,0.736518276762402,-0.0427192152500034,0.965947548069563,0.984704155556903,-7.2129946732704,"CEP85","Q6P2H3",0.68,1.0363,"ONCOLOGY",1
"OID20369",0.00333251786464983,2.11695639686684,0.0425293169467476,0.96609882861496,0.984704155556903,-7.21300274545189,"TFRC","P02786",0.05,0.9647,"CARDIOMETABOLIC",1
"OID21179",-0.00435303068516224,3.07185143603133,-0.0396645204432191,0.968381185035197,0.98593799216234,-7.21312015842933,"RNF41","Q9H4P4",0.04,1.0865,"ONCOLOGY",1
"OID20144",-0.00523938629676244,2.51126866840731,-0.0387965298153633,0.969072757190545,0.98593799216234,-7.21315411723377,"PLPBP","O94903",0.04,0.266,"CARDIOMETABOLIC",1
"OID21086",-0.00401791088692754,0.83349138381201,-0.0379251012873407,0.96976709198314,0.98593799216234,-7.21318745472511,"HARS","P12081",0.43,0.6032,"NEUROLOGY",1
"OID21294",0.00594298444724871,3.29211984334204,0.037546009406974,0.970069151140833,0.98593799216234,-7.21320172093448,"ADGRG1","Q9Y653",0.04,0.5533,"ONCOLOGY",1
"OID21357",-0.00583843631777895,4.2578044386423,-0.035580489219696,0.971635339272592,0.986283387021673,-7.21327339066244,"AREG","P15514",0.03,0.9041,"ONCOLOGY",1
"OID21290",0.00137298024380021,0.199544647519582,0.0340005449084213,0.972894357184358,0.986283387021673,-7.21332820873613,"LPCAT2","Q7L5N7",0.79,0.3762,"ONCOLOGY",1
"OID20779",0.00840290878520269,3.81403263707572,0.0339607917375716,0.972926047828936,0.986283387021673,-7.21332955494379,"MPIG6B","O95866",0.04,-0.0814,"INFLAMMATION",1
"OID20725",0.00346515342580973,3.68956971279373,0.0336549798413692,0.973169752064772,0.986283387021673,-7.21333986559448,"OMD","Q99983",0.03,0.4579,"INFLAMMATION",1
"OID20496",0.00460414459857044,0.45406135770235,0.0325173144564529,0.974076389684845,0.986502594514276,-7.21337740388408,"SLAMF1","Q13291",0.66,1.0631,"INFLAMMATION",1
"OID21508",0.00503006725514715,3.13813002610966,0.0296333209752604,0.976374873379594,0.987823211240711,-7.21346678046475,"XPNPEP2","O43895",0.05,0.3082,"ONCOLOGY",1
"OID21255",-0.0031660025220682,2.10881723237598,-0.0291464627440346,0.976762909365378,0.987823211240711,-7.21348105015374,"ARHGAP25","P42331",0.12,0.8631,"ONCOLOGY",1
"OID20545",-0.00355866330391033,1.93598146214099,-0.0256184431572034,0.979574972483624,0.989966503309122,-7.21357739255474,"NFATC1","O95644",0.19,0.8745,"INFLAMMATION",1
"OID20655",-0.00226964270701971,6.21874386422976,-0.0216895563564825,0.982706851423546,0.99158813857759,-7.21367007307166,"CCL13","Q99616",0.04,1.0296,"INFLAMMATION",1
"OID20464",-0.00173303068516133,1.43153785900783,-0.0215022989303596,0.982856129164523,0.99158813857759,-7.21367410604514,"CXCL12","P48061",0.37,1.3137,"INFLAMMATION",1
"OID21221",0.000908327028162787,0.0545861618798956,0.0204585027894552,0.983688225999943,0.99158813857759,-7.21369594595138,"PSMA1","P25786",0.98,0.722,"ONCOLOGY",1
"OID21347",0.00408899117276328,4.8717908616188,0.0201236223388815,0.983955199792178,0.99158813857759,-7.21370272216561,"PPME1","Q9Y570",0.05,1.0065,"ONCOLOGY",1
"OID21170",0.00150641866330409,0.69856501305483,0.0188455529874948,0.984974094436126,0.991915419978311,-7.21372755693839,"STX16","O14662",0.69,0.9738,"ONCOLOGY",1
"OID20463",-0.00101315258511988,0.366820104438642,-0.0158293696087541,0.987378729292604,0.993007365780528,-7.21377970748565,"FXYD5","Q96DB9",0.74,0.6929,"INFLAMMATION",1
"OID20747",0.00114662883564631,4.35377336814621,0.0149764603047249,0.988058731997358,0.993007365780528,-7.21379280885127,"CRHBP","P24387",0.03,0.4268,"INFLAMMATION",1
"OID20959",-0.00237901218999734,3.06489138381201,-0.0148706539050351,0.988143088971246,0.993007365780528,-7.21379438355556,"MITD1","Q8WV92",0.04,0.599,"NEUROLOGY",1
"OID20841",0.000396401849516841,0.110287467362924,0.00579876720133786,0.995376287281515,0.998961802623119,-7.21388788338562,"GHRHR","Q02643",0.99,2.9751,"NEUROLOGY",1
"OID21327",-0.000753308112652808,4.39694882506527,-0.0053789990846952,0.995710991436312,0.998961802623119,-7.21389022301749,"IL12A_IL12B","P29459_P29460",0.04,0.9636,"ONCOLOGY",1
"OID21323",-0.000597284573351682,1.43841409921671,-0.00480891820182744,0.996165548452026,0.998961802623119,-7.21389311907279,"ERBIN","Q96RT1",0.21,0.567,"ONCOLOGY",1
"OID21140",0.000473984867588242,4.21935822454308,0.00195311887839275,0.998442651016538,0.999581319870759,-7.21390274827276,"FYB1","O15117",0.04,0.4056,"NEUROLOGY",1
"OID21043",-0.000147952921393558,2.22926422976501,-0.00097323193513295,0.999223978372303,0.999581319870759,-7.21390417811242,"FABP5","Q01469",0.86,3.4787,"NEUROLOGY",1
"OID21385",-8.00378310199069e-05,2.94586318537859,-0.000556585883920509,0.999556197537294,0.999581319870759,-7.21390449594029,"HMBS","P08397",0.04,0.1092,"ONCOLOGY",1
"OID21238",-4.20765027328712e-05,0.715433159268929,-0.000525079214444552,0.999581319870759,0.999581319870759,-7.21390451293365,"CDC27","P30260",0.54,0.7188,"ONCOLOGY",1
